org_id,device_id,timestamp,heart_rate,bp_systolic,bp_diastolic,spo2,temperature,battery_level
ZdJcEBaJ7NQrtlMH4M4KsklE06o1OXLAMwyGJ2GBbmFlKQ==,YGNemQPubPOal6pNce0FaqM1Axkkhzh2QqGhldz40RTODWdWDA==,LtEKRX3OR8hxnFZMxv3NXrzTTs4HWeuhvH5/MUVA6FchK3nFYqUZVCTJ4vzJ6TE=,g91qcwVDes1CMG/BTL4r9/BL64yxPL1JNv6lsc//bYc=,XZchTV8lapeMCSG2VPE/l4GbdwfT0Ziv2hjW5ddunA==,gOAuDHLMYonsrRxUkaqlqlEQCiYFMfLKjcNlWM+j,lsAu/pulASepb1p4Hs7rvGi7TIdP4nSj6vLlW1+20J8=,n3bhgK2s7VkvvCvVO/oaTB0NPKSVfYqjESY9puqq4C0=,UFRu0Qsr6aWZaN5L1GUguE4TbWxvBHAW1JpsHQkY
4PmLnDxoTyIh37wUVY8554g/ejD82woWOifqiQMubves7w==,SXCaWehJFrMp57eT5623tVMtJlP0AuBPcswkrBpPzpTQ3pG6nQ==,uhqH8RPo+RURpe9mQwMYj+tLXzXFSSjRT9iOvyLSnYk5SJL0mOy2cTrTWUtlCiE=,mPTOxAjpPFDwUdIi6uB2AIMJgYYdZ1LEzU8LuESUpPU=,ZV6UHeqowG3Ay9Ak4Yi4xnBp/IxmV7aMqKqm5A6FnA==,OXf6nKcK+M1+pH6GTnz+0AG9QospOEkzrVJXwzUx,M10rLIjh7QHTPOBFKoev12ChAiEcta8YHixoJ638VQY=,3ZycGQNjX6zpUr158PnAUjaAw5kSVwB6/F59yuXp3t0=,Qd2Rm0TLzgQDXwYpriZMJdgmClD9BtpZ5Q14v1po
I4NxpRIOdeZOgA0GG0cnjcjEM/o1p8QTB3rbjReis7pZuw==,9vyCdZPi91xT4NAqOqG8mpUvhRwcymmjq7FGJLooj3/EOaPueg==,fZmXRG7BysKJ26569Z4UkF9MKG17nawCvUUtinf0weMU7Dv70YOvuQZzERkBtBQ=,3femeSP2fb3vwv3zuoqw8run+t7z6vUxCdlu+ww8NTk=,XFiwx953uzz3c6Svzkmg52HjXZ9dx/4fA1xg+MccSg==,kUpQvJO34J19Zrowi60S6jTVy2e1CZ1H0v9LrQoG,HxlSVO8kYQ2Ru0/pGq23WKzrvsfOzVCFOFxD4UgyDWA=,PBFUUZ53FuRYCQSOV6JucGPQFy7kMTIO8YKkwSrl3Cg=,jfU5FPX0sE7EVsejAavfYAASlcLJDopAqMwavm71
pKnvEExpum8RtX4L0uHPXRwKwQx+CUTp8oQbAOnuB854gA==,nPxvBHLBoO8WrO7i8y6nHarAdoMlwENXc9gTqLR0zpXT43zvUQ==,0fMt33GOIDQQntZ+m5e+ilvvAYRJRaH/mSzbniyFL2hwyo2aevbsyJw4XnpPUPY=,zZmpK+Wprjiqyr9o1BUSmGZK7UYxv62YIFKjVY1G2gA=,bmxxHvLMbdU+S2S/7BxDESNFEi3+q/M3x48tR1eHUg==,3fkI/GSp/1PDYTKhkKn3WfKNgPqaEqXMTiuImvUe,Ljby81vn1nuyUX7PPKlkQ0cA2nTCOZ8TWm9uMUIlHO0=,O7eCH7jNg2Rg4VppMSm4W8a/dngKoC08NkEI4DNJ2C0=,bSkulnXfjDhWiAZdTqPM6ULcropKD51FA0XuVtyx
8WvX3ccVNaQAQ6Ncah1VQh3CGKS3o0ojYCJHP7NfoZx0Jg==,zqtQGUcfiHXbfTBxpS7S7Fyxh2p9wpPrQvgiThiK2ceFdXg45w==,p9awDbE3MGeO3LYVo5W/xm5NzhxJwba5sO1PElgNgEsZdhuVtdoixrsoU6jkq+Y=,7XXclmj3+Q2NUb7035vgdBxC3/QqRQj6Btk0NJh+CjU=,eHNu7q4TTtMrvYtmkGUCB+iPpdN8ovjxKhaRvGvjkw==,IRrU72u24+zwIhFf4CTs/gWqpdx/ap5vhSy7t9Ln,O6swJ8ngfMofJN4hQZZER0CU8zRp1kGfrS/O9sru74w=,BolM+nYJnIvKthJcsO5Ri8p+efrGZGhrHaGiTm8n7VY=,TGcx4coK+VjyjjFhlbZOS+iN0O8iFEyx/UiO1o5+
yrmwfGr7nOrrjFmluIvBlOOAq/DNsUReyw59GOOyQZABTw==,XlbktR0g30nGf/U7Fh4D6D+Uf5m3wBHzzsO6jH2r/5ygoWrRgQ==,s+lsX0cTT/7DaEOEwCLnXQ//BhAWoSBdjOvKByPCN/PfYx51LLe4OG1uMzqbWFU=,yeeN/SNQkl6IKePqafNSk0gmyGPuvu+2Qmy8EjDUmsg=,sKgli6zGM6oPo2yabL32QfgBOpDizhvIgEQR8kf0rg==,VcuxuAlZItBCCN+4SByEXEpCiEWIXc1Fhhr2CgB7,GP3LBYolqyeMK4AKyWRcymMgciGsTfaG3JtcIIHo3SI=,S3j9IZOFiKbqqwWIJEU3RSWoHDLw148a9HWmU8ULq7M=,m5o4noApTgYOi4wnmuyD9W5RTKctzf2ICctMU2pm
H7QCacyuFRBIVNNGMy4HDd514CbnGWc/6s0t3qSOa2RjCA==,b9EUM1Zm74ezW1nK5Ro9vpp4KEHsA1l2kTxgJ8o9aEwQ2wUy7Q==,VylO9SwoZN5UjsogMbdXsZqorI5ym7lX+7+Ht665N1NovFsUfbI1mrN3UdHDkJw=,s2PrKE6w/+mQn4u7LIvTyNY+u51kyTIzC1Ms2cNm7nE=,qnpNiPchPhU3ex9PKP6R1Ghhzmpg5FZmfUhX65fsKw==,xouxdVUOM7w4UD/lGVm4HOL2EucR34CIJTpGSKtC,yl93l3dkLkqSEDiA9xEZQNlaez6q/wz71/DtlliiVg0=,zQ1Km0hwZ+tYJZdYGGaSEXalacjlp5Zzd7X9DQ9vuks=,aVmSWhjxEcaa5lS8kU8rzOc5Lb+Oe6hXa4j4r5Vw
Tk+xl9J1YDmZGq8PV/LmxoGSl0BuJZBrTr7X1zJFrf7LRg==,6nJcc7utkwaqFXybOq11leQupjsZNQP11leZu7YTPKwBJBhutg==,/+8KRcZVh2lT1Vf649rjeCSTDZ0Rp3x78I1hScF/xOZesOoOROhJuwT9JRUcj6M=,BI6XE9SiABPYDqGIlfw81CfsWW54p6WAwImJqceYsho=,p8VK6q3nnZqql66FhoxGsTGlKJrtW6CLsWD+fKlKhQ==,jrDrDgo5E/4p1e39jNu6g2NLuvUP0kdzbeHy2gHz,5ZjVMKkv/ZoLSsj16JWeLlb8cuIpfomRGbmaabhRBYY=,dqy9CNHTeRniYF0Jg7AI5d8bDMsnuEkQqd4mvhZu1nY=,L0dX7C0sYXYPgYt9InB/44qz5FlCCHIivgFjqTs2
VOmDAhhT7241vpuZbTk0D0cagdhgtmXd4Ct0p4azVxCp8g==,wRbwnItM5SLE8c8gieUHxPeCeM8fnTP2BGrDR9othdjDY+QGYQ==,OBremhJD8+e13IdsplUJN/u4YZWJislG8T8qbipUoR5LfwiSsmzJpA5YiXFQSP0=,SSTQEcAIYiU37Jx2M0s2Nk1YSuBTcD/ZkagKOT3+hKQ=,HPFuQO7QIs1lUojVzvojoS1Z4NJCn5fARk2mjjr3NA==,nd6MaFZqc2tZQgvkhQV3UKjzm1rAtlh9/O9FVrT7,7Sc5YQnTgPszer5fpwVweTPRuO6aEsa97OHcchMFFag=,bAwcnt9pR0elZyLtSz8AlcUQdHd5V4742AZmV0fLt54=,169kAqMZtO2msCWsxxx9QyAk/d+qqOKJYApVU/A4
UY6GnuwhW81Q1spBh7mZIPkziAb6ANhb7XtQmGy4hnsRjQ==,6vLmgFCDFwH/K9w5HgMT9XHl3v/EbCrGaxNfcxUrbX+ncKqzWA==,xuBSTtOW+AkptH83F2sja2JfU2lEozSJU7gtNa0X/xCUhUwFrAuGye1t6waYj9M=,w1SRcXl05IKyhSENcEwbRspQpBh+0p+hWS2AQXiMjAs=,rUp6/ibYFIW73Mk16B0p7PyNitkuuVSzVDylDfjSjA==,cLNhujY2wW1JFLSLMh2LwqsNr8gKwAGPazrgu3+g,6KsPVqkx8iNSGlQWuOqWBUIaebnHS/vY1ivMv/TyzfA=,th84E0Q6bD3jWIVq/Ukx408MSG4KFKpv2WyCG8pmqKE=,5+Fs3BqvZ41Vrjcf7hQ6Xt26GyLuTuuCkSuy6trl
762yY5fnI/JcLTnMBBnGAQnR2rOLtqA7tht+P5ymXEQy6w==,9+cUCUFiwKwvCoa6H99d1eofRvPisD5qZ7tCQTxQyp9NA6hWcg==,N3uGDxyVcnbOyeNFojyMb4vFrjyRZxv4o7mbDuwhlLhlRPXSAnMMUGS1D4b+yCA=,Bv/3CzHR7gfuGOQ7Ml9nF67rclXLtaZYmNeTpywkEE0=,ZKcxB8026ytLASQ+/Aweq3yOWi0WR1THfvJcz7w+VQ==,ZtWe9/+6F7rBeAkNaIUNHKSn2SescvUEaLk28gy9,j88nPEE0KZvqlV8h3SfBm8RcUQYj9RhKn091QB3lNqk=,rN7LXg3Ez92iuwWDhcK6xF2vt+E5WRBdiZa2jpxW63k=,ZuWF9Fy6cEeGh2beIWN8riYxstnUvU8Pjtgax3I2
N8tLPnHsjS4oWWFQpaK98zennOrR/N56CpD/hw6w1wLr8Q==,TPs/+SZiK9NQyAbWMdpEGhq5vMHmBMqo6pFHggfkinY0FOa14w==,U5Aaz3Pkn2+srIFaHMH52WzsWnvYLV4BH4KwyIvpp2YxvDuWzSsVlZD1ZsySlpY=,DU/DRgPQb2tvR0KkLkUFYBsLBjC1T/9cAXVLN4aTqfY=,UwhYILHgaekYS0Eglqx8SIVkENbCkZx8EvvaVVOpZQ==,03IRb1u/352/rGkhY8axrZcSn28Q7FoPqf5oqyln,W9u7Gkkho4ATijC+TZXzKLhZIKOHx245Q+hD+uulwHU=,IwH2Vw/TtWP5+UmNCPQ4o5U/Hjk1bYy28XY+kW76un0=,RtLAM+GUTcdalgosMjygNJvyeG9ne3ghRpwoDxC6
KZvgYf0nhi4qrIMvvP8i9Qv/cPaji8DoF0CTI0KgE5P9qQ==,sXBKC9+Ht+zIsY+B/hEIHRjyVz6K3ZhTdlx76Xi8RHXEYC6dqg==,vQ01jL8r4US9VeWG7alzwOwMhTf3hLQsAXIH+tqJ54NB99WyPeaUoa8O/VWLuq4=,Orb0UDSAi+qrWynvlTeLq9U6FF8vO7qOMfngy+6ZTCM=,+wAVtGKGpMZ+GcUbvn2Q2CTOW6XXgacYpel3F6JapA==,mYbFg1fQihtPuPIxV+QRmofzd/NJof3MvofTzTUL,Zmeh96POm7DgIaHdA9vYK56Prf0SjviVLij2jq54SVc=,05jV0OcBo695I4QxaTFN7z+FJSkisbAkI0vUGDasGS4=,7F+pES9uUi9/UCbarOEi1qlaCQ8z9/2ZQrm6WOnl
xjJNEqQ9+d8NhH5xpY6hLHD9RssCGsAhsJWIRM+NjztlRw==,0bdZaXrGMz2OtGVkMH0G3kizH9ce2yZ24toDSVIrac3imIaRDw==,C0SKA/Nw7oAVyeca0M3KkmnF1SJHx5MQrCWEy+mneR1HtoOcEPpdk7JMpHy63Hg=,a4pnnbPJew/XpClQFPlZTADpbCFNEIk5v2ej6555sEk=,P+ejeqURv8N+uyswMj6dt+r0YPmkYUQHHW0dYXzN4w==,f1k90pTlEQauKKDQwZvI5Y8O6rL4FUXB+AGBoM+6,AZS6GqdxjRD8MVRJPxknhkyQVsvgFBoar9pYuZKzHZU=,3Bg1JRe/k/UzqaY/8EUYC0jXfhLiBzNKXsjqFHp9Jgo=,7u5ACNyY+rHCv3fjvub3Uld9DGZo9pHLRjvhDsN7
oyVd+4gyFB3yhssONe4AnrGgI8kWgU7ORIQ7fq3ZxHu8Yg==,0+q4VHBLYIvHu5CqfDapFfhn7MHGMcZ6U9ZdAxJlYqBksIO5cg==,1sE0sQcGr7rLfCXrwhCEGokh1QT8j03TGpy7J5wYL/ZD+JXDM0CTtS3ryOIqwxA=,8QL1awcJIyYLVUgvHsFgr+zBoHdfP2XG7O/zrky/crU=,lrw86O2SEZEjdRxwsYneI8jiKe6As3SKLCRIOStaQg==,X1g9a3KOv4nsZKRBZ2MHQVOg1LxIdnR+M35l3dcA,5vgmH2qf7+4KkJqP0O3dCvwAysm9QrLqjblsjR77ytE=,JJnP37q0lrHa3QYYrtKjgE+r4pmc5r7kehDlcGybf8o=,2Ucee03RKjKqJMugMLFJIYT6dQ07vCdicJx5T1uF
NfRw4lGoa/qVXGo7Is9o4agWE3DGBf88nlifEPjCzVEOUw==,rNueLELOaNFa1T9MiZALHB+zaar5gD9/FI9XyJOAeDXVAdIJVg==,FKG/YnDZx1yiwF83b7H9lgAlOwwoDM+TEKfAcrMos/3dGgE9tzPlnsHj311ZrZ8=,DEM/7HWBSn6kYb+Rw8oU1rVkAhpTB4TNLV/+MwFe6EM=,D3hUmSe1bz2P2bJc8Ub59I+sf01kq8sLLQDFKrVX+w==,GDQXzTAXgYjbz0FfyJfHPpKkpI+dRmLzOD7jvYZJ,qQawcfbzjo3sj9XrlPO0y6RaGe5NG1SJ+1lut/9I/u0=,c9WdH7MQVfVWNnZw7sziCBYMAQW69BcRnzEisUzHKiM=,ajsVpH291Jg6SIlLjO5Tb3XFRdG585HpbYxQNjxU
028tagdCaDBccva488j0RpZbBIKxzBhJZTYQVTghuIadZw==,tz5aR8hno2UUtdZEtFLLFvAhfgeOXOn6+/b1DE458Z8dzvLJZg==,qfFHOHsUX2T9V8WnEmAr/LVWcUO0XQXRh7eAHIerV/P70dAjgACeCbB3ROdHLo0=,13Py0DpR04k7p++qI/5Ph0MLdFNXZNwHSh2hOr7VhIQ=,bEJeI91fU2q/9Hi+gMfCdmnkDj81Ozlx6uR7Qsjpjg==,eg30RxqsOkbCceM1W7yL08Mq9veXn3ghtmxUguyJ,wqnxEBXYS/uXvlVkhRkPD2CrwldfgkBTEK3quLa1Oqk=,w3k82bzvSDyjWQTmQP7rPn4auBwQOtywgZIXZyHtAs4=,oKi6nfeTmYFvfmVVq1RYJidmeQ/Vw/7yzEM6IL+B
OX445dhILS6WV3DEHNZJ67+fcxlQzcjUh4mWbmmV8mKn/A==,irHoK8kjxRSK3yCY14AXOdrIea7IsPocz6hh2SbLja6FLtS10A==,RiRiEsWymWHILdzWwuRhgY8+P+/AphZ3cBgl51N1iOOZEGC7Qa7sbyY7bfsUO5E=,Twf+4woxaDV3XC3wvvEtLWbq2XEo6uURaIVNP+4KZkg=,AScQ5Xw36tF3mvjCa7cBsZK48+UEaKy4HkuNUaSxHQ==,hLDhVOymfhFoBhXSN9iiIt6iG8xmG7EmzKB3yONN,ba8NARckzAzjOQJ/p1GJZZ+pTSU3x5rD4gb8amQoBlI=,tZkMHz7R2J+2j9szs+UBmM6QryUcw7iIikMUwYfqHQ8=,uRPwiMUb3ExaLA/4uErWRgomTGc+eBvn+mq2yPsk
KHtuZ+I7gXJfr29TqGSszq6ssSG8FgLOoF6mW20leMvZWA==,5XSsK1+fS8Zv7XWue4P9fiB0F9Vj8KUOnmzuNKpfUQpni7k/GQ==,vcISyN+QCULRRr80cQZ3HAVcLVGVE+R8zXA41B0tz6NL2EZDZTNQTa4xm2W1v6U=,x+3Mt3kHo6JLeRoK3d2cZ2IiLsRT5qtqhkfT4ljp3jY=,wUN3twxPVO1I7mh+h7ai0nXAQ+QFTkbPkTpsklj9LA==,c92RlIMiTobs8Rpqo74w47mrte/TzKYc1omO6fqI,sdf5aziz2lASeEfOZAYxzat6P/UTkilJXQXuwOofwys=,xSZJFfPmee/vErDUQrxZxBp3S2ZWGM8bCjPOu843AIo=,bJ74lGbee2ReUa2QS2KIPl02XrHLjkj7GSBA/WWR
vcj6E89tOZQdz6aZk2l0KrRSAGtF84fOwinW9CItH9hm5g==,Te8ARDh+4wRMsn/fzwmQlvf3jVkgJ/wFA2l2FdyQenELGTCySA==,VpEgOHw2Rzp/tnue6vtCotPJn9Fw5jJvgQnI83zGk7Q/ByQQCU6XT4YddoBxD3E=,kUeDUPpY5ickH8thjKDMYvidV6/qDy44YDQ+3nwbRys=,IBVI3CKmlXu5b82HL5ZaDhOsEOy+4STapht7CjAG9A==,eP/93ggiwXPKq/pS3XHzZSGDLhJ2V9xpB10JFgZ6,tbpGaaRrQmy/RFvPUPFHHeBNI+dz/EUXikWRSH8yUfo=,KsWWcfqbZBLFOKOnVLDqO/RqHs25RetDrFcKxxjV7BM=,jNf5WWDfLXM5/0dzoxaRXk8siADYUolDx0hNR4ma
AnRB+s2Z2+a9ckTYvzInH2+JBulT54sFCprE1g1wfTeViQ==,ut+ciuKW0WqFN6zMhWc92y+lxrz/zHMk7tuv6p8KaIVCXCNHzg==,ZGbYZVQe2JITIVFv3NL/vpNq/99ysxXbIJB2U5UjNmnnIWrNtHnuzCrqwXx5vPo=,lc0cJzN6h43iUz/3xyaDnNe6drJw2zEyqe41aAITznI=,HMH/9WYLLwaIuOrjIx1ciM//hdFV3amnzISyxic3FA==,BqfTfvZ6VR6IeTN3p37Pb/pVDX8ebW1AMvj8mN60,8tm6uzUoR2qf4+ba3H4ofOauP89sqFkI7ALiVrALX+4=,AYgZYGhL334yo7yjUtyXNVdvmJisPY2M1Iq7B/3Tcg0=,3zxyjDTEHM6w9OuzKLkZXTv3zPEyuPe3kfXqJqVr
k6tm8JhiJCbKHXslbe2ksiqRqlWjqd/ctog9XGjWwjiPow==,CorhdIBM4ZMUTNlxqhw+4jSSJNc/3/RQgrYhOoHqblejg2ILAQ==,ZTY0mAm09DLEE3GuHbWnlede6KNIuhBp68cRjY+jqIS2d2M53Qerj6ULvBJQq6M=,K1bdlAsxq2IsciIFi3/ryK+ya3bx0Z6bA0Qv21Rx9Kg=,UovKaWRSWgyw8nWOx91D7e875BB27VMASxgyq5+yFw==,ioJW2kHwXIEJLJIx2wxl+TZBrmZsI62viUKeEXiw,Vxf9s2OIRIANBRHflSswLveyN9cKN7dsYf927lVvpiM=,gqFKezncpz5iacg+dI36Dfot9tI4KkYyrTjcyZ1W4oo=,uEzk+XZYICOMQjSqY70YeDLMaqEJgO4K0FBbHZv+
V/79mriLcIRBiwJXvBl5nWDd6oNgO6tSEIOgI5ytIz6igQ==,BMUrBiqmYnCIAMM4gBOeLvTt0yusxtEiX/k2mlVJhACT9OQ8dQ==,xqfyGOHLYu4kN24SzhS5SWVILlLv5kGsHbIwdeGOXRzZgepQF1+SntDhmBJZRy8=,IOvJW1ETzLfHGTTTpj0TQuyFW65DA5n1tcODtCs2/kI=,02Nj8CrPh6TM5mT0w7TCbSI6t6Vj8qvBA2yWvKBidA==,gkH4MBShn7PuU2CyeWKhm9H2Khm+4y3J+Adspt8A,nDSAtiQuDNAM822wRs7roxun+FFjwswM8K6pmnO/CGc=,df6RF5WKj1Wnhn7SAa4ZPVHIRuRRWdWRvjshcxR67nY=,866kNdD3YQU20CeWLvXbZf9QdtVMTUadjGN5yCUM
F13N1wnJaJo66Ut/8wNqtitg9VYKjArAmLd/fKJw3R3PXg==,q0Z0Qr5ohkrPRF8Rrgex2jfWGTClKT+gy4vKj1Fzpe7o4wqm/A==,luE2ivTMPeVSIqFnOpvIwHfVyBYIO5HFxxF4ac0TiE5zK7Ulm7PIMg8QnTVJGPQ=,5MNtRFOdTH5LyAgLyPxmPad0++D+4CyQUy05exLORcQ=,Jm2Y9+7yoHDGyyqtt+GzlpTobBQXbv6K59s6/qVQew==,073G1k7f5eRyK1Odow0vamWlodK4zusr0dg0oZjC,iIqjDEv+pg2FTsXMr5guh529Kw9oGuDDEANUqelqkzU=,Psx1pB6IUgrEy4kbVsLdznOw6bbk/d43PAZy7ZzNG1E=,HXGDLCBeFsEB0wvRR8kMnRYFz96Tu3ElsWekyCWi
FgjiU4NhgEdnpe30kCTBBQW2gwu9gEOH4tcGPx03cvsb1w==,GoKcS5eYHhQyzxL1OVciRTTiAetuXedFCnThmxrOZogjL+Dapg==,HJ7Uh8WNp7C0D9zUWMWXKErmVwjSlpWWdvrP5P5xoBYVJAmJaTDpEWxU2OESMPQ=,8FAx2HRv/cnB6FeIr1kyrOrekXuJ45pm1wSrKIl49nM=,Parvj8unHwotLRA2ljrTU+3sywDAeBeS7EBbfD/J7A==,te6VUsGvV72F1knV/6U+Ac6vhyW4sFzPNS82r/5H,H0qHK2Em4MQGU4WuiqchAXU+bgeoY4QQ9q4cz+7jPWY=,DWPl7pFesABaD+vkbPqPJpdu/GrziTasYLUxa1zr+xw=,rbgrL6PbhGT49N85S5cbuJKYMEoVXSVOS0f/xoiS
ATNPv7Dz5nXAfOz5vmSaHVxxG6pIzwZmoVcV7KrvOep4Bw==,CeXnPFKNL70MmMmhizFOLTFZBZYRvJTD4lA32auTggorwBulxA==,5T9VJ930ZuqHZdAT0e2bUJlxauzbwM4X70gDx1/WtuWi1IRnlM38A8qDpeTNJ+0=,PTmBnCd1H93ooHPVYxLbqjw1Bu8du0H6lZyLLAI5iaY=,xMfYNEDZO8aSaoiYoaQrks4EU8CaZa+TRFF5wzIb1w==,nRfzsVxsRWheSvFgXJKxq9rHAITP+qeUze9rtUhq,487FXPrtfmpDV5OFB9ZbltsrhXt3BHff/RX4RAbCNC4=,6YC102G5/LBgVElL6MlrmsvbbCnfogGd6zCYjdzoS48=,ftsfDryK/BGWHEVWFEeP+8Nnn663z2dCSPPiaSN9
cimJaIwJprp2djYqkXLPrDrvxGGQyC47oY+ljm8Tg2GzCw==,amMtosDmrIjSFWPR45rP/Tqmx5mJYvrxjIz57jKaGY+eLEwDCA==,veWcNnTETLiXkMq5mYDk+NaZxc5IhuqCTSli41QJNZJmETvjW+JKQuZbD9KcfsA=,Hhj9vozIAhBj5JHHRN5VgDlV1XXHOqONJ8McZ0IgftY=,gobQX8M7YF8KB+NOZuhvoSi6Pjq1jQvjVbdrarXPUg==,eINiwqdnEZE5O2kEeO1MxGRsLkMav7aFOwISF7TD,acHxO/T1QTIH7uhho5YzbKDFHzz1CQ15loKJOgX1gBY=,FUalZj21CNz3tDptly/6ycjQrOEYFyfvX0euBYpTaqk=,Jv7K8i0SYHga6aD47Q9R9CwtypwWa7PTzZLyim1P
T0oV8yx3LcVr2me/J4jDrKH/pbt/cUhBoMKn/kpYHgMgsw==,O/bOvEz62+FG7YeSj8wJm33J/cKCfgpoPBpzlWdL8bYCTIrlAg==,UED05giKCva9DdKCPc3kEJGkXuUPMYHjjYHIJdmN9R+GvntNa7d2xINcETFvcqw=,nnJBSPXpR6nVxy5KKMEFyF/7ApXY/zW9vfKPt9p7/uU=,p6btkAtOYd+R4t2WTuOdg+fx0/ytZSwMQr0waTe2gg==,jdknMbnp6saXzO1GfvKeI801XIFgUEx+Eq6oat4h,dYiv1l7D8xo3r2AIwFPItBtjF4G2D4wf/SNKASqLa2g=,j3rOXvd04MbpDfK5yQSKNeg/9aqkRX/v7z5xbqkeq8c=,R3kz5AU0x/H8kt6zEHoQ4IkfTwHwKbo6IsMA8ePL
Jom1Aro8Lb/HPytwDh4jWNEhjTWp5J/EIwFQpAtVVuQKxg==,vq2IK68o0gIrwgcA+z0frFayeQADljlbkb5PEB/IFB2cb/422g==,y1sPEoy+Yl/wjyzJr5lf7Q92r0b96EIy8gMUxO21qRmWsu6tO7Lv7HS34afTjxc=,DyyF1db8vYVfuuOIQ1AKUeGv5CN1rkbIX+mOP6MjyyA=,4reZff8R979vS1u7lZ1QWU6vjiXp53pIQaYBl41CoQ==,dNUqL9oVHjTKziDZkG7/pFEugqVLYCmNbzf9HXw3,mlpfMlvHR242+ogT+/1kVs5EMUPjRSsFNErD6JTGq1M=,QmLQH3bHuWMF4JyWmZPsF2mfsNVLc9PeW6EB0BbILCw=,2n+xE+6djcqXmEgA4B6zq4WjQ+zJ5iTqkQFHUVMf
usdLClAgi7+Xrg5iXZLI9hzX2D+mVEyV9yFnIJTG4mBkVA==,NFtYxrHAFHB+Vqc9I8Z3K4PcpaQUAQRDrZtmVkhUUfOZy6xoOQ==,AoWSJTW9Hf1g5fRdF766V1byWuri+cIGJzei0rYjzOXY27MsSdrV3I1mDdUIjeU=,TlUU4l7j8rhcxhNqSOZnk63gjmabGylPwFc1XO4FuQ8=,8LTw56XHJFEyeB/ZuWWq3fdjGDrSTdVs0ypQ6zVIFQ==,RdJmDScbdCwRxv463Jwzj7AVsdC4PV+lcIbFS8H2,tb5jjWSVjLPvmnZzIVCvdtHMGYPWJaASnb3BEE3uzBw=,j77E3jXx+QaJeADvRBtVYvHCLBlGZ9a/BdVPOwVK6uk=,UgNPgZYabe+12giQYeganbcFnHX78oLdPNqExz/b
sHdfTtLnNtAOOsQNzkUCMdgxKmlUJFC7raXQIZsma5JBJg==,Cg+l24VP0fwxtwuPOuIqbeMHn6I8O4O9IiuW0crgE7NtatJgUw==,uKVurwqSTu/7z1eECfd3/054sW2DfGJNzGmJq/NrhMeJ5nZSVtONd1PULsOioGw=,HywaOt3rO6IMDDrmR4E2J6EYCAIJgcTrjgZMaxRX+2Y=,1BrtfmUlcVOo7Q0OIsJShpcq2A1i/CIQxZMvq472GA==,tlcBNZvz4vah/UWrwN3CyXWw5PQ7KKwIgbEhafRw,uJ9+qRnvc85SAEW/yqpPHaVW3Sm9FTf0RZ4YjbFip2Y=,QYG7Xt2FuGkSNfGGfNaE8Ul2g/TG2ZBew4rMCS+L7+o=,ZqaC+IdRJLoTtZ4lNUG6sMiaN8uCp01oqHGE3BZ2
eHyz4YOsaNkhli4KLX+u8MqYk+1xvKZR2pQ3hw8P349ZEw==,jFh0tGRNH2JYeNVqJtK7llBXHj+rOcnUtVnHaOgpmOR/AkNthA==,XAkBwxgyRcULhOcNRa9hDegnI+m8tItQzEkE1ZLxDLplrKPys8WEmrZGRvFduCY=,j96/ozBpmUP7BKU2/9U47dNBzBo7+reZOki4YwjarB4=,ZsBmGqKSZQPOwMcZUX4sSMz2AiLp1KfHrMVhYWyW9w==,0rVvih5R5w6MFijJLxLOU66aCqiswTXSTmNeJCeW,f/C1cHYh+St78ZWRUKvLGUNpzC0Lu0OmP+WDRdqCUJo=,eOYRfjNNjS5sERHzV49n5Og5UtPgwh3zhxt8/mUgkXk=,QEPcFkAFhv2jCPKxbp88Qo5dND7msTtqLFYMz8NJ
vaPmDDz2u++lnJdVrckHQ2BKALSCUKqmlMBuYmoAgVymKQ==,AyMupy+OVRR96Nr+E0Fxu+p8lBt+KGH2Q/ahKWO0BDbia8qG6w==,dmJDgAzTyksoPNcxec2Mq5Sk+x8oUWYjTGPfbAQJcEf4tbLgcGH1b7qlmE9eAHs=,PhjfvhqQwt14MUdNEE+uW7K0VjOzsXvKTRQQ4V/96fQ=,bRYaGc1qSZtsGBDSS4qMCsy0qLsbzFz3Ksu8ourlxw==,6v67DASP5tSmBDten+hiapAgZ/pRN4BoYyGFkx15,jfPmcnCik0Pyely6y/6miGR3GKEsCF9U4AhQYTx+SKk=,262G1v35WgG03cP4hwAvar38yTw6xus6dZyAEGJBbmA=,e2FFX41AEh0NxwxFuAle/wCgrUOEmQc/VM7QQqOL
boHcU9ivPyG5qZJ9YywTwSSb/WKMsHs183POcJb7OBw0Fw==,Mu+DIU7pVtHlWFWpWBtrjoVZ75kpIGnFKD4bvYcuQR8aw/QUKw==,IRGgG/9agREQPS73lUHVwcyOOeFHjNCJbZGoaWG8ZVzTd+wHfWS94n8+ngYWZzs=,HaeCtcwISjLdTzT0LB+diqKZxDpAMouV2prOxCQuLUw=,xZoO5wOiw0BmRtOPHR98Hl76RDtaHJ54hE4/kO7y4w==,b4k6vUOiyodVyC+c5dF64ElEJdvkPjXrdIiFlsnK,8w4Ho83j8aAe5AuYzgrbnFekrE9BMcisLTJmvULGNCo=,8F2crd/lDoVt+PjRqm00FFJwDXw6eHndOzTARfVomJc=,41M5Ewgmd+DmP0vBL8RgmcryU+FExUDSaQsiGzoL
ixfHnPwOO0stzvO6FiBVSVnyp6/z4b9pKkQgLI1L/gApgQ==,D1HFwDf5zVqmGeGzhEeljhQtO8rCxwXpxylUtMsPoKVVluNP7g==,9CAjZeE/3tTMvA5fHyPSes5Du17NxOncGv+YOm3fpjd1qQeQ2XQvHpZxh8yJsSI=,UpE9mcsEBYZtXdI9i78tQCsjuTeHSqZ5L3MnSomkYUg=,L6LbusBLvdbpp7IXwfeoQ7uZ/c/6GW+NYG9PYmd5Qw==,D8HfyPwBj2J1yjN9kTkuSAG8jPqMsRYrQE98T/UX,G9z21PeTNn2yCmxC4f2QuaXmoqRzWZH1v43MYI0h2Qo=,WXhebclSoehveCQ+UMQK0/uAZpvjX3m0PFWeafb87uw=,Z2u7/mGG1MbC+ozpLnTxjz8/HkJdK51RWVKkp8xH
2voh8xegAcB90XZmBxb7s9yk6B9D3qLuC6IT4KYKOH7S/A==,rCzwr7km7IeGzOwJsVoOInpX5b/Q8rjuTerLku++cMgkPljjVg==,jORHn0WHyXCiPAySfCiT+sh5IYjlBtxhzP3aV1ZuGS9p5KZ5jEHpJ9yQufqLmyM=,3LVYOeK63URDioL5+YTnT4Blh5ShWSnEqYf11mcjeTM=,oQN6hKQvzBuV52BAjSzp2NyHvg8s/Yt3/+qeCMgxTA==,HoNiIpc5R0+H3RqjNcLomcJcKiGLBPy592G5l5im,Vbii2Sxbd9UGm+gPaAEXX0131bKrkRe84w/Oab80TAs=,O35vD4Xmpmeg15HTqGAYUMietx5qucVxMPvgsHCVZEg=,WwD4xTh2qInQveJnZOeaxrvx8V/zErB4BsG9XCoA
CCTREWLcEJcIEmqCUVyj35s3dz0DBvAVItFm11zLQzR+RQ==,wlryyDFp84v8lfDr9nniGOWu1X8R3rneMHXxpdyeGwl17dXGOQ==,ygD6VjW6qB40alGLPx9pPlpoNq6RXGSC00wADoU4QOEv424KIz4LYEDIqjP+gkI=,pmTmM6kDTrn8GK/PUs23HdP0D1BwYrLUxgIEVFr+5zM=,9PW4i2qCtfHio1MDrOzZsC6P84awFLDnQwHucergiA==,Mka3bbiwmPgcVMAGCwNrq5zJltjfJXr08Q7uTOhj,FxFqJrUm8GrXek2FkVmMeXv2cV4HuFr2l+XLeXP/PRg=,vHXVZr4alYrrblcPn+vCagNRs4xroADAJPRc/o0UhMw=,8kscFOWYLJLTsOExE3viRzRsGQjdRHMiEkEwHEW5
ZjQKfRHBJUedQLdxQG6JXtKfOGO7aLhKyNVR4CQ7loQ//g==,/c/NkYWIhMLM6dojpyzmb+I9KnkPVtwhup7czqNnDr0yTTQUKA==,kGte0Ews64blAC1q/cGfzgSkRKEdHMdu7iqhk9EzsVO1EThYVk4ihm1jixQHz5w=,AlEA7qd8tIetKIu+tjWntX4MqJfeYIrdf3CVdwLbg9s=,aAYYc8a5Q1Dkd/rUCwnXP5rODILOF84f3ESW3YQfMA==,MUjDCa16yVxuZW4gVsAznb+1wyuA4E00niMwUbFV,nX48uC83e7cveBDrkKM0P2UiyEE1RfCV58SU7Q9X8dU=,rvsJh54bWNe7vvVF/Buq4KhPhJdbtKfPA7BfNSKOzOs=,GEGRv+oz+YSEj9ESBqH7Kx7f6Dg5APtGFLhJK+v1
JuWKPMLSuaWm2b1sp4WV9nsdZmphyuYd445dgZOKvSsbXQ==,uLGG+BfVuk0XTIHYxcANZi7X8JLw6XaMt4YCJhmMuwQRhzcztA==,EyAAXPn4CVzms30nLxnfYVbHYySNEp+AjEA6ftmqBsJdsYmfQnRomU7iOsbzBGI=,JTQCtx49l22SyhTRz2PhW4/4aYR/yzPJQrvN5kuNTW4=,f3OkB7hjz1eoa0Y34PXuSUR1WxoM56kBpeIBGg880A==,BDOXCTeQecFXi5C6ILzwR6KGQ1aUN+KRx7JAYY9i,naxjO/YXqvQlLoHDvSnUYdYcW8P1nzRJLxcIVn9U9s4=,iSAko8yPNws3fr3LU10zawIicr/NoXklyafBrDc0gpM=,8YvmNtKNBBlFEISEH4vkZ8j4b0i9Gs3WwUVbnQSb
+C/XNDC1nJ7ZBwsUYG0ln9qcwxkuvjNWgW+oCDRBl6QREQ==,CsnqHbCkpidp4brPNpc/H/vyeWWK0SceEy/Ngyk8S/8c2nKQkw==,L3wCqvfSah2AhxTN8S/uG9Ft4MAJ1bLEvsd8OwcurnapFOl7d8pnZ6bmQUcR0yU=,prtf2zSELhYbv764LTJrfEL6OtU1mgvugBRWkOf0p3E=,uHSyYcnZscvClY05Z8bnkNexHaDaqXBOKceaX2YROg==,PFHoSChmk/8n/UF/xwGVgVXwjV8AJnEt90Eg48dz,j8ywawSSPLKD6ovCt0sk3xDaBi1w0qJpnL3/vNPYRQg=,i+vR3S6g1tIk9Ufzr3bJ/+nlAf5GSCMUA82d8TdWT5U=,XtTFebeLn4U/f1YzFgV5vXJtI1nNLE5bKVqVk6F9
OoZYXlQver4UpSZpze3j6NyGUXegUNh9E84KGL3Dej9umw==,/e0sqXipbyGGEiHrpfqGpOyNgmemtYTP5sCGGz7aXuUW3P/VhQ==,VBMsMfEGQb9IQJjzKl9Xq1Yp7bj2gauMvP7genimWuWsXrojRlCRT6NGFv3r/kA=,iSDgUeuK7/jNU0XcVtodZauiVqeCZGGIp9lcF0FrRa0=,2eAVeAT4VO0TmTrs+Whzrfvzc0a+Y661BNifnYnAhw==,JLSh+sN/+ufilFugIIIZ/f05j+INhnhGPK1yf8IK,VCWsXLszKf2OZbvyBKm3Vp9VgX5+Cu34wj0FREp2mKw=,lhJdxOLloOMMRxB/s0HvUv9Q2y8P0rpMADif+0WNJHU=,TzYW+TqwtUQYdfwdCtFR1rkhuWxfuhWcpc4xyvBQ
w9oJcSqfhLJnm+LqqQeyRe0ubiIz3N7o4tyZL5w6/H3/HQ==,QMtaPiFSvitD3y0G8ixQyRdRiAxSwnzYGgUbIr0076zKBVgFkw==,kgeTbz9UUa8qaSgDZYmorVNW3tOumz5pW6pL7DoiuTIMg0G5fTkKNQOCAqQcaaw=,+EU2GK1UdXoHODu0Kdc93uH0i8SEP2fWxJ1+IbnGrtk=,lEvY2qglQLPPUZHYUY6IyXCHi7TRjuApFVlsAk3xeA==,2zcf5WT68twhritjjmEiphZd636StYI74VHD2pBs,M9FRxZ3xnDh8opyjumNIDB2iDfAzJvYlDcTxeqTwbIg=,UCwP1jzc09z1vDtDyHL8y+7lpv44yy/3+ccyTOWNYsI=,lqbOEqLGadYvBtjl1XW2l2AjAgu7m0VBBEmcdjg7
nG/+kTcOvtJTwqRGrapcW0u6vXXXe99PPXdiqkKa4zgvbA==,66HYJHZ9coYVRPk9RI9FGsbnXLuewH8ZfOQsKruPWlg2ldsDjg==,A/Sfp6HUycxsCuSKg8gYgtWJOeBaSn43GkiKFynOgsAZ5Ch9PMmbc6igo8WqsAk=,u3KL7G2OsnMvVhl6WBpdNx4zdpx1wjwtRoyzWP6G5ws=,Gb680DLMiEAK3sMQZ/Q0hI/KASwnl8ktoNaadt5ylg==,GjnlBCS5cRyxzXQjlM4gXBW3jjBzJBtshnZ4qrbL,t1pqmYpAvC6UX5aQewKWmijwFeEflvXgJurYbKvW25U=,5ICi3sAYXBiWPHMjV3lzRPbrnvjPhpW6f+b2aA4Ka+w=,afKS2oCYAhreMEWUC3dQi0ktIlVnbMwMQpmHiOwa
ZzASPVcEj/8nJNod7aJSTleUiIS6kftTgSCxPFB3Q3ytAw==,++GX/IVLYaYufHmRU+giWi7RHvceHTIIbWvQCqchOcdFMNKHBA==,pgw9Yg8ydTFoN/JAkp6rC11wnmsgcl03v1vby5c+zcQVqSU/AD91bMvGOufLrwc=,Z7uvbtr5Yl+lRjaCYDW1vf6RXjobV5/gvnzhD7n+hGY=,q1nDvFiZ8MS7zBEioQCg7jZHjNG1cmltjQ9Lna/uNA==,5Ox2yvD+8zcNuEdhW8iJKA7VkBEkmK1KfEX//avy,zJUtFEkhHN6PvIX3LHxgUQzkKvGZYVhieCmf6hatd4g=,rZbk1tOBm0MfLynRhJV8QKXEdm9DuxB6G0BhPsFH1Xw=,qx+UY1kFhVO1aFFm8C7kLGblKa1Jw9dVbFfPlBaI
CH/BjtP7v/8bhgkVJr0NFiCA1hImSYgal7BZdzKyDPyLyg==,zNgHw2bFSJgvTiOODbcBr5JsWDchNH1KSgj2nGPDlaQFecME1w==,bEHGGdOAzok0I3RK3OITGt5EHzm2S5c/GdxzbdS6yi9ZKJhlOCeb/4d9vPqauW8=,Ae5tRW3dvLR2FQyexB9Jg6A3Y7vwd6FJF+ny2CA+LSQ=,cUJRDR2Kc6VZvgIW49knyWtE1hB1UTK5vk0E62c3mw==,wrfniL/VeKaIHbau3YIMaYs8S7MR6zkRuCT4Z2ei,M8mS7UD2+dU0F7ldvWol1DU6J+dB8Sy6tLtFtb4olvc=,8vENEsuYZREO+yL1NTDTOQgn1NQu7hh5CHN2DBZsSvY=,9/mE6OevAW3AG0iwNlcv5kxors25VM/lOfHHXAhl
miulws8EqZtAEsSByFO4qi5+vZeAWEa2aMkhRnPKYqLz6g==,y14wAqf052+AGYn1czPnGB8pl7DJ19IRZnZC1ZL5GzlQrICy1g==,leaQCv8EiNR2h7W6dR2ucbpWvl8qilRZtLS/c0Ap5idoEyjPppVEsQ7IgDP8/jc=,Hpkewwa0b5oDCH6DLszDQ9We76mT7aZq2bobbVe9NRQ=,XQfd4KP44zFk1K4iDa59KbKE1yTVmsZUZBHDrAAw8g==,Ml92SADJVR1Drf4XwPelIT8ICGEGoNv0YTdz+zkT,lMpJapvtSGt1YmnOq+LQd8kYG0fP5CGCXbLYNzAKEwk=,fZabhgU7gw7HCXj/J/J2VLQgeGLLsiRNkY4PCtkqPFk=,M7pYaABU88ovY3ard7PTOxI9sqwHHSalLL15qFaG
2Fkbssg8EjFZHn0h6J0dcMptVlQVG5jnVRS8qBz1OOuTBw==,NMAUfuQx0lK+VMsEhS1uggfocfxCOdgu921452qsrFHu32ftvw==,sPfWf0tr3/27/FevWMQPJK8rmn441Nlz7NHsBbT3zf/uXJuhN7qqYn1bnw/WC68=,GO8UdqBUYC1SL8L3kl5NMT0lCWxez71adbTWs4HLTf4=,4PQYni+wg/BGWLm9uwyeVnQf43K6Q26hvyZaBxt3PA==,Opu90iEdsn5GpS35RoPVUkOwj52XCe6N6dQrUOT7,5lTGorY4fGxktAlmdBghcEMANyurfCavUcIiNkIXN24=,U+8k3fmHQnRhTxxqn3b152A8zpOv0EJN+OUeMFWXTvU=,hUJ0Y+SAnDbw5sEx3Zrb8EI0nOxdTfcaOGP46zGk
hB6HLWhbW63wxRy8mhAHJJXya+fxzTDW40ksGPbbkrJt7A==,FWbGLDylIi0RJM8PumshQyVd6tcMsYydUywqqOuNnvoicFf/5Q==,LOGLcsEgFAYNPPBD4yk3Q6x1ZwI5qbP+41OQyJVM9984S+sLQLcS6QFNXlvMig4=,YG+lqy3ianaMNpgHvIdoFeSeAe0ppMu9DqC4yuPBULk=,5XFNFQp7ueOBNrpmdu/J4Xs8029TCUiE4mT+GW9x/Q==,oEj4z4OcTH+L5dTC15XB+IdRR9EA7NEWxPphvJtt,1luZYeYwxtKEV7Bq0wqqjkO1MPShRSJdupXxozo1YW0=,Yp3fPE9W0aeqgN+n4dxm5njkgwD3iL1ODDF9oM/P/cA=,s4kyGTV+/9PzOIvC89jVcaPcLHDwx4Ih1rrKn5H6
rCNEqAZ6ugCW1qrIBScbCGIFyCr1Uep57r9SlOxpjO059A==,wb8BdAOVBID3GHXFGjdxCnamLOAJGUA02rARH69kvNXYm5CzNw==,EjK+3MjuFrWWxdV7Le6BKlQjyQQOX0hwOIYTZxVC1hHtdkTUEbeRvMSNlRYtdwY=,96ZFQhLlJ+JiTb4+DZRBLPpFzuSIEmsUL+12Mi4xqMI=,svkksVzEFyfHIRV9bTOlgYwDzFTyC/Gjbmjsn98wHA==,pHFn5Fk7cJPkplSGVNVaHN6yatPwbi1VLo4i+749,DWwpYWOjgUXxlGL6wheGkqIeHw6+FmOL2Q+FehYMvLs=,mb0dfZdmv47FFDO7Z6wvEeZjrtvzhRgtoNcCn2vkbB8=,csig9xw1oZeGZNzCYoJquEbZIKTk2tgSCH04WnRy
/XE++RDH7nloC4OB/aZnTzU2hxmlqSbYQvvuQ/Ib9dNLmw==,juHPSCsXzBk+fgK6fMcoDBVSddtChwmxf1U74mPn5DZbDXQVmg==,HJybnDNytC3cX9PRrELHC03JkjIxmuxw7aUfWXsIV9fTFvD6LxZ+FqGbqUPOiCc=,eBsDTo+phcQp7jFnGt0YDBPU96vJ+gug6mJWvC2L81M=,y7GgZ1gU/pe8ayD9Dvya22fn21/HQQQtDiBXD+qGyw==,vMbr0ZNq/ysmqMd4xbXl8d7jDsfUA5iadlvwCX7r,Jd2R8YYCke1E9E64auucdXDA7sStYdVThFwRT34QYIY=,dgdYdglrg0Rs66xGo8rJl2BHQZ4aiIrUVPkCXwLxGV4=,SlnHRp67X84dOGFCxkZEVVo2/kM9MfpNP48mgQbs
JSGk2+PwQXeVPPIBmXPOOHE13OmJ1tT17aMqDvuvUjmvwA==,gUTa857bSV07hOJIaP/RKx/637yupt5PpzZcG8nrhomUEg2+mQ==,B1lRPpTuqrb1aIzmVXJ0BDLjRDhKAZAQT2H0GYHRRUw8kJhe2fisHpqspdXATEM=,ujiqVe5YQMn0MXVZVEHs5VypQCVmGa3n9fUmXBzrJ3A=,XAB/p8CD7DaRvyMPjWQ//HlobDfqJ6CtUU7793ZARw==,XUYhJcvrgb99p1OA+A/67Sm/8NhsITRgaemg2n8T,bsyip1gFcbE8il68mxgwjB6pmKcgMg/OSHlN7ilHnzo=,R8+jproSnSaZ6VFL0XxHl9q/1qvJxayhtn4hjcoJwF4=,8u6rfpTAjoHZjrL2o+PKBZTHeJt/Z3yl+Y9qpQEo
pHoSZnl/zsYKbMgGScjS7dfWliZZOQHk7GgfjUXxqZTJ6A==,ABidlT1wEUV8eveci8H8TPyqMAs9pChhOv4+4+JD5179eRijEw==,G1d5M892jmaYDYntiG3aQ8R5Bbq7dRn70Xip8J5qvfxwftDjzwBGtr2npZopWUM=,zAn68fhqmYT3HyDiC2SZlyqLNHUxlRgRmGddswZDW3U=,EX6D4TWCi9yh9rRVu60SJBu8E+eb2uPRqttky78fxw==,MrnU+yjaX3IJUgOKQZ+BDNVahNMVWv4r+FOeYStn,6jYNwBQ2uO4uUjfy8hPMED5HF5eYo1/xLQ3CJx7M02w=,zUzrgEGZ6aGC1sqArebNElsqEQZPYSMgN2PQwV7/AGs=,qFjaAvi6qKyYUuZnYI0Uo9wnhP3VKwjM+FM1u7sP
Gqdg6ekYzp3xhizkx0JuumW+Pv3UnXG9TeJmN6+NVAq/lQ==,Oos6rl/dX/NZflW+nUl7Q8r1KHS3hgBacQz/AMWBF5ppijKHEw==,yVO7eTuPBkjfiNY44Dk8/pkBXoh6rhj0wpofcRTApW+syAO28NuBDrJPlHyrAUo=,LchfRRwLALKo02eW30TS3aklt2eQbHF/s+QlfUajaX4=,IC87aCEGbklQtyHtuh9eflyi8dM+x8hBgVBl2QLOlg==,wcI52vPID7RWiNQlHWSt0MgrEgFGbhoGOKu9Bm52,vyeSD+DR3l4Knih4QHVhHmBFS8wYilN2hUwRRLDzd18=,w4AeS0W3hza1fQ14Hn2y/qF1Mm3O0B0ItaEL+3YYCSA=,xONUde4/CMlhv8uiM8P6lE3Xz0Bx+L/znkb9PTII
LLylzUzRxYUzgqR6I0GqROItCWN4O/XJvdvF5lBmFQY5cA==,giC/042RcrmhgAL/wQ1oDK2aaWQUuhnHdYKpmT3zwXE2pz7uGg==,1rxEhviT2QzxA5zQhvwJ6jTU3KL6/u0yZsToMMGf7yoISslwX20Xtv2aZIUV5Ws=,oRAN0QUtp72olY17SMbGMhHdMkHT8LvVgArPGu4kZeM=,RASriNHbP05JNOUf4ekIyn3piptTE4y1suVx2Vm0Gw==,xMYuOnVWr3xlefNR3dSDfXYnGfJLgq/S6XXZogYu,AzncmKqjcJU8Qo3AZy7Jwbj7U3cXcJbqvLdS3DVCPKA=,vSQF9WE+vGvPeJNJfGVAT/Ap2birfgTUiTW6Kq3ghcw=,EYmzUJNqP1nJm0YtqbMNVl56MqAp2qFoBnKVoqLD
auF6cy2kNEIuWXJZpUJK84eYz8oEgzySIDiDHRZRHwSf4A==,31BfEg7dNW/wFXPGAk8iodXTkwDza48kmeuSSOO6d68nXelShw==,Jy7lwa23HKbYQvGVNOT4XDXtAcd6XauRVeBrFDrIk3KFcA57LffyEjbET4wln14=,V7GnaEcfe/hyMStsNDy1UBx3n+IZJOCfAch2AKJ5wt0=,CfAZQ+0oFsTbvn9kRSewNxn5VQ4dqQjyjTy59OK8LA==,chUu6z8tShhYP181y1ZBXa1LwvYKZ/iOyZ3IC4X/,UeUjeakD17UOlQcfMTXCIx3jeHMmvqmNGiCshhUk1ks=,FUmMb2/EbhP6M0bPUrQ6OEr4FuPjqYubk5qEBDxfWdg=,HonATdaEGq9hLdRa/Sb3AzULE/kd18wdG+LJHcaF
ah8qvtWF12sfOS7gpZ1gjEeQ0rbUmapV9XzqQr/0nTsYtw==,LoOEMttTGn9fafISAN6XBaSHb4RlFWFRe2c8pbQFgdZJoFExIA==,ki5vkw4g2BZPa6KyoRHX7LYedY/PFnEoM/mdpZu4btibAJYHsPJh6g2b3XTK/EE=,QxfDjswkLYLwYfgYsJdfvJzZvYEXThBpIhD8UmUC8SA=,0wGk3c00Ul4Qmb++WLszNNdJbbM5u81ZuyI3D3G0CQ==,ZZdXloyxNFF55qB2fHEWuB2gorvrcmks5NN0m2ca,L18C73223InwfQaT/G5ROhjI+8LTEGxoamOERIidsE0=,o4aXPaLtYfDZX6Kk4iADmGr9MhNQ8b+lmmfKiZQsYh4=,rJkxTBLNFLJ+a6UQJ/a4wW/cg6nQbPlfTznJ9FJc
kOqK1fv39QN6Y6yV8+HaqpBgQeXb35m1/OcS+iXOvaxJwQ==,kB4cqL7+tQa5pYAwbSyftCWT4z1SxFmDUBvYLpZZAygTR/h6tg==,JhCS7Tc+p4f9qvMyfSIkUiS6xfTKh0r1z7vRsTy6xuPy/6+4lDW/+IXFCjqqCMY=,pgEXzg6fX15nym2Sq7zvMqBYhewwZ9m9PwR7y47zpJ0=,NU1TnyBzCQXwy1EneqLTUKV71YbF0pjtSr9wrwHTsg==,zbPl6aGnC1aoTYJHoJdSwgf0RTTy5SwkeuBrDTCU,rbN1iFc7ZzheKXPr5LyIxRDbEEyNI780tMYd/eqyxTY=,IqVk567e1a6LVi8xZiG6YDpwCJLKrcnjXbjA/G8zPM8=,c3sbe3af1QNk2XX16P2Ia1MLTdnILvZ5PewFQWyl
FCnPxzV5mFztGypg3GE7n7SY9NJnJdKMSZLC7/htZXzHdw==,4fHZnqqC8flDVkIYpYsmsjq2Imq7JJgfrePMgc/n0JpXuwZa/Q==,Z9mrXyPJiz72iUvXQ4yO4+2DzVDzYG0d7Xdtqb3GcAk4ql5oAJT29kgEFlTwXTQ=,uVhR29fDBF70BXyfhhAPM8iNjeYX5lSKI3kRg8lgF0w=,LwnIlYXf3j5aynfzKvDxFmb3kskDttW1jgK514ktHA==,FOvsOi5IPMMWgn+rQEeMdej54nIHLPKtCScgkqLB,7qZ2UGhRYYzN8pU2k8i3aFi/ia8ZlWmJnuJ9N6KHvdQ=,jI+0h+fZh1MIteXSaKCpMq2HZNPd1EIAWlr2EBWUbTE=,GOLKvxdl3ybYvlj31UlecAGhl2f8NJUf4Npj2Ynn
Fp1RYu1F88PffO/9fbLhTK/tk96H5toqJdLO42DdCM1eog==,p39CRWjLyAwtreHMZIS8EQggzOrBOLVMFpo+iHAMcEv9MtXkeA==,IArFY9475BfAdqPUTRsMeb2LreHqfYng6CxfkdBuK/iuQ0DyRwekFl1eevAEp1s=,SLptvKFSpjin+saI/oX035AcRdQoU4NMDXAVOh7lnOc=,wPRbvBrKABGlX8/iPNgIbdqNZnu/zgYv65rdwsuKnA==,eToVI6Mt4FWJ70dxzz8ctE2Wi+ltyEHzHkac0gaa,fooGpxP+Xw4CIwctSFOQkEyJvgJlRLSgKlKD8aRSuJk=,PuZQPiuDyVN64432Dtld/hrIvcSuLhyfEdFqMML2ruE=,uJNWGebr0eU7L0LzU+ShKt0vyxvcsOvhR3eoTJ6C
CNxl4cGDboPWWFEsKAvmIAJ5UkuAOswRvOeSzWgoYtp81Q==,8DHDft1fP8MIrq4WsJToupQwfHcFkNh/3x0TkwEHJOXkLs17rQ==,K4E4f1OuyJ0yHmIoZvK9nthwPr3qTQrCYkD9/Ou5AhE+VFthEFzk7Si/9HkjP/4=,jgJjSanjnS/MjAHZp+tE5AVkucovHr84kBYbjLJPBNc=,EbdLJESe5fsMBgK7UNmvwpdm7Jo2zUeF5AaARMDoaQ==,9wtUXguzNhABwynBE7+kwksEH1Wv3l2gkZLcF21v,eR/gDwOkOiNrK41VA2Mqm+tKcHB+NZGV+hCUodkahDI=,4sJxU66PhpkxP4WM8WabhEIpTam47D2d3e8Q2OGcMqk=,JjWXLYjX4ZrYC65D9EKfnrACUsX38zMimq73Wkqw
Z6NZdewls69qzCqw6/2jmcW0Mwjc5nhMYpX785h5k4zi9w==,jakKjQcD0yTnC04UGV4EgZfv0MZZXeLD2yORVX9ypzXd5BQ6NA==,tOibpyyjrYa8s/AK43oLhDGtqcPiGZLBciNZXu3ryHjAE+olvOydT+xT5skB0qI=,UVkp6iXWat1HW94uY7JA/Z1TQTEdMtU0M6l9zi2Q3XQ=,g/V27MLEW4VFL6lhjV+nYiM18q1CEs+JdgP2bnJf6Q==,e1FlbHLtqMVGMXchg0pIKuH1IDQ1D263xucs+3mG,rr2YcAqWxKCnUXZ2fPO7y1fQpZhJsO3TepW7TQQYf+c=,O/4AwKdqHBJNLDlQQfnSYWtWkCVsoTZpkdDabESmYqU=,lHUSrorf4AKfYowbdpSKFRO8VnViGyEsdMTLeVWs
jb9sIyyHLUu2fkGfN9PxwCcY2/1Vd3eGfzW2jMhczg3//Q==,B/1/ieqVg6VlhjY6DHwgpP+efNflqJX4RwE3wn3ypsTkt4MtTQ==,qZQey6+C2fTHEoapzw0fxHtOaYW6p7beDJa90W+B53y93wHtum8rT7irQhjwtng=,0e45EIyh4YpYy0OKDSKAo2pWEzWvT+pRtsOk37p1ojI=,YttalMlNxP+nEvilJyH6EKC25KuqZ/wv6Abd/QzHzQ==,+l6bcxHaJDRmU7y3eQczeWKmK5zsX0uAalGxxElE,96NV5CrMBJMnlzyIVoVE+Xhw+T3t9teDAbmyk+lbTi0=,FKwfxxOoEf2E+bFBcmWba4YbF2Rmt/b8Y4sZlaXJitU=,rWLY/xS25ISI9hXp7y9xYDKZa6kZT1ju2zfIOps8
pFTApAE0Att4JqJLLRavmkAoR9+/BQc3V4/Ioc7BaGsilQ==,qp+ysRaaOSo2rObcAL0TGxKWMwXNLpFO7nYfCUt/x5G/6jf3+Q==,A2NMdc5GUa/oaImG0GQ5YMhztRXtDHuz+ayIChMfQDI1PjFEp11Obz0GL4E5RNw=,rhXbaRQnji3j8fosCYoPKHPzQBaocdWSzmYIVfAb0sE=,pad4NCjksnGoGFBnErP1RL999Nhx3w+QxDnhEJtEkA==,vsw4wGNA0O6Dz5wmwuUdlWwnsBxtkCObQg10ChQR,j07Jshse/fNYTimXUwqINERmbzWxioPfJBC6xG/vAXc=,3Vst0VskrWn8nrHoiGi86y9FMapwVoqkVRLBbmYHrtc=,XxG/CMofJ/o06sDTXZo56lt2fjyjNgFQuKbUcftv
nsO6iE4zuEIM0oqLVN48NaKUiVw2ecRu5kNRSfEoUkB0HA==,0zvo8TCGbUR8CcJDlOhkeUXXzbCKYbJeIH0gZa2oDxDl6rJwYQ==,4dqj3xtXDbKb4RPcpVfFr4YsPddnEOsucTRsny9O/mRWGSCHyJfVQgxbkppW7nw=,cEy5qOvyYeRUn6Xnw823lFnlEEYbpD9G7Z1UdMqaOD8=,YFtkPLzcG8UjV1L6ASlUFHQIf18Vs7UPmqFxZ9u+aA==,doHSe+lMCvlkW/9v/tKcl1/1Zad2ZWfLvQn9u895,8xe0aqQjNUoCjsrIUUTMMQjRkqIn76cPn1AEFpB2/0Y=,r6PR3q6kEDGkAUpD3sbyg5V1WLs6cZD+dtuSHOjvgVc=,kryKfDAom2L/gO1kibdGEJdpPD0MAfMxhSbe70qg
X9QZKaVaH/PMpH2uIvobBZpF4wEgDCqVc2A4Q67bXuR83w==,pjGetHstqGIxypG8LdMzwnlpEZaRW10Gb4dV6GqFK08u2yf+PQ==,VMo7lZMtk1D7GvCKSB2IsGoRJGsBNbPUOfBz+imOHzRs7zqnX7J+UOK60OoqS9M=,1ZeGWQEqeOE1ToOtjAa4unLFB2qaK/il/gxD1HSm754=,92BbH1PpopIoQ75R7RqWKHxCW5Ke2vuDbsAbfJbQpQ==,pyqt4MGXDxRED/f7QVOmZSmW7mtx72KUU7Su41wQ,UjSjVMvHJnYawIXkb80IgICrKp5vhjH5AnOZ4lBN+54=,eoNwwixWWYbiOwr++DsiGsozWIt8/a6yfdnZSZd2Kuw=,ow1wjy7QlgGvXDyYPw5JA+YFoxEJvZF5jUYBQmyh
ZSlGS41Iuzy1DhJQN1AA8+Xv1dg+pIUgXVD5aua+d72dmQ==,DW/BaJCaj2r2BpyLYuhMo5rQimpr+5mF0/F/XYeYgnBHn2G4xg==,xGgJ6RCHcQhzXNhJLZrR2tWZnY0hVDdhBzaK62Msgq4JxJi2R1sk1d7idx4FF9k=,mIH1TeqvQ1FH8p3jPao8DtRtl8H2U5JwyNcRMbKM5Ms=,g4z3rr/jSZWCAqV1zvxb2FwjQt79KzBCZZEiUJU97Q==,3cG25/Ld07iKAlVT6qErv1jevUcOO03WhZ+wSz2y,xaHDjT9VYn6hq3SNaRqxnmnd4Owo3eGXfxoZTa2ogTo=,/8+izH7qd87Dvupqz089FtAiccZw9o7Ex2z/4AVhBYk=,+rtT9LKoGeculyuE+i5sq1muDKiENu9fCojmj/1L
cjxBM7Y1rqQVMBy4U/dP3jTH8l3MJdd2pk4IuR5Bbafh4w==,SdAqoEzW33TbMRwW9cJf7IBZpaufg4cjLhQ7SNG+U/4EDSKFXA==,eMur+9+IrDNWpbJlpeXqRkMc8b0gZOg8CKfGt4s6AGNYlBydmPWWCx9T7G3q9AI=,L0jLmwX3dStFDVAyPaX+19t9u0L+4EFWascKnlOAQc8=,ZuMBm77G/ds770gVhy97kU2oHzTQ4/1TxdZ5f3tjPg==,97LLtcf6C3b5mk2AI+4T1zf5J/Qerhq0iey6QhAV,7uCDC5mVVnjPe5sNhtPCcCeMW1JzXES7eyNOaGc0Tw4=,OCPIyQP3KUzCzw9EBxr8Ms04RsBvHiS2DQ2KPbw9nl4=,Ja0Pji4Xtxa+8IxJDc42U9SzPtSs2s1PbeWxx+yu
cBIPfamMipPwLkydeMUA4nEvhOpuEiiG8U9gRWtdtbKIYA==,SrrqahymY5ct3Fqv8T52fzAydILF8bhnSS990kN63PfHlQe6ug==,S9ahHmGe9p5zCdOzXVpKtyDQXX4ORjUlaw+dVefGMUqMYnsJhwFBgQQq8K/a24A=,wKGPfs5qWSTdSxOgV9EuoWIDfL90HN+0Mh1J0S/H6Ac=,mJz7BAPhlpaGdwPKo/or5AndnNebcgemZdFFUOgzEw==,FnqlPG1tDSfIPdf0Thaw9DGutoE+m7/c1BxC65Jo,KfyjnT2NLNrc+6ejScQadkUnYFgMWB1PIfBCbMvdBnE=,55nwv6UyXgBYDG881WUHYeMrIHpIbRHQAm2KogByvSY=,01tcNjIOuAm+vYD8E/Sq7gtKuAzGeWw9bFnAXqub
x+UNdxMWs6iQrdvsED+HAuoYAznbJpE97wH+O65MDmdcEA==,uh9KLj3GPiijUyEjcPE42aGX43C5r8cZB4C89NFhG8bBJrfP8g==,uNj3HySbXxQTV0jgYtZaGZD6dv7g1qJUIG5q+ggOVbYwltO6E2lck5TJtZ/egC0=,8n/MrQxWvzP28Kwxt7Zeh8uttBh0bm6sZzGH2LXee9g=,h2TQAm4icEwMEBaY41MATjLGZJyX2BbZrpVtECFhSw==,fKx0CuTfPMRmxXzBgdmprrcAQ0oW8aYAOJcOy4g6,e2JLhB4aA2TGtkdD5aUYpK4uoltm9rxRSobFupHtA7Q=,4modBEuAg1voyfAHV/wETFgNsjA35PqJLU1Eb3ODfIE=,zHKQHltxo0ggB7MqJ+UzSaxqAnyUJI8vZRBVI25W
rgCVXahVfP3C1fitaLMkvJiPPXV0LEDzfdGj4IDFdKKkgQ==,SSuGcT0cueXRfmjxWyc361X+eMGpPxd8+g1wpyeJxOnbig78gw==,0Rl8IDySoO+5uSS5Inki3h/0OURJqlnNXmr4UrNLzUZ6VFrdyWz9Hp0xAlx4FCI=,d7NxabnbdUiWmDIC1DndEaju9n0BJKJPVnGlgfa1Sgw=,UPY1+M7uGI/h8V88FH4/7E+o4O5kWnzKhR8OwUkb/Q==,4iGEDvypA1FB1zlLRXjAs5ccLFIl43X+N2h3nD0R,vMFwX/ahTV6zfElVa390NJQ8vm81vX/MyTcWF1ww70Y=,ur+p57mD3stOZGtV61azkcOjpdV6K052WOoAv3OAXhk=,H4nBSmvZzMf+u8s06LDRvKzKPzdaWNcwD7WtQfF9
FTZj9nZctKKHGWWzF2jqc1u4BoCnNGdXumPGHN6gkurvrA==,RzwnPfy1hLsYDd3d3uxoDg5wOQV+UT4E+VyGUzUul6DZmjW3CA==,vomPT6RWh2qBWk4nXZtuJ9e84mTk/XDz9778wN0UtAvyY7WYW92sXdbn/pY7fT0=,wF/Y6RHQW8Dvr6MvOBo9liokD4JuS3PtKFRM3NtWiYI=,W7EiNKVZifdkvdGZhhNF1MS2ju/ldGE/OvnwEkRIUg==,8NC7rkKrB4rJRlwo2wjTkYIhAZSP7BEOkSyRtu4W,Wh1ILiIOMNIHSAqOMPmpuQ2Mvo/7w+Eyqv9cngxN+40=,6iZJ2pGxIrO6PrGCIoY4dX44gW/V85MwvY4823dMneQ=,SJHCRfXAGnkRFv8EXNyvYhM4RPGtZsm6RN5R1GdO
Nyyco5x9Gc39pM6myosS72jieiUodKnHH45Gbmi6v5sCcQ==,hx3CR+MDhwgI/eLDa/NKxm6sNfWYzYBE2oURKRRfKtwFDgx5Lw==,7g6s3S516vCpZYph6WHyogY3gsldPdGRZp4SIpB2nwfLKvb2NhHnroxo2deH8x8=,SGIAXA0l2TKrbGUjOq5IoCJrY5CJGrt6hOOeJVcRhyk=,BqEHuFUAWO2SED2wQpXaWcEZw1xzubaa2kDnp8JgQA==,+dpkwiLtuWX3kkU4q0Ch9HIns7/AFM9DsEVS8+Ox,2TYHqEbQwgAjJD4A8RURILoImv98r3W+a5s+URvN/jY=,MC5A1EDJwMuv6guMJBFK0qcw9h2MHgXBIo8EdeCgsdc=,ZyY7B06AVdV/5RBig9SQF2E1NLsjXgnyoloRmfb6
s8zL16WavxiFSTHgkJ8AQoZJRV6gH/ZRNAu/o3QP9aeUpQ==,7h8QNS1hVqToUCKFJQKWNprveB8Bt/O3GHzvX6ZD2Aamhjgp9Q==,h10aCkawKd870gfXoMke4fMboZKo5uCNvf2cme93YMgI/zNjAH+ribEuxCKn/lQ=,IKnmojUbb2QeCK2RxKMBWlGvr/88kP34WFcgXm0blcE=,axpyK3pZ+8NU7FcoyQ3HRDUwd6CNsgtW7D73JUAHEA==,PCWiC9EDKCO0ZBKOGJJk+pTzLDB2Dxlop+cucWPj,GrAPVAU8NK0A5F6koYLiYaHovRwfp+9435zkoxVt/gI=,Ali0ZHR82yvLEnnoWIPy5m8DgzuzhbVGeZXxt3Rm0yg=,64wgqoWOgsPce1tqjwxHLE4GuuGlZfjsXgpcMDan
TUyIfGBbcTwI9EctHz/IxXUMG8YJ2K7PC15Hiwk2eQD5Ow==,QGeO2mL7tbZ7eItJnXKRw7+GIc43bvvqkvEZ8006hK69cT8C0Q==,O93VXu6bwpRpkHLx6k9zhhRXBd31RnX6R8aCUXba3x8lwXOvPRI/fFiPZAByxhs=,4oE70xk7YRm8BaoDzEOZkzwGe0JJrg7CgtXnr9kXOBg=,rhT4F/Exo9ZcfGRwveh/iNKOBzSnTx+hYmHN0gV08Q==,XUXIAONso+x2Y7Pr+VrjRmMqqJFncd06Ztv4nLug,Dr1M/biQBVJOfSeQQQ/wemUfLLyO98AvvijqAvo1DZc=,P/nwb/zRnBfeYvyBAtqWRbJWf33k5CJXXhpOPyHRiKo=,drrW+HSUA1bOf7FasKf87fk9mL2f7Z/N8EFBgapu
mgTuryS4WLUE5UhO+JJOakoWLFiw+WLhz1OBBg5sc3dkfw==,WKLF/9f5H+hgto9fJqkG91vG+2E+94ZQoFf6M4eUrgdJXiFY4Q==,4+b/xSgsEK5vJmkptz7Y9NL1K0YfOmXTS3Omrf4WwJhrPZqwlqiijYkcSbCkPpw=,Ek+t+Z4R30w9lj7WWePHr5ZEvImL5MEWiGZAiXU/ysk=,4LKDz4CGxNg+4+snWcuMxnXLxtMHyKm3GqaiR/QdCQ==,+UEL4F8MDOMK8dXF0v1hRX/CwkzwqYsvugWxaB36,B65IqFDRaBLPxyyAglteCi9gSzCd9gwtQ+JrEIXiupc=,TQeBi0aDaZSlrVg4B64cYawSSCFYl6Y02GcdSTwb1KY=,kmoFQ79CArkrDOAw5BIcaIs6+0cVL8YfBADRQyt/
sjXcLcqQy5yJt/Tqsy2//Q7KTYv2Y6zqeOAtrO9SQAFUrg==,ti0yb5xsPU8CzMLN3rRlmGl4Hn8NLJiKKhUJQzfQW3jL5jQgFg==,PTYKE6moOE/3bxi2xTqFY0ubKUbLaeel8si1uqpVBVVNmlHKy08FoUy1S9RRG4k=,q62KwSonl/09qVNrkQOaMWo43amFhecALHVP0x9XRyo=,yWPYkAy7Reke5tCInsuG299qDPx80X0XwLr9nn/ieQ==,kPxwpIeE0OBOLMYJaCWRnqnNxG88nNjAGBM4lUp3,W+Ss4EFSa48Yy0WKqbWyarMr7xa/AKZP/0R1ng9S+0U=,B7n0KQZlRnrVX50uN1SHGmLQWXGzK4gkJ2akoiOSUd4=,eSjtQMpJy6R0GWXOAOXguhx9ha0Czy5r/gZ94lLe
lkkQ1/ZNeRitpBCzIHI5nifcNrzIPKxjyXpAbZIo9OFpqQ==,W1OUqB5SQejxIMjh0wPMWxY0yKnrYKmYDR7t1FUdZiMk2xv6Pg==,duD4Q7TvpaUdF3hCY8g3NUnGnyER6iq5RnZRjXoTm5lA5yaqQKZXjO9GU7ctfiw=,lAfbHfAMCBpthJ7LXh4dcQtFSilQtNpKxgb++Pq7eyE=,RaddKZrDxC2Yn64qCp7ZVbyz0bekIqAatvJrBSsNrQ==,OwRgszKXz8b64hmz9UoqB8xsRA1WjnOgCSoRgZ9z,Nc2J0B51qS1LlgWXF6O2OshbSl6735Apj6q5IPQYUl77,xv6jHJkaShSRaj0VIi9i9dYQMFBuS4m/Le2pRH8cbb4=,l2l6kG8QiNf9LWPT367K5SuZtZ3EbAt/Su8m0vii
xO5pEZi97tUIKd+A4HkRFfMtbgo6dkDEHyOgTw7088g4lg==,Ovp16hXtJLtGOrAH0zfFmDh9jHrRQQWr3FkwXBEd52XooF/PtA==,2hTRbqvr5gN2oiD3P5mPfuF1RfYJAKAORz1h0aWKZ9EX+QcQHmXDEYRl80Q0hKU=,q7CMzqjvTsNwhBlStGFzEJYW4zYwBYYal3udFJPvE2s=,vv1vk1Wj0gNvWR9C2myXfb/cKwM5zisyDXJldeyxMg==,/soeQU1jDRprcoPoehfHqV0BNVHkneZL7K7B2OsP,qEjf8dMoNzvc4HKw7KFvVJri3CZkcQMpIV1a7DJkdaU=,dYE0lZlIDvRwmQhsP7pOumDURsamg5lmYF0G7m4e6Ps=,9r84fYyymsF/iDleoBbm9E1dG1RpXuI9Q4QRPLAW
XnSiCz/Ux/OQB8/0U6gc+paFMbO0TETR6Fde+AkDnhh40w==,c4IxcKUAI/iILDrhE6Z0kHOCdu5GwvpKnfVKSieAaC5MmcoEJA==,W6H7UVR7VW+Vy69Zl0LCWma7KsFp16xXTMMKVOGfUnID7D4RxJnAgHiYSfp5/8M=,qZPheCxrgNnLDY1vBAANckN5L7PkVOJI7/8qIZtvIjk=,2Mne1LnbiBoxjJdBw68nwtr3ht33aurs0esLBKwm1A==,mj6jKutpvDjUjFKq611wvhB6XStxC/LfSa0gwAjw,p2l6HMDQcU37nSRW0h1q2+tfQI9C2Pgz+HPqH4g7MjI=,cnFQGjZsb826iDizKBqey9JGYbafZuj3RFqx70mUToQ=,srAbqvW/ksJEyDpvVEe+KkT/pfRFL2aoYIXvXVSr
nwurOy2daep+a/gS77eIvomDg+rzJgs2SXcesHu87i4jlQ==,17X9/hT/LW6eyXYfUlrlercHPTW/OrSwt2gsv+AMnf0BC+k+CA==,rA7neGkgk6CZV0ZCHk56x4ywpo6uiR3g83n6KI6mMsKMOSXWzzXtfmR9zA7uP+g=,uPfTBdgOsBCdwyPsFBzwtHZImOswEFiB79ZBNZbKnKY=,sWYt/qSRYeCea9FjB+luWEQ4N468S8o+zx6uTJcApw==,YoHVRxqTsIcc2Qy7RE3hirReQAKzSQ5qz8++6Q7v,9vbEj7FKs81qyp3iseRMziKMhiuX6JXTEfCkXG0r7lI=,ezWoOOSf3DpZOjO1E7Iv94Qf9qe4348gWZTMSJ4mOP4=,jeItIPEbSx3pUwu19/qf5v0J/hWlKiUVu++qYgBE
b3nmF+x1HqzGy0tT0QVSDIvpJEQBUXB8tqUuyL5t6SR25g==,ZwdIFEdHBrc3ldsdsh1JViqmEtyy2BCy0ZLSjiLw9Fdv9tLmvQ==,5HgTe9F0ovZFOuHXJQT0iiUEgob31aHPlOBktyIn40AUpom1twffrVIWWSScbSo=,dmWsmWeXJxHrlvZdQJ1+/cskDdwK9+id5a8S9hIyUSk=,UX7MBF5TaFSVjH0KUuRwasFrG7AGBsmfFIpAUg4jJg==,4D4m+BlC87/Sq+bKZWdep9eiflyaRx7zq/mg6HQq,PQdEa/fR1diMR01GF1lMFGKamf7eZoFoiITtDiSFMn0=,g+rTvwy5wHBcvq7qYZnmNALsMwCnsh6WniH6ii5W6UY=,QtUqHv7eKoGSnVfX9JU7Lx4s1iroxuNQ1aZ4fET7
nTn6mOhrmAlQbrUmIt9odG5rayBxnGjqGdfxjx5KMwBWkg==,W1wlHH/p38YYAzaUfyGGgoe0CWBw8qjGrC6u+RemWT18UlcDcQ==,EbguxmZIhdq3vZ4qy7TKNYtRSVlXLI5UfKuZvlTy1bRjWPJGUc4I06E3tqRApk0=,9E6QOqM5jj+MjJIbr6r6+av7Wkaf6xYT5CcK1jhZ+FM=,TDGReMU0M7N/+3Mq7wgfbNoEgXHVqdYJM/PTfjJTQQ==,iD9wA7CoaoYgXC9GwjEaGi8QXuJogvm/+OlQmSZ5,OEkeINr28wOZ580nRzeQJPXEGF/Sn5DVK55Q7hFs1l0=,YT5gAoGXuA/OoIcVyO5HwrQkFwjj0lYutImkLqBNQuw=,jyjqxP/eKVBRPVOJOk+7bLX6ynS3eU+QOghfOvEy
EqHXFwPx0jBTPYywlJKHIQI7v/0bCo04ag4sPh8ZCWMyPg==,NxYKi6an120+0DkIOlAYsYy8+HR61Y6yMRpHp45J97uY/QZe0Q==,12T+qQ8pAC7vTLrqvty64+V5Y+wPI3xla8CBo3SrFxwHuQVNj0Gbx4XMibrWlwc=,trN4p1c4ylJQIecVJsi+JrI/NhlaRdK9fqzMQIuA5GQ=,dCspvbKwGs13avZG0L3H1pTgbNqI088DkCNuXZCFiQ==,ouxtCBsEIk0IBpBU1Oz/2HywdtCxdWnjKCQLaFkV,v41r0DI3iaHsFFTM6hpzn0kcZ7IgXsDds6DhbonRjfc=,kVXJ8sFScef0m7DKljnPWpMjpV9AaGvkul7Y4MdsbDE=,B9R8YAIhnLxFO9Vvd+NNNKMHgQ4BuI1bcxyY02CY
yR+TnEsF6PH+SLqRJwRgH2ruwJwI6A7auAZ1URXYj46msA==,EYvjrFcp5AuzbYUgQNYCSi/c0Gg5lyPPHIXK+YducESdUztlIQ==,eo8SDoh6bIsK+Fo1F3dpX9dJeWbpIuvCLzL1a4a6jfMgKPm/vQnaE+tK0O/Xxl8=,Dmbj8ON61qLzW8yWaTUtfw7OzP4dB15ujFveSJfTong=,i8nHmJbZImwGqK9una1XUEAxyefpB8YhglzTbKn97A==,9ajUkSJBGrkXcrQy8z+dBXmPSnf/PoShhrAhtC6J,xHbQss94w6cqIFjHq1muxyeZTBLjlRNb6CXOpVudAS8=,nt4Oy69oWaPaUmFaGI/VQefmWpTKZjT+/rHZKEECBa4=,F/NtA86GwvIqMOkiXqgRK0LzaicgSCwBn6vMff40
fRg5+1iD9ecqkZl+3MXUKt340YfeVacEDISgPzA+pMiuAw==,k9YEsYNdxYS+L1PBw9r22i55KKSgTF2qKX0ookFT/lBtjGh21Q==,3DgVe/rh/jhrz/w4WZ1/JLMVui1SMymSUfVgDRF/6x6+LkMoLj/zBHcYcVPjQX4=,w/p1ruMHoZIR8B5bzZpAQRRSoGr4xaYEQZxkhU8kzHU=,gr5cEfoo3SxT5rQXgufLgRRIX9OQJ89+iAHwsACaTg==,WMOIYURCtN4W/iWdP2BkSaeEvnPg79awoGUdfCMP,W7+KfT4vL7olpSKKcZpMAAsh84PjN8JN/htTvjVFRq4=,7NudPmVA3qmQT6mvGkiL4qz3iuy1x/aoWEdTguxYi1E=,Mh/1FDUxCYWtpJshKMUCpWY7x6/72n9q/1vtHs4k
gNL5T/NUsxFiyNrqSyEMhC1TSuASSKrpJ+hKLrd2B3mkbw==,GQWbSbsSWsde2mKmKPiLlKijstYt34gTM7iiHUGJfDvo4jZgUw==,sv9KtW/i416jI+3fS3x1GQV8ZkDqTxSMvgtOQAJbw7x8R9kK8e3OYyJndUYl2U0=,N+pnF74wakjpqBrEgxvSPu++Ttu+lcRpGsuSGTzXv+4=,r4mUgrryNfRx2E6WdKqQBWdvSq8Q7BxigeIhQGyn/Q==,52W9SsAW+wCumYhgr3KuP+jvgVpuueLWwJ6NV0m1,dFetbo8d0hsg7UD1feq6dZAKM1whtCnK7cVCAHp7GdA=,zNx/IHCHYnhVntVYRNirEJ8x2HYBIzuImGfjQJPpcFw=,PHKgPxhAGChbMRj+coL2gbQ8dUh4x7/FJyCYKPKD
yGVjQiDAlQGyGeyDuJ+mi8HaLZIvGSoYgB5+UiecQwWj8g==,ed0x3aBwH6WZ31MXzTSAjWVMUcUFkSB1Lyu4V9Y91I/TSFu/0w==,q4b4MIQu8dCFnvMh0BcNRo2d9wuxvuPGW22gCiqtXfXRUea6mj/tBXDh9HPAhVk=,7X7WOZu0kqKrY2cuOQIRkBm7o7XPE5Z7VeAYLWDyQDM=,FuafxU78fQxDIxXXUbU6GB9kNcy12W6Xw7iGkWTsXQ==,qRpy1cDtRcnXZdEt1pozNYQLWicQ5k0bjtukNmB/,B2I6AAUk7TEi+sizlHp4yZovRcwnD0ED+LLSHhRaSys=,qu2Fr7RgYJbSWSOEZih5MoQ+JTri8ux99JXxGSujE4Q=,4rRXAWlOJbl1aRLM07Dc7+LHpwRXLpWwLHp4AdWH
ut/aLgACE6AOZEITGjjtVtF32kpCKDS3TLL5/cLpZdBYgg==,EyOrhhO1X+yYwmPr4kSfJxQemcM3NI3sPzThRQh02TSF5jKJsw==,MrdYqy5r9oi29jjMIU7CqlWV+zK2BvUckieGzeNOmNwseCe+hbylO+xQu7nriF8=,0CTrW6DCqrOqmOsiHVI5RlQXExc04clzKPCSwy4TDak=,ezuYQRmt4hqhLY8uXEv2STAm5+4ILmCaD36cCYKsRg==,4OuoisLSasP2twSLayIcPicERRbksXqvfMQ0VECk,c3i6l4CnN5BxU85JzFbK8LrnLDaKVAkv4/7RpCho/o0=,fD3udo970RjgktqJQjavo+hH2WK5FD8tQ7CO64TTQZM=,MSI+U7qGnbM+KObd84X3EKeuDDZt8+HYC+UXGAPZ
ZnIq+KaBq7nU+Z5D3WmuKCVd5VPxd0c7Y7d/iwVQDxofsw==,yOdAqAKa1jKkJSantmXbdnJZbhJrqm97IYRQpHD2Tmg6FpVafg==,txXuV8Xj00+MVRssXyrbdnG4tRtnLS36XDwNYOVc2aCHh4i4mldad7yPE002kFI=,jUYx8PONe89+IbWeWxpl4Qp17XFUKYCkIV3TByiNCO0=,C6dWoYn4K73A4gZKST/SHWMDqQEwRhUdM0kKgLuldg==,fbmUE04WOT1UZfja2STiGcacezNGlawN0jsbOJv6,5/fEb1jJclH5XW6A2JP3xlisPqF0Xkd/SuiUUxCztqU=,AzCCxH6CdU7/VFQTKx9TwW57V3yENYEpHT23XEZDOZU=,rBICfj2bWdOPjOxZNY+/eqv+8vQU9CHHh3j5g653
W7aB7vwFqCTOiusfBHU+R+rBslEyujK/0ouBQZIXqiGuQg==,rTlevi6zA1iL6kW8L97rcKtqvJPcQd+sCb6zPDaBxHclk+84hg==,Ells/pie0QEBbTUy5BWXDj/hCZ6Pa3H/88mg5hCOXzgS2s9kjhu4mjBJ+CsTyS8=,F7xdwzB6BOMUkE67fy/yHLNSwwPjvx1xDODXkYfnGKw=,gSxzJUQSa6GuUT7DKeLhYZLmICQfpSgub/Z4hLm8eQ==,9/QmrHCvmMRwcs3oOEkpuYFV1blg9RYM7H/M1WAc,vYN3TPUDNSDv1HXuYNCqdALCIAUewHqvVKIQLpdHNV4=,EWonRntZaFz5lBkU4iKi48juWBucPrwlWqmZoBzonP4=,V3UpqTXPRRsODvQA/6lbXHHD+QIdQhdmf/xaBquo
KbsYbAw7YZWfHSdOn/vQhUVyppj5zmrk8d8SPvN+HSNAMA==,gMFxwu4VTUI0/bTt4vRrRbqvmWI51gZzqcIB5BPjLh/JeDE3rQ==,djrUbN6R2ROfewI6G3Db/8tH+knqKUVO6/pIpyukh067+ouSHOCc3q52ykdV+ks=,wgPEo9S85cXjiVmPhEWvr5N/29pW0kS8W+KKJNp+uys=,rk2cDYG/p7GOuaw+GuSuycr4yMqArRWaBASMlAnU0Q==,+xDbUJLR4186cFLm57wF+t5KecA+yFPKGfanzcRh,Tw7s2gVLA+IOSM2hIUgtgwGTRFGA78dC2XnHqUWFRYU=,lasTZE4ti4ogMldzP7ZmwQ6qoRYN4xdLgkPtRJH+I0w=,tot3NKaRiLZmfMko6lEpj3/ga6XgZAGkVtNkH7/k
CP6MwgZwi8UBg8JvZp2yn3YzWkvV0+/2e6gs0V3MLRdiKg==,MzNOAtkXPbZ5iWD5/CX5Y897niOtfD+4ctOucjHN2vOPOZK8bQ==,gLQ2a+fRy7WHOtxb0srbj1zoM/AZ/md359zhy3vPalr5Lkk5P94CAwL9s7jsTAA=,GGHeECDN2ELcSaMt/oPNPjsd7ZKuUHTA6fbDcNq+FWc=,bFmuQ+sXsQE5pFLEXz4McmJqPio7qpiuYk/0msSUEQ==,ubX/b5tVy3O0DxQE2YsINQi6HMYvbYIAZbGwwHVO,gZQze6nFxFXDy1mJB9Aw0KBaIAxZNHQAvzX568PDiEQ=,kL5LLp2/WLuZqVymSnGGQTnyn3w+hQebCPzvyN73eRo=,FtChQy9yP9Q5p1nqb0xsr3IKnfwLIZ80JgI6bHzm
mTxkQJtL6JIZZNztK8G22QYTAoHCLCfaNfmcUo2YvpHQUQ==,mfCT6krQWptc7zDLwpMeDwi1twAmlS66d+BYqh9Pyk8EEBb00w==,nSF6EKSQgCdxnSC/42+YGvgz0c4cUi4+gZvfPlw1G2UWW/Lz2s8Hg3eAUWZbSo8=,HZDoTpoQGs0R1PhN38p2698jxDYsAi1soY5W9pPBGmY=,27b9ELkzpMXNsIC6OEWaZNy91iPgId+xRtMvoNJyEg==,h2MoJtrgk4BgRYRoLOZqgJuAzcgEOcOnk6Tb/hnk,SMlR7QuzjRY1rx41Z6LauJpvPeDesjkku7ON0nL23qU=,Uox4KxgL6tCxodHNHCzt4LkSRI6RKZebPt/og+9OYQI=,lbxFcFQ+rnpoqLqO9eC20WijaYzYqsLG3/ilVyQc
Py3KcNohBNTux1r4A31hlhWxLn099phh5o23VvFbDVz/bA==,JAOqOmfDmi7w7P0ySbH2jY5AxRim3W5A2er+71eVi7PIQck2Bw==,nsUUxBV6J6SUqs8fKDot0TbrTeo/pCdWNKFOdWpjfZBpq4B0MtwZ9xmZ/87sd18=,ABlTM3XJ6zXB8+iIcTEe7VrN4ykRYODcY3PC60/DsZQ=,O2BSBoVZ9cteoRrM/kTLA//ut53uQces8frgJ1NFNw==,R3kA9UaOfoA6hR/szQgZCbuH4BvxsC0J85FIdW88,OwWZiWSpaW35qA2kTRYbMBKWRnU/A8razenHn6eGYuU=,SeIoOiafZK3wPZP6tjt1zD0gojEG8+WBoQ8URXcDrVE=,wr4UHmgDIUbq15rc0NNVsLa2jw3BLZjwhJP4k22Z
TaPgvSSpWKtmooUpdHcXi4fjSnh3ggq/zCdF2yiAqfKkSQ==,suOL+yItmBsrJXUhfOS71b8uofMCWP8KjTzckaA3qVz6H2QskQ==,Vw7hR5gmN12Nv//KqTOzPBwJvaXuAU0sLk51W14q1F9FXhp553SvHMebddVP0wk=,9/bgvkGlxBl+52/5ldDqOohsvkHPhKDOFzjcvBUsLgw=,bPhQp7EGss57cEn1jLTEACgfQ8CXNMuoRyKlAdenpA==,y+lZoxfhEwqrrXV1ZukRkuz6UnI2m/xm6bDvu1t8,ZODJ7jTitb4+iNIU6Ud2DF1GouSQNnpIX+jJamK+mhM=,UcZkC8yQVi73S3EWjWtZbP/GeTjCijNpkTpJblkfoWs=,BL4ffYWS81GTViH7zkvmI4dCVN9pgTWz2YKVthrP
ojoP+5poSLPwfOmVTb+tzXAkjNMeX7qiDAHx4ae37wXgLA==,4pxXwz2P/GX9UYNa/EGy6r5/V4ODGbNmG8CHrmPGWd5LrnTiFg==,6uodem+XWFBjhpiOtCIm6oRIYYGS+V4kCWiOc0doXoH4PcO09vWYRZPBt3a4qKg=,psskdQX/oEg/L++qlawjzfc+cOOgu/PUcrOC47cQUIo=,wnEMVJxYXR+4pXVdAYffz504WwIlJ1Jn3FI6xrTymw==,OcOM7R4SbuolMx/PSef5cwzIvcbqEG6XQ67ORJlZ,Wig+o5AS8c8y41YiNSN21kDZjbZNTAAN0bk9xULTfqc=,3xaEAhvHj0DNNo65FTSkQ6qzMjKW54/JCXIICezlzWo=,mdG2IOJmJg5U+F8N5/kTqcr9CmfdIALl+3vKQASF
zvla2D343J+uYXzXTHPl1viFDizJi8/KOxU0SQIgBagR+Q==,u3NMY8yRlFYsbLO9jFnoSyG/8SKUgo8gz1wAoCAnWJm/r+vwAw==,yo7UGmb1iX5a+IJuHz+OrJYjxc1JkXXrFXZnAAy5XKsPsqkBcjjowh1LqH/AiyU=,q7RJ+CPquSH2TovdQyYULF4JE+vwiKWFw568KOqkfLg=,ww0GoC/m27BtutMMFj6q0oQdwW4HsFQ30oRlMFjzFQ==,rAP5aoZ8Aow2+FXU0fba5x+jG+9S9DYJGwtbXVVE,M8Hiuy9cIx4WcgN8LKaRQpDgHU+RANjTCAwCbnfdE30=,ZwLeqok3Il9geh2k2itD3asFUR9/pDNZgPZ1H42Iqu8=,w1DRgC9yIzCH3g7c6bqMsJmDQPLnjyjsslQo7u7j
tS2o6n/sHMfG7PmzARC/w9IMhHxm8P9JmcM0ybBc5IVIDg==,pUnN//+oRJCEKxzF2yrooiQOe3MZPmLrVJTdOq/STw0rgWH81Q==,pZ/npdxag/lXjEhuo4GI0vXstCAv0LGofXb16W9ir/yKnSU4+eWDRdKmm8EsfKY=,KFIqumDvIZfNtnRd9hiMDYRwAf8g7jEKWulOPpwXY68=,XhsTtewDkeERgYpDluxqIsdUHHHDf9jtuXPOZ1E1mg==,QFIdDFUaCwJ4GMlA4OtTdmZDYOi7FvPyPvvH8cpl,VDdHbHyicX6kF2NWC1sWASwzh2PGhMqVmYL/VHGehG0=,SXZKPMf50YPmtXtTilknLa+q72Tnco52epJduJG3fV4=,JJ/drrUr9PoJXf4WSGuYgdot3KawdcgePC5h5Eog
7WBpZyirEa6O0BJnH9nXure23ROk7gKWGrtoCBKQsAHuTg==,rIBciRpkYcW6u2qQZSjDQoZoGK5qcBNW7kbuH+sLmJKmLCr2ZA==,TqXFu3J+9K8jN2bfxgC6wa0L1IXo/TtgNIADhd6hol5JMwNq1Suq4av/OD4iZAU=,4dDa46qvYAMt9gbnVOI/A4cQfc428+Nld5T3CZI3pYA=,Z+3A6X8hw9QvDv6jP4mxXpnh3OtH4kVV6oIHxHeNzg==,QtfjRl1iVcNfQ4fkmvH2+njAD6JKBUJcd91d9N9K,S6GZ/EccWKpTdpRNVzyDyzm/sFeh3xGT0TAsP/bkhmc=,Vt8EmrpbcjNKq9/3z02UpjIIE+e1SY6my/+z91y9RHo=,J4BDIajt6kjmufNTaDsbkLMIHI1ar5jFXPMTpyUP
UfHvNXD376l+KEkTowIDJq9rsOmO1BOPZyudNecxl5aFaQ==,j9TwQ1gPJDupMdZxqsJiPNoausbkeu6jhFhDKf7+5Sx/0pBmCQ==,OsKRaz4YHIf9DWHSLHncruP4rNrbb27rMhwRILIO+lwP6o9VDnA9IY/G9P9z+I0=,rrZfx0h578mgR0G1O+A/IXLPZcz59fhde9SqOGMTR7A=,7sJ+CoiycFBINsUL3/kdZB0zOloLXkIpkQBD2aEsWg==,IT2lE7CycjKDGD+OxFZfd+DNBDIacsbJdXoS7d5M,7rR1MxV6m0sLxvuh+8IbLovj4vYdtQiERT5rgUO+sBA=,yjsB207EAN3oTeQ5DjyARQYOD3oK1/l5N8yXC+DIHO8=,1QVej5OHoeR12JY4bwQmBKwcQfgyfSUATTs5XvK8
9QDlXfsA8MfJ87gCNHaU/CfNqbsVuCta2sHIVQy+f2OKKA==,ItdnNi0UR0KbE1pMwzQyoUYMJTLOUM2tDdC5hbzUbbyUaDE4bA==,Jdby05ixpzes3lIc76JIGotEwjKJvE2FwZD4BIXcofjVwf19lPG3eQqZqH1zwos=,1ClQhaX9yaJYBwR19sIWTJetSJFLem4xbfyFIp9AdxY=,tbeqixUXhNH6g0sE/xymkNFim75Tp9nuSabzWiI9Qg==,wygXFqZBtbo75Ganp4tRISuOLE5K+DfFw80fSTxk,qVLGvKom4vvIu0irgE3ye2hjO3E1rcrlCOBEYWHJouo=,xJER4VjbUQmSH9u4Kaks28bGKRao3fsxnc4zEw5pyeM=,f4+QRAKwdVDBodPE5qLgqp+cO00kmpan5+OOO4di
pzh6l6m6qondZ8r+b0lk6szp9tctm2rc77BtXCav4jUjTw==,LdBrWWuQ70EsLUaCRN+y9PX2vBBTWAlJN/45/lyDwCYMrdhrEg==,bk8mHT1eu2hpuFv9PJVnwdUYTdTDOhZGSOiT3iW9pdUsNkINNMW+Ynx43l+hqHI=,zNW8sn1ZlSDhDzKAvPJ4EnnA+SzNG5WPDqkt0sf/Pik=,acqDQ9Zikbf/IXB1jQEOnpXdnia8dVrHH6y1Di7d/A==,uwrBZiU5BerNzwBh9TDes+gJ3AlEbvwV0YizFRHe,DazmMnAqLIMtmvUyF0dsIFM6c8UeqhP41rNZw1awO64=,OyACe3RAU2hMEE2X9YweyFu8UC4YZrRwZYlEy5T2Tz4=,xT86BfGPNPeXSA71iRTE2bCjVpDaczfrBQ/Ca+9w
qWx6VAd3ycDiw1WwBXk2CJ/u5tsTeOtn9XrUiLdJ5GbYew==,Hc2gs2ucSq2/+bUM9TtF6MX9iQHcqYDMFvpT+4axabOlD8hWGg==,tCqR3pM06PFsVkeXOZ29qH4z04GjF9dw7W9O21OMA+7A+q7F2QuivhrB4B0Bhb4=,v8CMIY6lH4H0AYECgNNIl0vgzHn1bPjCbmye1paMyog=,INTB8RS/qGUbCpjv7xbZarNimSY3I7/00zLWEFWb6A==,LNhA9unzMQ46VVHl0hCk2fS9+m/jxItowm46mF1M,4RUoXSMzXwCEIA8emjUOyv4YUCHjafs5a8czZ4EENqw=,HxFr3eJsbir9JnILlr8g5FOqNmr7DOiJmW/gZeljoh0=,zbRoDYR2ufcVH50+ZOyMesVlQuicUaffPNauFWPX
3rNsXGfzcW9bfnwbFcNmRNqXeeBoy5ONTOcvTmABnGo27w==,ej0t4T68HbvupMqjNLnVlZWtKiOy536Uf18tQfamAtHc5HzG1Q==,lcnpSssKIU6KPpoRD183nu2eRWSzF4+W4rScC6C6llZcokG3Hvgvbk960R7HZPU=,oeQPvyaRDwdOtuLClRyG9QluocZ9RfaH4XyGtmGmJp4=,H8moxbA5qoO8xbmhIfipsSJqLF6e+5Fj/opIy0euvQ==,QPKcXw45ck6Ozq9fG1qgU/Rsh+CiddTQp4/52Aki,5Fry1aBxxkYWYo6UkIzI1SWjgLaKoGIUJtNLD9lMPjs=,LVQ+sJFP0aPuqA8+BXmqfFytwPKuVPXJ6APCRbpUECQ=,VQc39MckHYz6AhpnnihLZHEybxH0uGiPlVh0vLyC
cPV5BjfPhZbEIzWi+piYcu5GmOv8Ia8wCo4QZgRUXn+OWw==,2X6rHU9tglDVobF4Np2Ubq0XLQUM1AlCqt9gunbnGQAfYnFuWA==,EWLoOmaystyC6c7jyQWCxlJiGyx70UngQ+TYkHCf02+ys+r4ggucaznN4tKspYk=,wQ56RwfMSC6THVV03EdIAXnur8oFVpk7w8EIpiibWGY=,rN3jP7S5o5e9L037vo9OChimQrgqbjRrmM4AYq8EcA==,tXYbI+tkC4uABv0IfhjfWdX6xAWCh44chFqxLRAu,mxpPaKY8sHYGXa8ebRE+6R6+KSLg/GxAfRBtwnGGulo=,WA7awTDRLVNhGSswJ75h3axyWUwKkXJSvxcTAfS8wnk=,xEBoCOEE47rjWtXmc+tDdHemIZEOxZ3ARQqzluhr
JuvI+TwFoMtLDEuP4Ig3w1GD+mf7vnjO5yP/f9H7rJFdfw==,E4uv7zOvSglmEm1m0p/2TWkAMjzINB3xOLXQfP6F325mVvt9Rg==,wTkt/vgdtfPjM9OJXNXNYxApNZRkyqcN57hpE2ZYlakxnNHwHa53ggg2vHZc32o=,IJ5tV8XG5hjRfzJw5OC5LEcOSmcWDK918VhHlkkPz3w=,EHsknO4gGbD2BHqOcML4nsS+xXJYOB3tID7OzEYfpw==,xN4/C7MeSgRkEsqvPXxZIcpH7iVlcKEK8k496CYp,lVOnYMQyLvMIqHJIG7NQkHA0Q9jsXXcTGaDtzXxY5uo=,pEGEI+JSsGN14KvrgXSA/aWtnKpd6d85hqxXHKIcMBw=,z9wd3ygE40uzOqlaYdQzilkyrWtx5QB675uOxVUJ
BvomsIK51AyCVgn9CAIrYJmOSb4/S70BkSTVo9jH2NEJQw==,mf829n7rs+EbN3L56PKL+47FlkSuC/aien3EajjoJpIIUpdvcA==,bO1XWWoUkSzlmIAqI7cPQ6BeocA4ZFR6YHS1Pa2uDlSSD/iTON+8lUQKMYm7bms=,i2bU6lz3zaY9eMijseJs5i7CrR9wPnZLVMES4jbM+po=,Rda+MxrDzjWUa0/4RoZ5yK+VhI8TWoYC3qQaOdQpLQ==,WdTtJMQIkMDBtKabg2/IDdKS9TDXf8wFrPZrMyNe,87EEhgy/fpaMd7zYYzbCFoORlprquBNj63QAp04UdgU=,oB/MiWk12Z2C+rDU9WUfWjg8ePZf7duOxrrOZ3DK/W4=,vFxVgwZ7csEAWMstR8ybTmktYTAEomx5uPZKNo/r
8Ky4KdH8cNoC8Yc12+2x759fzwro7C0vEeuC3sIKVwqA3w==,ZuTxYvFNYEenfGiN3eJd4YKAYrEnXWtnu1CdsbHybjgonZCzmg==,PFBY3elIbFjlWVPnPM428QEf+ciAir+RFMV75dBvBYadmpVdHwDPiP1jVqclR/g=,/CSk1Xo23WrTFhcbHlUKX+sb3VILRNlE+C9et/RPWtk=,oCZHIvewjSP2dIHMzGI65ApOqpp1h1jtFY0XtX4VvA==,zC1aqYecbAQgjjX7woxW9wUKM10Op/uQ/hYDhlFL,K9CtW2yUdQyMjKkK73PW+7DnVEC75i7Iyqr23nlwqoM=,Ji6TB9FSWM0fZR/H7XkCWD2T790GNG2+w6dHpTlDY4Q=,DrbMwFhxLxhxjzey4MCEXfjnMIi8829ia427M83z
t75T1xB4hvguG9lO4Ukb5f1dMAJOYltM1rXX5ok49TK1bA==,rJTPCeikjShFjyuO0YaSdJ4gU/8QpgiGKpQbsq2btZ3DfHV0yg==,LlWSe4WdiMYBCAtnErzhiqKg2pPXqDz6rXm8M27NVy+tfUMBnoI67wVg3krUte4=,en4eemYN1NQVde8JnE5Pal0vGhjrIiaDniqZ5/gTeik=,bMBzXY7buOZulnUSQaqC8lqs9DbLXxnCQkI0cRVkyA==,CxsGueQ3mxhsLbhvk9NhNj2XwydhoRjKzIZybRUj,Ius85zBahnNBbnGQIY8tD4klZjC7qhkQZfZg8O6B0Vw=,haY661/pojy2/pNqjBGYyYuIkrH5M0JuGHXwVXwst8w=,qsTKHgJetPeeYP8skhS1SU68NZTzeyh03R1Yv8mu
hKL0p0/JhXXlbm+yuKbGwLbHr7j873mrrFU848jfeuxLEQ==,jXDVdFsNeFeeJRUSvc2R5s5HpROOIwoPaT5cBnYXJng/5Hcguw==,CckIo9Y3pHAHuV0HDUEbXtuJrXIRgqR1WY3adsBRk/ZqVJqVZSvJ2HYrbYfy05M=,ZVlF8qd2qh3gUFoA0vL6y9C7Kre+8XZs0o6kAPq2hu4=,VPFwcveEscLXg8NtCEyozZi3ZXmocVcm1GXQ+Pkdwg==,GKsScfw+EptuSrEYTZ2Hf/TNXdC23Vc4Xt8lX7k3,JGze3iLQcJQGWIPwmiXvYPJ6opBqBaSxjZ5Yi5bpyFE=,zqVWai3TvkVrNkWtneLMdaX/F6AFPQbvwZTCNMAQfqE=,OewEGxldxusdhgvOYE9KArvPWu77tC+rkG72J8Zu
G4mdRQstA8jBHjIQftJDbw3h8hPEBq8CdeZGcDLfzrPYyA==,AymwhaWXglGH5QHd0aoOcoK9BH9C78GQiHH0W/lNHyb4RSCxdQ==,YGffI51eOleV0wVnrBynAVFOjkTyB0HhCNJik6Qoep8B8qjdP63MpWsNaoWTeds=,uGZWqZNhJa6WXeIuMnduU81bD9jxpBAXEyTRznl5bp4=,9CO7HCej8W6KpvaxuKIDKcY4sAW2ccMRvBRxczncsQ==,Zq0hefUqFZjvcSJLTj0Q2DlfKVO34/oD3P/9D8TJ,Ya45Tm8Oafpaz5igK1zVRjDZzAe56clMGJwjwXRJh5w=,VUZrXCv6tuUp6Y8Na947co8yC2M3flRx+ypDWciKx+4=,Ue8j41PHtI+cGqvsbMwEEqZRZ/8SkmsHQ+3BOcq6
D6KCDXaiSe2PkO9dGdnPxIPOkm5iOeiljQh1ItlHfN2OPg==,/ijAiC7CVG7Udw2+gEg6+X59hmKvGQOKrMOnmnDx+At0RTEGvw==,pdR9D+Qhr+Nv2M3cKhVXxQx1SIHrpOIFKPzMOuwpx35OQ+ipsU4F5n4o3S1d7XM=,f3N/rtD9i1HBt+umEXL0gG5DlWDXPVABOw41peaH4ec=,MegMEwEl8J2gJpwQ2Lx6f0BlHurgCEH8oDfl+0AwPw==,9mmAB3Lo0aKJw5eh7B9YchgPiq+OuIzivNR+/aE9,5R+miCQE8azJGhzER6z1m/DnutbTor4Jc0zBzeAjPtM=,Fb62qQg15NhNNz6f9NpUi/BY7P62CpW0LDMgq3PFxBg=,vo/j7WK1zR0VXieMhnyuBaB38RkvWwbfkGyfjpT1
9zix9PveA+F8Cw7d0j+hbzyE4sv27ShyLnanGITXyX3Wmw==,H6kGI+fHM1Kc7pnkTTt8chpyHE+DRRqwbmDEGBwimAAeQDJeeg==,8scBwNx1DC6RwkReZzHPfYiTysZIi0Gj64U2+2GOOE6ZPS9whXtr6gkGrR6/04M=,vsoWTA2AQCyz1U8/11/BC36J0zCTC0lhSarReOqL0TA=,eU6xRJoeEjmg7p4No0PetoKpCr7YaEOtdNLQRoChcw==,3bYvEn6DmFeRY0MK+CSAdKeojWNcXmHRKPeUPyr2,MYgS7OROHV6QNJcrZ8mG3wGZqXEdL8kb0ux35QxO6CI=,nKwxdTAR8AQc0XXt33Mxemeuqqw5PuURSBSLInN/C1Y=,VKeP21Exx/+nhJcEYPxzI+XUM4aG5NBn+rnoUXet
RJqMdAswvjKv6kddR1+YUr8W3YsXybvdfi/YbZUpRPdADw==,VCCJj9imv6zK7Q/J52SrvvKH4M+imB5hpB86ETXpqjpqARxwOg==,R2YnRLUUcnUbsZELLyxoeAlXrb33+fHpwkCeQj28ON/yRYihx8ZRWfY7cjfrYc0=,qkATWmRvSG2JrtM4jgJgYb+hb+VLpzOUaJB+f9wMO2k=,ZGfBsSBQFgm6C9GwaXyKEvXRPNpQKuNpZFhE3iiiPg==,NDC6mWTnT5JoskcVW+nJvw5TdMhNFQpwnmWFFOxm,IXKuBDP5gBxDaNXIEFYmhJE2PDTaluBD+0G5poajJK4=,+yBLYjQ5vYf8zJHIXqxUOM69UnNzXdq35+4JIMTyMHk=,2S9D2gya8pLG5MyZpSN3BoVZBtzTpgItPh4D0S7r
7lG+E/QKlhwf0vmq+XeHlxmvCHewn466izZdwmd3+ePJxg==,R/pfSWGwnE+FWP1aLI0AqCzovk03DmMdtjvjQWbZ5bsvCsjPIA==,nxYuos25zZo84u4udrDzOgKufFWiAXtVpMd8vRSlCFC+OSQ8OdHvUI8imkDidEw=,TRipDKjvxknS75jKfzUdCKncc9z32KKWN/17Fu4AAbQ=,bMNscEyJDesB84gsWKlxICsmnkt5PyLiOajpmjrHxg==,eh4NOswnXvGF66AYm5HNrm0VDZu0aQAlZaqbT3u1,R+MzxQex3DP32iZ00Gk1zOHGFYW0xkwzMeYOASsRZxw=,yI49dvCchv9Kldqr7IY/dxnlQfqQuAwWRoBltJc24+U=,gwbhLFXokYKoyMttVAiPodK/fFL+xLn8A8GjxHQk
w3/s4SqxTDR/1CkDSTpwawfjVB0BZara4LeuawJup2V81w==,cBfJc9R7fkQJYDUt7z4HQShhIppbn3KyKpfP0UKtMxGoNPiqdw==,W0DF3sNBDYNey9mPwhZVlV7ifzWOayDv5c72RUlwIc99obOH0Sm8WaiYt7TbaKA=,fg9r8zLIB0Dv6ADTgO8bWKtuIAuv/rR1mA0kKiEV7oU=,0Zbr0+mHWAdkAeuK52N01NWzSVADNZ4fUobI2yG8tg==,i5PmtI6mgg8wWTZvvfCvVYlLmxl6QCWgpOhzYgW5,vRS9V4tdtFKAWLDqJwoxNms4neOu1MjT0oYrN9pL/UQ=,XfyL9Gc9NPdaZn8qdQ+xch3AY1IsSjyxUMUiAk4Yfh8=,BpcneiaIerObrj/bGsLtADbOINTkAGY3j8A8E8fI
ffpV9q+LPf9vcKao+fqz3zG8bbpOVMo2jtsizb5fg8xKIw==,JGuJOVzUAhKBw/20/m69/Et8tallogc89b7CF2MV6cjoodYbQA==,jtmqao9NgxVztzYeih4PNddHE+UkBE0JrlxNAo6klJVD7eqqp6q45+mM3de8eDQ=,tooe7kIaFKCs7ofKziE0hrKIRvnlsgvBONKmLbGNQlM=,7RvKDkyrNJBhG7ndKC/FfPdWMockWB+D6EoYidLHkA==,lB/PQiOKXv5GYPv3PuEYNmMVrnds79vYIv6m1AFp,JjY9WLByvO3Crh5gFzSsdZESwY1eVMoWvDV+x5/dW4M=,RooPfeXy8a5pNA5xpdDF7OXxY2/iFfxzNPas4wKmOG0=,d0cSECiB/qxlAaO+Wf1KYB4NLXYjmlgnudpqX3q0
/eEr7EA9gyKKYPm+q5v1QNEzkP5Y+E8XR4YveZxddT3gug==,Ryyohedj40YrCZNzS/TSpGgwPuH+mql5hQ7T/cx4dXvew1HMvA==,FL7CHbuJZj6DAE+83vdYZXpLPKHxxEi2X9wS7s6qPFzLIfeqltUoUXSOLr1KeVg=,yAwessQquS2RNFE6PQzFEbrO+Bth9NGZH54UZEoImOc=,7Q0cAdAbhZB0jecHn/oRGhiaTRz9kHMZ+/laXV+OKg==,LsTq4q0w3hjq//hrAimWy4uNI9rJXR7mn7lnOyBa,jShN1sMGkmMuvRF02oDCDO/K6bVV/9BtkdXjxSBnq3E=,bsior0DLA88WiYb1oxQbgQxH/z5QGh3pvTNrh0K6FvQ=,4G2dEQRedFCIAdMhL883+K42yV5BcaSco7HrClyJ
iAxusGyMZS0z7nAsfjeOmplqT1i44PUYLDCv22rZnaRsuA==,ZkoniEBR+vSFb44KIKwZPYON1/DHqRjj+fXLN8NZl8RrK0Lx2A==,udCuOLvE4oLzUis5QZ70Qjt40hC3Fi2x7gzyukhUfN8wxUFa/wQREFdjwkadu0c=,sTbwJkgVgsy1YlOjyvmsCDCsAiBNojM+o30bg8X5Xxw=,q++S626haw1xN5SQDCM7uqCbzH6+OxuGOzNZB7LbuA==,YLF8cY31RReBOe2mOPPdbryBn/504aDqJ6CL4lBJ,WS+e/hS51CIyqbfmG7DlqtYmwHgru+wfiyNcNnJWESU=,zw25caSXvD7tFGhPVQwVq7m4b0ae3R4MZ1qBANux7L8=,pMtyY89JmlCoR7wUdULOqlj13apcAr59SWvkhhL9
8xYwwDL+CVUO8SSqCFpqlVRfK0f59t2mJXxn1gIsAg0Svw==,1P9I2SDTgPzEUmVt1b+rTxMl90jUnR4r+DnhOhqKofB3QVEROQ==,whTIJ3dRMgl1D8vVO8wijTO5B1Vj5NZ5SiPY8FrhzMl41nNGKPeyBWu4fUmSj+o=,ZoQAfU1NW7stwtqRlYx2VGOw0ws1yNNxgXT397qSeoc=,9BviZosOB4wmNdtbwx64WAF45cGv2SB4PtrPe92alQ==,MM3qaU9nwxA3kVkXfeEgQIklo5+dUOuaBSLyV64m,5cvRtV+0A8r5KoL39FMboKtTVMZDPsdqVl8oKvkIaWk=,PG+2bLYFUKeddc5tL9LkrtemZZYJr0o5COBZUsaE2oA=,1Ues1I6HMc4ppTdMsi+FcC1KvT4VRx8QqMz5IbeL
fhF80ne9UOESlFOuoxzlYti60gsu0TtLfqnlUlGvr31h+w==,1f8WJpLwFDYz8d7S2V0ExkhHAO9pGh6pVKgJB/SL03vaNAC3Ew==,Moc54CBG1ysJakksmWFRy5lNwR1xZqGJUwc4dVelzecN/0X1cNN3jGWhcJBg8UU=,ss5aSEUIfkfctKDAPsfYZBbN3/J9G2h0oy042jg3k24=,IDCjcS5AUum/P87U5RDJRchuyvI54Ir7WG8MTxA7EA==,XADrK4uVPqHP4B1fviv11s5Ql2mGXwMQNbGqYhlH,uo2E8Wvkn6uFe53bjoVKY2EVQUlmRKlAm+s0NKkvifk=,lYMkpzphh1HonzOgAfoCnc3lAqFw+B4vrhE4aANPOFU=,DO/T3Gd9rF4qWsLJJqDbsdNTo0YrIc/nQqFYuy1I
d7yHnl6B6gA5nI1ixIsj2Fj6jnMnR5cdiKsiW4L7fF2t7Q==,MMEUYCMy7Bp8FhzEsFyVzKsleJ4lQ3p9ZUe7EboNzVc7rHUDdg==,VfJ6mInXADCCDPwGCFU0EWA/zcfCyS0o6JIJg9D15Rn+nquO0AArAYBFC+ujaBU=,kD6boqB7N4RFAv5gYCbW+YYToiHGG/fkdIuw65g6pTc=,Vq7KUu1tDLeimcBSwYR9z2oLdx21FRzQ3qPApMqL8w==,u8SWv9Glf82auNGb6d9tHZxcJfNaVsMxQz+yq7e6,0oEXMB41wHjXFkxiwy9E82WYrp/Higid+97vyuHfY+Y=,tG/p6qjEoNF0p5Y6OgTf/UHIFyDcJ9plJZ9GkYYkGUE=,Wkx0Av88JomwKOoXZuQ3UI7o7wbjdu79bP+jqIEc
kbxco9liUY7F/2ljT6qpbLkmCDX1GBhTKAhNtwGcciu5mQ==,aTuOtuJwbrTFnk/YoPnsVoOKbdZyDZSg7WAXvUdUp/MJQLjWyQ==,my5HWTFADgzcKDh6T1dLYI/5J9oLjl7TpbuAQW8Zf590ZmgYuQSJF4yLclCUMSI=,eDe3tU5GXCk2kt3K428UhWJI8srRAg62C/oSDQgP8Ao=,AfL5qMm+sDoQl3tQeKFax5ZZ5cM3ppE/iVMYxB0SGw==,7/k4cWzgWVa+N337u9ORuKAwg6YLCcEdD4O8UEnT,AdVQKnX4schGP+TZg4tn6yWY10GD7/cpLoGjkXbqFiU=,Gd2O7cWO9pEHEWXcN3nACg7IOnoW5MZQ+ZxrcmE9GJQ=,Ouf+tgp8ent0kE/FL2/ufCe8aQJn86wDCsRP02JE
6DGmbGPcZU+LxL8NyXhhopKlszIzZ9U2ohGIevm9h1jTpA==,pV00dRg+lml0n8hgBWoj3Y/rVL35GpB5G3Cu+QJ8hHBt1aegiA==,txqJ7fIiYdZZnG7gK3falff4bPijeI+QQxN9GApJdLmgrHnFXW7XKOGrQtXWc1E=,YYaEB7fKsfBf/AmalEAEdYInaHFp1Ornk1Ne/fGp8XY=,HJ71XKtbHP+EE6R3Z+9HGlBCp1XFb3Mz5LaiXo87ag==,eQTqHp1wFleuL1VU7ys5SycQGHL/7TpzXsTH0Qmm,A4TiggQEW3e+mEsTHBVpGS2hTw4YgxvtvV0CYSFGqvQ=,zdOUs/jimCkY9HfvEdEMRrVZCXCXohrS9ijtoXBr/q8=,OJmIB+hhudBl64AaXWXxzzykR2cbOUWKFFmsPk7L
DTTrZBfvctBEm6vR5MkmSzQFjSIfP8I5fy0dJSPsNfNeFw==,xb+7KW0MW4yc35sm+H2Zj7S5aJWglXegHq1uwfX3/obA1E/WUQ==,qr+e5Ai3qUViyPcPsnKeM+Gp2tMkggRabVh7IAgctSOzstkO+BATmUPrLEW6mto=,hw01n2zpBhRZNayOcrFyY2dp3V23Gr5wtNUuHN7UsJ8=,R7u3BAgcvlJANd1uB3sSLTobKxiXOjB4WsbEZlM9UA==,2bqkTTjhcVizdmJdCWGXU7ZYI2aFFmDubD6dP1CM,gyAgyZ+cnR10ThBKXVqLw20VIPnaTug8t1GGvFOzKgE=,hMbmYY8SLpWEYkcPc50cIOiGg7n2pO08YyyC2AIscjI=,muhqp7CmOJCV0uIlw/QMvCrYe8m7uzoaGDRpw1TN
7ECsXZJsLtn2WR1gQLX7pcFpbiVry4wxJUeIBs16TR8Hog==,eCSzbXERs96ObKMuKmpYCkgRo7Adk745MNws7TEqls1lS9NPyw==,ukFrplEZgaJwa79XlB84uqJTjAJUGuQWshZA/Y16OxAn8bLX41oZRBGdgn6T0MI=,1uf0a+CvZmyUuIWIOKKbhLk7WGqyw8TiCTviIHD7IKA=,TRklsqXjZJ8R8E6YtASqqERx+vJQU5+W7KcJCD5MkA==,8IoJdM15X7Ca17NXUCZloEmjTcp1SDo3E0ute8Ee,Fm91MIWo3THfy25mbJlWg7xxJyE1EmurOexNHYQVFaw=,k7qqWFSIamCK6xqTscOyKF1F586c1QQ/PTB3b/1xTks=,LF7eJ60E0npfrZG/UjsYD2fW1spGGdS+yFvYWeOS
1jB7z6nDcNp/0pE+VaMe5vYaFbSX4OWVZtLFGKHzfYpJsw==,YnfZPSCBZA7DMTVinXVmERSnndE2N4Ax34X6LUlwsmyvQxpXlg==,H/d4KTR4LZGejhoofJHJBq9AYisU3PMMhyUdE54HU6Pq2/w5OOU9Lr/PC18e980=,epf0QM/Go0rU0lnm1SsPeZyuIGNzzdCQRZxw0vnH4J0=,MBGi34Q3jY8PUqWlebCqn7Ct0QKRvojGfRtfPCC6Vg==,7vpLBXTXvcmKGmqrapKtttcP6YuyIrHQjP8zj7Tl,VcaOKCp/UfCCzh+e84GzmkEHjnc+ricWjQdfsXHhguI=,OJqBoQXAkQaDBEEH5mJ1Rlw5ZQAHF+N4tqg+eUfEkT4=,omFFCgxSoZjBofhmTNVru/3DqArBjQ86h4UuLsV7
DojIPOpZo1ODHu5V6vHqI79u8mMb5r0wa9uUTFEgZ3TgCQ==,tRhW1kigiEaJTUgE/l+ufTTWDXxmrpWuTVqAv3pB2PEMkBDKjg==,fwjDhykwWtre1PmepsiecKyP4+rFDOkBbRDMsQKu0yMB2YnNamd2Tg5mEUbIkno=,DjLWFx1QqDbv0zZ8gXPWi3FABMg58TvYdXOuCpvlOzc=,N6CbCjcxLB90X1JpEgCoBaUMhadeo8WAjUBOKoeC+g==,vRozGvxkKcCs1z9uueZ2BcMZbEUD3dI8qiXQjvBC,W9Bo5VLgCxuDUNq7cPvVsQSl30AeqZfGpCrB/yRnou4=,9ei0WlOPNMMND1fOqgExAGwP/xdDew9/i9I8zNRay/8=,LVQDug9SPjNervB9dw1ulJjloqg3c4p5ITpFHwun
WWALemLBQ68kChtygC22R5mZWoKFFSxqLOG+WwbHDgXeoA==,3e0lgO/d1xjUY3ay90HYR+ol5mnGQtOqdD8JHViHfUTJRXWzcw==,5FinTixYn3T+Mfln9kEbLgJHHxzKWFaKF5ijew/Pb7sg6XSueMFMKNAaKpV5t6g=,yI+/JTWlyNV7VcErWy+sHZU6TXW/nDE66osP2X0qXkU=,zAb9fY4ZWzfow/CkgLwvavAH2xcdIQp5Tg8tlX0ZsA==,LdK35pM7HUyF6gK+1CSudKyyfsAzNoe+hzSyoiwL,842rEueAyDw3SxubcDBp1c5fxedAGb3NqYjlbuTTE5I=,l5C4a89l8PJ2zf2ImtKmmhGUgmML+hvPCyZ+roYXccI=,UX5sOIKoYQVt//kUUxafydnnzd7cUsTi8VHIUky7
jo5WW7tklkI0ouUmqG9/CnhAzX+o6gl51q5RUFPb050gLA==,NWQSVyUnwsIxzsbB9Qe+9Pof18n0vLn/0PyudOkDhdt4q/yrMw==,lS9yfSHadexhfgFQtbGD6wM11EmY2lUGywUi2ud0+RLJFuNOZpEM9UZGK6+GIA8=,HTeuZbahQnqUv0lZzao1h8nl7advjz8kCIZe1Knap4k=,eWxObHSwd7xnbpgYBm6ZZGTxmfqHE1/dUKYoWaaAYg==,+aXFHngVsatVNwv0WZyCHgMo9BqI4jIwVVgKqN+y,5bSuaWPjEWIiWSYKyqTF3Jvd75VP5GeXSEfNtstz6SE=,aDde9cCpB3xeOShaYQNbuUJKnKByNgbPEoDqG8qtfx4=,n57UEO468dsz8VrTynXa/QcPPjpB8xV2D0qXK231
Ew0Fz9NCgc2Vp3FxMcqjZqW8mvnr1C9TBOdYmI4VNleQ8A==,IDtVcbccWqr42dGG60zyIP+Yia/z3/8E5Ix+9TFw4p7d0bUW8g==,RwFtxrmpxL/33SD9Ez0gTg431o05qSO7H+lnv42ccRY0Qv2VkEvKAZt1buw8lRs=,lgKYiZXr+fHyjkN40GlPRd5XFcs634u3jVtXGZ4hv9g=,1HGQBHa7Q6jTLdUuGFgWYPh60/WIpSS8I0p0HNCs6w==,3nyC9jLxmV8WqvmAf1NwpZkZEwe4QmxwLY/Uk9t7,8Zc3TCBUzOxlWVmgnlBwNn8YWUu4HAkyXx5Bwbk5gMg=,bMbxyxoCKJkA1gOL0D4N8p+Gl9u3tEd7w2fjtVIQT9M=,HD2lUYP8aTWJ2OnQtR+WnIAcl7lLJG27cNsxy72G
sUvCeepD/y/T2Iej5eEvirMFLlAStel37MRlAfrqb19ObQ==,90Bo4XHeITnF+SlciyT1/xnj71PoUf9q7U/kOnxvW8zAk5EDpw==,PjdTodK62GSymBYL4jQYbPItCrfaJmOQWIPbBYBegA42F7/+uJQgCMdXBNodfCM=,rX9F9vnwZVxJvffTuKN5qbXU+vUpIG8m4cPv8hTj8Lw=,LOn9iUV2mhYwOUDsDiz8SqyUcpAdj8BRIqy2/TZi0w==,nhvkhyNLUP0pDecDp444HOehHFppGPHCWAp4ZDdd,bfsKj6r9mVAyefaJOhtOgKYBsyGeXIcYvzFXRvmMrmk=,fF3ilgyAxzE0NKbQo5lK+Ct9XwF1qvT0j3RXDRboD78=,tIQHDnhPVNQo66Lv1mhWLNAcKWcqMvL9azOOQm6z
jYEF3QQNY0FXRSIPgiFlg+025B/V9ZttRAxLnxElS8VP9A==,KS0pBi2e22kjDJix7Cp1ile76Eu62/9HI/0A9KzaXzivbOWsaA==,289qvk7u+BPnD0gERZV4VCR5KbuE5zZOVrOSYlbEEdsjm9nHBOplAy1EeaXlJu0=,DEUEoHI48H4H4x/iJJ27qFI9E9wD5lI7Ntru+Qkq8cE=,KfQuHAVS9Fmd3Y7hBprOWfHgy675HSRoeXENnC9AfQ==,8yZVmYHvewgeWLc9tiNyKtxIcyvSaVwd4MqAq+Sd,n8BdySweb9+qQqpsxOWOSRJ8CHJbaC6hix5i9l+En+I=,NToa0cwNhh7LHL+H7xVMLrNNJPq+2oCq7MjZtYBRRDs=,Q5tFT/xLgQ/eaiEbD2ONQ4rSV5Z6kwZtEtVt6/Og
ZEdvCiojUjORWQXK9PpP0kKjaeONMVXsWbkamhCRj3ZdPQ==,u+j4jXqOdvqdJtz8zoJO8hIoamkXfqDVujHx3E1glhLAAZGrJw==,4hyE7V4FtqiV7osejSW9gbWG29sBn6oeHK5iqNHSK5xDrvmOdjYUCeB0KDOKrgY=,RE7ya6fGd2mrfwZlSbGAcaPidrJQDmWAMq+b0HmSiFg=,lX+D1aYm3SkkO3hBGgHBbuoHQ7ZqYCJ5BoopxKM3GA==,sJLl4iq9TEMgivYMXPElkNieTsKy2Pm20pGBP39t,LjOs7gN1rN4hhHikHR/S21UFpEOjtM8UjdZjN2F9n88=,Bwf6LOarGVBfz4SE13AUWRis+LJv5/MOREgoOk7tO7Q=,+4QCFZt9O5NkNEiYVhsfgtSdc0RqSS1JxuNBvmTy
Iuo6+KyDb6vERz93PxAkDQoxX7uv6Z9Vdl9qgCIkqJBCCg==,lf4zASk1/wTAZq5Op3tAMNmAcnTnFOmBkg9u9zLhutkMacCNAA==,wQgVtun88cy82HAnFPOOrdMvw0kyVrtUrhhCNpbQRm7AoIo+qIzCu63bF+oWSv8=,cV4+OoSuQVz7mtWtoy6sjJJ+UtH+eBcQw7MCNHbeu40=,vaVBmCgPPh9QXWLLhQzhv9ipWt7n293aOYyrr1EjLA==,9LAvzuLUHpyPe7N49qdhEv/l0iOEjyZpY00E4P6t,h/eLpYtp6Tyxh0IP9ESQbRzhZU7/qB7Y3CAtar81m9Y=,cixmSqWnjIyp8vcFMr3dL/Gf0PoVjZ3o2NC0YfitiKE=,DYmPA+nWaqpjFkHjyo9Nbgby5p6cPeF7RoxtzP9f
PpR+1iX91iJoHqlN2gJASH1r7L4Ng56qtm8/XbH5nvS+9Q==,QcRWbhfa5kuyTeKm8O68CziWwlWkOA0GpUQbitUPpy4gaq5hIg==,RxtUDQD+IoFmHG/vuyUhZgMsJWWmLfGGVnDzNBgsCwXfJGMttZa2gvXCvT6GbPk=,iFf/t+HBkcwIsLZi1r6WlJWKiaM8LJOdMfKelMqVA6g=,gFl2OWShzuiVbr4EDJx9MQK2grytJcF2B7M1SzTwKg==,muRZVL8PiFMamtwxaU6asj81DDHOGP3rOFfu0rkW,ylU5Xeyyc7wwVbyYpZra8lejHlFdI/bChWSyInXeTI8=,Pxj3eVOhOKfBQOY5XxBwgsZ5Q4t9DFZeel1MhL+LqUU=,nvBDmb8OHf8Shh1bBF4I47n6W1+YuUnfX0+2og2r
5nSSOFniLX8FS0IK3iKAsGgLWSGbohxrtOcHWXCHfgNcNg==,OX7D/3Lvmu5O4EsMgR8n/VOQ5dGnCWgTnj9VVM7XPcbfsboz1w==,ZhgO1HVhuuq9aaGs03zZ+q4azzhncgwn7NcWizsKPF6GsylMgDQXmW5DA5V3NT0=,siLMPLoHSkwDnjyxLae/RmA7Z5CdhLjU0vYNsaPK5ws=,HbwyvKg6TVMyypCdgaI6ztTScqJA+HZQB52iRlJv2Q==,O/lhAd2Lrqif02k3/EA1BE7QYaawf42XUE19k4nj,O+wWuQhLgJ/uWnxx/TDZ1QEaQlGmRUlvF2EhCI/EiM4=,8W5Bp2W3y6mDweklAcCBDYrHQwMNa+gLG/nAvTi57kM=,c7N2wKBlRhJu5rU0A1UWLLHb7/Bmv+Uv51bBsk+S
wT4AesntTwXi6UNu/zj51RTrh1kDimoA35rTc/YqpCjXyA==,eQIVsTHRsqWoK/oohdN1cpqweNtK+MCP2Rv8yiVHFJnHbE2e/A==,XgchbUojp9TsktmW3ZoQpMToUe5t6X2BfWXqAZ4hWZYWKnzPPf6rp4vrYfumAJw=,W6T2meZjMdEt5H6mrT4Zbtq4u1jon0wtN5G4Q5W3ADU=,UV6RbVJEbCPpzJEMg3Gnhmplvrw6sLaHCx50It+ZzQ==,DdBhutgcMFyn+Iv8xhLILdD2vnFQ7yAN0gpIyZDV,0apYdOpX4dDaQulSIWpYXlUvmrzoFUdNQpIZJfpJfGQ=,GBRf7aEekcIxCupsu7uSiVVkBY66L6aSmjvXU23jGVo=,S4u+C0+4H7nUpgBzHHGwNsS6hZ2L1ylmVhF44SY/
wV1WMO3l+yEawq9JPRt1UCxvJz+IbkOQDfH7nPfOSd+0+g==,TdJq1Z4Qz+5DdaJSuX2By2lZgltSo9wJDduGFLukOPWAbyzuEw==,jopI77thX8y9NNyg4TlAEn0mlP86I0N0l996SHXf08Jy3V0lmzEJ9zXt7DFBstg=,2pK3G5ims6yla+1Bd53NPXjGTJYyG2aMVVHrTRf5usk=,NGK9IA+T5flhNJTXooLHZP347opEEDTvDdNBLz1cVA==,PyP9daN7JetSrd8oQvykMIMNtTjvKSgHOGg8ojNn,bZDsc48Lu0UmzlKkv1UJk1y3oTz+bSPD4BIUG9zrNDY=,GefULjo8819AalG43l7o+VBUydEjbHN0nUfonWiCqDI=,Oga/odJxbjXWifEhzZJ1Hi/9AkCDQHLVYlu07He0
FqWkUKULs+NCHzrgQ1Mi/YllrAmP77s3D+Gkzf31UX5rCA==,mISJr2G7QAyxN9dlmveV0dQWfTdkoD6ZhTzenA5OUkNphGc1Tw==,aQHICbr7Z1LifmyyZm8mCPuCi8e8Gh6VrhoIzhQSB1srrUAox48ZysDvbC8CYKg=,63Q0+oIRjRMSI14ayP4TF/rRa4FNrM9oBjc+qiO1gzo=,Ao3LolsvhehCGYFEQfUwSDG5RKGJQu1PwWzGmTkcgA==,/VEA7OThOYWLZNkBL/HsGaUQonRy4dcpSLYlWhRC,V9Pi4Od0nEYWSAwrOf3O4L4jFasaMOz+rPLTU65r8mo=,V6u5bwHeY67hGFGSbo12Ax+oDAYEiXZi2CrOZp954J0=,OTNF1zYIXTFl74aLXdO128cepl/tzx5nqe5vduTE
uIUIa8/Egg+FN0eXDCqfFlKWCLr36gCJPa6K+YjEC7Qw5w==,SvmPBpITtmkET1jXpxHHfw49TTQpfQk8LUcfb8thx6OMq48EsQ==,ljg7a+pnyHqd8hVkds3EPQOvayLfS73sxR2JVrGAzaSfXWLhLlgDiHsuGPLvu4Y=,uUzixaCcbWjiSrUf4uFmZuXePsYfbMYZLRaW7/emm+s=,P+LdgV8cZIwdbTeJXLlBe8SGH6Z7gFRsqU6Wk/gmsA==,vAz+ofLfXTUr/v6CI+zCPzmhkR2cmKdacA+FxBbl,PCgoLoCWwAw+yQmWPskzc2/PZgM6ueixu28k8+n6YS8=,AYYSx3grQXGixmpdqsZnDK0WxanPLWSqwuC0DfoYUi0=,iwBSEfXdTbEiICoRxKedr/Cfq4Ob3bo8rT1kHdDV
VUumCrcSoiKemPE56ZoByop0xB0MTxYEZqUgCRcMV1kKLQ==,+BpufgHWmPiDvwzwc42UABEl5fMzQhtowOA7S+roo2oFqtDd+g==,72rFY0PSktkuK6qQxcckt26Vt/s/QOhh/THbfBovlpsm8/TdoQWqIA1GXHOvSiU=,pK8pm8gY5a9E0TPqUKS/Lm+So/d2hGCnkSCnmjvSupY=,BkQ8XKU29LqdaaE5/R54XQQruj1eRuUgmB0FKIVLqA==,zopPeDx2nb5W42wrNExwXmerPXnpPNRZFxB6NPP8,o/jfDe+oPIwueWHtrtgqesDGaF8dG3SeRKx+pTSxUOU=,A6qTowb6QAuMMVYe7o8I51warb9iVo2mHlQMiQDFq6E=,C8v/bC5Q1TjFokRPD5kGM3BMS/abfmAdTQOckF7E
3VKPonVvOG1YTRniZ6YPzCOVDa0Cb2N3cTp/we+MVFTa7w==,whj3NcazrgbSLLxtr1cu0fAmc0g8zawVm3P2NZkhvfuV5QkfWA==,oXWHN3XitG5yvpWsdTnC2eGytwv1OA6xepmQFkfAQdY6kYQcmCpkNgKQ+0rob5E=,I9TzpI8dAH0vraDrJCAU8BfSIToQfUV88kkMrG9lRRk=,guSXJYNncc/41yQnwD0G7zAanW/Z8R5flwQ4o8pRRQ==,3Ehohxa7TDezjM5aAJ2+Ao5Qq3Fgw4V1mkcju9B9,THfwHMtI+aPCws4pGpF1VXw0xqFzupm/4/GpZ17S2Cw=,c14HWMvdY8ihe+RSB3Bzqt4xmQal7Ulvrj0ltJ2fFvc=,rlH2EwdZohtSezTe4/KA2QWE+oYnKXGSqBQ8yka3
2IyLegzIxs51165rlwvZKOGp9ONyhHihB6ErhSMy+uPtzw==,Kg12O/guvdv2KPglB+dV6Jp05x/ktfB3FcbTP0eOALc4iiFTHA==,Tx8PZ/sCw5aBUZE8OC2rGx2iFAER7IKQDwOZSMsEESoX1Jn6k8UIS9bl6ZRPg4M=,n/pdrnoyoiSLlGtwEGOWqaFjn4Xar1tTgBRAJT2X+cM=,MJp33kQlwwrKOWKZaspU1EruIbrGIbYScIWlppFwaQ==,iE8v2Xq0WbNyQLEFzZhjlurotA1qtfNRtGdPYDh9,p7tWXi6cuSh3stxzrxfI/BSQtoe/jYV6RC6pLbzaNNQ=,unTYoK5wb76heOFxvvyjsBHFMulcV8g4w6NcxquBLOE=,tDE8AE1JUIqwFs4ttLmFQkkJvz2dbLp0TTPGQ+pC
SGd8p6/zwHCksCB8CPlcb4WYLgTx2sqT2EdlqUlQVaZy7w==,1cPwp3k09/CWTpeQanU5mEyoIvXybL+TQmrl1/XYabJ/TbKQOA==,hWY8QvYq2v+zFQGobZgy3D4sMMjjceVURdPoDc/IMtAY/RHlTABggevUuQyoI4s=,HUOcbr2y8Wv7uvZH6t6rtqCRVdmnIsC+PJigw0v7aTE=,s4oVQJ+ljULgaAAJW2Js9lQAhTceMbCxnO0y/hKr4Q==,e9c0YLebaiTem0dwOATYE24hw/q0StbpZ88NA57R,XaAt3zLDzRRZs43SM53gFRoaQcWUvdQ+SdCujS3qDYU=,KjOmcCpY5imTtVfNEZ9y058bC9NhRi4GMcA28ciQlaM=,pyDSdAUIctGNUOwXluuOoSsZAPIx4mTY2fEjOCPd
s2JBgtFvWW2wryouB0pWHQd76DUwTV8vLAJZFiUTpvPt3w==,0amSd8yV5WiQBbwWUNWDU/nh0P+ePIjX0aBgQ/Pjx9HgWF++pg==,qE/YBqeq6+c4VKOTbH5Ooxnj40XzVB/CDKodUveqO6KBguH0h9gj+DnFPI1y6Ao=,yCA26G4GXUUcKpuiirzvJPcVaMBcAtTarRAFysLGrS0=,Fgrr468Wp+12bhXMPOsrxgOgURvWOUbxx+nXykDssA==,J9w3om8YXql/h9gFPEKZ6w9t+vBQ+J6aszDH2m+a,CIwjHnQEX0jeKco+cVsAo6OcRT8mueIyhrn9jBn/lgQ=,S9ybci2vcl1Rudp0POH5Vvg2fFvwPy0K7JEr2WQGBb8=,XOhhwhq88N7Q93xnQ9FrVun7nLkxSOvJjzto5xB5
LdyreWRSZwSlv0bFzuMkC84TJbdYJfdV8zIR6h0y3EFJQA==,Yo89k8Qn6rTlH9BG3Pg1S2SIKtslBXsIdCoBJ2phOLSElWZgyQ==,NjY17Tghpp0LmSR+b3W5jXeEtMUMhRrvdyXfMywriS9fQMBuwGSth9x84R8Dn0E=,DcXnfvw/7aJaqI124urN1rYqCcVtMZOZ/lyTATGD4D0=,e1TP/zU2Yv+vkDi4GIcTF2EMJkrYnU3GPkXOGni1VA==,9PiFdv2K+J++Tr6OIteLHdhWgO46osYalg3Egjr4,qW15kr3fSeh5aysnslk6xIGLxMAHQFXJI1Zd6htHk0g=,SsdTq/ssr3g9b+/e4xDPtIi3kpPWRQQBF1H5xdBm4w8=,+SemfZcBt/jZELaq2oOzUbiOKl6+x2uVr1d40naC
7BXUuYP3ucoaAdzD7iA3zJDZrtML7zbuk5jEmU8IdT77dw==,hIgoTInQvkKwVhDgajdLxT6NtlyI/BhwXvex0hRBl/IQ7OOosg==,4pLEcuWckmc1Y8HCY9IXjoh+wola9dkIDBtKssTwJ1pTOLjJ/u3GR3Ein3yNY/g=,4H+7bqPEUA7hqRA5aml3Y3qxIo3IpOkp7sGd/1W3ZBY=,YUoLLIpknDFpA3EL2e9Rn/hbqT5bxVmh8V1ib8naXA==,B8dkDkWx79h4qafTNZFMZvyUux0ipRlSq3ecXpgX,XdSEMG+mAv+fFNvl+BBihJY/6U4HK6mjCdXtq5SzJlc=,HZDNpTRdXApWe3HahrJ7BNhdVRKi5jesBazPNzsK2LA=,Rgc6z68/4up7quzgzxzwaOl1y/voeXMOAM3cPt51
DaKsqfbPYp/qf+eLgVks7BT8vKbgeeTSogmAkk2l6ER9+Q==,MCpt41gfK1Bo0wjOmJr1BTUYIsaOga7f66LkBKWq9wIvVHpHdg==,V5t5KP2sdjBQ+VRyLxjIrcrSBPqXbhEQYofvl2cv8AZX8uGokR8lmVBxuJS3Go8=,H8roCfncRHv6gfBYnrfzPDpzyLwpv+RJllajOIeQzyM=,N2zdFcAbE5Fo4vcD3KpfmIcL/VLXpKGURBHOWKHQRw==,R3zgG2+Nu7sJtR3vazKAocHstvwpXuQ3lL/I3yAF,IN7CsjtJHhlUeD1fECSfoaSt8Pj7vrMoijFIJi8D2LI=,7WD9wLNrDuKkfcMz+2JGN0ykpJL2hSNe2J7c4YYqHdQ=,OlGoQtL3PH7OAhGsgoz9fTmPnS4ELbFz1MJEG4Xz
5keiV4TElttntHM0J1rJH6F+N+tDVCpJRzdkZzOFgatEXQ==,LpiSnxft3yJiIkM1P0IKqgguq3PhOQqXd2bAvIi3hros1E1nxw==,pRLlj/HaVqzaWTh3wfj/yVmbCkRp19ojaErAgLuZhovSRw0dtAhpndng10N3KYo=,xK18EKQSkX3FcMizTIKNpZ4OH12SsXN2dfkE335achA=,XQtUca42WT4ops42oAruxZilhNbfNutEdDL4uK5x7w==,hS3owwF3XVq1UGatx6A3YWJzKQ89mjipvFl1zZ7D,PRPkoqloUiJOtqA3jplOHj/ZNRe7Rma9XEtOA6hb0Sg=,lUc9aG5aDPv6eS2to+DzkysYSVcnUnfMvPrKf4ROd9Q=,oZ9PhPVf1ZetrTmTtECR/facQNN40bFrMj8ltysJ
1vmMTfCt8IgodG07j/uz9cmrvdB3ojRWtR3gwwK2mkNUDw==,itVDMkyUD1ovPSO6k6NhF9WEx52pd8tH6OxX6GwwJVD4L6Se4g==,NbJ5JLXA8Ga4DMfA7DOezuvlDZMLmWL68CK6rXMSpcWPTD9rmL9n3D03ZRkmh1M=,FBpf2GUCS6zDCtezJMGAQ0skVz7hg+fygrFlSf17/Wk=,z9LjCZIVv3Vgma5jxbZ79qBP1g/e4GmiyZFzfvTdbA==,0wQUjQWm7HPNHg53PPlM9DlNuGU1YKSBzu8sKG9m,Pvl3mYSMpTC6/QHBGl51LPcLSDhoFEmseTyTUi/h2FY=,6T3GuT74tE2LuPH8wxSUezfh5r2ZOSdl8s+AnZce0b0=,LtKLH0+fCb1BjxULbJTkpCMZLr+CaLR/miLke9IV
IHSKVAxjWapGQr8TIh294u/S7BNFE01TMVohBFJA32yrEg==,WN8WDbI3OwAfyJotpsfBacY8lxIu5uoRew/KgLg0zOK9RiOFLA==,a07lrYIeUpHD2AdAM4zk2EPid0CU/hoEq16p3/0j04zfIDd/UR5j6+P/XHMWfVs=,MNZGzAo0/MDATRGaQfy+DhuKVBdTHaN3ZC65EyxqPo8=,kSoU6s+rFulQLYETWDkiuTHXshRAxD7ZTN1jGnaS4w==,dcZ+VWlqD9VITODCA0kVbOTWynzYOM1Z9+JHYIFM,/+xZzIudU4QE+KMw1cZYjTVRV0iBBCKdDFrUI+pyJTg=,X+bIieuYaFfne0BGDwMtFjfMA6/Sedzt4VBvEMNZxAg=,2RUyC2bBG8klj1Xv15KFIKp6JYqBTg/VRNnuHoQY
L8UIXQjhbASrGONYTKN4IfgbP0/Yxq4JC/iXSGOl9Ldu8Q==,H05dnkB7MO6Zgnv0JjgWtW0zIH9shkr7mdx4rGl3pD0wDYFoaQ==,V8gDPKAlPEGBo8fwzeX89sargD10wJfGRo6qYJjXFdNXdANiJ1QNe5ylARpvLt4=,Q57HCTrZ9VTXsHynEQwo/PxtSS4KDWbLp2pMSfbbQ0Y=,NHc8KPXuqaywE++cyE5eFt+tjX5s2+XHjOAMQASITQ==,k6Ct4Mmxt1IXrfW9R99tByZQLe2kIcC1EC2Rz0Xh,wwokooxlsJBscycv0rZqAve3+Xbleooyu6vp+y2fhhY=,Eds7XQrQGR2Fx52wSBZ6rV0l4eTpSwGjGoXfHdEYC0k=,QOvrAru8SH83BfDAcGPk7JBRFUB1TwAjhbfTuzFz
53yzD6o6729tPg9XoB3mU+PEaQ1DxAP50adBjPNtcQbPUw==,YgJOCDIq1j8rDg57FF05wD9M4hAwFyUxLPglMdQmuYA4KSJHZg==,fNW+OgOBu//UV9YcsTb8SDflhPdF0rhxphJMEaIc/uRhg7ZFokrEQlPGueHgA6c=,Qbc5Jjc+cjIjMj7vHbCBFdg/i36NJlvXiSkkrdNRVOs=,K8IeCy0bNym7wzqn0YpRORAdkaDIr8Wf1mJmgDPs+g==,g4dUapJprLgRD1VMlckggBfj775w5nRZc/Efmgw/,4HzD25iuqwdPR/XGYJgVoFFvuGuX5ad9tF5TSORs9Tg=,4ORLVTC6tdvAz7WTkaIFs5JJ/3flvNupaJW55PhHB3Y=,R7pgnAgMOKIAWPpef35c+B/HbR+Yz6K6PFfb4ygA
90NIVaFoJJ1EL95xTTs3TEROVKG3FL49MlbmblPOuVct7w==,jBsuV7P7xnMqiDrHg41l1y3L7vUbCy5GUAIq8GNgpubrg4hY/Q==,0t3bQl93FAJkosYAzuVSTndaDfJ4BDtZpn7uSAXPdLoEIgGMuPsHElhUwDQ+YhE=,j2B3sbZyrUFGFhvnMprgzbm1bE+VC5MD+sRgTiHN8f0=,VUgtktnrAJg1D98IJf7r/4mIwAGN/B5V2wlPc1UPWg==,3ORJe2QtpoOva27SDDugiOILQA5KA+4k0FZCG/Td,fCwnfcr0b0WsN3qiP+K78cxWMieTP72qJ4z03FJOQI4=,QUdZUfJzPy1ki/EJmRtlXnnI82gHYIJGD0E2LO5bWE4=,h60bem0DSLI8z30lAC9TzaB2PHmhqMZN5Alu2YJn
zMhDTw6rceim0yefd/OqZahw+BoNezPHhORwHbU+80s2ug==,a/u5ZtdqkWeApaXwxBAeNdEqGBSr0B8/ooT4KxFfoxd/KqdO7g==,1+UGrcqutHF3tQKK70i8KJWW/CmaJk6pBJAGSA5sfuUMzxTL/K+zrovBNcNINws=,NwHqqUVU44LTb5RSWMXVR2znTYzXK6PN+OBFhlOx5Mg=,lJu0pThA78V8+fRZ4oTj0NKhpqwktfmxBsosmNDq8Q==,CkXcjPKXvoNSwPl8mYiPGiB1kfvTtNZ/2SDkF3vP,IZQy8Ye50T5AyCiWYPyUQguCNwx8ZfNScrLIdo31BgA=,rHdablOe21AT7/19DaG1emuRIzzVXlOzqPso0CA9Zxg=,/BzRWj/XOEfnioWCBdDEKankpebAGCewvtvnshw3
MWvnfnvRPmQSny96pQofCw0U5FlKXOmcnk9FacO6RVLDVA==,i8w6sSQur6vuWS7bwvHPDboXf0Ry2KsS5curD+nV58XrZc+/aw==,+7EPDg1XgRRXx38NTlvuVxUSyxriyhMK9PQ2eYGIFEMxGqIzvuTNthTvLFp3p2E=,EWyBRrCbsabN7mZ/drjNLONd7X175no5wvqVaeEavgo=,K1QpEg3P4A+SRRA/SmAVrJDXDRkVGjVEzqNNBaUINA==,y5Id6qe+h2BoAZBZe7GT6dYtlSkbBh4naq7U5xRy,D1pYmXDBzN26mOgBj49mt3+hlBks8Ykc4Ua/y2fV6PA=,4XMovYey7GF8tM4gTCXAZM4oReSnFlEtb9NHPr+g1qI=,RL9ZUEjXAT9KTm4uVCQIMWnlmg89LCFA/ASS19HH
7+j1zEGdPblfnY36Cwl/MZPr8eSHXVUbIm6nAtZMYlwoHA==,OjQD5MRPsTuU/BR5SYi5Vf8xz0YKV3J4oj9XGrqZQuq025JY4w==,TT6yOg7EC3CTDseolLY84N7wjyIXwY3LFtjKZITnJ7u/Ptm5a0LIaFpIRtvIR5U=,DNVRq9l9GoPUOP4lY2V8j3SUgAd8oATuwfjIB9TjUak=,BKcpgNc3M+NaVW1yoi2gV/JiRBDP2qbyNAV1pz8SmQ==,WI/okoL9vxCNmFRrfOk5Uja2pNCL2jzLwQvAglky,kd5xEbWHe1doOpgR+cZQYlnaKU437BBsdGzRP1g7bg4=,mt4Wln4F3c80zxmurV8x7XT2NmoFF6zD3bT4WK+Owdc=,ia0ICXZyDbONWUg1ARKv0BmGuMs7ikqFFNwWf3my
0GZXSyjdZSz9PK+fowkE76OhFiBtbIRmZde1GRdoRSpE9w==,uo2eYPxH9myXHJfWk3hBU+/5bSfXeFmnrDQqZGQwOmAYjlpGKQ==,+0pyssajPRbEsmfzd0S1PZvvtdRegcCm372+Bj0ntHZ5zouGcBHOglX+uZ//Uzw=,YdVF+nOtvK9Obb72/KlEXZj8WQaF/lBBLiR1AHv05Fk=,mXyAGrNbZ9dtkRbMvZiIYUMMZEi4tS0HYv75FlGqag==,Q1muNmGpIGFgTTZrQHTtQKoIV6+G/rh6GAM8B/ZF,pANPZ9o5tL32+s0b8K9W2YwJbCVHLpOd9jZo5rz5pBk=,zrSj6MWpP3OocBhBSrRMFq2LCAnMedJGNhgTN/vK+JA=,YYk3bGKpELKSUErTo4M/FSCIapDEVKKT7XtY4qad
bdUhIcDJ9oNntXhP6hnjJjPEC890DJGYURa6uCcCePtP/w==,63LHF/klOW8lxiMM6h9XR/61zbKr+7QuRz1o6AsUWWDmScD9jQ==,ygglVr9Uu5N1rujHo1VVPNVn/9AJCXrDKE/aDi7ZsZ1mIe6ULY+CK60OjnK3T08=,GvHUD8E1gAsnF7FpaPuh6hZrbdxqjObE/Sbupn5oS7w=,sOv/cg10/pMaeGiYE8klKZUVjjhh6Gk27v1NssxXcQ==,NOQYkcV2SVrOIXy0gEHDbQtkZ00AXHsFQ3NE/8Sx,oz1uwSvwZRZakelaoCRySLsdUhmx0zXdCfSZR5OfQVk=,OoGQHEkjoV+Mvu5PaEo6VU4p8OKIldz4BKKdlScI/Io=,5vq6if9DRCmPvzDXwChTjlG/5PD/LqxhaQdzk/UA
v5ivDiJryRWY2hcgJLuqKGGSWFaQUCJmd2QyJqotAsFq4A==,HkefXyxXI7U/ApIvRghFLB+wWAzLa+/qkG9UhYCCfDUqYmaRCw==,CajbF8Tz8r0lrvWww6gxVLFfWYc+h124YIBtTE0W8iKSTZNlFehLzZXutVGkIJ0=,DwCzOsUYw3yWt0Fu+l4H1VQDVVqqM+1XqbsQ7OBIPVM=,Nt+DVTO0Zs0UeBDyCI6L0wMzUkWfHovALmeZlH3xaQ==,6dnIYVBr1EZf3LCkDyLXOR0GbKerx4VnGaIFuJPs,5g/FzFZcl6G33dyv2w1RtnKyFxTAgiShhQ6XBko1kOw=,+Bp5+JTNOLvRRZcezMzrAZE2AlpqK4Wcye3PdDA2y54=,4NTnEZMG+jvj2YB/XY17D3xTTFpnULdWZkNaAbwB
7+QkUmmPl15H50E2+XRUCC7CypGaw4SavZEwwB1LCcAnQw==,JrpUr790AWJbSZ9MicJAFoSb7WAHi4HMLAI8fhgte3Ipp0w/PA==,/bGUw6JEiOeyP5c4PdNLMQAOZU/2lgj3u3xuUtu1lZBu1bwfleucaHwvlG8zIr4=,tPqZX4azN5NYP9c3rgiK5ZhCmHK5W/mfi1Wj/u3LTSg=,yVpAX8zvjQfP8Wzvozz4mckdVbqjm4THxBxNNGv8mg==,lD1Hg/BUELmdyY9u2kkaDAWS9umWiczAMRMwLy41,P9SqacKwEetGMIhuJrxafAX6bJtqgXp6oYAmSbndrU4=,dETOgdTiZ1DKqTXgGkQsgUEghwUBpcUnR5kYjO4qgxc=,scRybZp/EvwxDumXnzCNkpkVnkw5EQZUGLN9JKyF
jlz4NsAD8v/OXzDSTn3S/y+K+aF3FKAmRV1GBrYO4twkiA==,HmXDEFxoaIEyo37tCNAxx/lAUFlFI923H0AIOjvzRdDYzf8y5g==,76ARaV/XkCTtFfb3YEZaIIMuN6ZcuFEmjaaoR2v2cvLuU+z5wtPFGCQ1Uja399I=,nJejWNpSC+CjUBv0tyuNdCR2Xq67Fdgb0GSVRpzQSj4=,98byzh0LxX246Bsuq3OvohVtO88QLSLl2pZaoAcK2w==,+OBCkDFzWZdK9O/is+hsB1aDSsLUBTQ8dsNpMYNX,52/+Y9Xh7aPRLd07+fi6C2qzDe0jbFxcyLcCZ56vfCY=,SpL4BuI2RD/hZoK5BurZtaltQxs/FVXfXs3ddWZao0g=,0emsUFjumOwLMelf3SPduWbT/DCqG5hrZQQq5XpX
2h1m4QVXuNDMCCX2XHPggfAYTexAU6bgiNxbWWcKVke+Cw==,wlU90SejQ5d9ZuAy50LL0x+hp2ZNz5Pb5gIrSPr0MBtHEIl3Ng==,x9r1qufJSDOfaiHS/1u/JzqGdA1UINRQ6cejc1wysYhHcosAFEZ8zP2GMwrFUp8=,vD4gnVs5RXtKM9mASoxO5CBHeSNBDQ3BhC3WqDiAlOU=,bbBtEhCsLxCrKmkDa2F1QxHAbxAf7Z/YkQc3cJQ6fA==,Itj4ctO1LuRkyYNdHNkt+NuGR10wkEFGCA1gf9Z9,zFwz42tw5dZzV9qiIIqFHNfHU8N2dKSAiGksRIMkWEU=,mApLeO0zgZbngLX5JRb/t9bCSssZsLKgsej2cCMy9Yk=,SSw47h6kHCbjLG04F7LtNvwG+aRmxfK/VdW1rEj5
HjlH/uvjIkjIIjzmWQa3MBr03JqEUiIR677Fha0aM1BExw==,U6wKPfZe1TkqhILJQd4+WvVSTrNdHUfsgvYQplDS5hztETWQgg==,l9CE+R+548Ij7bwwasTrIGHt6+qTDG9IbKfmjmjAKpQpvKjOT5s433ToU2DAZEQ=,173BECYBdWp8LvsNP61qCv3AkmoSqYt3eg3tAvkRtqY=,4ELIpNgsb42Lb+aqQ/PPm4HBVFkmryfx80JaosLVJA==,CFarvyY/WtygnTEgsBHfDR6ycbN6wcxCY14s9ps9,as4CRGiCVt1lBOuYpA0DmehOgSoPkXM9ZLpiKAFIEts=,tLcw8kPE+4Hi90KzeroFOaCDcdn1lOReHW0EPY7QPHI=,gXZlVoZsgQVXnxwkXL92tPkO6CsEIusi0ak9NxKY
P7MAmGP2LwznDHs9YUPbMuc6Upp0GP4mdEYLie8jVVojZg==,5pBT1B02aSEEiC8u9Z+eb2/3OWMPvELXC2GJRvJPnGQDW+THxA==,EdkE7pCkrjOXbdF2hU3qjGnIdC8C5Aivy3CUQ5wpkrzYUUOpP7nQVYdnu50Xt5c=,I6YnD8Hb2cw9RV35+/AniI0L4vvr55nIAKBS5Lkv1QY=,aUHSMaljVkr76iPUfXMo2XE5GKUiyfTOtqlvvBPpEA==,JYw5dj8YxMgYNer1l3XOq7McZz1Qui7LXA8XRFUN,Nen3kn3FjLMQnv3wlmHQ5zJ3a3F9JZjQLO8fULwHqTk=,ifNJktvX50Kzv7b0tarHrbJ16thIkJB80C5SJtzRutI=,26qji8KkemJJGTUmg24wPMzfk9UYdQiys6scNrn3
8YKApHeGsCvQj7rTCp5gOevZx0uzPr/FtFUHgeM/h6KTnw==,WgW+cv0hz/CMHw+ycWaMUq/z+F0VK6wyOFkHRKA/4OfxUJighg==,6y1eo455cAZSmnROviymPEuzwz1OMwFd7xATCvzTyqv6xYiekWIcWgF3AwCoSNo=,RiJmHH7/eaH+TcV0f9+xAKmfWS3Grxrvux9OJbAxkPU=,uPPCd4YQZH2UOmfJWPk1diBs/lRQ54k5OFtA7Gb8vw==,MyNOnVQxYv7cXUc8EagwwE5gKrzWL/tYCjjmn5Lx,K3NmsPVjrziKtgP3XfmUN1LNNZxFeUK484pjfbZS+Ls=,IvyR9yQmf9lty8tXLyJgvG/3dhxnQ8SuThKKbdufsBM=,yCNg25B1IXX/gi5R+VUiNlRco+J9F4dTrZPAqUX2
HtV2bsQd8e8zyVmmxlnHoq+GWWpqDSuh0OurylRH8VuzHA==,VfZiEcZ/Y+oqj9kBHjm9hnuRTrkvRcM6yLFRveqZLRhEjEl6Dg==,flaFIm537f3AecRgW7TAvqOL3C5ywSpIAOQM1qZHD9m/B2qYkExnBddExBgr9P4=,IvlLNef3g51z+HlZIrlnRuNAWRRwCF57j2KldfV7+Xo=,5xaP4JHrQmQAXsBmR/dBtqpvFqGmWkH5/RwgH/nAPA==,IOfv/BOTao1zPTHAYmjMIir2X7IG0bywI+h9Wvfa,ra636Jc7LKA0snBqTLJlvheFhkCn+e18liWirWZH0ho=,GaCpAKWc0GE2f7iQ8sfr9urZVxSEDvCd1S4EwHvcFZQ=,5vKLMrh+oEdnxSuXewagXo4ISORGJDfaQrL2yE5X
OaAXsFR/mpsTglmhLmV28UZinOh0/jB9vveWoiiIwTX9pw==,jNgodeGLesHmSXDm9i4BehUdMQSpZ9QF1gjtFy7dpWESgsAYcg==,DY/uI4+FJHBO71vS+zkokJpG/ICsyorVy04rkbRG2H6wlmyXFZ94yUJgyiPMes4=,dmFZqXGuBk+YCZLQ5sbddN47I71zJxzwbV3WTY8Sgz4=,Bd/Dd7n3mEptfXWong3486JizGgI3oG5xCjLUKXyqw==,EQveMQfY/mkzGVHtWafBqJ6LjD+8JrqtX/f96yfI,JFDDzHIyDy73+u7y8eLkC4grq+cJYzBqQJwI9P0i7Ho=,D5R7XtEWf7IGwm4ABUY6bSro3y6H5XgvSngqD/rfNA8=,c/82FWVA8AU39++XBYWNJ6t+/gh8vWr+MFAJqfmc
5+F3DxCpt2kw+fvlOt1lkr7S+4DS9VbaEkQ2kJ05YK+C8A==,HsWlcBrc3o0nrsnp9nQJ4PGEFK5TN05W5O37R8Ny8ihe/MXMlA==,NWlY4RSsocApiqWESakO+adk/a9W0mi9j/AwAjQEty8f6ifski3V99RaJeOOenQ=,5r9FQnsxVuDNZv7cbvfxN7DxXzhL/iRAboha6TL734E=,CyLbKaebvQDbVqVYesYmgl7QX86L2E8SFqSbdzpuqA==,WfeCxYLIIMgA5XEONsTc6RKQlmi2AT+GabdvYVnB,iexu50ZJYfX6iegeBK4+WHTbaeasd1dJYlHwgZI6G3I=,o4X7PEq3IN1M6YZ7t6W+meO1ICd8ui3Ga7hqsTHuZjI=,alHnmSGUVcRCkzP8L3Ev3Kk3E/VtpmxSlf2pYKKo
nF8CwkB6uaylDQ99EL5940sENxt2ujk2lhy6twTQwVYghA==,tkp0p523r2Vtb5ucOTMbOBqDIAfPiEa+mqTt0cajXVWpQHNV+Q==,IJCYn+REHmy58ZDNSvne7s49cmvDZ3eYwGKsUjJlexwEolqdPRd15UEX6VeZ6tQ=,adArZk2Oji8K1krwtWQ4ye7rVYS3Wv718OVb/mrDtyc=,7TXAm/EKk7WFyi67sMnXYFP74PBqv0empTh6qyYelA==,Yl3GtsGOlksVXxR+mz4BTlColodN1SBV6QV2Rwwn,h2oK07tAuqGCyBiEiehWUaF+uw1pGcK8BL7otirQwo8=,K/03ey8JVVDiMzJ4X/dA7xUAT8xqafV6dMq5gQNKWqk=,q7riPHqwyO3ZKVBARXvPFVkNegfNqxsn28+KvnR9
0sYN+AnPm45gO3vWupBl7yba+nqPYM6h/1P1SbO/eWDOyg==,mF+TB8c1oxXGrUo+VnC904h13yBT65nhXbFwM3uLHJykjtMvtQ==,6BEeqzkjHBsfW7tYRtenrLEH/jWoyCblMvES2v+29UjkJbC0zz6vTCXvlVqq5os=,ofDo/GaD8YksHwSBvvFPJucVS+f/bXq/Q2PnAZK479M=,acLEXCJbZ88bpxNB+/P1IqzpZQDQ6Js2W0Nfiuj6kA==,IYKwq5vOPty93aeOGECygEUk5qid4DZFgH4hcNQG,r4ig1xuTJ/YrGS0+NGtzrazu7KpxuSPSXG66qyFsxys=,xuAHZHHz3tJY+uAxXannj6zTFqiMGWFRTHIXroDPr54=,t2i5JLE4qjFxaj4bQvFAcrxXUviShhHaeOjx0LIs
bQlRJDgcjc6ciP7+a1Wa9Gn2rKeT20jjCl1XM9nzJdPY6g==,PvMnuzVjYL1cCNkD50G5YGWXvMmsDEaXZYL1/wea5tMiapEYAg==,PHoJIOW5iDmAVwDa37afxj89BJ6LZxV6prUWDHBjxbW0WlBlElabSD4V2NQ1VlE=,9ppwP0A2AKulZmooDst4giYIJa42axyYpOokkkGxQZc=,91fNC2IlkrcT0wpgtbQiSwdHdB67jbyilX5G6zDniQ==,AYFBHRrQ3gSP7fyyUMlgfjpqWltVi0ydUfnAkQ9b,LZ9EZbqk6d0n+v+2f3pRCNrOIuGt8y5Zsp9FVyfu2yY=,xxDUOlJuYPLXmx8grp1y45jcUqWeQapfynr/YXm13Qk=,3wQ0ajzT9eGcNRed+pjph2FBuXv1mPapnXUuVzM2
a1NGD7vklqpMsyitUzpNcKoSOvj1H1/ZDgKIhHsT9UZ6BQ==,T3BpfvYbUGfxllBkyOanNkld9BhahlRx8GILBYGodeTQFxKfQw==,5QJesQk935LiQzBtf60XUupr/XC4RpulRhPAbZzKU8fdQSsvNev4yF1P25SR4Vw=,pkRMa6rTKw6nSkXpCqRoTj/iQg1r5TOuorf1FpW3QSg=,Zvt4QJ21unGhm48LV9RWpgJqu8tQGKIRR1ei2+knlA==,jyyKeP2sPxr1Rf6HRSev+w8LudH+AJsZ33wX3ihR,lXYyO1Bn32j1NkjXCPdGE3zJjsl2vuIn8gPAkbp1bBg=,sBktUqLThuRy8Dd9wrzBqvGKAL+es0Xfn8Inz0zqMQk=,A42h55oumNtcHdDhTy6VZk4L9p7jqCvdGoHkOguO
YRS0dDDzXqtGeeSUOfr9bxBmZ2x8Z57Y9QhYAjJYiYQNFg==,W5ws/uJHiyAuPelay/pFtAX4hn4u1a2FM88rdGgltT8tRyAtvA==,JwLX2As1n+RvAc5GbWxZ1BwI9KotG+SBNGm612KFVQXQYkSVjSHmBy8ZXmuliiQ=,li0G+KSJsV0hoe6ZWndBDP2ob//zZUD8TuBTJQHi/r4=,zYvUsl56nbCAJbRWlPwHt59t5+b7eU6evavcPh5JyQ==,Vf5asx0Biq13aEvshOJu5ra+6VucGw8m1gEvx9SL,2EzpYUa0bBLO5OjxhUdTJYIJO3A6x9sL7lG+2GNAgdw=,UKvOnynjnOfi2GHmi3z4wYKH0ymCFcCcxwatbWgW9NA=,CzE3C0+d7oz1xFKkgdsN1SwazB+OrxkuVQILu55c
n4P0lgh80U7/cJmQGxLq1ccNejOK6Zx15Xo4PFE8ML+B6w==,wXZD909cLwLBCUaRO4L+/ORJi7vrFd+sfuyObCjEi1zwaQF1UQ==,N+6BQ1A8DuQilbYCOtsTyMcAkXNTRmiFk71t3z8xsYwuq7B5P+7yvPI5cvppNqY=,HsK1cjtls8R5yxUf+34YCiwW0QCIixakKdaPGHN1DMk=,03j7+ZxHmuRFNDWu1Ny38LOfPCU8050mqvH7fSbPQQ==,4j9pXUiIJndEP3l7hwYUiLKkYBDUQyVO8Y9DOHBA,yBWDPg9MOGRTBgBuWwEWMi0P994o0zammgxTZHzi5gc=,uDf8QeEvaToeOYw/0im+SrcO/Td6QWXT4Mg1a5TMxe4=,WHMZYp0WQVn1/4MMqd417ekgoM2S+w3hJjC4QJ/M
4TUn0X3j7SxDatmxUK489Kxl5t920/ZVWvUT6rqNUAnccg==,+s7dJXhR3OUtRjJtv3RaJvPYFS6cPjS0KTBUbf3xHpVokEn9VQ==,u5NU3Yzjq2u7oKD1gjdL0/a+2eoHBjU0ayVL0i0nTSYFRswpj5l+50VVhLOkMnw=,KzFOv2NIng1XyBxXY9flpjtZcR9bNSjrYlenkNnrYEc=,nja+wtYJPquV5Uxy0hpaz9tgZlfeYqBlhpyalxpjgg==,koQ3nvzIDocs5CEurqUb5f0T00lJ4Vo0v8XId8MB,6gmk7wWcosH0Ve+m/5YDX7u8uIjNTPOxoghR6jXCwlc=,badwq7X4DKKRqLmW9gnj3YyJkJiHyVmraFIXu994jY0=,VfRqeHRDEAgQrnpgqCeiJNbWy9XNPR0XhW72VWMb
sEcOuqNMwkt7t2MS8wZLx5C94NifjLCkB5cfc5T9IEZEmQ==,OdqSClqNhQuTEanjJnvVT0vE7D750F7gHYSQ5wd+GC3/abUshQ==,w6zbo6L/hnypoiuBRPMy1ZJ+erfZf9jZPjflReWJhuUDSo/5LO2ZbzZ8Ok/TJE8=,oMiD0u2TKL7GMTqqDBbfv7R1IfApU6oZzfdRzYH+EWM=,5jRGA+Wo2CNjCCwZhhCw4wUd54/KRQxHcwJipVM7Kw==,tYd+w8SdOWwdq8+VAiiBqLi5OC991s+zPWbZPcp5,2FYsSDY5kGmdvR5QAEV74+mYXtwOcZztpFPb7iWM9tA=,ai+JNjySB/voDRrbSWBYF4CMGtoAZUJSAbTHgP3zwg8=,LQ2rnWCjpUVPzQgBnsDe847TFVajOQn5OeiQnGfG
LygG0mXYNeaO59zmPMcKrbFhochnYBka2tRrzVRr3Di19A==,vuTBzSIxJVEMr/JcKH5tCd2rgWIaeLR8eZI3GU0JTV4p2V6XeA==,Iz6URn7NjJ7hTP0EqfGD3vr2holx7nRIrzMWgf3OYPcw34cc7h/GtoB9WIlozaY=,z2/Fd57Aip7Eme8utJvrNM74nW26dSGCKhl0WdGpXwM=,uKbPHqXqZg7UbvGTLlkDUgXRlt/CS1epdh45evSAcg==,d6ZNtJhE5deCtm8KoY63JhU2phWLzE78KRX4quSm,YSn9063+EEj3MzhsUzqacNzv/G6yy2XUV9B5UtcO1/M=,KjX5VQl2UzWZSWhD0P9g0XTsECXsafN9a/jnB5bg818=,OUxJcZSenWCTxfVbORwtRaT1fm0mN9+URrGI1wHR
vnZbni8bCbElvRoosLq6JO/5V0g5cfHxEoyYDrocDk3ONw==,RCKZzLdIBSYUFvug4Xbfzhrkeg6aQC81umPV5WSODPxXF0Sa/w==,7EH5DQKTMNG3VaaZbLnKHEdp6nzgelm1ylNwu6hTllxL7Zg4Qb7Barg4WlI0Zws=,57Dm0ATivA8kfDHq/eFjpLPCNZ8jOiq+0mB4UgGiAwo=,Jxt4g8RqAsifC7icJcIYVRMJ3TgSloXoZieeBS34sA==,hGT3SGIdkIp35oXuvbQIhn7rTGEMzqTbiepENBug,G88EgwuYtSdfKDx5P+ZFDGxQcHiHX+/9dzzxHv6CPois,aGtyoh5JhwdiuaX9QaTGqWQYgPdSwZL4z/T2Atgj30g=,H5e+FDff/2RlxyEq0C29V5hDDRbevzONIEglS0GC
hvFkrFEbA0fItfLxr+9hLrKDuYx44KwTi1pE0t5vd9pb2w==,f4tkhxnGX7YK6XnEiMxalVAgkEZWM9ybSQAHVhUAkx2Z3DUwLw==,iYCCdsXYqNrc2X/cuaJYe2A/Rczc8E+++ip2YBu+vE2kzdQw1zb6BEfOVWNNShU=,tMakqgXv8fWwBjB2W7xZPvAdA1gwqgWhIi7SnFFTjSM=,Nj/6DYIZ8nM8iWxYOkmW8PnPJ+aFvx3AmXLwQl/moQ==,Bmx8Si5xM6ZkHHwDVg7ZwmqiZh7v5ldeaq+9ziaD,vIIaVbPOP0KuXp08sgVgw264oqmTzJrr7KzKahd9ysg=,ae/hDHKG+DTWIpW9zkdJ/jhh917oJqki2JpYnhJJMkE=,mynd0x2wetplWVnjugD+KStbIQvOkJ8vVcTiSPeg
9254TsFj0V2kaFtgxz9JPkCZ7Bz/fyGNplHs913ftNtBsw==,aRMusGOKhh/Ij5g97hvYYhC9Lso/c25tZWgj1/v5085hLWjuEg==,In3OK9Zj9vcBNbESb5C1fbnYdNGzDPbIesCaTNJdOa9R1h4CWjYvnR2Zgw4ZBN8=,2YBD5EpCNhqIgZfdfY4zqACyieWNfF+LQNZ5p1SNnRI=,hIkH07AaBl3cspgmrMEwfW6LX7wvFhDIWTHpXxPl9Q==,i42E71Sd+RJRsqG6g/vitTNosqu3ddzVFEEHvc20,tRlTGEDrqAcqVXWPlXHq+0+siwn3iRtqY/T7UwPP/6g=,rJif5vhRGrNyviBsepkN4C+EIJfGZlpnObQKemgi69I=,SXL5pv97CojUTJAUl8iC2l9jZvr//71nl3mgs0ny
KZWD0Zd7HvgLUl+/KTUDnVt5uu4QocylmZ6pOkUtQtcGWg==,1x0Zssbs95h8IL0GtKDPYQLlzWoXtZNqLkuMx8DJ9iIrySxmwA==,/LXaek7LNZ4QL9Euq0+eTJ76roZMAn//v6OxX8Ug0eToUGUhL8kh2x0tPMwpT7o=,HFNbmUejQoOlSuGNcB0nMRVPsg2pNM0XuT4Z95q/+6E=,Qsd+q1C/tfDOore37L/EG8179q5n3Kn77r5xHEqk7A==,9j9OMeT972CHetHnS5h0aN512rf+5wcmzlT3NQK8,rgbV3tnhDRco26jI+wzhjydxRABJw4lgTUsp8hD0VIo=,QMM00KnU9AdKJ/Ft9N45beT9kkw8TjSmg/3A2TjGJnQ=,88NnRpTk1DTjOHY0t1ahgE6VgHfDkAsoZ2MA02Qc
qyaebCh0fdcd+4VBa70angwhVqTLm3y2T/Qf1it0+EyfKQ==,xLUlkfaduw4axbpKKaaSXbOtI/hD5/zDpxc/P6ODbUQY/bHDFg==,GzprwtiAM+LxZth/6wRLHEumjnrCgWJB6LYgAYzkzeQiucfxfEY0OoZ9jLuVHFo=,oyQCIUnJcKAKHzvT9aJy960HtbN41W/t3Mfsd8KV8d8=,zVKbfsMiw4MuIf4mt2dJ2adfcsYUBw7CGm1bLB6RHg==,sQoUK3PXauJpGnzZ5ZGmo6u8aQb8qTnO6Xj6Bvta,jE8/w4ueCGQfAJ+i6jlpCVTw4fRp+dx4lrA/yCNGbEw=,5JCSQlLWZ/KPA3QEql7clW89DOaN3TcwiphRhhlTOcE=,zZPamKlWgPTUcYP96E+WW7lW/g+SIPcqu8fxX8m1
nCYBLFLyTe9eJjw/8S1WHEwSvL+rBROXfcgUEPN3wWTs6w==,AddbQiDTWWl2NLXRAggrHSIIYup9V+u6B4HfNsj8d+oPry4fpQ==,xYG3/fSJV98fGetTfNLYWYshvajVtnP5yLEqg2zJysRvZuIn4didXqw/Ta1CZ3s=,yrEAVc+FJM2pZUc7gLtWnqIrkTXAke+M4v0C5SNKL2U=,mjMZ5XQb54ixpoXrBkJbr23/ug/VIcLz9z9xvr8wEw==,Cni2kbEvMvOpf3jNEiHwsumhyrxbYFX/cds5qVKQ,HFfIHcslehGlJLd1sBgYA3lyxTlZrK1JFvv5Yuqp3tMP,badrA6WWvoW2X1IyfRrqxRajxHvgk8IyuqCjv+rsrzk=,tgjARrKevqODmmhs2GkBk3dPSNoSFSl5Gky/cyg/
E44EIsqG8TNGmzwR7P0Cqy7e5+g2g0aBAgaWG05oDKIg2w==,Jkp7qDT8hyDnTbPGBUA11blUTmXU+Gftl64PYYxWYvKAZ92Dhg==,jKUzrFZUM+w3a/9tGxjWJUKlBR1EHc1olniQITY5Hgyd3tfQ8UntpGol5QU49ks=,BmkoT6ka5tQm9E0VuPWwtgYxZCfwjnC4yg4VquJHajY=,k411P8eRQ2d09MBWd6aVJtkQrsSInF8AW4H6tnzojw==,H0+lDsxTlmUxNtgCDu7x+0gHQZAZeXysIWbdWwl5,tp1gneoGNgoAOHocZSPpJnHVSAHE79XIkTFmbQthvJQ=,mKnCqxdOatI1cG0T4iXPWdRbj9EUkQsDBbJoykGOdEE=,an2Hw1x2Qe6LxwtI7yeMQhtBttiyu6HkHjrsqN6X
Vr65YCi4VgFbggr6lqd5bXBtR38veQjeWaOh3uzu4Mj7Gw==,gbXPjZSKHZmkSfUGTgPOm/rd5cuScNuyXtpdPAuENqQUTNFkIw==,TBOu3V6+eSPIuGBvH55T5mAaSaOrAiW6XwffVX20ZwK07jaekWWGgQ7beEcz9YM=,RZwue5q2dNGcKg3hfjtTKfEMNbqlprcJJSHyKSUjxNo=,pgde/GMCZV+dBSu7ky3t8FkWwEgFMfs4woHoBTqdpg==,NzwiVQ9bFrHgVIoOzjSx7fr42gsNpFygU0Rm3dba,zMsMyrX5eejjjjH/spIpl1lN6sMzTNoB9lj8VywweCM=,sBUpIpmstgWbniWIVxTiF9FOFxpRJQ171czCVPkyjuU=,gaQHM3aCMURSzIwQe/1/DtjlNFYWsCOA28KPgIur
qpAJPbosWXoXVGvky/4NW+ebMXwppdqGECbMJR43YKGrlw==,C2lBWoWxTkRhadoDluQ+ApoVDyr+zhLj6dIGBmIcxGX8ZjN6OA==,o0Gvd8qRsn7vG5xw5HPcNqXkqsmfPHbBqM9yzN5/BAkFfNk7PBWlXwf1nMRbebI=,cvB7zOPjdI+BZq0Cmwq4o5Xv/rUjEdddy/9jty3jIU4=,8HdcgmXbdSHBT4IU4Ep/5eDYit5ww6GeFOjYyA8b5A==,qnbePystsYa8XxxkB2L7jZoCBQPK2m1kYhhaenLv,9bgxGZvZJtvuIbx4lOpoKusaWGy4fTLkQaFLqP8Mbh0=,+QZAQp6CFnYhTZiFNjKpOKqT6HrRlFdfiQO8xjhvF4k=,84hv5M10ocJ4NfaJTDe+fY/6pGnIO6k9QprGHY85
2RJ40FLDhQrPDnZ2M/4webV4PTp+GHH4kFlfX3LrWSFnQA==,95OGnRQUH5n35bQyvHrY97kjMn2P/bY7u9qXmdCR2VnPtoWCbA==,dqLI7bhDDvFR6VL8akAacZHgWLpPpReQDDunJreQ5rm52Xt6dkHSNy5J+PS5AuQ=,dVH3zP9GNbRv5xr15svudL+HlNLens6myec5mWWkUqI=,7qTZAaepcsTPq8AenqnaMEF73/yGpOzgkG8r+eVaSw==,Ry+v9It9hF+Z5XaYwaeWvxrBed64J1VS82ErvcpZ,58nFq0qefnuBIkq1RpklU6s19fasCjUzNsB6T6nRidg=,5SihAwnm/eYaagaKNiiXuKbJNW4d83g/g+EwdWiuJOs=,srFOTglk4UWDvXMfKijIfliU8/Jj7zEnvrVLBPlP
7HN0Cnupeo3jE9YgpV3jFV8akbnHL8ELSgfir3xYd9Ks8A==,v48Ag/805i7MlTpPbVajN8R/0qj8EHwuUY4v3ZflKMmnr2GQOg==,QLKfMAWvo+rQa375tyyXAmVzjglYBl0MQwkjYAYJKWTfiIMI/K2kTwxZCV3TqJ8=,GhvVQ6VNPof7vh3fHqkfC5ush4cGfYURf39lirKTDvI=,YPGMuJDaz2H7+FzPTbU+kvq5tRZ3N+x/B/ImBUC5yQ==,/3Ei2aORfRzmKqBcArUelz93/eRKaikQQpgMA2zh,LdGYv49n0XAShNNj6yWYzi7VX+G4fIZ9sJeGCJ/sZM8=,hi+iZ/rb0O8ADYPPvC78mXwA2f1DXu6ukFegB7NRzyY=,Ja6KVHmcPyezBs8pjFbN9KUgYvbRd7ENUIdD0p2N
OnMjK1Z0ix1Ys2fKOSP8GEihFVemfsEriQXtoDwu0y1YeQ==,01p9iKRgQNskrpVe9zur8L6kqu1ik9soZ/RxzIFCupkp3kgOzg==,DmxfR2ohiBiLD2hGD6T1P9wjB+IGFYGtSNZOBxPydqDB6FNEK4wW75ZWAErZAIA=,3RU/lRzBQDLp7YrjXSrjeOaLeNjHvRkwb8xpVSk66B8=,IHVewkCOnBUpZaQOqSdX0ygq6RZVfhvAyqn0FsM8vw==,VH8Lca1CA5FkUAVtEXAI8uoA4MIMj3KFR5uezlMx,biHqyXNo6KmFJyj4w5hjaIEPpqCHIIrCSxZZfJRRslc=,voPBnUgEcaLXC7MQChL+6xITMtpNjBCcRn4QDmhuBnM=,zm/37y3Rf3ftT7PuDETKOw/uFThaBisUGLq4re4a
C+e+/fw3zX26OA0HWX2hGU5K6hxWk55ZFxBsRTjMMRvYAA==,zTq2+0LxXtdPGZeuJqbgmeHoBzIMB5u0HskZqr50phOSPNM3gg==,D/wN3psxeYz9VGMZsFhaLqzsJu1CeZoJ45J6S4asYRb2G1E2wDmUXeRgmZWv4vE=,jp9gZWY4ubVJhljDV3mfe+vPh9cF3yxXX6FrQNpJgcc=,TPTqtT5VD3GSzeAOKrheJNvLcNI51Xmp3mKafOJ0Zw==,FyMd0grEepNgGtIcBVBlj8Cgd7ToJVWT5my557UP,ToXWSXSzoJzQeJZfuJiK0XiJFDCjBR1K2bkjUNsUE6g=,MKslbA1DCqC3Y/yE5fZa7kTE7UFgisCv50D9DbN90GE=,UiML4+z79+lurob6GYmICG35FDNifoZxWgKetfeE
ciTqvquaEU907w/kd5KgzYIV7wBMWTRokaAi+HBIuvwHdw==,tkUdZT6aM+u8gVlm7zUS2BcpaW58PI1b9OD+HGCFwreiDsdQOQ==,+Iy3HIcEDgcdAvwSP2qXAWpO3Japy9SdDIOQu2gKkAPW69GSJYCdzxsZPP1s4uc=,rmCNEQPPyxlfad4/photVFhNXuFXec0MxpP7XRr3W9k=,gmc+4FAU2667xr9o/aS6/1H2wFu2ANR9dcyHsGbewg==,OEX5e0CRlynKq6or9WP4BrTOVtsuJGcTMZWNSFq4,sgO3N9ETycCpAY0/o1tgug3cr89MFmTsSV5ELBHNBOk=,Fvf/ETUqvz0EKZpbwECCBBBa8juUvUBqMcCMd/P5rgw=,gkW01WEJ7sF2agbxqaxMi0xQRNiLAG4NDZO4l3Am
uODz0UjjdGP6CnXBGVn/LUlSWdZf7nAQulyCc6j6KypM8g==,SAfJQFxeUJJKxUauCihGveip5gVE0i6TNPzBMfLjE82RylUF3g==,bEZmzXFAFFEWY3r5yZuITat/JKMWxg/5pgsDtc0VmV5VKe8KE+ghFfnl9UFUWRA=,Yk/KT0qVNpqeT6OCX/QInmphiMOD+0wTdaU+N47G6Uc=,me8ilN+UNH7H4Oj70u3hnTVzA5EF1NFF18RZJ1ZjLg==,3o3xUOF8rJwh9DPGi3kwHFRIRJ0RRDimMzj6eYM3,X+i6YOmT9aYu6EpdMNVaUGXiC0c9E0MNyBsyIGaSqo4=,2zrkHW31fG7RuyIgD+epFFy325SC2oL6ZV1NCktxnkI=,DmCCRB3RiHQcGjJYZwpiV7s3irkDkh04lDxfV9dJ
kJJBevm6AmN4OsdZSq/SGcNyENLu3Vh4HHxxZm4L6JoPEA==,q0hs34nZnzSrUAgGbIhe4EfGB34k8xqZ2JH7dxq4aaWDCPNEhA==,3Ge8bhK88gHrPOI0m3JWTsaUC3fYNRYt7hJjY+PBsZnl4iIyIWDaO0rcfsrXlQM=,BavQ6K2HPepnOu8mg7GgFZMh3i6ql1gSxl1IEQfL61A=,E5sgjJAzExq8CJ88HvQzKAdq1W4D+e09ewgXEL1lCQ==,XFm3zSfyF0Tve7eA9txbHrxi7VZGpAtSLSGvG1Xe,l9O7B4vMhrdzMi0bOPkgEp8zJ7KdGKimI/83p7A0q8o=,AS5tXiAxXfyHMUfRyCtVMIo3klxAIqf13/EH32UIDSg=,a3TNLqivtJz9R/YHJC6Vgjh1j8MvRmkAqeJuiRU3
Q9DozBw5U3mpCg00QYpH82dianMFVdp+wdspq678H4nn9Q==,n94bBERMfvbqiQIESVo3BOuRTBDfMP+Ivolk8PHE9dfDHi7Mbg==,UWcuZmedFfbm3jxoil+loRJnRmBfgDObTTi5MtnRyaXV7MY+dVcCgcGt2SK2xXo=,Bc93JFvQABudTHriI+ETE5mRnuAh66qiLY+qwfK/vPg=,dNWLXoyTJ0VBXeFwJBBLjOUwXMt0SayMo0ZGpG4+BA==,QYx+g/F7BIYe0X11fVSdi8/ZiqcBnR3ChC8iHhzt,aaS/XpjDvAw+y8nHGz2uY+o6tP7IBA32LqvPLOZqfOY=,OI7vkCQ1e6rkxlrRfTu6Vwv8b1Sblxm2I0ukOA1kWFk=,hM3T7lz+v72lnoRkFUzkIGb4LYMBvlhuSqkVwGOY
jzlqsWhJoRtsg31oYvLR9fuDctpMnGIHTZ0xAmLLvvEHfw==,gHmA/qOwdzYc7sWKE5FvswoQC8Sxrjeq2xP9PhDlDVznGquulg==,TCsVk7gjdvCb5AhgQ5TPZKR7OxQNe+zs1ByQzC5o50ofU/w1E6rrH2hZdL68SXA=,Of9kWlF4MLDWz2M2nF5Ws8i3tGTN5+8oy6JemOaIt+g=,W7YgLJbRYtfA6sdWkfGB7tocckpnmFqTbcWVp/qyjg==,CrULnQR5xsAaZEGDlEvUeupSy5sKlNzsvyOLY92X,b+K+rk5PSpA0R8lkCzCqgHL9/q58ZOQBM8vV3fEWdcU=,73DXZpDaJBnOiC0XGecD2cjTffgc6+D5tkzdL9Vi+IU=,s4VktSZsDKvfWgLHClYtesnNVV/plom3L3/ziJR7
+sVvUnDvCXwmI/fyeiqBqLCsXmokGcmE5nwztvxtyNqzqQ==,jFCzCojDHvQV5DARJZgPnCnZfmmnbgL1EK8C7W/OY1I4u+9NFw==,IKJqtS5ms337DZYVzI6MCMBMRK5g8GGMEOG3WvmtHvkPKTjonnIMNrQ5TVK7RaE=,+19SzdnPbqQKHoFuivEZ1R36d0EOpu63ssQ/OkflQJU=,ImxvwCYOGM7a2rrFK2PkOE3rEwkz1eWlVU3N2gy3yA==,P0DBxPy+xs/kE6/QJEycl0hRESSQOD8kGaBZBN6x,X6iA1nfu2Pf+L0hO7Eq3i8dWy7YaWCQ+w7lO8+ARWlQ=,LLySvfmbGBJrpuguLWqvfcjssGArKHMl7J93W9oAIjo=,IDW7TozGUqFFwA7yIHWPTu7mWgrC5dYCCBmas70D
RraXDAYlm/7EnJzqoQfluPAxPEW5wOK18zkegw4MJ3Y8aw==,MClrdMexfUCYDJfJgzXX7UHH2KdO0rEVL/mc9cwC2uBrRFCfCQ==,f/DuGEorOCoWHbWHSvHHLFYg9yDp7U5nOHKIrTXi7bZaw3KGkfCRUx8WpZMr0zk=,UksSGcwOMmyqlDruFYVOD1MPP0/jFH52lAdrUrN2ctg=,eY3L/BK+LuIudWgWOO8Ex6izipW2ayP2j/w35wHSOw==,FmjmLRgAG9lyR1liQqqYJh7NUmtVemZa0YT++oDK,jSpE3uVfZfPviXHzgUF/Y9IveT7LlBaZLlTeP99wsJE=,iFHk3yejg0o7OYOSybUAKLjgtGjv2UJ8q/sluRHHkfY=,tVq5CYvxMXr4TwkeRLE3A3jXSgZ/Zh4zj6ok9BfG
OIA5v2nMfOe3d1dadJeyu7T6YS3BI7gcRc5C1vUP7wlEFA==,wQ7jMpOWd5Rdhupbm3+MMaTj4yn3F/g3KWJQYmVEgWYq7wu+rg==,sz4pWxsmzaTcf20PuKqI+pgQwv6JoXlQh2AX8SkIabcp/5gJlK/oXtPSAhZyxX0=,OR8j/Ry80d2b+DlpJlmRRBzYZqYDV3F2Gm7NfjWzzZo=,ovf7IXDAHxPxvzLAANvQ/1Qmu0EN36u0z+hfG8FbUA==,gS6hBhksojTVeE4CyMgg/OTWm9pocBJZozsNILbl,f9mwRrjFlDI2YC/uGNzZbeRirSWqJPPfLj68iv36zZc=,iuVAWQ+9xz5xqpSRbissCg8NG09rTpKS8b55PEukYqc=,qjyR7wDeAj6IH4Ox61KV/QgudYKDHuCUUEjuP8Z0
UDwtq+nnQ7KYAJNO8we9AQCkSB+SDfMtp1hrXpYGuoOVMw==,In0FS1Ng6Tooq4KWgic/vEf9M7ZqoyARxyqRpgkd+/OwU1bU7w==,Ckn5qo6deshNc2BCUUZYky5tVIpw+IjXHXdMYbsXehgkC0TSWItohYzABObR3Jc=,2p+Io9Sh3d3yFA+SKXJvZkQZ59ReTKQ1ygRF0ObfalY=,ATvBHI29nh2PxzWOWZvgiY7iv4vcog4RemnA4Wp9Qg==,wh8m5t48OQ2wuE7YeEbcF5J+CB3ApAsRHsbm6dUu,Y6kOmzphg+INjDdD3mFPoerBZ0Vv6LvbwpV8bfpLLDw=,H/vykDmdIkByr2aOjMLSmL96VHQAnIDXeCwpnJ0mEYg=,74D+clnoneS8F0TaPgcliC6HJZmvG9NcSWZ4nOTH
MOhjU1jrxSiY41CDyOHXHcJkgDtRrui7VvkZ1C/kPnMfTg==,1PwSFC37ec9mvX3JhQkvLXR2q5iBmQ+CAdWP24jBt8MMDriuuA==,aGYbTXO48+lmilPgMnJry49mTc1CSNYk3rFyj4SQlkcauh1DNImzkgWovVRHm4Q=,w4FDzDVsDWKFOI8/sRajwA335bsuWP/Dc6hyi7SIRLs=,8EkjZZcdzVk9Pfo1rIobsKp2A7+z0wjuT8y4VXGs4w==,qXhmTRjVpXDU6kum2NWs9XQA2AL47+a19MUgtm1i,aQAfkDYhVbekhkFGWoC2z9o9VForM+/0OzQtZ1YRwMA=,Kq0zw7+7j/awH//lpTZ9qDOmEVjTNGXxFOO/3SJZ9J0=,Km6KjDbUlEmWIE0nXm7WjyFCSsNgTjsVPZlWCmVs
vziYHIy8yVWbLV1YhnDOuIQScDFzf/OrPOfnz3vGoB3qsA==,208QQWvuudZ1eIw8v5+VY3nTBJQxJRjqC7l+DKRvjx7HnyJAmQ==,VGt0leRnQOYf7F/+cSJs2X0CUIwujgfMB/3u4qpvssOh+5RYZAk5X5Dg++LARo0=,w/lp9pFiB69X35AiYc/LyQR1w3zZ6ZaXNu+rujAJnmU=,J1FDK20GeKn37l0qi6vQygJPf6eZI82vyhpm5GIf9A==,3vTn99FyKqEO5q2OG0dSBpiK5SFRjqdJdGDmpA4u,ZQzyqL3hnBvSCIJjupqDzo4/2phSVhgbOQHUxYSOcKk=,Bbrdk0x46oOCSd4wPqWMZY+EniHCC89zHZg7Y5d+ikM=,OhBn+gkRbDKJWOVGFXnqDuFRwVJwUrBo8fnCkK5W
Fsw+eAtqOerEfKEi1QtoWb2FfulzFTyw/kuvRQZs5CdBnQ==,WQpSBbnRaywhSDMQL+NHYHTwVh4r0eej15/MZBR66XF+W3icGw==,K5yG1WTpmdft7h4aOQexHdWupORNB5RIB3HaS3nmNQhZlvcX30G9mW96i0Zy8mc=,gRxBtJVdDg+7ws80mAYYtrkzsSRV12vnGNmPq+ol9ZM=,L7VZzNxivc1yw1fijOTxoIiySUi6LLEKNM7MawoY1w==,Nh/mazihllq6hFkyLaqXmlu8i+UWqoKbE/nPCXEO,4ltZ7QMrso03l1wF78stpmWr4piLPmbdKivhoKLuuak=,j4h6GN6CIR6opYOJDfe1jQcbHqbwBYPqvoZCfPnWyFY=,rgANK9g/6jVIpU8Kedoi+t0aW3ezc4Mxu0uscVCD
+TNXIe4kZ1G6YtGBZWgQOiRFKrJgd/mDs1ALZxO4W20YbQ==,1u93OA4LS7S72NmkpIgZ1jAmVLglDq5hbnJdAJ1FovHgEc7KOg==,OXgBnZqz1iGbFM4srdF5YTTqnYDrqCMt+gdhfctzfopU5/Wyl4LeDVXnvFc62ug=,yYkMAGpuYowkBInCAn5BFUv8/fyXEYOdJzR8Dqa/tb8=,995r6PniIDfPHZtSGnJvpKC9sSUXdqKqQ4DUrlp7iw==,m4sYOLa5MeqFblUlL7OVUkhTIoE4ApBmfNujPrl0,Xf5C1bFuTmgiXg1piDUSMZxjYN5wrqOzG5oHUkmOXdQ=,DyuASUAdL5oQThMl7VQCYmszzHKpp48c4b779L1xOKM=,UFcJenQJ4bEGFKA2zrlY2wlZiYaOxYVHVipXRiCw
ZnphdUe6eIHMlRs+7Km942OqqwDU9CSytUMTaNbb0yfxHA==,WsUuHhUegx50Sg44rIgj4RSEpnrlKqkFCq1BLcB100znLI2w8A==,6sM4Y6pCTPFe1DK7qRMq3J1XGPrCR7/M09JepDiGfsevOeTijeBKziAgq1uE4go=,43Nf0tNYL4rgWrgcfN1yM5yHuBByFYHOBV7YWxCixpk=,9OvfL4QJlbr8uWIgYMcemF+j36+6UedbDmd0wB1hXg==,J5iB08NeH3L9MMDFKeTTLC1OFTKguP4REopZUgCx,D4Dj1y8RTtzR1bmrkZTsuUS/h/TyFd56sUObZNIsmXE=,QXhMYEl9RgyYiGNnO4IJgIG6dZygKr0XmDc3wf7nkKI=,xRLrprXJITKSA5892yqKrQqE8g9x33PqY9EYwRUc
8MFM6oVPmQzBDLXDZOSxiKw++CepS/6eED8byszg5o7Y+w==,YcH8tBfzm+zPbLGxoFmNekdsPCvJ3Z2Id9LPidbTiGzsNsvc/g==,7K7PHmUQLfyp/0BCoQj85cCJ5p7ASRsMTnL8BdfPucWSzG8yI7OeEL1xGHSSrlA=,rHPAm6hqfIKMNAQ2AYQOb4Jg8j/RRPg7rSdwBEYMUn0=,qp62E6jiEX+KktAvSjHP91vvVP3GVbt5b3gTtT9tsQ==,yuOd/wUohgoVfoFH7wTUti/umL31eok5pR0bZSz8,++FtgADSUI1jm/iEonLKIhMxvgrYEuC22XgeCll3kAI=,95yQNsOWDmbR5BfXWBPGzT9EDSdz2CtY6i40Tmc/n9Y=,fdz0wpCm/9hYUyrrOTZ3eDiQDPrN9jeiJnR9JpVS
DkNcFlL8jA9oqVKInGLkkkTxHtw6muZaxlfHQ5+JF+bv9w==,+oaPkFLrRy0KIOxHudfhrfzZStXWXoPq1VDTW0coG7lUtryCfA==,qMeNYWjG3WcZNeCCjuN0CKOqVVuInHIgN+M8Hr4FJOl2dZIdnTZagdSY1dc5bqk=,1At2sQCzUgovGU64/dzaWbg5Fpd9LDkChRfdEPeYUzE=,nyTZeC3qrOk8YkITEv1CKZsRMflp32dnpjRk+2qM5A==,+4Odq6Qf857SJVmwA2nM7yS603QEn85MoPP7RU78,q1DYA4SuEmdvT42VxNGtI98wldH7oOSF7uvNbyuFw8w=,ZujaS0u0eYX1qxZvvmitq45v8VI6gnnxL0UCTa2KuOI=,ZGTZxu6tTsJO/KIZJYNMhwe4KA0PuVvWlTTyhrl1
VZtW2J2qBORUzptXORGjI32CluPO+VUENTKEJNtSP/GgHw==,EuCsOp73NhNXwyo/TphtgBwetn62AtUM+FNsMtlSWIM0ES14+A==,DPulsfd0SYCt2IshKTZ16haJqyYcUEdHCmY/ivAb3Lh8UD2R82J/FxRvFayduKE=,U1lAm7jMzf/6Rlbl4Ooj4q7JgK8F6YUtyFDgY9kBoFQ=,rrVwhTXJ8OoOG2hLzTxwLOGrQvVL8GHRQgYSAhFWIA==,uWaCv+VaUWCtqR/bMM7gUFXrUPxkGd+ujIT8MYR7,8PitPiqqvXWubpq99irNIDYUYtRDgIHB5tWeyrjtut4=,5s8Yj3Nb0KhWvo3XodDyPQKXnMzwpoF/i62VixG+mlI=,B34nIQtz8qWxGdqDqCGA90NklK+jtWWucBi/JO+p
PKL2oVEa5Koat+ozaMQy31vtWBV2bcF+1LvXlNpK3CziMA==,sru+EtC/GP5g3hqfVCWzHaEbHxm7eBTi9cuQD4P40ThO5RPbRw==,eoYEU0G14jCt0kFRI9ZdgHFGWSg3KSotbNOz/ysCbBoADXvUTQqcJhylKxxF1Qg=,J89KsxFNXlkDx7c2CFBgOiILXPTvFGuemduOcdlBTvM=,9LHoienJ49l53RjT3rU+8ALFModQ39qMSN6cVD7vlA==,9DNKjXSRpOmfuZZ66nD6yUizRB54ElCH+EIlW5HA,LL2LYJSKWhFHBzVawTAWl58hOJe6eibtGXYExhPU7K4=,MMAGl/Ao0tq6iujpBdsVdPH7RVqORZvPrlR/EYn6Www=,0rgSvHpu75RTNJWVs37Wn98vpnnynoaMDQJhMgoj
ICkc3GkgXQJD3HgPv+nI1J5OnF85Y9/diDaYNySiHVBhHA==,svcxd7WLsA1tQy121qK9zoF1qcoeNBs/xOjWe9Nk5yffsipDdg==,yDFo9XWaeRfCy0wQYMWlTUH5NLirDI+mwzntufzMXUi/zi2inWsNl1o5mWPbpao=,IeXhJP4tfZAwx7urvwNegrACvypfd9C3X0ofs2t1vBw=,5L3f92IFMY+Lox091/ykKOlD7cvfaWl8k/hXMNt/gg==,I4j28emIZfb8ns2pIz2b3MmsP1HZPf6pXcJ3Vpmf,/qNL8xETS2ZsapPrubkNTLBcD1zCxcpScUWYSobr+5M=,hHNsUk3nHqtBdz23zw0T4tPnD0PIgtX04bjIle2W7nA=,LeUX6MwNqfl/GS7G05YZHeGF2sDESTSaNIs0bmAh
D7OeWDdNyI0a3cMOLm4dQKBlg9E/o3AasxqHKi+sUwVeCg==,99GOCHBhheK5CPNt6lgthoty5uWWv71sfd1q/bJyEQa3gEfF0Q==,shQ5SSzNq8h+8QngKh+5RPI+h087mu64BQK0EFJQQq32PKEyJeuNDasLSN3Ioic=,4R5rnAfOI3ElQ22Hwbf+YVqDu1+em8o/tJlAAGYE0UE=,Vp3xAdHy17mSFBD8vM78uM3dMeZPmazzp4h+6K/Sgg==,Gz5SCpuquJ/UzMvdK0sSpe/QgyOocQQw5XOlA2SH,thMvozgHXCGW0I+gzJX/zzUgjuxRmnMe0JqoxePC6iY=,/o7ttfyxOUPGeEmmHNxB6QKwn21CWBVA6p7U5VjdUKM=,G9Ytr/EVrgW3JE4FnsMaxz3LuAT2iy58rZoHaVf9
9otBRN0pQRxYnOx5JIlafN7E0yyJkBxR5LdO59vHGd/SjQ==,tw7qoXeKB7Y8mrY//7VDUgW5y2Jeox9YTlK3kGk5I3dT6m8Ngg==,v0g8Pw2l9le2lqwPO5yPaUlAmfn3qEYVed+I1yHBw2+PEQ6+ZQNEhCfe2x2sFJ0=,qjiRHCaXhsttaOqQntRlP6wJnyws+UtXzD/rT75zxgY=,vG+n/3dcs2ktJjQ4KnCY8E/ecw2kQQ1M5pi953g81g==,YrOdGfzrVagjA2KI8wA2NQ9ukuEgmib86cnyYPGp,/+u90wgG0AFXG+SldQfAM8DCLDc1/9YbUvdpRuGGhc8=,SMxIyUVacE6r0e7gskKfjVz0JsPjz19gslqJ5JVedaE=,L5G0Ll0aRNSG+aWBFueBOVESdBUmHlJqC+5UUOCQ
FYyJS7KgnOigyZCYVCe/Q/DXNATkaxvq3vjM3LhRTgHpPA==,L/2Hnl5PSPnxfjBqYuygEWyN+q+W4OV6bD3ThKguZoicMdSJDQ==,TUm5mKIVcLqWyQdtiavByRxNHtoCMNIkyzEKsxYeq0R2fGnypZK1duqJ9sOaMck=,t9x8ek+0t9HLyRoTXQZImgwZxn4wSlwursphwTORe8I=,JVZUkbVCaxOZnYxeECytXUrblzCcqFsZkbP3spjvhg==,sNr0kBtaeeutJxZXdkh4dfMqbYKacNNW6HUKVMZ7,rkcaRwdeZ+NQWXGwfZbbyxjUBV478J5FmNghYPWnBZU=,oZe5B/o1FbSpc3s515dLzqCI0WugFADqrUbwBpW/QG8=,PB1YcESXaXxYytCyxHFvCE9d/morb/Vi6k0Yclxz
yDem45BBarQF6WHaJfirqrvDODIl2VMOWPp/Cz6vXPW1zw==,tAVs0/x2+4gBUWvehHCOJ42kt86S37kQql8aO5NTP8aHe3Muxw==,ZnzwJksfuExfhYPHHM8BifkAU4+fe/OTnrUud39fiHHcHy7Rkhski8MCGtecZp8=,0RuyGBaZV1e7uGAy0imUiDheQmSwLOuEZcmnL+y2XNY=,aU/+ypPBrnaT3aVt8+mNLgIFBfK79/w6eSBxHVgkdA==,2o37ZTDiVNzroPMXStZmGwB2zPDg4hvo/Kummevs,UAFLLvf1H/T+71b1sVV94aVI8tI1+/s47028XQhDTIk=,Urseybsuc1FZME+Ull38IsTxp1S/BwFDW1aO/S1JotA=,WgzfUT5JP+KEbiPyVYoubU14HQ9T3fI38JxbcKZZ
/QS/a9rT5hEDHxnhd0k5lzVNmrL5UAWYW/hroSzYJrRSmQ==,fgtT2waCCINNueFPeOnJB2NrloT1STo44Cl/Jbae3PSGMadOVQ==,gMaFIIQfmO1JxmXnNUZm+/QcZGxmMm475FYzMdvwhphlqgeb9z5wlcpAWF8DgzQ=,zdYIJKyVNNqxkoGx8rpDbL0T/ca9UChitfMPBoDnaZs=,DVKnQKmILhaUZESim6mntg9xHK2KRhGIQQduFNPdQA==,ejZ4gVd5sQqppjD82aBR22R3VMfPDwOH3vaZ+PDz,zppdeoo73pBx9e+re7L/T9Am0rX8/4JzYIFY2pAHskw=,aPzwLNah/Drw8Bgtp9peLr16R5i5AWmqG7I4eFrIvZ0=,WcS8yGNwAJjzyb6UWdIoK+CMLADlxF9NDM71lFfT
GyDOcClCLdEnYT/0voDH/A3K5es2kwhluyQNUttDN3trLA==,GFrMdNuBeDRXrQrnDEQ1JkSb4g2mSYSr8gjsJol7v+SmHu61fQ==,GnBC01K9Ev1kTeFS18tAOOCa5yWbYziGvU9RVFNl6RKwBaz5xMrPOuetazf/w7w=,u07XVBE/4ca7TEbvYuhg0IaSJd1aB1pmu7O2+yJdMfU=,wGxyZ17+nv2Vhf2ap/FcahnHERrylD5QQySve8nP8g==,Plnfd4GPYgZ01gkBOm9vaMCXQJZ+Ye8fMB8i8eKC,ZpjwjVbtXcfuosNsBzLc001ejhSY2lt9ZSKJx9gVjCw=,78OmXO70bCgsp0kj4Dj1RL4fZ4r7ksLuf9c+h645eH4=,HMOHVjQI4yKKmXGIWodKcPfycpEXFUiznQdMl2bM
V+E+gcKV3tGtgb3KgxR9bWcz8b/eBTz/n6MyAxr/pdAI7Q==,itxcyjcd6mcEcb/o51mr5n7aPR0Mg8Oyd46OHlZ6POVWWEeqiQ==,j9ZxgGKU1auRaeRB5JtYvxooWwYd8+7ahO6nwdXKlPzJBw0iVQxC4YR9BoY1r2Q=,yelOd6R9JgnDuVYP7mv46bkIcOSK9vI9ZowY2WcYUB0=,cymwhSHMOT7Ykxrx3S16PP9r3ehZfvYrQmlGhBHjtQ==,haM3BllR3XbNr2z/TtdJ1DKDkPEJ02zX3EUpitgy,ezUbZPHefncc3CZ3IFbfVSBw6nAZNjo73d/YKIvGFiA=,YlKWkMn3aMBKGkxtju0uZYmHng/OcMmCWXkWG7N5cyg=,sMZt2eINOKQ8PCAE+vmSHfjp5MO8PaUxUjulGaDC
CO6Q3M/yOiX3uKMKMACdnOgzwAAmFgj2fJZWy29s/rQJ2w==,Mv6ANgX9k7WGqdhwdr4eKIfukJPSoS4U9kYVLrmAiB4WDCNXTA==,ZITezndSEaXNioUwHmZKd27qlcEGLyTWHVPVlto6qT/1rbhDtXH0Y+w2EbAm8Js=,UzrsJ7SjQxf/SNUYSGumpN+gIHsnSXQWyWqfN1xyBNg=,TezmQWD/tnFlAeFuTk5L9Bfa7omPeW9Thl5qPfXbPg==,7uV4Uzzg9oK0JlGsDwhzipJ9z69ONAULEOWnC1aq,n7mLgzOtxTOFvh41gePkrK7waScPL3zsezEP1xINUdA=,Q4Xx6Zuuwauegb7Cul2Y8xZsmGiuOe9REZAA14eY0vY=,CTph77KLb5VjbSEWxcTh0RcpupMlMEnU6AeoEtHH
cJo1BfGKZbN7ozYkXeEqZ1pxjTRSqLAkbkiwhxzrYl6RHQ==,DJLIFFpLlrdBgdNP3sGIeggJHF56QQwN5WlrkkTOKFu7TZe2+g==,cUgpT7lIREFi0CS+MvEoEoCawJHXfQBYi08TlrAgoh7knx9gChImhVvzBklKKUU=,iRLY8ccWdbsHEzbQCBgiPTyfuSGOPblsK1GrZrxNgS0=,NHnmwbREBzwowitKDUpxVoXb8zHioqwpRJGElrx3dQ==,ffrAfdGnevLzlD81bCpAbGPkTWGg4dhUKeDtdb0N,/saBnc7MzYQkxtHG/NzyhFIvGaIMXWJrWDfoXD+7218=,cEj5qM7k/vNdC1luHyBuC6j+f4YbVLisN5Pks8k6gcQ=,lzirGTUFMVh5xj5F5JgVlWbqxeGfzmhSpFAT8ZRZ
/3c0fbQYIXczvq//RuXvKkBSCpcNtJvjyt0WPqDSIp4L6w==,pfdeeBIyM3cScQ2mAQ8QE5cU9rjhMs6o8uyejetf/BJRl2P+zQ==,KcjJqiOa7ZV4+eDxiqR6epoTMBzDtcoGcvWJLhDfhej5GocPezdEQgrtNQdDH1M=,VmcwKungAV+oVQzHFc38QgOQ+DuLo7x9rmwf+ynKfnw=,YNyUVqhcGT+JiGTPkOzE9JY/6nQyISklDf1dq07nMg==,CkjnYwuYOnyT3WhVLeb8heXIH8AwZDn+WOZdToG1,gH60M6OZYrY7xdhvYj3ce7i3fbR932z6dQc/BF76XCw=,ITsDVclu59N5UkMRk+FJi18JTXN/9uzNrCTRDP33T6Q=,nb6m/AEZCPfNfPzyTxzrQWGP6SxJgoMmbQDvpNLY
nybn7il9Q3Qx0BThh0micfu+70mTy2Be+vJiUWiPLzzWQQ==,Lpcmz57SWcJ/ubhrPqC9XakRk43mBrSepNna7a/wCMflIF5NYg==,lydQG7OmHxRDsPfQSWsTIGdkaywBuhIezSDbWgR9FNLUyRK2kzv8LsM8NaaV2VE=,uZ1znU9eoH2ERyVs4k+9VZYWvkBcWnbn+MZgQH5qcUs=,kWTayrI/nL2A4x+82wmV1trU/ZmxM/5R6cmt8NM78g==,agAWz3j99XBV51iexoKzZPGlHwljhO1iaRcPTL3m,/GDQcjN1LiI4lVI35VuvFaOE3+ti0Y7X2+1nMU17UgI=,TPt6TagmVm06q6Xb63fvjSJYb2ZDT7AJ8OCfWWsP1IY=,2O3sTsVgLpDVAWdVtCJiTq3sIGUwT/0zh86TtlBx
L2kYPeryUMoP9f+mVsuc5dxj0vidtebMek/TFtioxov6jg==,bcIpZQBK0VL1QL1z8IoUjYotPmffEuDDehmUbrd6HgDhmeg7Ew==,WWNRhn3vQffpdu0RMYN9K6OS6gjt3sntIrgtpznmQaIZcvx/5eWa01suqz4Hlxo=,B4DBhLL0M9e1sJzzksDK2ATli6bOYMKty877AisIgtk=,ThqUPVVQupEJor0ShSsadwmW5wRga77AiHO++hkcCw==,5Zzt9y+NSN6ycloaphkdRGtDmU4P6dc0ARL080Yf,bNH8Z+Svbq+/FgJ1zUlOhnT2XPyWOmbfZtlv7zcAVuo=,qqxTVfMK8j3zJmgX3Fn82VX4CH47mIR3rd2cim9rdWo=,Rkb7ZjwiqlE1LEJCcZcftYfeyePyS99UJp00+hmr
s53BLB5R96si87LePOtyRTp4C5epIqxhtbZaE+JS+7Y+Ow==,YRJVIbqBYqH+vDijiowdfSIjqyfLEhWiAMxb7jZHEoFoNeBjEg==,jY8sS3W3bLOxI2SFx4rPG+askbFvKaPBjMtxKP2ZLnKgBzrTjLneuVUlkcx4JzM=,ZUsyJonnSRrF/CxoeMwU/mnF5EQfnm2S4zXXP+m3HUA=,VO1WGly8cImBDy5VGFqh9dqjIKDFn0pqP75zFupv6g==,RGtg9ierIlQzrGYzgVA9pEb/xWRn2kahScvnFMbT,L0KOTsvZfK8cWljzwaOTk4k/yGYfiG8NvAmULRSDpfc=,rFkfOSsZeUd6KswGztR1PDSH4FtTcHNLJZCmLIYlwRs=,0/tVV3k3HogRMWZ/XhnWTgPwN55lHy9fhxrvu3y0
QhITFktJm8R1SRfjwZuHFeQc8oeOHuQVd/EfPaKP8Pym+A==,+F+Ke9LCqZ76XVuE7TDZ30zinw8eD13Bta1t2+PLOFuq0RjiaQ==,fv8VS2vHII7jz4dF/8GAdGGS7uzZqQc9kSdkobgK+HmutlMbnuhRVztbQLcZc2Y=,SBEypp0C7Dqx8UhOK/sM+xsCQUP3ca18H9ZNhIZ2IJg=,8Xny6NmlCSU1W0Wfm5OQa2HbxYiWWs8FtHtMA5BhZA==,zpdzIqHX/xnHF5Y1cYJ0PEy6pDzfAYagDAgN7Chj,/v8q/c8apX5Gu0Q0dzmxKbl3p9IANYJ+YW82VAG7Ces=,63fsRd5UBxmWa4n5424F4Gp4D36TmJFVt1V0zJwoBQg=,/G91IwWlgzxVwSaxetH5MxMCapXd4OM2L6GBjAKv
O8x08w6quvotrRDNu8VVeRLTG+rzunkMdnq6ee5HVcmNeQ==,VK2xvsCv2GSAWbB0wgHMIHpaAoknGd1PyjhV7fJykTy3LojdHQ==,k6Xy/tnw1GGTqcvkc6X9fFw0h8+rtK4t9o2bJqZvSu4JlozqvVIUJShJzm6IWXw=,GsEM2X7ZWe3Ne08/+VUp0ulCCYi98TzffnNs7DnEhHY=,1RDDtQVGrIeqA2NgK7zoSS8V34EJlPCnX5uvfm83sA==,anIBVkxnc/8EeKwcpETVDv08LON149CmxC0vXe+E,A9da8myCFs1Y2JTi534XzL1st7N2aWY/vRK1qYkr96Q=,ZRpYfSjiJhOgHFV7sSkk7PjES87p+Nrj11y9qaFu65w=,9zJ56gdrlLRNQFf6W36JilQ+2aHSazIySqDQV8LP
dtvN8rfYhs5LILj4wy8pX8wAf2KopdRPQwbyrYOUTvR3Tg==,Ka5LOFipBHGZXvJ6YF4cBteT+8e4+dR/GJpXrrw3Vfjhe1O2zQ==,JSj6DUe88Ff6OzZxnjLb31qC++tCrj9++sxa3sOSCpw36Iqi72s5a7OZXD6Mi+M=,sQDwFwkqvab5O661XQbo+nYiZqr4wdcuGsuwz3kI5oA=,azVn90USjZ6lByErZJjzic3/uaKcPW1leDzE3TJ8rA==,CrjMUoPoJFO0JZ7rTFfk8pITmcUKTV3eI0erOo4f,h4/lWKH4Td7JlqBuWisByKZaohttxjLkZbplkZvrvVqd,cL39lrs7qpzDWaZYS5kwmU2Y8wOGY+KKC0LdZkj6C8M=,YgrsLsp6fXfedyZKougR9YlD0jvLsQwN/n8GqJzR
iDIu6m7sEpw2naK9j+yEt/ZBV2mL73az0amH9fiwb9QtSQ==,/w4upPDKW6coBn82Ck+NlQqi2SAGvFAj8qQeA+VyvWQbwujnNg==,yeC5hEc0VVUkAWfLDhULrDM0sM8ik5zS6YFRfcfnPfSrFZns3ZIJbFdtinga25g=,StqE5toUFU9D16p38CVVV868UR5mOkVeOY/7G6voOJY=,leq1mvXMJAG/x0FCZspmP09Kbi6wXHD0TKstGsXkuw==,UI6eE0qH2NXBNS0bXpvCWoEf9EIhewGCRBso2kTo,smp3heXdzoES1bgXo1eeSkX+DM1sb3gMUPEANi2ndVk=,wI53o+J8dfjOF1XTIjh7ESTWf5q1IGa/nVsmmGQfOiI=,2rkNKDr6301rGF7xTFBbJXM5irHg3vzB+H5VBxVq
rp/01yTp6N4+lKSBcZUys5QI7mgn7xbZBeeBCfvTGDXmmQ==,l9gTlQlR1fgOpALJLMxRxVWj8ym8rINMm+e0cJ33nM6EBk+XDw==,hqDl5x27eSOFDDPzT5hhhvvq0A2Tev3YvrOD17kOiU7Ta9JUeEhgCpWYX+U8iuE=,wMxF7QY7QrNa2mEsjC0LCUt8KnHPqHNuIE3imuz5f0c=,wrgybKqbezXWRnSPSYkZC4Cm+qP7uFlaPzkCl9iLnQ==,6feeDR/8LrOus/X6xV9arKxDZ98sbJmKlNulrEzK,B/MK+zNtPA8C3CukfSwCuvAylq7vUWF/6IjwkgpJ99Y=,FRFurAzxNQWnj5vRqHSwqJM+w0Tz2rOslLibcN1D0Nk=,4xyW8I35uwUegjDM8mx3IHGM4xpW6Duuv6I/ZLai
JxG5RxS76JnJb08DlBnRkSwTNTrvd4fM00gJ0SCWrAzK/g==,ybt1yyHvbqH6wU+gF4OoIShGmydF0u5nKuDzvYsjSsiwd2DMlQ==,kUTd8Ht3OT0b/XOOokpQm+mqKkcCr5ciwyYHcQtAUO78sW5TjKgWljkD3eVwH3E=,mj78+YYNUQGr9kPV43H3j9i+/kYdmFNpgDJbAVjvqTY=,q50p4svX1JAuinzz5PNyOz6Hi6PY0gKNc3NWEOu+Pw==,XtauHBzAfKAl6Wxi1WtDjuvvzS4GsGH/BdmKp0n8,p/PoYCAkfS7tl5Jd/tXsbS3fTwJFw5DjB53cVBITqO0=,gw/iKPNdDVgjAwNTHBanITSZ8hAWDWDmJ5uK0FukJ9Y=,jemN19IdqBrNtfa09R3YlkrFc/Zi/qqzZ94Ydc+f
4HNt66IpPlBvarXjEH4fEvqQ7p/iRIPfmzCTWIk7cJKr4Q==,xj4FB+wrg7nn8gG0vdZmEFjxeG9B4boI1Ey/kwEE5cYFmbRCRw==,9tXtekMp/4BGf2O/RXYl7ryHPPCorF42cUZ2eLuosfD1kcZWRfjHEhKoloPdRRw=,c288bFqkHmklwVi3+8XXx/iISJJnboFwQFNbTF5rUMQ=,BiXSF6MiRZAYr9fkVScFeFSYZ9HzZTgTeTeiLiNIkg==,q2pUqcqv/fCCv252Ixb5RvwI5NwZo9U08iXeXFCJ,DY9RpdermqJU+vsWWzePXDsfRYSBKNqa8GJO09Zw9ds=,pvAUZ4uBYExkR6hdXcpmRS9pvr7cEDr+vKAx9NT32aM=,y7AOexxBwiDKSPCJcRqwMJJR54ySiu0eHm7lGtvd
BqJBT6yZZe2QE9b5KfoI/ygIBvvSzV1Yshi6DiEAM0Rzrw==,ZGJBNrhZ99WyOhc8CuDmKCZ51cJx8XsXPar6bcO7Aw+zJoXmdw==,8It6mAkSGP1fraElsN5iShjemZ3UOcc4wwpSRBsVF4XuOavA6WqhCSsnneIoUqw=,HyjQtdaKhjvjEXFtP28Tbe/2UliJ1CAFBoSvBtFpmcc=,taoKQQCxjeRwoZioSnbl1Y+UtHZnH6/+6RrjVNc4Ww==,jGzQeDADRcTt1C+NLdxKcFgtBvKps/R3eE9pcCVd,b37ngNx271+m1RI/YeAsMpom8UKf6t9ksYNZMdHdz5g=,m2sYPW4vmKKAx/nmQZ0rdIp1NzB4MnqRunwjv8Jklxk=,o/hCza81NGgvrUCqjdn00spi9yoDCYgEMehYezey
1wS+feP+ydQC+BSozYaWAg7ureNGBJNtRzozKNulCSerxQ==,eZM8/7Iw4yYydtJoRFX0bAkYIGrloR1EJLrgPOGik1OppwiAdQ==,y40pjyLz+loPed4p2pbfE5BQltRK4dxloBvEPvVADzLyPW95PAN01selcdtuHbc=,H8sXiZa86oxzO0r7VS+JPYU9S/wk7xpJBNEyHpu14Rk=,EnUCTxYeXajOrKxnhNIa7Tfoq2lpzhgaaPfCZvyjUQ==,YVqmeTJ2lVNAamkq8qA7UD81k1Wsmj+oNvRJUudZ,7fToRUh/jl8gBFeIpH6sk5IAwyiWrNtttMzLcY0ofDE=,UdKcsITscmp5b+SXTbqxT8U+9KTlU1ssAzL+t2WVRFU=,QnnOB0E//T2S3OuGmAf5IawI8VYTGzkny22S2EgN
vy2sVakJFle/p5XLBbdhnTo+iU0psm2L+AqjvKxxNScMjw==,usOJ7veCigQk2RAVL0bKScwlbVeFqI1XcDZYm3az+6dlKCH2sw==,qFTmdCUjgsFRsrMJzTIXWZMiSkz+DVWKwvvdr6ajNfcIAEouraWD334//kJlBIA=,lUl6vhgxW6S5MoV7HvgFqF+WQQ0UC98iblyVsL+wFVI=,WGiDVxYyKvzhdIwC3gVpYm0+BW2DFqVF0ruFDJ477Q==,aeW8cXhNVjffmzMBowjDlQkXFLGsrEfU25C6D0Gi,+KKhRDKZf6F+zganTeg3TyY9pl2ECHkfMPbG8Sgzfq8=,PPAelwYlsuuUHEkLhZoR16sylFgggeErAvuBjoSdfiA=,mxP8eq6J/WmLZQfGhoDT2/rOOgvnLylwPwlNVY/O
ZHBmxDQ4npofDcXNHH8XAwx5vW6tpk6OIzPmkw/VpaQSRg==,LjSYwT58ULv/+thVXq+PMA/OW2wVzKqE2Vcf5HE5YEitaj4s+g==,V8fXvr387kQByYJXTI09W92wWaVlWeyu9FwRu1AYrly/NaS0pXV2jzKrpeTEq6U=,dVzlw18zfUuzo3o/TseTWltrNv1RZCOE6Qys2lJuAWQ=,lbINVKKPQ0xL3/4xmSby5NlVej3pZNhEvYvSnOQnJA==,aKh3T0D1q0EWJI3fGWKOzLzKuh+8fvaGqb7fVLzR,q/RIvANn6TyZRnp3Tb+W+30lK9j4o3AKwrx5lLpFiXI=,1QjOjnLZ3RQkNO5AahBUa6uaI8j+dnvC515ur0vu0Ts=,gPe2rgdlzQ38E6oZj8uJouhNgoyoznBMcolcpBdH
iX8ByiE1L9EicR/1q9WQqInoJSLrB6OWWgvQqQwDnjPU4A==,Yr5jONLtgS0NHuFMviZV/FKNkvFfya1H+Z4ACxMWGf8214l4KQ==,qUu1gtCwtLGJ+jf+Zty64DN256na56jFW3St/ZWjywk4YjqqzQ8ykqBUebbJgN8=,a13/lLqPAvvhb9uD1YvXrDUHlfpZiAQd7miRiU1IL/I=,hNzCe+lxFm0J2lcFJ3GmR0KFTT8i/7fSsFpQf5H+kA==,qt7R5/TFpwyo8UDbvSG3ec/v+aPh3kZbZY7dclQr,NcGqB6CzEPA1ioSo7c6ACUEunFCSPreYkMkijimEkqw=,kIttsPmSbWo8R3C+yYO0F4vcsZ/dFCumoVS7Uv9IKik=,oEVRJ7lXCwJ5eo8iW7b1oj4bfh7LJ5R3FnsmjJ/n
f1WpiFMoLjTea0yqfxCpG2pFiWjk57IBFAdSDXb++jJBzw==,6xIi4s6N9UFtzCYxX649U/IFaYeij+3hWeF5oD5eBMCCF54tCw==,/m2qYtjtqdZNbkNuH8SwfMstIquDBZp4ziGJagFeQQC47mSjykCqNytm8QGvX8Q=,zxSATVkRa6p1m3Rv6SrX8nKruRDUZy2dRDHDuMVTkxk=,XIe88Tqjzlt1gdbGsw99D4doVrk3ALC6v2XV909TrA==,pI85gmYGdv1JtikircTgbIsdhU9D9CJ2dT5ZyvEP,BztvM4q+22fzaVjKtDJps11QkPDaLMgiwsPxwTD4ECM=,D8g3NO28uR/L1xjuY6hvjfgHrg1sJnD7vajnW5PANI8=,HHscBwOKuLKGJvhrFjRKtGDyWTuww627WfeEGrAf
Xnp2h5aPGwbhtBwfKTLhp7N6Hx2HhsPXc/VKQlKDYWz3ug==,5LDIFpDTGe//baPBq17QvqVzfL4SwyGjt4G4XVcftOaZhKCp1Q==,eJ7ZQ7cKaD0PelwICtU6It6cpXqxa/odxFcwKXDkIzpEuqibujSsJvLrtmf3HAw=,1XlYcxExS3FG0jQlbAlJ+aYENm6T+epQp/RO5zBDtRw=,QB4T14PvZzz9FNtoWXOuLzWNJLhZrNwk3XMrd9QDpA==,jvB5AMHxdnkflNnY8X6lWLROclfg/aiuE/jCGDrt,RVlLn10rlYJT95JTu48FdNfRBZFLvo91QR9Pgnioeyw=,TaDkazfTyYnv8S709VZcqcpNvyteoWQ8Sef1M+Natp8=,xgf1HorVdenMebjv+buNxEz757hEvPHChThLT6np
3rgCX9/gN3pH33r5esunBiKlK0nfJ5dXtQLx2dnyzxjnkQ==,ZrWh4s43yIXQPT4bren4oOyvEqdaHImfqJr1YiLHku7HMGy/Cg==,5szok6XhhidVCTRvieQawsDm/X/Gn/jmxJ0cNGXYFoCXUPLoOZPqjeDGZsWwJg0=,puKqY7Y4zGFG6qFDvfiZA7chy510Y9HZXcRiVOJHR+E=,h3de+DFStn1PC88Y005HiF0JBUjWpjWlTJorfSOXgA==,7tu8xkfrXIVYNTt+J/JZNJWl4DSwCTK9pl+axnY3,GOj9Wb8+ZjEYKU8RP1hiXzknWkWbUpKOFp0CMqojxxU=,3EtWlDqdpm64gUfLvAx2tfRZU2qfFO0Czd0bIFgbEVY=,bYdYrCpnQU2UL+ZAwtpxBjssxG5qgURT58et3X4u
kDx83sKh7331IXN1EwvwxC+wDOKOBwmnox3QdgZdOLXQ9w==,0alL3ox1y8QpJ9mG2dzCw9+li/eFpQunWT90/6woeKD8tprQeA==,TljZI4csrZZx6yIU+sbPqvNK40HgGtO23shUgU4cqejz8S//3ly4dbRdpCIwvvI=,QBaJ+HNVjWuAVlCJk15z9wGaPHjrwQYU6DLJKoQcCAs=,jnXDkME5uXdGyMUmQIo89iHaQXhp5mL3gRLzIUBe4A==,q6HadKE5vnc2bAdzkf/zTE49bJh+UI+Zqep9zjp+,6k/+inZlPKooh5gG98vs5stCmPCRFwTMsRVbno36xf8=,HmDmGNyleECFz8dL9YSODWV8vXEXIeP7QxKoMK6fSy4=,IJmwBCyBCF9ycOXg662eeiEzM+c7tGdmTCNR56Aa
2OPGwQeKbM9QsYocX4L4CwBcci0oOn9ThrG1yWkm4ocAjA==,c+kRMhzN5OJKUEIpjRNOwZoxbXt5HmnWD3LB/1uotKbxQMGhDA==,HRPhhpz4wVhwRFtoz7wTBrAYPpUfT2raVwXaHlwKLXvZnwZ/QTy+Q4oCjuAOKEg=,Y6dJ9YnOB5iQyozFHHBW6s7FK9xGvEkkqdlaVd/Xj/Y=,uSX96QNMpmfEgk235ijj02xnt2oE4I1u/pNw2SoatA==,y8NL+3uthhHJczsMLiHMwuL+rmrwcJqZVWE2wWEd,hungmyoo1ZczBhfCNWDfmrfJis6SlmqFgI9kagbV6zI=,D3+sgAReWwCXaa2LCcsTNPCb4oziXfbwub1TkFkhLTs=,je7monw4QEBhazvI7ZVd5s/vb4jEycgDxQesjQzB
YQCIawXAYSRbNmqSGtJisigWiKvcjhRKWpwGbxhk20qUXA==,+CAshAxiPb+mSj/ZokY5FbcwN1K9nkm3Wv6mKj9VBPVnWyq2gw==,Dg119nKmh6nveRcreGS+1qR6UlEH1BZtJ3WKsgVWBgsVrDYtTGMZ5uA2QclYmeA=,XJV/iJnD31VzhgkIy+Sbs55LODYNSUgPgWs3FSs+zrU=,AA3c7eXLGrIptyvJPgXfjJoofz2kzKFw1kwncE/MnA==,uJvoTbDqaRMJMhIvlXWPrBOhAqTLPcL3z/suNt+j,AW9ID/hSAvBG1mHa4F8GFXSalQcY/aCwyr7jBekiuHU=,78wxJerFLWHRfzdo/spQoGtfNKKN5g1dIx6oEg22CzI=,oNmE67ZBONHgsZ1s56GlheXRSvEItNsYHm1oBRU/
cgccq4u0/dNwuFsUL1o31rNGIe6pke34Jril8JXVvDatug==,LsHYH8dzvO7Ug0ctAGGr0iFDIrcJv8f0hVb87Ciu+Dxe6n7Ybw==,1RCvPQvQ5g65i1PmUUJ6iFURgtgcpX5W5yT5RNRzYlCr9pTnRClgZp20D0102i4=,tq+qM+js2y34i5K0A4mP8K7JVVdNqSrkgc+thfRygfg=,fRDGrW5KTC/MccD5MqE7MZYL4HHGQ+jmdwID/ErWQA==,vVhk6sVVuH4j2NweKNMxZrcyhgwEdnOJqyX3mHDj,ijohvh5MeY4WXHqEf/Bf0bfN/Rw6r0VfHCK8MnwmOvA=,0f/hPGSxETKEUAAuYNCmCMpXU3A1qYMvyVAtgynyOCI=,37yqx6ItUTaU8kH9bl6pWBF1AGYST86zTCAg65Ps
2DbSoIfFA3Jr7g3qS2MPj7+wqXF7QdlKxZ0zNkwEt9GUJQ==,DUdOIa6VEKXyf/gn2mTaAaLz9xOXSAkyCcvr73Zp7OcSM3Bi0w==,ol3LqMmuSEqNI+GsR2cpHVz7RiUePi5auopcC/yT+Ks17MqmQaNlMNkq0MxbMVE=,yGoIbUYjgDpY4rLJo6Zzg5rb1KnSMqPw9U9doPdB2m8=,aUJKQmoc2Fguc+Ihs2XVA2bE0l0/Iul4/4P1/rJUbg==,7lWplRCSxAFwBqUCnx+TSwnfAmd2NU8a1aWWLHGw,hBhrNhrAbK6xbbRb27yzpsjUhVS/m8YTdQeztkHDhoA=,j+ZEi5FY6X84cCgsXl9uRgQ/FL/PRmVopj18KUQ1yw8=,EMn7e+rp96rXKXZd8SlXgxUv6B8gAHXQFnGxbLj3
bVAXW+n+FO/XIagpTWGhxvzb6iwrBWW2JmYMi+LCcnb/sA==,jx3arCW8wMRQukbh4gOqcc/YvZ2tHzjRIFna+WGN1FJ/0TseKg==,MnUoZBac1cj0evNYEX29itJmQM9iO57/nMbEcn6KZ6s3aXAjPDo/S66KwwuWmJY=,/iDXd8K99yuDin+oPkpoRKfGm0J/gjVnMdafjB840eE=,kTQ2ZHaFpqOftXRqx1dG9ZLyTBm3MF7vwzsNQjjnrA==,f0onkxEIPsrGwbSmmdb//13AWLeBrEhFeuRP0iC+,imHNB4gR61Yshkjk987sr3O/Vget5jpqiGJB8sKnins=,GUhC72sWGiY2INOX260oKq4a8ZmLZ/Z7rZ+3I58n294=,6rtPcHfmPoerk7u6Y3eyUhYROV+0Tm6m+zZXDYos
kdV0f5k7AIx0JJnWuYxNeyd1vJHa0tCksK2J/fkPsUGTzw==,8e7Subf5VWOqpRvF0jr0Mk1uIp98Car5N0tGuchkCC0QcBU4oA==,gOZzHUtmSHbGshQ7teP65Ob97pGaZehAxzdHrcfWWnYmBOvCPG7x1oSWASH/bGM=,RsNkyyc/fPDnPdsh5TfRlrHxLAan0eSyLPhaQVbxKK8=,yPceUy9nyhfFExhQTiVFabbr8+O+If9mdIFUWdT8pg==,ur0mPexDL8ykpzQn8UXSJ49rETWJ5p+/MrI0FAM0,GczvA0Xa7Phz+e5BGq8xo41WNSyyloFWccIp6zXtEtk=,JbTRUD+xdZ0MvU/rPeOf8bsF4CzDsIlSnVJ3TbFPSEM=,JhSEHJ2f41OJej34ChLH6VPwJrF4vPOU/2xa9dg+
53Pw3ew7vGhtDjewk0+jRC3qkVcUu63FXr+heua2nsB/Bw==,GkoBJjXDYPDC/sd0oQ/Tcxq4l72slA/J6MPgUB1pHhQD7dCrkg==,Y0MpCI4Xx5l/WDHDMhhjjId/5L6HHx/3TTyn3lQObVrbcrO4nSnwTitvxwnx04w=,M9y28RRUCNaL36Pk0l0gnbCrIwQhLVg9ehCPF2dYA3A=,WQSzAgMtGFwmrTOXcqSIk8GV6yfAbIK4xV46G50Baw==,9uqtVGNrUMhe/LSrd37UcxeQRJwd7F2/UZps3v+c,+jp2+fPdnDhUL1snwJisuBF3sYHZublxM+JBamsxFVM=,ihjNXNpTtmCIfGfnX+FP7hhFcbvzpXVnlrQslCZM6Ok=,d2BMnAgl8MSOZUKn2aPjCo6TU8E/luMt5Qdz/xVm
hKNcl6iK7ctGDU8qoKnXUOvLfC5XkuFd4hyCroYebksV3w==,9nKH+0ncSQpCTElcj21EYNWVhZN5SIgnWaYWRHYQuSri7klvhA==,SVJSpcZMZLB5lhtfNhLHUVJats5DxRQxGMZMFt18/FFThCmKmsJD9S4t8mk1GiI=,IFtLH46v336kQLAKeXKvhFQagkFsx9yCuynSQ8kYQUE=,guvgGVe3vFLwdcCTuAU46hwQAIO/7V6Yy6f4//O6ow==,nPgaNwAZ9oj3Ls/QEkdNJIeq7RLD7I2MYnJSJ3jz,uhrL5lILO5cUTJdi/UKg9jPtN6PG2JPePY0otVTAqSo=,SSJXP3gRy0W9GNNhe0EooMS4CGUD2G46S0MZEZ4Pebc=,Rl5+xm8bst+YJzeXRiTkd74Aldnvi5MIzYfrY4hD
6hUNp+RjFO8q3lXN+Ru9giPaQzcLzVwwZGikKQ/XMbzvQQ==,anMrCvw8hIZ+iP9ro5XrlrOcpR0DpZV+aqxfWH/34lJMP1OqRA==,FPNz4tDlP0EPtCq1dlh3qlKf4KOMiofGLX6TSaABEZgJntQJzWnn3Oyb/Yhc2rw=,gCH67kzVIKGKDrIKdqWOi+0cDdXnPrCZesoy2OY3Z1s=,MdOo6L2RSUakMQH8ovwi2Ud3PHUN/N82YUe0AsOurQ==,JIwmpjND5ryFUVFv3MR4dSDRpflkwRVW+L/o4rR/,YOpfZd1WQ+IQfV4oJjmPEHekVPXa+Ufm40TAMjTYL3w=,4M+O0NwoMyU0wddvu0U0B8JfcdGgo9luwzTwCWYdP8s=,xG0FIvHRojJJKvydjOJ/aXxd0UBnk7zekgLuggZ5
qTcdvczxY578lgFLv4bjKVPW02mvZjm9283QIAuy0EmnAw==,3zctIwOajUBHCaocFJ6hMOTc/dNoU1CkJ/1AkizxMiK5M5hgtQ==,m4QzzYz/pI1wg/yaL1RGdNCLgRVnMl97Zr6cTx3qQIgK74VulqbaiokYf8u8E1k=,OAMtlSiBKvhezvoGdnYFSXCwszg+dNRfsBeSU1q4/qY=,fjZjVaq+GV2oBwCLq4FEsS6GLMkdziwuRuSLcO+v5Q==,0qyP7yrJ/JEAgvbFCnPhgevfwm8sBi/XPuqEYH/t,7dBt+fQoWSB6lSihmN7lOO0rAG9oKdUdxXf97RMauXU=,dgJhqsv8+f+er0/5aRc4JXshdc9UTp55TJWd+XinVSc=,UXVpuhJt6tb6Z27xCnHdM++aFyRoTQVykSrYl8io
oXtPiYEk67FGA0YWSK25VXJVem84T05e9ucf4LhvPuiKgQ==,W0yYj/qTYOM21bE/ayWP+P5+uEt9YWpLh20XmATKFM+GZUobWw==,Uf8OiIbcfZlYJ1tR6iyACKzHzH02MJYve6k8NNQw1wic9AISQaZaMtnbcvBaAFo=,etFA8acgleyWTOwqps/QenD1nVGt5/EdAbnpbh8xyPk=,gb8kPXiVQ/rtPcAom5InQIuzXGd0xEfYDYtZfT9JJg==,Y0p4tUJTMdOm83/MvvzaFPe7y5YLjSVrioxk0d2v,Ssa7uXBzfv82/KNsf0H4WmnOTBsAdRlNEewdJmNskv8=,5ULx1goZ1Ns1CzT3yTAy/uUYgq5zF/N9dKXCZm/IImg=,qM+lyo2fWlzxa+j1kwDk4XFHqgFpHLwOJ9DjMHBw
oy5DY4wtI0Quiqy6BfN3VefmuvcDcBLOVQLvsqlrLJBpPw==,+AOj2C+TRRK2hib0UIpyIwE0wpMF0Q2kCsVY6GrjtItOfM0shw==,KKLYHLw5n68tvbDZQ03qf1XO7ZCCDYTQbDt0IBxQlRwiGlccTIYWK896oxO7oi0=,Z4xEXKkwpeAxUCJwITOBBJH8vTQtnEHp9p/LrtNkMPg=,A1eiC4yGW85Anb4JS2pdghNb81agw8l1Ixdl/MthQw==,4QIU2/OciiLV/2RCORd/2/KA/uqJ5QcZzltvxkGT,4oy1/Vt9njIf3p3l6xVHmrGiAdVSt+Gme/crC59H0EA=,ceSXhsex82J3SgbpKhCjqugHovGMkqte6Sm3I/TMko0=,ulbSVjrhr7UGtaGOODcJ0NgcoASRaWhYkxVQb/sC
+pNk/JAvqgyXD31LPFahYRjqv9gfvtVKO43LG+U75JtHrQ==,/+0Bko6VRzi109e58BkXGaZ6Br+UbVQJoCSTiJ6nSg2Q27bALQ==,1HPUGnm1f2aJWE47JX+LHNXUR2tVGxopaieReEKfVco2eOFwqL2DxlvjMOepl6I=,z1FkKGhKG2BJQPHnUetyKwqS5UY3BW25vAmTDAAZfkc=,uU3eA3FRk0oYVfNktflNkOTViGDeZViKPu4BIhd52A==,dVR3MEOkAk+vSrPCeamnvEtX/auqc2VITsxjZ2Wb,kcdr78sBp6jvOQmR4FhXl3fD0v9hFveyfuuN7hBU1qA=,ZcGdVN4TChFIrB4zmwUTWvqRQEbVtZUWP3kOt+p6RSw=,pPCrcKI1VVYz+ZEe+lx5xOZtzNQC7kHk5iTPKAh6
bOKkHu/QQFd47iwHx0aeyobj89czwkG1gfHeELwNQaEnSw==,8GyqX+0nQ00OMy7+Q/TQni+hyYnh6+VB9D/QQD9ZtJztbbGf+w==,Z84M9XOW5hooDvS9FkO2r6haLNhFwsVyl01TC/cztUziV+xeb2QMHfI9ir/n+jI=,3qKQe5iNo17BPjiCaPkKWkvabZdjC+Le8xPF603Pblw=,LD9GUGh4Ww0THXEgtv+fMG+PIhQzG4EL4XZUajQDdg==,ziJTWlF1QtP+JWbpsNUntTQjv47uk/rKVBkiUbPG,XElxnhsxA8P9p3yAIfr6Ojk/ByCEmd0OTqlNKm/HiUw=,yv7xFj6GnsbUnHyqRfm3LWo05KHhEYOw2L8G3jeT33Y=,F+OTs5BQqisZL5Cq/w1XiewpZBpD5rw3AgG3GDTL
YkYgvYJ6eRd+j2hA5d1lTOCEKI22XzkXEW41+7oDXoU1PA==,xI2MPbwCpq827tvE9N2fbFTzBTKxtgy8MhmbSaK5Rhr6bBhE9Q==,VsliOpm5IucKuOX1zN1oL/ze2euE8vMXi78huVIRnBhbuze2/PTBsc5QBBjeCZU=,s7TCqF5F7lYfAAMy+HW/H2x12F1sey1qHatEOdgNJKw=,81pj3eVIG+I73WeFbfF/jRA5NIbI3d7QIq6BDL6XWg==,21RaQ9VpczzGyhjhQ0y+VI7s83qc1XeFYs3k4TTO,oMvsLdjtE50FqmJAMYBF+2JmaBa0R40fdhLEExZ4+TI=,j7LL23MS24dn48qEkp8YbffC+ELd437l3TplP9IBv+U=,UVmo3+2lLakN2rCldRzGu2NSJ6R1CEbFVoWj4CF2
TgwW3PJLNk5iiq+kg5cc1HABy3/wxXw3/+tmhaJYP4WnSA==,QofNHfYHvGB6y1vOLhF8/NVkyFGf8IsC3Gvn63XtUpRkTNd35w==,cWxhSbtABPBivmdPSttAi0njyaZF6nt8Gh2v9Q363q3UidYTGXfcua00OY2Tqos=,tSOQ92O3QkrSU8Vuwf25I4z740JbDvzw4rF2FZVBhEE=,kGvLXutZj01YhBGwTgBqFsckOecR36jVBz6mXHtNhg==,/HDaalbNYVwnVHqYQXdAVg0DU5Fj6pNfqiovTTli,hklktfxxxfbco19F5IdJ4Wx6tcgXA4a1bSvcOrtggSw=,rwtXFDEbz5CKDo1FY4OhgcVgTNXreAMp6m0cfky20Ow=,lL9IlO/nZoBJGlVOPouR6B+mzLQ8rIN5aj5iSwdA
MRWps+kmwz39VTzxi3cZmACSHJ+9KKx/63QISjnwJFFVUg==,R/MTJ+bTGHCDgYaE/mGp19nPQqSAByeG8WUJQ1UTeNmT2qPS5Q==,Q8ECaeMqa6xpKvbKpnPuqpioKIDVoz8xD3YQvrrCIbQPn5iwL8lS5J4viglt8js=,3BGNUbiZv51wY40ehfW9zwLeEDVpYzRzXGYCAiUa2qs=,LkVQI8E4qZxVGYG+a+pqpMvYzF5GAryvp5gkLwr4Vg==,QKfDeGO4R6CeqvDgjrYo9v/7DfTp1h4nSDm1bBzG,JvvCQ53G1jhdvnN4xTWEPOWrQnWXzTcfbB9mtkS87zI=,YsbV+RPe4FgFryNrOKD0id1gqpzPMEFolGV+eMKXBcc=,KbBNClhV2TsArI+EII3uCg38H2kE6cBtgB3wxY1e
ypGuBRx5Vg1xgSFOV1BScNST6OLebSemzqR1lrDBZMvu9g==,D9PsoBfu+Q+YTXjqnxZcLcnYEJSp5hnYY7xS0pnNYtAkBNQ3CQ==,6D7LdHWfYk/AFezXZ70cgBd0Ql+KnAs4a/htK9QU4UBhOhaJXB7wqXJOTiSyHNY=,H0qYAPsmDH+xtnEAT1CTNXjAldezr2nNhaR6a5tFMS4=,L2EsAJBaLpktZGE3/yErXx0es0rzyNigpXVx5t2hrA==,xvz2inaTlujczFew7QTS5p650OCIcZ0FsvUYcSyI,1df6m6hf/0gEOM/IFzC5i1zmi/kfT225uHw2Y7aCKQ4=,6QHyDsAaSwDgJwxfEOsTTxbxCbvCzdMkSU5+Sf7JKk8=,3Z2o25yTDjRQzb7rfAi2FP+0JUiOtU2CjlkKzYH+
srpTNwncB+JMBYdnd1TP6P+0L1gk+XkY9Dm8M/e74XOziA==,EEP2CIVlJka5DxSVRl61SvW8aBiULtkbKLm0HYXF4zsqjovvFg==,t9leik7GuZW+zAYLZ+8oylYT+94PSVoEsuDPh2J0+23MBeDanZFH9M7J7YWj9Vs=,HHvTtSRS+H4j3mXVd9fLpfO9rP6AnmNMM0l4TAyqUbI=,rya7MN5Bk79COJDbGq8N2lhDzFi1JfpcboIjnlmtWw==,eWaogEAhaKZlRxBYu3S7PPnFpfErrgbXDRILsY3Z,QVZtA8h0qijKkZnF0yvQnGUK/ptNdzkNbmUUljOEEqk=,P0yCi8swuHi+OvYX8GWMEni3Dc6X1EOWvYxJce7rLVk=,JP7WAmFN2Bw23QCo5zCxYdQ69cExglXSkv93VMRz
YgV2zcx79M421wxob7uxF368aASlM5kE8JJuCMZwm/MwwA==,wE2Ij9S61QSFL70xBosNy4ysnaql4y5RD2oF+W7bbL5gEGtcRg==,jAODRD1ZyMANSoZdbQYL6LAVEXFIjhHKV0EkwQWtKruyI0fLsHnCLyg/WQCO2PI=,/yFIyTyYzARqWH6LL7EAHmk137CUFxt+CsMvqP4DR8I=,E1HMYbi1qK8Pyl/mTQJ0Htb2+Eb21rCtwxBVwCGf3w==,uyRx5hwJ0iO2WrQOawop5KTjQg4ajpa9/gtGKzLy,W5prhPruaWCA5Asl8afH3NJj0/qfMAwQeeOTkXkzydE=,HxbJoPp6uX8LwoGSA06xpsaxQX6Z280JQbUYyPbXiIw=,JLKHt601bRQJkT3w0lvOBedF2z4EwIz08Jk2s1XQ
Mol1Zr5z1MtPN+CS3NdOy96s3/TVTwrywDJnV1823e5v+Q==,7v28VU2qFYtvtdCvrhRT+1n1QCB8JQT/7o31jcg9AyFMaPMzrw==,R6Hxs6stMXmzTq+48o+NeTKq+w4U4ISpY0GtuUwSU31dJtWOsIqnMjkmiq3Wd40=,AojodlF9cZOSGEYnEx6u1VCFMqQq+H5apAPZa9l+xrk=,ETInofM40ocaCAC8gI5vnOMIjEacPbY7AVakCEZStA==,xZslee0hPDwoHcHooT4EdIO/ljS+xCA46HiCUH8H,X7/OaARTQv7hB+Nlz+nGrUl2OuNf/6VCpdDNS7kSv2o=,v1Rt/6V3bBcfRjX33tV3QTuWIP/F1Q7+SvBWezX8PL8=,oWgD3cJ9FU23IofTwOb1kBvoJAZk5y3y5JCdfe3r
GDKR7nLbgGDUseH0fyEDPZvYWGRrIud+Qkc3a368ZUzn3A==,MZ3Dlsa+Nk6ME69cvhA7XCioeE1UEcLVCyqyExK4gny2bMXaFA==,D/45n/Fhs0PvIlU8/6Lxfi4H87UPCZ8wHbS7KaID35Rzsc/mCOQF9aCx26XIpDw=,0MOpBesLZaBpoLLA4QiWxJxtjKqQDus3opEvrUUw520=,zeBb1guKONpvZC0J2jpGMkmUwcZg/jy8QvdnxC+DMQ==,GzZ4knXGrn/kBIsxVoq5Nm1fGnpKbdbch7q2mcA4,v1WbWV0XsrjO684dyXs3qdCUzeAeg2RL0UxP6go1354=,1YIMTloSNgOVllfpNujzZehIM5DhwxTjfqz6wQYe8Ww=,b8kWb08ZeZ2/fgtAszT34LU2YcXeTxKeJpO6YBZp
LDWlKGIPFXLeM2nB7EN3AeBcJwja9GGbDEuk2IUfFBPtag==,s4FnI5tK03Ap/NYw6mex5f2+clTljEOnMBk8+LPNMEngpsdyww==,E+n8YbSRM1fEzOJbdjOVB0MZRqsYMFJD2f3A8xGX4nkmV+I2Uo+w4SP+VIOb3Xo=,6VFVkxG1vIQD9k4V84iLKbxoLLfDYOSR17OiA9SJUX4=,U4N0nLBvWNzBuF7ZxGXKZKtZElepkQID5tdw5c3Adg==,IbAPr8qmf0bVunRFz982v7Sj5AoyVGs3HsVCRtQ3,JJbieRz22bHcuSLiEfVHjNMM43R7Q2Ko9tWn7KJqiQM=,PenvT5LutL/rCYO/r6hSwLhCVXAWi9bpx2EjeczoYAA=,ltJzj0PnL92uRIWsTBh44+gty+sXghooKV/rUcSM
AyEk/JoTKhuBtmKNAb+NIUwITUdxZt/KnXzEzxsm6diC8A==,1ZaGVfS1zu9qHk3O3v/2DdwXdUzjFx88kWVEIqrYjJ1hwMgkkw==,te+tkMeispA9k+5FvpLtY5i9SwAZ/W8l9pxIUJy3d0SCXKCmJP7man4c3ozImP8=,4MktqWe7wGAMQ+FHhCaFD1xzSEm7RGRQhWsyLea4IGk=,oGIDCr/5jcl1htn4p/Vk9FJqiVJgya2vEY3O4lGlkQ==,uCZfXc8995LKNFX2qHusUGVsRUKQlnIP/ZWmYsNl,HimaNHeTp2O015C6xTcI8mGxARysWBzTQywL3ILRbTQ=,+fmt7O5be8HjfxoAubW7YBGJNKWRical2diAMJBLJWE=,54vgS+CGLX7yh5brIXieQc4yB6SpzqNnNxJgZU+Z
vkBWdnXVtoFcOwjgXa84aHZAGMdVVBWDSbvR6n9zLSmH3A==,T/MtacaFHHBtY3+KLEzAK+4KEmMcvYJ7IRAUeJT+R5i2Gq0bsQ==,qErda0WKnGV4dO0p0ZHSJzZaeUJc9hy9ZbbNg3K+1aF77TBRXPhf6rCiw6UIFfY=,o65gmOVVfHk2+aivu48Eg0rsDZpHa0D5+t/h42NaKrw=,/ghlWeYM/a/HD+Lua0E4H0r67ZuPojLkseg2Q1wonA==,s1EMZZW+4uqaxV5gRmk1B9O/vms4ZPWbj/5K8qvX,IwpufQ0eC/eh6BS6CtzCXHZ0Zh5fkQhwHBf38aDoltA=,su8rova9nG0TMEK0HnzSd8DfKxYL2YlTbYizewAYaM0=,7mmhjHC/nE8f2+h+S1wROp8SW4dRgbxfSbNbXKTH
mEYt2lsLkH7WHBGnZnAdvbTBQTDff9Zr0gdrsQiFh7H4zw==,C0Yhmvs/0W2M1glZOMs2DiUZIK3h1JvH9H5r0Wz0N6ON3kAUhA==,oe1WVU8Qgdd/GE7Ollnm3sQfqz19ZZqLIwVu5eWuV3reagQ2ZWTwid4S+b3kD+k=,W9wpGAn0np0jl0Si8Jj0Vy9g8Oj6j6ZjMKaUg/Hi9mg=,TaylimuW5tVvOaqDSshzWHz/ALxLjlMtzUcHMJIpFQ==,hvXEEJkOfhOhw27SBkl+VrA9+3rzACORkR7NBWLA,eoSVI4jC5qftGxibRYb+NtXKRTFrCZWTmeQl6ODB5/A=,XNXeeEmdtFIS+s2n74A47ThtEAOALL8Fm2bOi7Nonws=,s3eUPrBNoAqD19D9dxDm3FAlAqbVowLHvVKDfSoC
TgIbQF8AzOw/W6lNXMkpf6CTfD5lmi+a86NkJPztKPLWRw==,1kUFVzoXwsPlp8DJB3LfDsDCv7JHPNFauBPtTF1/NphLFAIy+Q==,mcPVECtuSw5fwABKUElH0YDeUXSQg65CxLf3byr8xuluoZdWP8V0rUlGx+A0h/0=,S0rruT2pZCIyGm9YXqWL3Lp4tzFpk/oylyAoQ/XG4A4=,Vr7/wWH/5Z6xcod63cB0cTwbIMRdSkinyrb28Lj6cQ==,tlCMyGyh6haWfQb/epv/6YDzELSN+l2DB7r13Cfj,oJx3jcpG2vTlUnQOHKFbw5zg+F1s86JtCZJPlNOxuPQ=,GZkPvwmlBesKMHddhLqb4MDqF9sqEN1vGA2tUyp8ubU=,NYdLjDPcMmSAgnhhVQSGSfHK7bToIlatWwaRe5qu
CtV5onXeG7dwgeq/IC93TEhzsPGR2pT+se/gk6yisxIbYA==,Rx0Lu8yQDOQ9RfhTYCTwmY8Tit5esYl5FV4iKnrtwTOlzmCc1Q==,fsiCWMY/Lo0ANpT1vXdEmNw/AwQl3p/dYSIVpvESxYO2iX0vh2DjoDtzgVT4mIk=,vXOx0cmr/7xXfxZDnARPKXvMlP+E36BnU1wgPe7URaE=,75uNw5U58yA4x5RwPiwO1hUf9rPFUp2MBME3Zie6fg==,F/wkWNxVeKWXpx2DPoU29oTaglZMFcTH5rDgk8w8,yVs/F395jeUNQv++AjGN0wDlwKiFjnF1jALPJbwvTls=,Ikex6O/pYnRsuoV0+dX4k4xnXLNenomqmynKrIQr+ds=,S1QxtkRd8k0XXG95P4oa9+IuJUBvpaM3L63gwg2H
UuA5CSb0Cvxj8QivWSFKvY3Ko0a77swLV9jfbTfimETf0Q==,+yvAuWJV82TP6j+d8iKqW9XkmDQtf6FGbdSt9SeXVl8gRwHPwA==,+xcj8DEnfejyCZPb9mTYS4WOy3t9tmQBnrsuXSeR0iHndj42SXQJavxwc1Zjb1g=,bwWAfCUYW0daAMiPimRVS2iCet3aqsf4T1xjXiw4KSA=,rXcn/VMRjRAV6y40O0jQTaYleUwkGy2jnizYmhkAaA==,4B9d2nPHpw1Yo5ZnttUY+2Z5mnbYhkeoM4xLI3wf,btzmNX4qLWqoTNYaP/iCWmibgrIxshPrHs5JkscG5VI=,tu7U1y0DwOPYNcf5ACxV9Zr8xBe72sM4lGQ4PMu3C0o=,EwptFqKVth0GbHmg764l7fHOKEjpcrEGIXIiqZEG
pZxTHjVHeCSKM9SfoPcb3g3bNbcI91XW5OY1GAS385LSJQ==,Ky5VFuwvZ7NMUgkn147fzMX/7WDFnKjGIFjy5zW2gfRZktstRw==,MEX/2lsszqGEPw1foO2ZGVHx9uxj/7a+tMY6OgvrJKa1yJyNQOTJnBLAV2TaMhY=,2UPr6vH+uO/HBfhAZBH6QpGsn1wY9oLz7BXEWBgbeCA=,6d6jwxybfYDhKA1okFxPY4uUidLV4BP1FsW2BSp71w==,gS5Cdz+IUdws88IHHOZxvqACLlIu6IGryrATlHHd,dcARU7KKKB5lA6GufCjnOuxn+9iwxfhHK1WBlhJak0w=,zLgRHA7uq8mbNotQd4+83RY0G2ijcA5ejPb2swzF5uo=,0mR6m/C7/ElNBrrz4K2fZ2qDRC2yydOLJw7X4EEQ
9Zv73vgbuMZuH4YJ+rckGBWlBKDO3KTl2dGFDsoLd6PoFQ==,AvK52zRZFpmR7m+yE/Knmrfw9SVSeYB8t1jUDTkAxhasaygG5A==,r1JYnWRWVVZg/AubYTwr7imR4ZWaCdCH/98TtTC5SpQlcRbEtYlAsWmS06O9/ls=,Ku4S1qqiRvf9Mj5QeOpPPmssxiGMs1CKAXCsJZdSo04=,UvNed9+beVyYxncKH/CJs3ujc8axDFBrRVoRrz2O8Q==,3tdKpoTsfyLu8VtDMPdbOr3GYFyEdUWTdPeg0JTm,VEJ/HeTGNJt58AYi2jxJOMtP4TwXuHz0mkPxhn3msMk=,AEZGspGW41epiMnfwrxsxyWUIunpqI4tago1r3c5jlY=,4IYPAC16SeyzyA3SFdO+9nvGWsUJfQi/yW7MhGUL
TfeGsDaQpzose9uEww0MgCQSQAUGnha869siAH1WvnL6EA==,vPBC1TkHUPQJh3jJcS7cj3g2vq+tG0kwtMkt5iRKqe+sb2vstA==,IuYvYzGj5gSbTq9v4XeBDvY2gl0WFsPwVLYxiwKnenfu9knUwyW8fDtdzSRQOa4=,XNSDkfSC+2+xOLyUvLOYATZ+9dZuFhSvhefZu3U5ggY=,nSHBkuB878SSy90Ghb37aOIchVJo9LnWDLCmRFwtFw==,JfqJf4T5Sa9M2675W5T7udK5CUR2Y8nFgTbGXqv4,cp3p4QZH32SafvbWzHdjQaYY6qJ3yxJK60Dzo79NANA=,ffoTh903osk+1S4mCxS+QJkHPwRmmJ/3VvYS8g5V/xA=,aKOVoJWBRASi2bTfoVSc/ESKBiMt3TNbG6KQVfL8
Hl5pCWtrju6fwyKdYiafQ07zZD04OKQnej9nWrbHjl/Kjg==,FC4qKXQtDABDOOx4aoWHkLjHNtoFlrx0cpqCt4a9BGXg4FVr+w==,nTAdFNWTVssxlrcbFMOcvVzp8NuKoNdrnO5O7GQ2HZoOSILKBxtoVCHXA2MKvds=,0ReOrCadg2QILx14GBlUvNndoJ5SLlYo9LF3zPPLjuk=,Mhv1Tol9LlfMn8HX3ze+zz58XIS+c0pWXKppCj1ubA==,wu+7Jl2VQOWbonI95tQlsQF9Zfbo33IL/ZUOhRwu,IyFx/TqM+PfnccmqQoysbPiiG6yc7sAUmCXuozObUS0=,5qkzbbmbJQr8ApHjMAGzmxuZagqT1fw5q2a/wUZj+wQ=,WLQpheXPJ7SgFSSq7PuxK2s+C95FM+7Cm/dNe6JF
0qA2e8dyCt0S3WFgrm3PLcrAnZLsdO6yN+rw9qc9OcT+GA==,p6j5B4gfL/yI1+Eopt+g9D+MplIQEZVjB++ByARpSmBHgr9TmQ==,yqzVP+2RuLlXvjShdTQ7hJrP+44rLN3izPE9QKEwc0UfhujKLSkkh6QJF6QZsPE=,f+Xsn6fEslHPG0PFIfw1qwzMkRX7fZ+iUZMqJvVbb7E=,tQK15mEcjFTFwXQn9BwLoCH4Sfq22r09kF37Nw4Zzw==,rE2VAaqJnRWuGZba/mT4SJI6LZUKDPJWu1EBc7eW,3vB80/F2/FUvDwJx+n9W9x5x3FGgA7FuejqFanXumIM=,bg5C80QK2A6jnz4tZfkL5AuYXAUvUJuOhc2atwKKZSc=,yQmXFY1OKMzcR9MjbIXW9FXCNqKb/Lb+v3l4RB5B
hALG+UN3xaX334Vm4Zsi9uPzlPpcvMLaCc1dOzqOmMmQmQ==,aLGc3GHEHcFeOspiDJmXKeMNE05K7wrd/2L/IllF+PzFi01U9A==,uo0ejQQYYd09Km2KB9B3T1QCHPbqK6cMaunYGzwRTEATch/ildgAisDPjlC/KyQ=,f+TrnfzzoMUhmsrAEqSgOMFA7vTBfTmkgOu36YlI+Ao=,lSsfDyMkgC7voWpeycOXfRW+7Pj6atrhqSwtb42hog==,CTuECPaTNfvA/0DWSuGiLYXz6SE26dmANSwjFSrf,x7NyfPAlN4zdKhgLvPI+TIZezYxiy96WU3RiiY5CPc0=,M/XRQHVwtzW5V+KiP6eI2rUuXAeHEsvF3k79YJHPmiY=,13exsjBE5CNw5enKFvmP6sEhx71ML9T0dpTx5h7w
2ekAsG4oeDeel0VkNuh/n4b4NVDaomwjpCE1w31AkH9gZQ==,TtzCFjdGWwkjlHsiaYARAvG7PcI2Q/6iJrU7w/AToXO5KLVH5g==,T9SPftL2N5zeqOnaUSp0zM3aUobKyVydtiDFYQZ/XGi2DCtPhhBtTx9N9uDgWqk=,iGhK2ND4tnfQsd631LXpcn4XaGefEaExDhLXtC7JseA=,mRNDxAKZMNgSRgq1Z6gzXZqdVMiyXeaj1M6Fum34iQ==,4/xVxxhDYzZlyXGYB9UmNxtM4Rk8W1cdgfkzhFb3,AOcRQzNCbKC34RS7+o0asLoB0TN1iFQQkfUQ49IAEFw=,egbhoVOUnOVXt6zwvaPALWox+TP+rcEYNzbiKlCmVC8=,4Z4BXmfSGLcBrpFTHC6N2qMA7Gt019anWqxhdJEh
Oqbbjzd3wh6GqZfFx6BX4OFXYJzQ1Wf/BWUb2gnBMCRjMQ==,iQFRtxVfDvJXMAUjngFNLalM9Hp4MVyHbo6uCmPqB42L7lV0oQ==,MMp2IyfRK1aEPVJUK2JR3l2kXhK44hVr4KG4Q56wNdFJIqlVZZGvQifc7eIZLFE=,RFkMBr5IpanyYo2ys76XpY6G0RPzKbpQOO+SRRSkss4=,uV6JwayYuapUP1gyZV6KCNgKa07cu+dbU/nfGFPULg==,7EBjQlN2ve5zFD3oczz8Mi3AOO7H5tIzwsJt/lJW,bJjs63iO9G6abCdE5ELU4aVDn6Ic8aX/PyAk0wTGKfk=,UwfMDnlqQJ58EASYI912xTDAx7fQnsyDXEYdfb3rL9k=,MQt2sTQleh4LVWxaUqk2PG7x9d1hKZadSq91Nejg
V1pEI6a/YB/a8F13k6V2tLaecM8VZkOMVh4lNz0Txt2Usg==,SQH84EFGwtud3ncLYTlG6qtCFiQg5jAunvc/QwivIQTZpBnyyg==,+6tFqeZIbJ0EXr+FmykCgcK83wKdJun/An+fJPyvcKmGwD719fvrduw3xY5SJ4o=,RkhzBwppt66DfpXXd4j6tVZH5rGkXYOnBqaIrps0fVM=,t7J6lWEvBbSXEM/5U68DzYGIo0cTiWl5XdTi7ypYsQ==,yMMiQyKFBy2aRaAOG1u0wclIF+H8hYayQyF/edvJ,y/A+NpdnJp7TL5KEmC4WbGd55TQin8QV2JO9Bs7AjPA=,NoNoc5EBZTOPiJWiiqLvkczlxJGyn1OruquQNd38yQE=,+jMyKVi2MzRD1Sg8jk91CpBocKzErRnHfeimgYvy
EwhrARZCkzi81/cx67s2yqZDIuRMfHIaiVyvHBG1hALavA==,Vl9nObpMO5PtIf/UE+2kZuH5QtpSSk4kNz2pOVgKYDmOZLs66w==,IJCLkuJfZ1bd4LeieaW8raWKygJFI3rw1zGGxEsil8FEmVZRZ6QSqRIAO9SPRqQ=,W0+vp7L4rFEDboCLe/Sv3ZSy+If3sYG4cvmHB8IYXZo=,BowsONJ1rXa5yQQs8juNYytSCtL1nVmOkiibgyOXlQ==,9Ohp5O8qIgovMAuR+U97j1qEhkRB8+9bkBaKOkR+,o5Agf+t2uTFM8sKsFaU8jRJQgnxg7k6vivggsCzZptg=,wNDXzrNH8A5urE6jSNhoR5suO07CYI4GE0AzDq5KNIc=,marJVxMoAYNvYM5D61Mt60Bz3ONFj+A26s3eMazU
ahBbEMYkdBpRZkCtb2oMY/dvk98Oi2qjNMx/xFNZh9oyJA==,zgCBJulV2ymhWDRyb00ZLR4OHJpjvaxP49xlLcgCyi8mqCLjYw==,Yz/DmUo+j6jUcAe389As9hUMH6akr6Ccu5FbhQjT6NlvgVv2z4KIQ1eWnotnEmY=,4s3pN+crvV9qa/sHyt31iLDHhBoQ7DLEAfMHyTYvxHk=,y3NfuFwtbur99Y4M1l4xoNJYHT3r1gGHUVKlVeFbkQ==,jTcw1SNsSDQ3cXv6DLwEtkLc5WqAYWGw2PdFgfXQ,JwaFE0dPeK0ZITStcLI8dJn7bGwDsXPJl8359Pqb4mA=,8FcKgGZqDJX15NqxjE3Z8TpOkucL9ce0z5Qw26UJSK0=,5qI1s2vuiuqmqNxJI70Hq8j7Ernz5J8k2Dq7t1Mv
V7KG5Nf/utsruIJjw2Pco2y+H2woO1lIIGktMPnAHMqaRw==,WY9JoPrT7TKKx3bIRifGWTj6xY+EkPhG1Gfq4rZsZfUgpZGWng==,LnAQuVenfizclCpn1S54bp6M4fWD02sMrlt0C0KHSuFOVLknK7lSGBQSI2pdEdY=,jKdMqYHOd9jD+X/Ki4H8arE/0Ss7FXYEg1wGWL+S9mU=,6u0NZr9VWlMvmzLWG1NXY9L1c2rpZQJ83zjJ3eXw1w==,PRT2fnrvwBrCryYsCf4rZpuGtzKnwHk4G1FgaumG,dv2mdth3Q3svfRmFOKswTuAGql1pWuxxGqbdH5HXpVQ=,8B5iWsWoPZGffkVZmvt8tyC51wfafKomen09EjJxdLs=,w9cXdTKrLMvNxgNZmyjpaiBHXkXj7E8FAeHo6oVt
Ylj79oW+7uqvDN72tCuYvCG8qU5W07tlfboK+bEtKeaaLw==,4skZqDMSuJD6tZvVg7xG876mzpyR14mtdrcDI85e3oy/wTw90Q==,rbXXS1+UCFh4behBjoV3bLbqFKBU9Ju3LpEvyJQ4ZmiwAOakvlOMTWCJ3QseSq8=,I6jbBgJH3wZBMjHLc3PxY/N3BwAJPGdiF6MainBKuWs=,7JIWgyrf34zL/ts8QTkYZkhswJfzEl7FJQIAAPsk0w==,jXQA657gA4yBZ7Ho1y41F2zPQpnjcbREZkqaYr4Z,91L4qPiqvzOqglEDsjSqMebqNtNfqJt9yl7yz0+OoIU=,U1jIBuoi4SU2kMJYmbTJgAmDpdB99ein8HqTVFw/Wyc=,qziBEEkutoHIPVg2jyo4EM1tr/YiVTUqS1LBZB4X
A/VtzNltFOnPOoqIzPuQggmiHIn55TAYMKHhliYM8LeuEQ==,EA0CQRhI7QSpum2n0HXnVtxsXOMbGi896kfXKPek6w696NxO0g==,YzYtwwbyvXThaM23QAfmGjNaUg9xPdsJG+oq8SeCVbE3wVxwr0zGFUF4WsISc0g=,JH5UloCkIs6LVLJ6ChWtOBTMHSkqgSzSI9HJlV+lWKU=,oHftTQwGWZur8F8VRfL6ep3f507QqG0Snp2LOEopSA==,ntWYs3bCFRUOyCHuG/U4CdidwXW2iMscvWokzY28,b4FHk464yZYoN3OCFAH900Tn6/5l3Gq4ew/+7VEv6H8=,VxfthUV4f25j085SYRUA4tA6QLONyp5Yofj7+4l8S+Q=,X+D6MexBA/jRN4o7FyX/gUvKS4LzegFDg/Bqfb6j
zJEKSy8LZfPJVHhco6frMFPsAiYPXq1dxcMi5wgQ9hFG3Q==,Gh78xB93/dgUFyL2yMEMruFYEEAM2L9vFacLz6oLNqeqQUGtZg==,GWjugcJFefCCT/KZGfaIC8V9tQQLb8ps7hBNxQNVkDIrcGADMGU+0zSaLnVCtGU=,wkDdxau5x4PJVwPwGJRqBtclVX6Pz0wLbQ40NLGFkCU=,yFsxsMOoPdlBOztij53RuSgN+Vpx97UfcyZ6G/4eiA==,5HQKI5L+S+W8pqRP5OrubzxLe2/irB+cRoamIkKP,Dmcw314lg0uNWpg9XnYI80UaCCGAOhEFqvTdv5uI6dM=,p4tlSf1uaAHBbtFzm8StxJ7wACqBsxikDU0Pf8E8LJQ=,zqcXaagN0tr4C1OZvXlwrfKEo1p5ztWHaVaPUZQy
O/4ovdS7oOPdPaECwChaKJrbsEx9c+/q4/tzxZ8AbgDWHA==,Aw1nThOeFAO+IIljFazbaYqaL912n7FYkoNT7JDajv2FSEKX7Q==,OSj/0OndIuS44J/7zFadzgeKBZ4D8h3phQd11pxqfM/1urodsM1fhFVEdaXjqdY=,hZNcIghYfCd/1UWiEbLsSgtE8cU2DSM4aG5HrLNGC6w=,B0NhPFBayHbcYyV/znoJBQl8a+8QwP6s0+s7eyT5Zw==,SM98BqELnYD0OLd3Y2cHIit4Vh3d5bpEG4kubQu8,jDB+Zdcb3Nnhx3pE19EWOZk8wyS37YKatQ+EvKaFPPA=,sotG68DTA389shxfJ2gBplSzHOAh1H4tAnqN9366Zyg=,xv90dALexpERVl7Algo34qc4onvq+m111GALW8cG
LpfrZF1yrNckD6uAzCjXtgTR64xAerS8Fenq8nV6wyW/Ww==,0MZMDUTTzlsMFGeLjPeispLL8ESjZ/dIhD0K8+l844JF2Ye/Gg==,0GRGrURSYJEqWcgho9lJyd7Kgv6jlxinSSiYEznj0reEG/I/AmBEQFqtLR7IE/M=,/hvzy6ZgI1WLe+zXUsszFXEFXxEKIbzM7P7bmLo57ig=,zWW+jKyvKA13kKttkvL0IFyuc1aWUHWRjErG4jZ0EA==,JYN4qmeEIVRBM6GNx83YlI7Dwzwk1dLBBtu/HiCK,6rzs//Ye/gKYt3KXJc+6Yea1sDXW08cOwbKik+Ol45A=,nwP3SJZwEasNLtjxbguTyzhmR64UHAZaVUdtZzB2UD8=,BaCDPvHmsEtTzi5cMTRY16QOEdGu8EXtccXM7P8L
ZgB15Qrs5NQ/Kjz+eZPrdgzOPIX4i5u62gp/A1HeM4OCKw==,TIEpLoRm0K1StyL8eleQpuaCAm4pRJJdIaMhVCxEIw9NwXGlwA==,VZNIw/k08OeX4X4qOeSyJKiIDYM7csPcv95Y73OPLKXuJ3FpbXu9eUO5fahAbs4=,TuhibYgDMrxYjDxKZniKoSiuvyqHQ0SrqiEgnhlnaiA=,xsMl2BpztQUrqeAhmij7N5brelLkz67m/9DA0EyJyQ==,NBGhlNtLT2ro04fiUXnebNLCEIFQNhao1X1jhQnB,kG7rqRJFolzjsPxF7LfuCU+rljd1iiG3XjXvTgahIjw=,Fkt/y9s3NFo/micQt/T3d6dht9v5XKscfRvt5NHbs4I=,dSk+KoE9uyk1oL6gCrrqZ+xJ/m0g4l+N5KaOtXpt
1nNokp1lueuesW8wwE6A2WZVnjf86r4WM/SEbtTfo4HVeg==,wVRFGNP+1flx+WoDeagQ73Cs2v8iitKaqKUjJqj3nwY+Q8VO3w==,93DPcJALqaE38eTRAuVZg0ipipY/IMNBE1uYfFzQ6k/xWcC+ZrHphmJJjUSF95A=,/3kea2besjRwRp1PoCfBzYvyNUepgMUqhxImVa36w6M=,kwjc5dMTeyz0ZWVZu04ab6uODOmhqoa81wreezStMQ==,KHu3kEkSFmqgl28qcO3iRzactlmVJyyOXsoRsTRz,IMTNyryxwNUnDTkBKSm2V1a4engPfhaX5UkX7En3hUw=,/Y7Gl1S4to6PRnEUqOe9rdbGFG32LDwisfOd8fF5ZG8=,W261BqYOox0huuIvCkQBo5q1gKHXlAS6D0UGQU5S
bFiXfyhlbERs2iyOyDC5ZZcOxPRHnzsh5mP13h+Z2sjQ6g==,f8lY2mC0csP8wOsn7QMRjD/p/dmiGs0dxeWIj3YKBGDsME9CoA==,fMq4Anb85NY6K1TgRyej17BTROcbZLIwg+caLtqOnwH79yyXj+m+Y13fFvze0Hw=,wSTBbXz3z/mQLH0X4FNSBoMx7Wg26zSTUJfWYzodyPg=,Ie12EIwoeNfnf4P+PchyaJR/kS4umPUlqbHV4tnqbA==,HVV/HXGTLyENroSOS8ez/D6Ur/xMq7gGj+i28Vg7,c9EZBrOg6p+gpAfk93l0GDSOhxi0Q8Cdh/jE+83OO7A=,/65tmqJP0101r9S1bm8dnLSxyHFXfIkg3GPKrWxDxKc=,8Cl1W1gg9hfzLcB5f8vFy1Slc5Ar6scVsch/AIlV
gqUOR4qwdZAzPxIth0UjUCj2OGBA1wEPIBqzcOKOtzrsGw==,ywISKqoJgkSsmgvJoLU+VyBta+pBYcOGa/6wRrPeRc4T6Ri5KA==,qoJ8kkbANtJWBVtK2vMyPkoWlTAqso3rtoaa/juXN2RLEwR5sqmCaOVSQElS54c=,nV0Xn09ueQC/18XVrTVqD/t5NEyWe50uwSTNGGJyBh4=,Eu6/D6SWjz/+b4xo/z37V+lXgHMewlGS3EQx8GarvA==,lRmEpQlkni5ylMIHe8CSGOU4FC9gHh2xXBcDGpi6,0TcBXApnBJtFCHUFqf8gV2RkkrfkrLIXsTpLTNTEvjU=,OKtlPilcAviPzye/5hVyPFap+rcuAiP3vVkvbZvdnZk=,VRO1a8B0qkMWIFJ5R8oWhE9oXGRKzpx4nBP9kuzM
oCjHslgJWmKXPlm5OOFWayl07YYEuDm1Iwcu2MyEE2VIiA==,Z65m4fN/Bu0BAKYA+yn6sl5UsYX4XukTIhWoqRHjO9RJxxJrfA==,U+Qs5yXgzxOV1bp4a1d5RaRBXB6VwrR9WndtRlIfycmSxpKHMSaotw8sS3RWbyw=,MgWwLLw6+touPK/x/DuaojYvDWFL/hKMDRieLeG3PWA=,BPIMlQ0o8aLL7adDYW/WP4ud0fLYELdibC3ZvtJLRw==,l0rAZg0ReS3xkH7+0XkedjwslWbaG89IduELyS2r,+sCq/z8xd5b8M/IVP0ySpu4IayNSJXpTwrx1VD2GU2Y=,72TcbsqlrA4Tu+4dO9lycJccsTUONcNNmoYuGJzWxfE=,jN46tsRafr2FAoCKIesKOnGU/oZqlHGP/Yavqt/e
i8ewVPsuEMK6ZIOsMWO65BLQk+cq6OTjZ4K98cKSE3iSig==,Ldsg4O09AhsPaLXoY9llG+2TEHAFLelBVXjTJ0E5dpkyW7yyIA==,xtOO5/t4vpBVm03K/lSPFMRTJ9EPgcvlChT7HK6Vf+iEliWH3khA3fuCsT2ki6A=,S+Vq1V+7R2sxYfB8OcPU//QKKn9oysuH4DT+puI7NLU=,pJRbv6PSMpimTVZfkPbv/hexPDFB0FjBvaPmX/gj2g==,+vxGe7aYmp6I1zs5/FO0bK0bCstO0kuBMEFqCQsi,u+m8I/KCQYsWczhqf4lta086BTjVQKDHlwYiD/+ubD4=,iWdVUecE8/1N2IMa+FobXqOSDkwf0h1dTyBlujbO+q0=,9SnehHgbyppibBeBGHK0hKBQXrmwrxmZ3QuQN8Pz
uMr/RntZcPLEFgzasoEqCipK31hpcS/HyfgW4AxQ9piOXQ==,kp9WMELHHgiqizmVcTU/Xbdnc1Uq/65STf+ZevYDuuMpZQg7zw==,Bv4qLYLm24vOlaKRg3tAs2+M0r7BJ7H/nTd0phzvYn95wVNMZnfIzShzDnOnxpc=,ckRoCVVq/Da5zdNtcX1ihfLUwg6E/Jua5UYceg1df8w=,J6omIpi2uX89dXMXJbcq+lX+rw/3UeoNZmY61vYYuw==,viizvDlhbY7SMl7gTDLIxq6v5NDX+fUiQVku09YD,63MP0F3TKLKt4Bxi2XmzdvpsAjYL/qzu18YI8esatkQ=,dRZu4TAOLKCeU6KPnR5ffXE3Vl07QIcXrFehjyGfG24=,056HZbvRm2mYGGn1d2qWeFLa8N3rU2KvKlX5KdfX
kDhAMZ+8VqtF6evzsPXeWbcDMWJ+7tzP/aTiTUTz3woafA==,J8OJCWPEUTQRhRutc+Y4c6C4fgKo0uMl7xbcBHV7kU7PXTSfHA==,JCrWgwNqzYu+wEC/Q6tcnHraaVW65ZAkU8OqPL8AO7ByPqabDWXtjfO/sGwFgDM=,wExHP15iIGCBBzIl30EvcTpm0Z6TDminqsRjmRpCKaQ=,0ivcad8Dz81itIRte4z++hv9T7zHJpntyWqQzmk/og==,G9bwNG3NE5ScZY4A5mLbMbHblG/dxo8DOWHYAyB2,n5lt9QK6oJ06NTBP6ALL3inYbkiKSMaYcHVQ7dLxT3Y=,uTV7PsFw5ak23tSI3jB8ruS+bgPcEWPLZC0/pGleZA4=,dTRh5DVNySuQb7g8sBrKoqPOE+HqXFgPImUAQepz
36kvwwBF5yZPOWWdAcvpg/Eyy1OMPGF8Pl3pksPfiqn6OA==,Ifq52VZ8z115vkN3ctRwm6qfFEWeS1FByTIRSwJm5sS9zml+fA==,QuT/jB3MExdkkXDCq7WILqsMuI8iMfgVjUl34Zl82UN2pULIzMVPXhxPi/9C6GI=,vbKEd3TESzlhA1bq6SXpMqFt0fSoEDiI60zy655wjeY=,oQfoSZm+RPUOToXyGFw+qmqJ0LBntK/r5A5iGJt6vw==,C5pD42sk2MfVs/C4xq6VPhv8t1FsFa6LWYJkIui9,xlfo+OHB0iPrli6K2ClKdWmrh1eOvauV4P8p7Tez7IM=,3GQY0Jb3u70XIIFLluixJJ7qyFYMB+EqSgaGRgZmaMg=,gqHTO5pcxC1DGpDvD08njI293w5X4K4tXgD2Qsnp
kiTS8mQV41qyNMLYHq42/8COJiIWIjEhapp8Sbyf6cSqDw==,FczPPNTdLnmohQpp3lQOmgDSGYd65ugp+axWWherFxgEtlpGdg==,pgma4ECG/tyE8iMznSU4W4Li083YtLUwf+bwZRJI9h4uxnfcOryvl9SKrzTVN5U=,8Qa6g+yqEcBPZzJOiSWtU9LHIulyhZ/o/yIP3Y3EbtA=,ygIajCj0SOxc8TVSngWksbpTvMn/nb8Zmbi4qttFUw==,f6jl3xfcX6HpQsh/UMMvmiVVSXRapBw+VJMclumC,GvOW9rHk6hIRoNXy9as9HzethaXK2/ntX2BrAmokxaA=,0LaBAVevaWPPhhYwfQ2aD8Xwux8kmiwv3uXnBVTlia0=,7bksvyfE6DHMs1vTWvbT/5oT168vNkrukWlVxLcs
u4SMEN7jIJClz9TdycgyqKZ1KJ4bV8+CLlf6FmyM5njGWw==,e4aZmIwzDDYmZ+zDiJtKHrsBCNFiMVbnYGbXDcFK6x4UOgFiSg==,YaxPnV8UmqfDHLpz6Nh6DYLJT78SazY8/NDVQqep1rV7oe2lkDOl42yqEDWAT/Q=,xFNoONIu22dZlJUze0po8VpBA5+4QsZ1S4ds7lVbfks=,VgIQQgilFlL7VuRa7sMocvOvDnk3bqvvbEgiYqDnOg==,GVzLPspsAp7g1qMQdDYDJakF+uw3ZpfcLS+QMv1F,4V9RU2trPwRW8dCH+OtjEJ9uNrtmRXQc5GRX3RqedSk=,qMdxBmw9x0IzPHTKOa6XbuowdZTGoI0t5x4VU551lY8=,Y1KaZTeRtXJrCxg8NoFI5VpFeS3/WQ73CPlLn6W6
3qoeFR1JXwCrauoYJPaVgojqU3H7dfXxx2obzH65F/F5LQ==,mCjf4AVN9FJD8nD7iUYd6DTBM3xloD53bo9w8ziQ+G1cR5FyNQ==,kr2Hhwqmm82pNQXDHKYWXI+950xd37wXSAOvEsfq3RGyejWtve2jRV4JIA5Ir/8=,c1OltixNpfzYPFh5n18OH7EFnxn3rGIuP1FXwVWBsb0=,Hufd+rjAD+wH03wvixfGnsqwKbm/Bkc0LADyTaIMSQ==,Jfh4o2oEHagibiEn9r/YXkLoX5XHDzLD8AWBvIzN,uCnnewPqCTlNRvOCD138OX10qXllllROR6MaMIfCAiU=,e+SNLYhgjzgXOCwKp2wd8UT9xV1EAA6QZ4FKOcF8JZ8=,BYdCk7SNEo6tuMoSB/H9U9lPN9CsBMzjKp1fgWP2
jhIaznlSqo7fJ9fsKbNDXElQ2dS+cncVkKEGV9p65soj4g==,Vqv5a+AyTNH9usH26xloiR6dEycIoSj0ClPG+xcTmABws0lWvA==,vHF2o4Z8SliIj/sEZ94vmDpAobggcXsmnfgY3sTrnMWkjppZVNXrNnASnd/KkaY=,Qfk5iSr1gADvrrJ0Wi2e71rdtJW6jh0H+Zz3FFsicbg=,T/6dzYYn8rAVb5ChPldPiGCuvHzNkhaFmmisUMyQZA==,JBcTflafCSLu+Fa8aa0RLZJtxAIu+HXmXyuj94Fs,93/wJCq99Dy3d+3FhjoVf64iNVbeYcGDZxhFKRCC9L4=,T0KNybwrrll9PfvDvHGMYsK5GFXUG1mlCt1w0WY1kbc=,wzukQraRGeA/RmYwnHSMe1odnp4mNdWMNENq4ami
sxgmbq4kqJkCjZEflfVerY56RnN7AvNfL6rvNDYlvtW5Rw==,SZ6h6BV48o5DCreE7/RIjYt5M8ssAscHFsb8wtSU5vnBb870yQ==,H3NP7J3wT77m1Fiq2YjQtXplIdkTGXzW8AURa6wrpmeTYYMi8aKpHRBtoHnM+Ww=,pgDhaKSwaZcO2CsaCGfC5dCjPgc9jG/qKeA3cOAXFRg=,m4YpuzhDACzMftZRTfMZn9rb1QrBRrPa41jGbJnLIQ==,jPS4/vIKbZtwsRbCwQBohictFX6zZz1T6sxjyUaL,w4UgXBruXhXpl2Bv3sB5Wd9hhWq89BDYvo18yWjpWcA=,K63hDxLj4aQtyh0A0cHfgoVJ7+h/zQcw74P7r3yv5yc=,6d6levlViWpBpPIXrm9E7pDDEps8XguvzOGsGsnC
6EUofpl73GNe7aqnw31RkTYcxvbuIYVCwz8mCydURgglaA==,ozzcHd2xxMbf3OxvDduZ8myzDVhfkrpzXsDPqXYrQyJn0xJhsQ==,GdbaYHQom1spi3z8+vpR2EmmjkfEmE2LCE/X98u8nLw+0g51neCz/Jcj1uxU8gQ=,faK/6RvM+VCeKSqnoAMS7CgDtBa1TDozsgyvPiC5JLU=,aj6lwL9KLT7jnFm47Sa8sQ35qFs1JAW43uxpyuebbw==,l+1esUvdshDQb/RIAMTbsx9j9gyFPEGuH9R4lOyg,S7sDMp+6l1n2T3Ylst92lBnZd+oKcUPiPXCRO0rD3u8=,gPIJiaPLXJUlwkhV0nCf9DxXJtf7ShVRtJYOOryFgVw=,E/gGeF8s+BR5mG9pYxAL0ZqoV6Vm0SSIRL/ZFic8
DZEaro/aBr2xr2dsq2n10Y/AvcWfT92/mtO6asaatplCoQ==,rHnW3hPVDFDFmAiXWdztgxSRUVmFYvzDcQR0zpmIxrc+RHL5WA==,5r4J0jNj2vr9f5lILDHntdvlzvB3J4LHzrZRZq7Z53wEGyO5zaxLedP+vAEtUQo=,OVZrWyWxl39JaK4nyxDhzI46nl2IKAIK+DlJ2FUuMDw=,p6z3AH+yPWtF0fUy7EoE5KJK4e27IpAxVLST2WgsQw==,fbiKNPBBwZFPnnhmKLkd98rTtdEOhED/dirA+Woa,88tWawbCmV1hugm9G4Rv2Iw1NWvq5eJ6rCq4Br3FODE=,4+IJqLR2M5X/tIBHvx/9c1SDL6suGaoWR+Op0WVw1FQ=,ZpjXn5AWlG563f8EVqzIWHwxlxPC8HLmwirsvHO5
5QlALBvCvmOOeK/VE3ICFZgzaJsJ1cN9cBQ6W7tV3qacjg==,GjcpswerwisvwvmVcp9r8VdKwmLeM/+lMiH594sTYFLVUWGYaQ==,azcCvy77cYRmzwkGB13qgJ7EA4bg+TNgtg6MvKpyAVZ4qeohFhzj+ONs6j5WaEQ=,n+5VObnMgqJFoMrbBIbCFzc+dVboDy0hhKezAIOCWnc=,dmDKObeKPGMQ4VTV1qyzwyHiqdb6hBFqp9SEmv5oQg==,k6+wmNAL+8zocZ3mgX0T88LjTGPYo5NZ3q+TKO1C,JDWDeMfP29tdLcJdCaGad5Ixl/T5W0eNT3phd6L11Ds=,KN8ZN4zSS1HF7QNWkfpB88lP1kPNz/5K7jLM6aV0W3M=,QHwUatdYc3PET0NU2IB0XdHGjljRV3frDQVXMThm
+G10qsfimOW17yjIw5Oi/KNxnfVSZgupF/BZhcPxQoZdxg==,ls08RxZHTz0KI5bhli+7bFCD3dcipjzBaRtk41Llb8NPjicYpQ==,0pC/uPx1l1s8ibt0Yju6evFPlEHUg8/g4Q78efvLK9sICRNruk31vfcufmBfZoA=,eRBbnsvs5p1DDCyG/+yge5JeMxXr42h5u7LOOPeWDkA=,WLPupvvuDKiKcm3W8iD3jxmfcq0xEOAKuz+A3oy0xg==,R7vlZyQHL3sqhdEBcNNV7feHiyEPoBtlIhmoVx0+,tWTnbLC1Y/GQpH7ip0G4PMH1d4nUtCwznWRQ5hZjojU=,GGr/SXk8xBKFrWuzEbsPBWJI+7sTBj955gq5Kavae8k=,1qckuYJU7NTjhigJXGow+CJnrHek8MdCBxBHRvsp
JTZCwRwwJzbwxeIgvZrho66OHz9HN7cupOq3VWl6wX9XXg==,S3n+lqV+3XcDt2L1CkBx+vJIYvtYFuMw52eTP4QdK0terk133Q==,ekxJ6Yw6HxM4HhbzLZKYn/OIxljSuqU4cLi3l0V0mUDdoJ3zvjfbihA2xr+HjLQ=,v887n7yU3R8hB/thZ35H9g3jb0pn8h1MM2dHhu74H2g=,8fsbczf9HjBYEFTZNvbZV3xZ6Tou7WNNiDPjqD+0/w==,sq1My/ZzD3YqtgIviRsK3CoAS6mHyYggAUg9AW6e,sxep9BoiA8pftK9GFkHBLmCNyyiHMTxMzR73tnxRwPM=,gxvj/MmtfNGe3sUZIciyErUCvzi3wYsLEz7SZgAk5fM=,s7V+9KNvP6W29erYxdl1ZW7OnvPHCN7xyNvFsw0O
ooA1kfwkxCTYsKppNBdFvN4JZYVUeBTjEF749+991+M4sQ==,V+j7RjsTFnL98TP4zTnx6WDtx8N/a4qOxCnUlhHBQtaasVdcDg==,g+dg5D0Ufq5pnf5jZyQbO/x0ONRJfyrWkuMxv7xpHqHylMPWRo1pjgfojgaQeOg=,90pPJQbah24kdNEY54MnwHyLeUdurmR2wciRerz2HUA=,Rsv07tB8El0OhheORVMYHOo0XxnnBp/XZ4TIpcrcXg==,BLt/hej/zniXm5Nexc1qQrDtmqVngsn366giNHQ+,TGPhth7X45m45GlmAKmezTPHJr2gqJVyo3aVAYFgwOk=,aUUzMvTywpGYnHfblpni4kwQR/FfvQ3ewmR4a2CX4wo=,AD3A0LKjpkp5oPn5rVmBlyBIgDFeyDlPnwmsKevM
8afPxOipKdl5RBf7QhSDoGY0oMLcHUXv0HMklcFaJgbIyg==,K2RPBZLRV4CgaGu5v6iENS0uOHivnvpk337J2M9gCgjNl0tCvA==,xNL7CYyZIQu3lD4zXZfFL/J3djYOEzhpwwS8tGt+lP8FYccNeqNfSvSiMydpJ6Y=,HGCyeeJw/r27dNDKOQYFY9ttdSiB/txgyi6Eywib5kU=,HZcewSucvHQo7t75mVvxmq9d4cV4vn0LyYNxw3gULg==,FRPKEaWkCFLFeDjLZgr/K2PdqvCwHGLVTSq6M0/4,E+s2fiy5d9//aQW535Z7XvAIgbqgvdgiVqsBa7Qbk5M=,gO3QykhdAuUCp3eOaaHUKvcwsuCEdkIacnHophI0M9I=,pIrM3cJ63j4hsY0nZA+iZau6X9STy8rFbkUhRxWU
cVxscgH87zOtO9Q6QTdLj5CeB+O07YF94AcxRnmnXpwThw==,42Yc5Y1coJ0GnchkuUsk+r2Ea2dNKiIHrXwc4E8hH5a8VE8vzQ==,LeY7dRJTI2OMlEBbmrl8hwvSjRijTGgF6Dikfuvl6byl6ih5W8ENZd4NFjdIP8g=,yCP7tMYEKnYuZSK6i5CXooCGXFgOVB3BAdMywlDSqvE=,VPaVFaazPrrwqdpWVHAGEv6HfV7y0A5/IGSrsQiwJw==,38ovifrWexE50RuhLKUfrHgBBRLlI1k1CrjCSbt5,XIPozmVhnHdcwdwaM1JlX4Q9aTw1Rndik/k4IQfXXvk=,ceLH97h8d15revOaZJnail8A/9iQb1VTPwrxXijiZLY=,c9+U0WTLyeQVuRNvygfPzS93phZ5ZPVR4p46pI4p
eCV/L3lY1NXAysVau5ZNgOAk6umgOt+LCGOV38PswVU2yQ==,wVd4Tn6lK/7zEYz/jQ+3u4j9tpmMQOOkLKeSdcQlnQOP63mF7g==,I/ZuNS3bOfxf9KUDv8ywhcQMEAec+ZETG56LQ20wgvfryOQO3ithr49toGsQO9E=,sIhIDLxMryWliw/I687RzEZDxJoXsGqERRlM4Elx+Ew=,CHh/quE+/+c09aeWE0k9+7lSEj52MRS1fcBGKPVijg==,6Q8hSd6f1BGCMCZ+8q5HDtmBrdtUE31HhNXn6j3D,/bIg8mAkJFg2ZvjKzPUFkMmVo5gPbWeQtEe48+xHTuU=,ZkmKunY6nDyxtVTipcgGdfawSd0BhpmDYeLKFatDGwE=,nQHTY9XvklDnGdjSSMWIeQ60EjnnBHVat2pV61t9
d9E2gjBDMFL4OKTvfoCxtPBaILeGq7tvCN1K+/Uus2wt4g==,ialV3eiDSJs8Nb/OFnRXGeC7VIngxJdJle9xfwPHnVqJs4maDA==,gcksE3g3qhFcdHbwNUW0dIpnmekjWVjZu3UBlm0g6C3h25chQaiGwpmysD4c67I=,0JbcIaVRCY9iNaP6PtKmnxDUitc5TetjK83iKfHtWlg=,/1fvdm9pGpCCHPpMNSfioX/5eNLCT1wC2II2Z+IwwA==,N9fHyyQm8nmTMrFtZa7QdBQOsxY3GBhWxUrniQH3,Rulca1pVb95ICnlk31lDT1xcm6L6bOpS+Iwg0QYHuaQ=,vJREQo8MZCK80O4iNFjMAiCxmO3UanyhONwc9p0B1eY=,aq1bvTgaqUjL1HXAYiWB42378n1HW0cgZdJPBo0t
8QGOAo0XpAygl9XbF7yTgddNgde1bQ6l/Tq3/9ynhYEy2w==,NA3GNdDFoEIMOoeNUpchvLSmbQlteFHPrgRIFjx10WjSGtvkRQ==,ZITuPRJiBdI1Lyd5JITKdqTpc1xhT6w87Q5hnsv4+T2z5QVwN9ApYhT8A58JI8M=,MULkWNUSqSsML5SIPiTgqxniNl8zgyhccP/t26jIlvY=,OKoAb7ON6D4SZRNe3pPoRyPe0rL3zIcONswhtRevVw==,yUcP3MqMmpn3DvMDUmIBbkymLjRDCqCiVUJHZ/9U,OHUVIAFHXSiq7cgEE3clwfD/M6LcCXs93pzkUCGLH00=,M9bWlzdb5HqCcHQcSabPpzUXsf7osUJiQw34zHhVPVE=,CWTw9XlXQfq3Ia7XD6fjaBmn+BO+Ev8+8pfYmvlo
lqDfDKwvxcHS+tEvU6B/fcykhHGOUdSt1LOXBrqEn8XfNw==,I3RvLneL6vhWLVQZLk2PO2zLRmjrjgeFk0Y4GXWtUnEHALuTGw==,AYqepFBKNkUkaszkaUKYX37/jXPUowt/PoQfFSVjTr6YQTDC3nimH9nK1kLF+Uk=,2GTPXryyh0EdkzJzGV0EJsB0I5FiyMajZOoJklKyuTY=,7rX3S3FmhWK3vIfBr5QDw10k6GdXwSd1BETwpTQapw==,IAnohCdaOAhQiQl02Y2O2RpUyVVTCFgqr5QKb5lb,WEuvOXUGJCvHV3Wgp2p0QFIkjbZio/szzBeNzKuZ+Ec=,m7SAWBNT+/aNUBj8vjnLQLdRQwKde3dA4R7PVYqBWqg=,S7tfwFi+FNWI2JGwFUAV7w1ABCos72tlGrXBSRLf
l2NSfiTYz4Fd0kuFVXiEIHETOCsKBq+okL3zx/RedfNixQ==,MJ3TkbshZZvVbMtjiFoUaR9u0U27ud+cL27hZPzzNLawedz51A==,9k6F2RUxnde8H4hhf2gg5/FJuafCX/Mqhhadd1h1WIhpjXPUINeMgZ3IsdCIaA0=,etq1/M5Wh09mWXuUeD3nv30cB3kIMp/cUUPdgDYAu64=,J3/3RDU+Fow74VayDLX59lT4EBOo9vsrJ2v8imM2Tw==,P46zBfKkZ9yqlw7uQAn+stXdWVRhjqap8dugHEBe,WStktZg7kMMR6uV2OTobhmpogzOKgXBI7lUiU7kWmqo=,afsWFJn8bFyCgiUHkrM2U1imAR0ckv4kWUoamVZDK1E=,oJusd7+pSJz3GbSV5UFg6hmUxGQw1ZqQlxrvesWF
o0DEaojLrsRhMdXSx068soCV84O/fKDjx/fUxdo0f3711Q==,L5L3Yu7eecEy9nI0JDwyCDKcPpSp4BaaBXaq/Ob8yrwdT7OJCA==,cgIbue4YkxZMhdwCkviZ9AkSmlD5xJl3MMZvffVeKWVh8cUhhjvRsd6SHwa6l2Q=,qUrCEYadIG+pfxRYdsqJ0qS/5qdipXNTNAcK0jtiSvA=,2GIAnoUgeqRErwyehhIbvYtUys+Wh5w/ieYEKe7BVQ==,4ezAgzPNRqtOZc3a8/9q9ABenzUG8kYms7EaZXMd,KnL5x5Fokp2ay6klzVC2rD5gY26oAdaGHToWe+Jex68=,OYX8P08z3FdGrZKYSQgCuoP5nBNsq3umDG7BFKMkhqA=,ZYIM1XYdM8guN+dAIxjIDaWp1r8TVc3YtSmMhXPN
4o9P+uB99hr2vjrUdU1QRg1hSvmjnMT98FzCxr0L0MTZjw==,X+vpvBnzTXRrLRjg4MqYVzKuOgy0nALALy7GNGBxsYz/G7WcCQ==,RB6oNzz1MpJu7NqAp5JK7IeAM6m7FyPs/guLsKzvgZEGTCk5zP7s9HL0W5xwl9A=,cmgsLO8fqU1QN/LIlU5RsXQSv1yvhELnMdPLbXdbt/o=,8Sdv+lgFKijfi/BNf5aDrmNxUXzD1XZVqgStHsiyQQ==,/qCCHnNeRJUIvc+qEmRDhHx2S0SZuJN4/UGvOkDe,ebe/nlvdBSuIizMwJqI8tIyAVK7KAR+DIxny4BJCsbs=,8nnIaAy+EglvkoOURp6f9OqHxyZcpdc5PIDgJE3GrVM=,R5LCvhlY6QtUSefm0W5evPvzqxMmiPsIEurGp4zu
JEDGd+Mp7oyB107V9SEJQxqsnA3wxJoufKsq+On83x5Ljw==,8vZ+GM8ALSVc2Y7MSDOvKYOPX7Sw1Z7lTWtdc2IYE93YcBvh4A==,wBO3XjUmN0654nn9JukHtQ80+bMJVdmT1vvIuyieRWlHa8q59us0zZLM9HPS27s=,/LydqOaqZZs4jMyuhjxnPpN/F6F6/qNp+OSlcRROjHU=,0vBcEiBqa0GJ1qb98dsnAXP//GGXJjH7jFh1y0aHFQ==,nWFw3ukpoCxJG1OyYcJySq5lkqW8alSBY0f+izZp,rqzy05SK/oLowpHsSyvAm9nmKh9ad4lSrMic9h5pG3w=,dKlF+Og7dlXhnY2974C8PzhRCKDjEkgtj6pBEfoACDA=,ppe1Fj3xzIbbOwFaMxjc/wkfHx1gjNoCEAKjb2PU
BLOL3O52lEmDumIRB9vgpTJQyBZxuoWaG5oWhF9rNYxLWw==,qaBb1rKPRruwEpxbqP9gtlDsoVG5woBHs8hEYKnlKU+1BzQehg==,TwRYiNIMrCbuhhUCBxcjaQtS6f+SOmyw2UT3fbVOq9kYQ5YcCG/aDb636bslIrw=,W5ZTLYFshgBjBpQMBTWlVHDkcDhmcAL3/8CV04P6PCM=,jiNwHBsMATa4AcM21d24m1c4UNBJk6UEH2hXM1Uq0A==,L0fcJQREwhMt9TjB+GuNQrof2sSGifwd8RtGxiY7,u4R+gaIpXH5721/PxlYRxclkdMti5QvIPkBnBI4WDVg=,mS+sLww3hTbLAka/wIBRLEDYql0FKqaaOsVJHq8J5uo=,RJfJgA10S9G9HID3EDTtBeH6+EQDQ7UHBgqIdMMo
dt8v525MJor87TWXS3nwhUb33ihptkfWA/873QNprtf4pA==,WhiRZcWfUPKwg93+QF6rJUBmXfl1dqTan16jI1A8tlj7w8jxJw==,3qfR0PMjw+znTTu5BZ16kHcI74bywiFPkXLVgEXq57tWw0nlRtSMZ9xGg6GcdBM=,LqpETQU8FOAPqDE3Da6igNVQpScbriJuRBf2QbcXsDg=,rt1mWmKJC4O7DncgIQBR7zmo9WBoAVbg9TnwHaTSDw==,SzaWm1S140NK3dJ0Q7hRfafJOGHoj3OD87Qd9djM,pEYYKM18ARK7i3Gp8KTRcV4rXrItWvrGrtWCERaQK54=,d/bu+ZLUgBlbt+PRulc9ylZwJsB7PMe1Dw6lPpzrEtk=,fh71jO3jp2Bhf2way8hjWonwMc4OmfMVVs1K9Ek6
PFZZwGHs6o+HAl/JNHuNEtdyigvnQBptiISeL44dqTCq3g==,4KVPzHm7vXgHXnTSYuzKZc1ebmy/BgSIkzbDLVfAieRlTCRMFQ==,jJ8qet5ML3IfxnMtsU3MyRYXN2fPtgdXN99cG5F5He882S9zj3QRAO9AycSrtH4=,29p/DPnvogSWUgFvZ+X3Qe1468Kl0wOER9q67z7bksY=,ThkB45N1ER8NFC3PMK6e7SRAfTAk3KJSoeDug+aGNQ==,CmvDOQMNouwJN5kU6m8GnqFFk+FCyMh/NQ3CMGkz,VKpBxvTV0qfUVoiPhulNMRPk3KKtiLXFeBoNKrAcco8=,jQRaQzKVX+9HCVLSLpVNlPuoiZXyd679A8oupbDGFNE=,FA/ODwgx0S+MC2wqS/K36E6dg6KRlj/f+hYxPZAi
1XRO2k+ilSoO0l7Za9vu55pB0FkSNM+itMY6Mo/coU9hZg==,qo+r+FYSPl+cJpQnW30lmtdR2xZDTTAnUT8llq7nBcScntjqnA==,eZxrLSOzSLYNw8XCdE49XxME5ceSVhbXsG5FjvkwtsCiTJlnchcxPW9sk2lyz64=,5AhiyIw8OPmjeG4XU5Egdb8mTIfCJEOuHtTtuNOgzDM=,8Nm6dM0yubkt0PyCV4mdsv57DaCU3cuT8wHUgpVPSg==,nM9/x38xsV0VB816hPxgbPAyQrzzK1OKQdHPxnbS,Kqd6KlADn+nWFUJAVdVwh+4EEF4+7Ki686eO+11Ld28=,gcs8zpigauR2bYD9nU3WI6wxMhDBBkRvdPcCdmS0pJA=,Ob2CC1HlxX8qGDEtK0DDWCB4JKrU4o7C/NeHV00C
qBKqWkZa9qERIfguYybdGoQ3US9GzaWul5puSL086TmpNg==,XY7Ig/rnUOXNsqoiAdKL7kjMPoFL5xtLgHAYTPFS52KmJNkoZg==,tngkVyBFwlxvrnG6DiOQYVX2g8fqZF4qBu4VkC/+uYZPpGrE8kF/FFwdkqr2QA8=,s8pF3SlAkEhrn2PxhBdDzRSbgBNg/TEFHFloFJtlMBE=,6EvfUlt+B2j0lCUjwbmRgvdnZjn+VCHI6/qmH3JQwA==,W/sTz19EIv7DjZ//s8mCkOzjPb6I7tvikTH72LYR,PQBUykop826MUlfctbgRweAOWOp/UAPHFP93oCK+UWA=,cfWnZi2bJLmVYSD1MI5nfHHaQYbLnRcSUEyWKVm3fPw=,hTVEo/Argi4apP52PmN93DD9WH3Q+u/vvGj52oe2
B8Ru5YCL+/BH709NZyJBWDIus1nDXZGvp4TyUF51w3KohQ==,rCiCGAGTcafEmMYllJoRtiYQpZ0G5+HALp1JHmjM8yX3IfSLMA==,XndJz3CimgjxWgc9jiJ2SWy9SvOSepeU5T0FEmkkYF90SDGXj9oSFWbYiSxDejQ=,sLFDBwDpyOaY9LLtshKvDYYt6K05rTiP1QdwMY7IdC0=,auXdEsjl20H4ZFtv8vkkkDNvkQjhSn9w3LP9UhDObw==,JbTWkXZe+/TcZw4pb93TyJQ1WWaQzNR++Zctie2y,t+g1UP5PKeYCY3L6xuqXhl6j7ERepNllJYOqu6DKfmY=,da08EjV1RT4R50O5xo6AC/+LYldFcRUU/u0JHMdFJyA=,drSsJXaQ8piHVHz7T+8zMJ3LWU0SsiixlvqZwLZF
Ai4pHDzUA7Vjrvycsvchqz3P2pSePcV2KtNbU79RtoetQQ==,Acyn6pYZxvi0Kx2FoL7RBEfn9lwywavWHnZAkf3T6SPsE29eaw==,V/tIKwmbetnqqPKKptyuySTVccwBzx06nHzJ2qOV/sxm66Mv2gWp2CLvrkhPYHw=,hSvfXS1yUcTEV+JaWpic2TQoqROdHABFJ4rfVnSsv60=,qk7oRPKghG+qf6aRBhih5nHzdXzpq+kR4FJ0epi65Q==,MnD4IrfIzUS58pldwDV2KXXhqRsBGZ9CAQr/uNzJ,vFGfQaXJTejmW4nGO8pZBFgd0uNNL0Pqefu1YnHPDPk=,ozCYC7TqdzVH6HaznuTdj+GLvIVzV0KOUPsKkzDt3VY=,W6UsI4Gl/MxNEzOi3fFAAjBSAPZjzzTvbhRDTFtj
m3XX0B1NTw3Fr+dZNqEXljV1+Iv0pgS+aU7oB5AEx4jE2A==,nsb9+gtkDUYE96Q+tIHgGGvFbPgl7YWoobN1vdii9jz2FIdOzg==,w53/dva5QhOXw6mF36YvZ5v/Ii6ewpZMQGOpt0UDRvQp7bFLhcIoo69J+lizZ3Y=,GaGvfCZq4agySNZPdqPEpnIi7JNB5bDdP4gfkOZu0bk=,Q/TUtsSzvZEg5NrE5kN88llFXha6f7auhjnpXrp6cw==,s7+m67w3uJFg+srCFFdh3YQBWWtjBcITEg9cDCQu,+W8zJluqYyuzI5k5iU45Nzjd1rUyAuqMacRJWd+IhRI=,wQYNebrMnClsBdQaC7QxwaXcqGhTHehktVQema29DGU=,35AxP/NuFci+WyZu/vb3xB9h/UVOKDiBD/0R2k9+
8kIlO+/FaOGN6x/k0du0MLDO0YTblwYsSG6kqf++5M5nBA==,f35/AAwWAz0/n3MhkomANCIVOCYe9jFgAuUuHZiCLrcdlOHA3g==,G3Ok/bV7j4shzupKMK9TwcB8zikferCf19/RDkIZkqYZNOeZaNFm0VuxtqemD6I=,KEKH6Zcnx1LL4LNQJgrHXVparCSzU+wlcuSOR1GhbsU=,1zdSpO26j+yy+UllUcKCz18QWnwPKGqhk6kfXv952w==,PkM5LXHPTQYvtdo+M3fSmz/1Bnn2cBB2+RkhTUi0,y1m4nRweiilo4ONZ1vTY3rDlbfeEMVDWI6iW4hLAq+Y=,0+nFAGqKEj0rU2MDDqg4cdWm90jX/KLqOZvDag20K6w=,3mJQihTAppaYgI6z4DfRiwo86KDtjkyMYAR7hrDM
rPl70nXFLY/N2w6ARPzClGn1HtXCXkFZ29aaSf9KbCDVFA==,XTBv1B7zO9gnysZ5tSGK7jHBc1HVQ8Br4rQikd+gjgxIDqeMJg==,KSld2KHBrwdeXxB9y2tbSrC3xW0SOcyi2CqkA92t8xOID7g+LIZLjb7b1c2QCj0=,cNTE1NHI0iFsbtjcTh18BXiuqkEip04QpZ8yI/bry+c=,IZIDIFROeYPmlxshtzkrhD25fd4pqeWoYcyvVJDm6g==,KhruYvwt5DGG//V5zqWOaJeXDCcuyD4GDzR3fk00,o8/T8ag39zge5Gx0/vUYUttqyaRLqswhVVi+jf0wcE4=,DY/3dK/mB2vRYqnFXO5N1DldmYjoHMW18ek0Ky7zVXU=,qnYXz3H+q3yg0NKQC8arg+5nqS9BMiHMqRljpLRk
EUzIhlUlzIpw2TPw8DQ6JC0zYjBLgiA7YqtAA5l4Vsm7Jg==,u2VgN2bnRgM29P1YqzRJDhqqYjB9Oi3iAR1UBGhUEltOoIvGLw==,wv58SHi/mBrNSPqQ5BdO7vp6ETdcba8xS0XluQWdTqaaVxdOlJtodHVSx9ouZuQ=,MB1Eyo7swPLpB7B8OxI4EZJsVhQNuLjBHKyVZPO8oog=,Agiwsrs2dQf0EbwNynXt85Tpelm/zjk43IUA07ryNA==,Dn/fpO0s27vOCyYWiRpor//E1BbalW2EysOvo3Ui,EZP0jHYIxOwfaTvFC5jyLszbfdkc9RKkriD39CIf3gg=,+ckkOs92wDBuMwN0Aq+sfBnEg8DEHERBF5kne95RrV0=,5StNMxSdu5ivCmvT6qCw5HqFoVIPBLoKQtyCpHSH
qEKPA+88ARYDppoe1NfGQcwex5WnIUxzusIH5yDdxCX2zg==,eechI8BM/Yh8kFLEqOAwyvpvVZMTbndFr8aMzikK5Epn8VvA6Q==,Pl8FVjqI+EU1SD3FAUvVCBvA3KECIG+ekULMANIfx2O8QPilq3nSfx0ZAOOKWYA=,mH8QBsJqK+nkYThfbTOneo/u3wl8SsJBZ/aD1Bx2J9I=,EQ/WeOAUVayuCRg3skr8RTw5CbSgGaTlBdg3LtGAyQ==,neNZ9ommhNdBFjnt1C9QddHKTmsgG07l1mk9J39F,AnHJBiQuBp6Rt7c+xRjyUzEchT97N3qJdMfBzAZWTrA=,fcNkiKLe9aNOFO8iNaxQlbRRUGvTDPBpOOihGQlZer8=,1Ey3egNGQ8EIjdSSnEUyWNZ5lAKGDvO0dmaTqFaE
2L59hxxhmN5tUnfV4dvthy3uORq5aUuMRrKCfiBJUfp5QA==,83EVMxfGcYo05GYhC31l9LP1HYUk12fkB3RmsQgA8sBHGb1uDA==,AaKw4t6R5uxryHFaOR1m+2tzhKRgK2FQYHS3EqD4PWADOlW7x3MoCYNMZm06gcg=,yJr/GwpAs20c1lGZdFnpgthTzY1qKSVyuTaN2Sxch5E=,vgbM9cDP51LK5QdsvNPeyGPZiehf/hvFiLx2/sjfCg==,VWGa6e/Cb/eOXh0C7C/tyH81hF5lfOhQezYS5rZC,wmOqbXn4B05rFwyIZVLl74tV81qqjqw7vYSxywt0se0=,048ddqLlZfb6ADTknS4UBTuTFllSkTV/2zLgKLf0eng=,x9DnmpQGmc5Vtafhuog5eOVP/W+vM1l9MSntopTR
f9ZXB1sdSNxyGQ0vaV3AchJBE8F4tb9o22t7CTDX01d7bg==,kMfYikz6Ait4d0f8fs9WUBzmCUmttKcdUZ8VNNnJ9jeNWl6uhw==,jcx5Zr6IFVS/cOUuOw1i70Ulbz859oLC44s+XyOamID9+SsLNF/LJU/P3n8RjBM=,07YJV6y66vo0A7Hr/g1OphPP3r26adGMXiRvNce4pik=,/g1czaQWxn30fV0IGb7BkbsOtFYVvhiSVpdBE/01hw==,Odw0sNN+ucdice79/DlWjuDZc+rGRE7gI0nimvdb,z2h36IrfOLTNnBovmWrAJBO8GvF6o+5SYEo2wLkD9cY=,PKPteOYxSoyunGOIv7P0JRprpSkmIqrNFbKMvAfr4So=,7omVO9NMKQmhiL8SZvxZGvJcR5No0rttVSfCQNXD
wOZSsIqoiMx5ocNpfN/F4chIol/DYd1heakKph1SQ7cnVA==,MW+lRt3UVfKqXFUtx53EyiwjX/thLFomTYJhKV2Y9sycAJYb0A==,vhIA96cjS7eSqAX3U4jlvc6Q3X1haXw8jJxg8Wq28GmoKJOWO7mys7xWNmZDKGk=,03CrOtEE10zkDJTaL+XuymdLAi0k25aw19458tUgpus=,2UgXlveBWGIZf84cqmF858GKrLuxrHeCK/s6JulOag==,ClaT04Y8KJfDx2iMtXQ9qcI3IPuf+NkP288rV0J3,2/h3Sctzp2T9HeIjQ73fnFo9zBAFmHWbALKHj1+YNk8=,vGk834OzxUF/ekH+QZrlN3WoP35dj1aIHVyoxj33v/I=,qLdYmu5TDwSL+XOf4EEpoIk/K3fJBWsSkfXg1MQx
76AqcNXRPW3R/juw8Ke6YQpVAH9VTohUKiTa0fVQWlAoFw==,7E1tPozRwF5Broc2KGPkc3LiIEf77Zg8l9zrBp8OevY/Y7VHDw==,WchdTEQrtr6WKSm7F+MEcNadNn65XybZpqRFKueQzvTjlQyJc1PlUA033kws+Wk=,/wzmAYRfK7H0i7R+4U3vXfcwqWkB/osQ6hjwH2aOt6E=,2M3hOHnx7Tdeu+376164dnJui9fHPjclsCFCQoR5bQ==,Kttb3ki+m2goL20VR2A51r8jdhwcdeJcN+AN2x7/,TJAecpvyJhrJtnL6pK7XCkWcuXT+sl4bs70IgKKtjnw=,8rcbS4G2WTok5gQK08n6ZdGJjW1ROk70gqrSPH4D6Ng=,B+g/9kOeUcbsuxihItgxaZElJ9pGSvMB8MuJyu+H
bLAEnioxWrjdnkheoNiz6OD5M/avIpmiEzjHajWoFYLEjw==,SfVHee29PSWNH1t13ZhuSDGeQNJUFHWmHfJXW9P+A0N49g2drw==,GzfwwV9cbT1+9xLjt+1rH7aziV0eI1YRNdsS5gUyMHd5Ht2XVBjhXk+BKWBR9G4=,IRPzezmfVx6aPSL9eise+mFjzUR/YFmqNPptfAMIav0=,iTYeMDmpPOYepVJe0OZeZd7N5odvRaca4ovv8/jBhQ==,7fe8wtXa70vaqH6iXQbjFZhwH19mHsNU3gl0nZJC,imql6td/7C4jVG+PyIUUQ9UZOmtCHSfRUeNpFno/7HA=,zN2AUz6XSIFWFoHR4ZFwyzMa1GoS9Pv7e8FgTxDHLCc=,Nt3nVrtiv6Z4BLkBshfR3tVhQAax0FA5OgYzw8y+
Hme0ELrovop5pTVOuKATkD22tNhw5YhzKD6iUCTR6C9BrQ==,Kqnkl3rSkjvxMTzDPM0EZHW/NxPjfkB+aSGmAMmkDlLmd1mAbA==,+CAkLoEv2x4ESRdWiRN0bNSkaSa+xbMatislYiXGbccNBpWSxFrKcvwUP73MaEY=,KdG3m7+lr2RikykdOwd8f/cnKrPkkcz3vdX9bkwkt10=,w0eqcxJDy8fidOWdAomX6iXyzRqdouju/BTK61k7AA==,64q2aC3VeAHlN95O4xti4ZJzTdc+XCjdGymdc/ih,MoV2gPLFCGoDl6y46k/gDignA8SxQ4TfpOpqsBuo4h8=,Wy5TNQruhbYiFLsbS4c+5/IwxgFEz4hEe2PphHtnwgQ=,QbEYK4RLcIJM6Toh+j8fujZEs6N8uKX8n+ePccke
U+YqNhKfMPstDu5ubSMsnrN5vlQ/ZaBfJSrv8H4tOiPrdQ==,mVZmnpSDjD2sbsZFHePrq9jVfrbcNpfwzWD2goqQh+/5oPd4gw==,YblxrzKyFfrnQRiafNBGMXu3ZKprnAfYRWNPGIZ58cqK8I2QLNGIDKFfsbu/jas=,vND+fsv+x/niEwEKa9buRqptk6Avji9ZwiYAnnOCpgM=,wK7ViWM1aBinh9G1Sui5gjU4N/S6sNCjxZF42GphRg==,68f/zd6YjwcEnCMTbkgVmVDpzSwVrRshMwGMld/m,KeZZVwQJK68Gab4wYMGsNRY3IoA/BINtSPopTELmHMg=,0sdrGO/pqXFNdQvxYPh9e3v8Rthmjh8VXcJAAPIJauU=,axg6nVppUBBmStMtfz3pueW1YfOUQAif1dNjI+d2
eaU+FMhV/Ko7Q8ZH7CnoOEqYcbeCFMx6FiE7ElMcz67pzw==,GjIGnGEyytkaoMOz4q0jWMUnltRqwc+ZIh0Z8MufebxTvw5CEQ==,uPGqjb1o/Q6dVwOU9jfWeqHaaqKv4rG4NgqsNqKzTPBa2iqKAzuhP2dTbAc0iDI=,Sp9OBMWO7Pf3vBV5ZqXsAfmtA1hGDpu3Ab+KWE+2f4s=,JJY13nnLjY5Uh4sArzHAm51kbvMNMVFTFKWXGWsYew==,h2UfPQG9gU4aPdoewvWeFMBh7esJWpDCJZhwMPYl,cmzOpO/Z2KZaeF7hz0K3qdjjxoPs5y/e5Z895zZUJvE=,8I9S9eeVFLjG16+j8ddvelsaT9MaGGHpzeWfD9fcmis=,VTKFtTwu9/VpHBlaMparZ8DNRtnybPgJXK362NZ0
GidxgXNwk3kJi3S22RxAQvDw5S3o5jGtJ+G6bxPm96Z2VQ==,O2/xhzSveGT+DSK/QlyJxlIoifcabanrco6enOUIgWT2iJUwRw==,dUHE/q7QmoErDhqwEj6orQrpCpa/8RQa/ta4MjP7SNfoayNvTXIq8Eu57KUW4/4=,001owc0BjGncyCoHkzg7iM2qOsTZ+kUSuzMzoMt/pzU=,joFug6gxSRcVbXvms9EP1NGQLSlCyaluo+4NeZ6t4Q==,/lAs0bniVL7gKHww9MX/Go+APqFWkZWnsiBNtKwF,j0pTXLHiiJr2Y1Ybc2S9Qh041mNGCiqoq7tfVueG2aM=,kiyY3yVeNeh+8hFsv9NQxNaEeoMxIYWyQVdy/Up4jJE=,PCarI1Ng/2xdxUxwlCSn0osqja847Jv4jka5uZVE
yHf54ONSUOvYHO7yreqHeYqx6e+Ic1+pTcWOQl2j42bm+A==,7qibpEaDPcfPK2RsCeeg4XgOTs2WHAJTXvuCoF7bw0+X4rJP8A==,2KmYBRzC/UsWNuk9G3e+TDvgsh8X7RmPgdn7aniD+uzT8SUm20Y30PlGsx4ag0I=,CpXl0BtO9hD0/RWe12R9E56SUYQE5R9psMvVjuz2OdA=,WIfhikHW05wYoS/L3ZRCcdRiriju25v2D/p2sLXe+Q==,Cwb9MSeQzLy6htzrBH6p5b5mQTFC5P3NFX5/5gQg,7vckQx4lk10a8vdRjC2ft/ppwlaBys64CQeY/zr6gIg=,sLRpBOaFYwXF8VOQh+AifGuJgfCZkNTp5g5UKg93WEc=,eeHfptFSxWwyIXasRaLGbfwp2ZMetp7vzhIKr6Fa
egzXVQmvlqhvhvoaYY93abkaRJ+s27cEU5ukMwIw7PL2Fg==,jYo/eEa9u+Yn21u1aASxy7gdMpoNWDIdYVp/F7yn/BZGit2zCw==,hNqsw6OAeydrwtqW0Qyo7J0mf6W3WA5MRP6yT/RT7712Qvy8gEI2xUUD8Qldob0=,ltMbKox2g9RB0LjhuPMqsRki3k/jFDV30OE3+Gw4pbQ=,mH0U5ZO0iiuydCcr7GxIquHRPTWz0+hvKY7IBGuTuw==,S2JmCWStREy39yZv50MLw4i45VcxKU2Fk2sGGzX8,z9V5EIHTojkf4vx4RIhuMjVOAKLjJrbetrOgAR2WLzk=,loybgBzUfD2IVK9AigK1wCdVtmC38YlR5tuTA9dFT7A=,I2xyx6R87+eCdvaUK3hfyiSjE/1kOzXKhOvygbMd
YBGuG7pw3Hwe2hQ1PDSxEaiU62jhESzec+hF6QTpzBwoVQ==,ksMZUNSI2Whxz282ATe0aKlw2/L31q6T1tZC8VjT7viiGqQN4Q==,Td0mzZaJ7rv5obwhjTXDWgwr5oHWGAztZiOyFQWx6p88bOVbT0LTMkSr4YSHpQw=,z5snwJHbdvqAtLQ/MTonsoU3Y7uyLG0EwuGV7KbkmSs=,c+Man4m+CYXdUVdOuz6L039ymmqITBCyRvzHOme1ww==,xKyNXwihVbsVuiddad8YQAbHnpO3Y18MHhNZpsNV,/0QgjUKfnmjm40Hc20sj9SitdtDc9bn0Y+Bj3q6fOrI=,4/PlX+MI6sUE21D23qyHPvxYbs+w5Zxx+plRmsVMtQE=,yxx1wpXtF/vCVgvXZoqFXTyGmyR9iz716C64sRSl
84niOyalJRnafV3cqmRehk40It1UnIlKcOYcHOjodX9GrQ==,fONu60/hifw/FSKrAjJLR8jkpxJGd+DJMyUfytLWpT54U/XrZw==,NfEkFtIDsuetcKQFBKaasQrJlVYp/aUdpXPMhOgGBjPC4HbBelAn3GPBNoKo03Y=,L0+4U62vAdFWwEi2gT2jgCOVgwRwPXmXzNB2GDbZiWk=,eOMqoNCXyKtQ1ZMjwLnuXSfAjtAt1sbHNJ/toPnCwQ==,kDoLDbGIJzaYY5DVCPWwkrWF5X4rgzgg+oeQRGYv,zrNFPSeDSkaPedREROTTYPLw8rPLy9jiLUZ3CI4WWZE=,1yzFrM/pDz4XBTmeVkqNJ4EOdEltUeUacxtkF6lt6co=,5JrrHOzGMBVq9VuQWQR9U/lxpNL6HC7cfqEXKoeT
BHlM4KGRJboxJjqHpl+XDcT/8uaJsFPFEsQ3PWWPChIo1g==,zK7GHaoPGGIDykwhXyteBpNCoxVYJ07BtDWY48vTkU344pNNLw==,pIVLL4PGBbRVR293Yq3L7yeeZeb8Yj/wWNCYgQkMPGtLqmSIBg0Kw2gm7GKioSk=,Kq7cs4j/3IXvi5NR3Z53V7+d6+y5wAqqhKTUN8bBr7Y=,7lZ194CT63CP6nXmeipIkDkHhZpaYB71psyQ02r8Ow==,Q37Kthj3BSoz/SHWj4jrJjKFSCuHAUKVyeXCQXf8,vhwtSlXUcHUfKnPbZ4ps+zB/V//sycqsoY9M+OY617Y=,W/5fDppxYTZQpJ0KaeMfgBVF+jQVcmofbwglxKB9Q3k=,6GeYci7orZpsB+6Ue6rj0BKJhcHQUyXFzeieC2xl
oFojMPkvg0kBuQw8vdr7IKhTBhk4XU4tybV5ZLDnGP16wg==,IJTlgipznubnPDqmgYYeTPHthTpbI4lN7tuLW0lj0HrjuwbwSQ==,iJ45xSeKqXImD2Znxp6ruu0RwNvQtIiGPmxre9+qq7rysrKGR2ZlKluE37orqcg=,TkGz3qo1OtSkoPuxCWcVkIw9G5FqSHTSoJkOIedt65k=,h4/LKRcegDsHshBs1ndf6BGBbTqq/B+kDypD1mAeQw==,LZTF3LUPUOP0/LAaE3LSRjSRiRpeeQhVOOWunVM7,iH3kDphceKhiDP08uuofMBbCTzYaimNdNGUycoHCRXw=,l0lAAzuOX2nboP0ftqIu6pXrgdeE72H0bf0d0MEV1Uw=,M076sJDqB8D1efu+iTzL+rLv+ZThN4FegEOg0n5s
FqMeTrh1aEsbAGGteusTp1uDpbowrdF0XOyVIbqZ0FsMIQ==,XTr5UC2uY9rDEqjnZa+x0AURIIRBHQ06lHa+Ns4LcSOxAdOu2A==,kOUk2nNZZSgaFK34ZN7tY9gErRW6hyukpAcGX6Fsk7or51NCWmvfakr/PioRMnk=,D0YDWTuVsnOVWnvtS2fhJy6W56RTyfKUdZBQwF8I524=,N0ndMzbfbO6abrnkPjQQ8Q78IogsecbTj5IbS9AgwA==,Q/66L6LaTaJ1oD4MG+ay1/Ggf5sxJ2OTZpatpkZo,F8LDCDabONq89DkhkgneQJO/L9RZ9Ty4OZSFxMVNse8=,IJKfDHuEkzWQF76eIClMtjJy4J9NosZsqQKT7wz7xB8=,2qwkVK7tZId3SsIhzpi+kuYy7WLvSqnn4+CyHk+8
UQwOoYN4dnXUlH+KX23n9of7aD2uJtdTFtJqGVop8mhkaA==,ArC0/bchHA0+rov1lndXJcSHrn5j5DdMuTq1DhwDcZ1ixP0JKQ==,eXFaOhkBiTUn8uezNuyBNntVwLYU6tWKuLDMJRlu8Ul/twvrt4QcP3LA7O02OwU=,Bm+pcTCLyzRWkDJLSrftHVFZmFwRPGjAy6YQKluPy+c=,vn6BifA0DJtw2l0EVbK089AUymxFH+4uhd2q00uEng==,tQiQmfGcktt1LaZ8Y5xOhHv/hCYDevHPSHnrvbX0,X5psGuLfFUZB+toFMPeGc5bjgUohrqNxo8qXOTCdDBs=,213/tV0l0k1hSF0Z23zSh9S6t8qj5J7dtp09U48zZdo=,SEi2xQFPQvTpw6wPkLDJD1jYUhqEN4zAgS7DIXsU
TUGHVBhNNgCe8GXmZ9W8c7dlp09ksKgWWlwiW+zyrKf88Q==,A8CJBogGNiUg9YSLSgrGqEKgHm3EgXIxLGGalZcEtGi2dimEpg==,ypLSzn/yhKEok660NfChp2O9WAsOKqVmI156Whj1h/j5R1k6WKfqdnHexw7zmxA=,uCdNGCVremjB0CEU9u/xwJU0RBfX6QsnWieCeYkuyOw=,kTCpqckQJP5ee7dHmOckwHIF59QwAnl8cpkg8rTvGg==,oBOoPwZlCLmh5KacG9ixQPAYoXzmYNY4cyQUWtt1,m0xP+nlAgJpYCyg8UbpPgqdyDj7AXIO+8FYTOQjOo/4=,1KWaoEAiMDl5J1LoL/dxLBs8eLNHUI+1xknAm83HJ5c=,s1D8ixlSzKU/8F2TKTeN1C6aKt16EamcEA6/3kHx
xulZ/l26hZkgo/4JnQMHZz5sGVAuxZY4TvfiW2LESzvoVQ==,qvMUjqOZtj4iSKU16DP9WRO6zfXlYX7cJWLH4Yu1ohgtEYb62g==,hbgWdmFwxwgl3sUHh2lr9MvU0K6wc3RA9yaedSvz8NITfPcaU5UgeLgt7/+lH70=,u6FkzVHrtc3ji9U3qIYPZfuP3CR/EL7rixxfU1VQhJ8=,0UVnY1q+jxIdJfq//bBoGwbpTnpp8Jo4H6kTw/L2lA==,4ThrdY4nNm1ibcomJ3S4v2FzTe1td3/Kl4ukk//d,r3wq6JC7xUyE2d/wxgoPQqmf47SU6NDJwgV/bNdPTYA=,7uxc7u2Jb9/dCrLCR4MFCIDGnd4zB/araItDT3gBrX4=,+kqjvLVOc2w+n7PWNEBagT/Kzl33l7qK69HHU0pL
R+5gjEMJjr0xuHvNqGmeGZdWbDBYEGp4Lzs2EoaxC0peeA==,gvKw6pQ9yxVLQ6/ZtBDovysqkiC9yRs2gJ4GI69IRCcM41R8PQ==,LSOsIKuKmFLaqmNsyWRgiWx47TpVamKYX6dxcU74k04GFdI4VXCl0ujksMIXVek=,7pHE8drh5ltVMZP4FDCqxTigAYnWfLp69jtvcRqku9w=,a7sll7SIZN282f7Vx4iiU6AV+mNq9Bf2Q+z676bqww==,zZbnsJ+bGIedH/gPgYO4lLf3ZDx310ERSrH+Vszm,zmVf37XNSBkPaotHkeolngIoDcSNbJlgB8fmaKAGROQ=,FXR0Y1rw7ePtaFuh0GkyGmoaMXtrOIsb5kw5QujgHrQ=,KdjF78qU+1m9NTxHEGaIQ6DXMFsDgRDOELGyzLRc
z9Dk9UrhU93Bp3qWg2V+J/DjwhJej7ZbqLmO3axV1ryKQg==,SQlk56kMQoHmcNPjnWLYsKRybOL+4hCpqIvZVeSJP5i8Hpfr9A==,q748pnhhSa09cCa5CeDF1Ln8AdtmMIDE9px1RxCo0ylvTd0mWrWa9KeIXDPGj8s=,8M+/+qmvAhO1ohf4BWG13BKcb7oXIYMxTztmSWfTOsA=,6giDYxs007jcHOqL0gdWJtABKGNU8tZ7V0vvZdmfpA==,wk1cZTl9ahEmrgc2hBijYtDNplnR61eAXrQ+6zEZ,HFCEYnC8Urwc3IgqNO2C1QyY4hoc1gsMeM5q+X+FWfk=,P2+iDJ0vQuSpVg87JW8UJHBfmlxGFxC86GKEW5gn4GE=,HHSGHIv30cDXsFlvERA82THR8D9WnFr/NAEdXgdR
ntl9cXQYCWclUrx8gL5psHOmSidDjLIrvlItsm/V0TSFAg==,k8yZXr7eCc2IKG0jten+vPL1btqCU8kqNzuIAPLhg8hmAWYNrg==,5+7/5KUCDfutF0Fs6DQWItLkgNVUcLy1dFTX5dtRi7c5I7Z/8xqmUQ2BLn34dzA=,OtglFWI6IYn9Scy6r6KWgdZgkCaxlYxTdY9NKmgC/T8=,sW/FNlgVaI5mlvmF61gnqNnXxcRvL0iexlE7VObLqw==,Qo4fx8TT3g4WNaz9UQ0tZ2VNAm3L1i6RGniURl2X,ttlIGjCk1SKShY6Ce6R5IM0zgiOWcmiZqFas1764w/E=,lp5ChvIFLjpQdgfuY01I0o5NaskLX3h5TiowkyzvsbA=,PFq7aI/KMAZJLbrM7fDZTCA04heKCyb/p6JgY6Q/
pjaQNLi72ZNZM3wOf0mFdemMEmJY+5cvwhfr0zMdUPw5ZQ==,EO3QNvycS2BMbrO40EQduuZqmbxVP1+y+DfLWPG7PuCmLAKTzw==,GoBwwBZRxsA5e1+6Tv2SsgrMwesW6tOypgI3Ph7B716Nk+KCpSYKMXVsYUCFv7k=,FIwXA5tmp7gVyjy+PsIpE3KoZpnE5rK6itHzc/lIGfE=,xjnMI0NOd9bd1ct17X17kG+AVqLiODs7GORnbdBDSg==,PYVAMLNWlJk0YJF4+5MirbcRsm16HhDx5q/PoqsA,jAB01UanK68oPtQej+rCvzjHLLSe4EEREGjZIthMZwk=,emCJy+vnhg5gWfeVuzXiE6idNoJ7a3xRIcNS2e+o4g8=,t5gz5ip0Wg7B7vYO52ny/F8CHqoXyrQGngS+IKTg
spi8/mp33kdDTq4JJ148a7tUZDLgZDoVjREooK36KjMheQ==,kxhD1jBsGi2ADdZ6PZvRwEMtqmI2zymYvPVzMkfLiMWHbhxnUA==,kU0oY1uccoqLSEOLGiaXLmxsb43BC4zzA7E1AgjAzhaM4akpuontbx8DKvKMAcY=,sLy6KKRg0w85cA6sgOxJGLUOoGrWj+oRKbt+tJ5Xhkg=,FAJWQ1lBZHVh+xlcJUQtd7yU7Fo04VqSqL3aZf5D7Q==,fwAMPSN12DaiNOMAlw0XLul6Xsx48GuTEkNWv09Z,ksRDC2+eZDC1v4k8k1XMHASWxTK/lmGXMapBHFeVjUQ=,srecXMA46d4r3FNmSC4DruS6TuCiW/NPSFpEB6AgiV0=,1kFv/jwBr4RprpGWH12rz1xfceweMz268IQR41fZ
N+XUlrGZjE6Gmob8H0XgGg6Mw2B9VM6IKDE7zBMsBQi44Q==,HlMAMvMjzMBxiWtYWqJZDQP6gMZ/7Odr+2Oh6gdwO1msQEiUTg==,XEmqF6rzskGys/wm20yJrs5eAvNIRBdml/kuVk8fGhYFqZzrfF7yFNgrlWeMSxg=,d6ryp+xWqDf9IQIPaYXaJ0+kKHLtjRDQ6b23Y/81NoU=,fMhODUHIBGlO6Q13VBpUDNkLjZtodKIzfjxl7nmIDw==,OexVj8/pVQAUubPs6o7VZnmXBwBP30QXA/oM2uHX,A96H8D/U5KR24XZIoz75cxoPRc/JXLFPMqWb5L1ZX5Y=,Dvs680dlq00DkheYvgG4qvk4ZGCAzUImWID/f+F2ZTI=,YFtcMSm4kip1y3QRs+HEqrvwb+GT2B8QqGXpKA+J
QXj8w4gqXoBu+GONPKBV2tlmlG4YRc7wxPuD6xRT5Avz0g==,Glb47x2OfP8TD3OuMP2JQy0bvG1u4Vy80v8zmlope6ZKOUjIQg==,VBm+2STpCPqzvabh62eW3RHgOdRTn5tWK4JOHoLtce4PKKGsSeJLFaIS62WF4Lg=,85Z2+AuVxlrD26BjfbgtIjJdBYPrRfA9GAsUGYz9K+8=,rW7fZzsttTXmjpZJB7+dBCGR4XO4pWjxF6q69zMOaw==,ixnHk6x5v1l8rjcMOrjl2uCDncDHURFQrZdTxel6,23vDfeLy+ILVMD+l9zTU8AiUIOXnzfb0Jw5wDFcq4Mk=,Cl1Bufsn1RbmF+CMgC2R5yxnV6WHnH6+s7paca8dxAI=,t2CWx+S872p+LG1m22oEmj0kyHOyck64xRR0KwsS
tRzBwpwCbXgZU07PJ/Zf46E8bavEYZb0d8U2l0kFAecSWw==,zuH36BcqdS4zuU4FbCO0pKsUx7R5kkSgkDJDs4fyEkfZ5OzePg==,ZTp1PDYfZhbGm8jAAoJjNUgBLx7QU6h2EDpAQZ38fQPh4TvveyKRJVimj+1VZO0=,PXkkbYqxE3ZPJIxQm8mlrwMfMEyC3gbIx0NsYEJpE38=,HH9l3y5Jd+xTl26Rq7AgCE2jslu8uOVbLuxY4FOIFw==,7+2Cydr1WebYYm6K2Dvbc5yC+HORBslu7iP8UErc,7TCyfj63Q12+ByJuCenSGyi7Wg0a8AT+qR49U9DBUII=,XQ5rAJxPL4U7zBFMCj63SVl2KL3gabwhp/qnmGEqNhM=,XsTlYl4t1PrHa02IQm6SgeajPPY40D0kilyfN2wT
aZ9QWwSH/xAklz0HLMDSkkDT94FEaJ4SE2lOtuhE/6D0Gg==,EAk91XKxTbtYHVtnm2/voO7/S1XzY1PfIKCRBgT70b12RW56gQ==,Ca3g+9wr4YxXZYidMBdrVH1o67hdu06P7eNB5FsTjwjFW9qOhXZAuzgcXdM7hp8=,hSZJwx/b77hPN9M0gUvmnLeCzFO5fTKeOZQYfMVOnCA=,tc+nkVDDpsj28cNO1+rS8T/kyBfMzgbz2BDr4yBxcQ==,uzC9IjaypeVBg0XhpWSMePy7VzIQmxvFrW18SGxy,MfKK7G+23EpccrAuJ9hLaT3wqXny7CC5XBV3qjDA6sY=,q3LBDHlWmHIj3jBcTV4qFyTMaYszRDVA9Gvc6xEhGjk=,3AUrtv2K7dX3bF2ihqlJ6tEi+ojaPvvwK4QT74Hc
l5ubU5qg/1V2jGiALpGrZYuxoxEZrVakf+cH4Ezc98hGBg==,Gd5K/GC0LxCsnKdMYk+7AQCNhupXy9/tp8DRhVtMNfODBvA6Qg==,LjSsOEDi5gQK32uOX268ULuouqUJmzF/Jy/iMswToRolIJ1CqT8iQgUL2f9T6dY=,s1CxVVHTgiAyMsXnTxFizdohjVSiLdL7zw5MsP2V6Mg=,oebUxxYxdxderUq0Ic3N6ua2WfDXv2hmiLHXPjOFbg==,kMf50K4fljvCAGjiNTAj4LYbhT9kw9Ur+UF9fhkm,wJFTqmVyDfUFVZc/PPJmx3ct1HkUThWHezyY1Ql/Xao=,53qFP1Iak7TQsDJ6xq82pJ/Si09siKekSYuo+FNATa0=,KHEX5/PGWgLZ82DGfKhzMMnEDwtm10WZpQjUVdpT
8xsIAqfN9JrTy7VnBh/XGkuaFqWkUW9qiGq58CO6jV5FFA==,LO+KR10GhgUf3MRoAMmXuT0oCF3zNpp9RCcn/EBT1BFA3vmUcw==,1ZYGxiOjQSymj9dzgoMsscDaGuQlEP/vXOKuLdVTqg29CMP1Nn0JTlb+uupH9mE=,+78sbyvoZ3OAogXT7OY34KYJZj78OjYlIanPZlxqVU0=,GKMlM4SUSWQjtJG2k/GKl+iXZVW886ltwIJ70NFAtg==,ziLX7UQssZdlcX3PmfVZAEM5Gjx9anbghZ3gDJ7U,BRDXvvPHrOkQJugXnPvTvzUizbd+1CHbizLcLtDeQmQ=,xmr392rqdLyzZ6ap9Ys0YpNOBIqah0YRrAr/zRmSVmk=,9NcmS4UrjvUTaiMjLHmePIHZk9Ok+A7efY2kD3+R
DNa35/rheEMWFIidNYuvNF5VjzseSTPF3hPfnFyIQOPomw==,pwYmpkgvZoK6d7n44wCEQMv6RgzxwYgbquvkEIYmi9EvBHgQMg==,ZxaC+RE4NyeBkQ7qDHhu6TfjaJwesUiJnd7XkoMU0a4L4RrYY8z7El0sDKlnn+o=,hDeR2KCS6cxJKUv14pfpeBYlHuMfOWgPy9sumkyqu1A=,NSDZ2vzGv/ykSL3DAbJ05A/JzPmaZJqwZjhPjLEC3A==,M/GIlMsi9mqyA9wvPUG9hOy3qt198YWwxuhBlYuA,juy3cszEb+GG8oYyuZZuhA2Sqcu9xcfzPfBIIrS17Mw=,2jTfWBQsNoh2hc5uyPoT7C9nlJ67SMYKMaSsIlyf9DA=,hLLRJhIKMeYE4jX4osggbOvnQshZuxhGtVyqgI9X
TAbdtqz6PRpT64XskGmXQBGjBb30AB1M9lcJoOLA5wdFVQ==,Iv8ctb+3gJYxr5mpqMJ7HhCjEj10VpV4WsC0X0h0LlJdERRa3Q==,i0fiudDMb29uF/492ZNCq5OrcgcnjysM60rDMpQ6f+CwoU+K7adZB9T+ySvfp1o=,rrBpBnjwrRzdgGuijXHe95WrN9bz8FyMjMWw4Xb5T4s=,Y9FBNafnjI+IfZrOu4zHxJSaQl4pN52nZIvbHL140w==,O6e9c331vaG7S+CM8NKWwU3BZ9kOixVwNB6HTkNx,yzXfDQckRmBnqRH9qZ1nRiwRm8Fxv4plyIT7nPyYb84=,VJTFzRStq4AIcg7qwpNlaySkxdAG6Ck7UI6jwA+PYJI=,WMkQDMpTLhBaNdAbXn/0YsMcyeIhBMOguYJy1Gyx
AQ2ggwFH/+vztSCxge84ewQRfOlZ/9N2GdDwNB/MTqWxjw==,7HQwXdIPCK6UItpxI7Fn9QYnOKxm1w7Brme/oypvQtLIylDrVg==,3bKSmkD9HJkHgip24oBUv8WA+22nAowO9BChLX8SlEbtrJnppS6F4vfxxq2IQw0=,BaREnWaMksqTbzbdLiwSKGlYTUjDrGch89TwOiUsdxs=,V9osPAoKQwjhbk3u6XJ0iZLtspJNc68dFD65FBCxBg==,WLfojJ5w6znqSSwnSNviQUW1WIfldRrIyDBipku6,rXx82zn9JtX4foduiXNI3mV8BuM/lSczB6ZBcpVhW0M=,svdNV+yPzy03vbpOjieJEZrh2Xq0uT+LyrIzAcGd3mo=,jGVLcF5Inv2zmJzwILpG8prmesJq7XqwCrpOVcnH
kRHyTiXDB7aInGKSov9YXli3PyLFVEbb4AWRY0H3ONMMIw==,DBhdm8lf8el9B34aNfllW7q1l/bJrnOrHSWdNmZRrYeUHs8RhA==,88qemK/dN6NxP9Cj5lVPYfdzrd4ghbMKlFg5LHyDSKnnASKeW8QPiyrGdmjlfiI=,ABw84AHiryYfHeYMo8sqkz0l4FXIR3T5Mr+mBCh4JXI=,i4yh//RNZo+ciFHpJk1266k2nY2RSwmOXP3v7UZIEg==,FRSl23IPYc4/Dj1GN3wttmFzh60LmXmwuTqeJXab,CUSVPgJG0Y3bMDlranz5oDCiMJK9KQqa66IlV8t9Ku4=,O6NlTpujNC/051IlUU5/o0y4BRCziPEpXF/waYOeiC0=,zEb020DlNH4swxpUHfF6H60iymlq7H1gGj7/V0ZH
hfK1g261GL3xt+/vAjcXsX8DC1/a9YDfP9xxapKSriiJsA==,KhAuDEnDxKMQry6Dz1Z996Lo/G8SyDJWbvnNfOG/oYfF4kfk0Q==,709ty0FtbLD3HUH3oepzwnDW/w9xFWz9g96B9iOKl+SPDKYoqTxHF19QxVWghtc=,SdYukkydig2p72zNNF3pPd4tyCksGjR9BiZpHj5AIjA=,CW/r3qNrzEkAb1wn6MCq1lMvrePKVIhfejsYx+u8/w==,EL2zp5WhJvGKZV4RtHhK9k1yt7Exkk/q5Lqa7BOG,B6dzfyX/p3Fagpbk2AngXozlI/AmDe6+B6RXKCljxYU=,7TYt9OaiooUlWi0tcuFPUtRbwzX6YCU1tZ2SuZDLFT4=,8M/365HYxxhrpQpN+hZLlDY00a/KtZBh9aQ6i2tE
6Y69O3gejC1lmNBFhKG/WDvxQeWMHFAeJcz1ZqKF5fUHMA==,VkcZJfIq7js6bWEjvhqQH1djhNbSfrnmuNtWedYkp1AKYfeTjQ==,3Yefsta2mhNNOoX6udt9wcnwJukWRZ/jO1rJZGGJ0qFALShqIBo3bNmg+ENPfx0=,54aD5Ih96yIybHFZXotLiCLQiMYrEimP9/9DUehAHlU=,a/gquVRyiHkxa9SoLPyqb0vLDqr0YWME2ATkLXvI/Q==,2Jwm/N6mNeacOqr82xXPPDh0S6IGuSoZYC7j+FrE,1NBDjowjVF03OErX0HO3TgR942tRse61OOEbMblSKkQ=,UtOwtg+ZjKgdI++yQaN8/kkLQ5d9AUnTOwjEBWhFRJE=,jZfTMpRE171hRUHrexmc1HkyFETnKGhelhDZ2+cY
Rwbp9MLlDon7lClrrxNwC5ftLPm8vY4wvil+CwV6HGjmGQ==,HhfGUyYP8Ux13NWoxVZGMx1BQ+cydXoiOMV3rMLRnGP0PsNUsA==,VU8dDMkKIMXy3/XxdrKQmpqHbP6U8jNU3wGHl6h6JzpCN3r5oMVQqH5srhTen9Y=,KM64Db7mAhVOXEIKpm1iOAMCfQbAWRix0WbH5kvbyww=,pUGXnQq+1+LHyfiTHSetHsV+VBZcWb53kCxU32xhww==,t5gDBtft4RTiF1pydLrwmSpx97W31d9C2EX795dH,Eyr0EMjflHwTYfmBJF8B4BvL/ECQIwls9UFaCjtOcNA=,vA1P2SE7Xt+AapXBd6lhyOlVU1lOx1IhT4rBTgaDWG0=,VJNKgAWf/oWMegJZ0FYD+5dHesHJbR1vFDzimLLx
q+oYyjZz8KFB5EuTKGUbMx8CU21+sUmcjGIebmD2SKge0Q==,cxq9pEG3YD1vVY3Z+7Gm3wAPn0jHuDL9WNBIUjGxL4zycMpBlQ==,9mFW4kW22FcwTlHiWSTlE4NR7Bq6lXsUxTLueyr91Itp/lLXKZbL9Oz6ypJy544=,6KRAMIkKuV1UP+WUm4zXVIKKkRm2JnN2KwSk6ToxIEk=,Bd7N+q5jGbn8/g9N/ZZcYcaikG7DwEpJVnqUQ+/4cA==,gzNnVI5dBOZKZJmLXeXKJpeZiYN2FqBztMxTj4l8,8HUBF8OePgeZjJzMKWcpCKJD9m4rlmDAMIdgsC+csuU=,JtmM24UfZuVkLOPXA1IWGg27MMKJW8MgjNn6WP4aXmQ=,zbydHgQt1L5LKmhzAzUWLJ5sI1amsRug4BbdzOCW
0V+LpfYEKlaF9Ygy7q062wI9zyaL+syWNyUHdrjZR/jqhQ==,ItBnYVbvoESDCtCqxL9V27zKcafBu2x8UsXkXwTbg/M/cIOSvQ==,pBwBVLy76fpIg+odZD6TXGaz58ACDZDpKDC8oB3IHpDCJyngvox74V6Q00ZcS1k=,4JhfWf/MO01ZirSkEkI8bDx67wKDHhaUMqxpd+xIYJs=,zesYTQDxAgkwexy/+vMCum3Zcy8XTXmDxHkejlE5Ag==,JBmixai6nT9cQmYKJWXjS3IqcCKtt1IFiLx8GLhz,L0Bb0iOkaO+4Pk55BnVQNgySyGGI2KjVWgu5E9lNl3w=,Nt13PJH6Oa7WhsrK74piC+5n98/m1Td4+jU4dS9R9lQ=,mAZAErYyEyKgqFsGEzy2m8DVw5hw5hq3dU+AsgMy
FbIAyZUKBu/RNutOq9KL3pSjaVSWG8L1hNDSVA8GUYeRvA==,Zuh6wQ41qAfNvDRs30KbWPSdSpmWWkX6UYLdp7hnRuhihKKeSA==,jG4aumWbNObaKSzI0BPl35nM/EZ9ZPQtP1/RKAGYyJZcAqOheIVKDqcyu8Qrpiw=,tdbgtLyeH6jzI/GSpY3KSfn4cIDAXFcXqx0Fxzgb8tc=,KqmIvgM5TZSEIMi7DVbXYYvWVQZ+XqVbuEdApCRWcw==,9CsuD+w1P0tUCp+U3wv4vf6Rrpd/sAoAPtTPMvZj,CZKGd8oi8cDp3VwB4dxCazr27JuzoVXmo+a8hnrJqAE=,epKFHjzYi/4q9BZLYQy8yFUgPFWls4ysb3Jlj7gJRnM=,TvmWyRYfUHtGUWVGc3fF40bLTgoOLqmUNoH1gALG
h977DWMk9VS/NcHjxZZLFV0uRs8iCn6JJNy2TCN59ssDLw==,G1tTIh+DEdOhJVQBZ6WMDUFPuVNBOEGzrIwbByWIg4sqKePBgg==,5ExqWZ6kv0eGhfVHe/+47YdN8dpCErSmVRRAF7rv35xn9KopTnAQ8qvweq/LzI0=,j6OUlQAzHx2yNbbadwMb9lw/3e6soGQEfOoSsQnWaU4=,r5cC/BF6gh2WAbBVmR+aTPeHbTVrllPZuweNJzJ2eA==,VNhVt/kjzzOsNiUKDT1mGG4llCuTFoxQ/B5MuJUk,T7lV9TWf3zlvHh6W4toTsWamX4kDfOsY6MifHyugNoA=,sqqBGF0rKPqWt7+wW9oUJebzWfpOQK/D8wdLPzHlL/c=,+BBWu4RB8+AE0lEJ0tKs6CpI0qOG/FKkyIunTvM2
gptFgGiRZs8ulnT2TkpwqczQGaEjwPi8+ZPIbHTjW3i47A==,EIJK3uXd+Po1BAFa7N0U0u1cwXYyhWhyzXNlCrhL4L3tSecg5A==,70JieF4UGqMBQ6i36dX1KShkvDEhgu5lBqQ8Yw/jhqS7P/DNy10CnoSvgm5YJXI=,nBNCOMn+oVCT43iSbPQgbNa+fkIk1APUod5OyyxHAtc=,hvnFCvWQxbfLTC9+VWfwdVoyy+k77qfNCSoEgE7CzA==,pc9vF4eKFCQxOq6MppygdTfqksOaHVa61H498aew,HI3ijk4UIZy0fJw84dfQYyEKEbA8czFZz14Fvamvz1I=,+SY86C0Qey7ZoukHuxWP6Liivx3JQem/Z85WaCHqWa4=,TeJxtSA9gCXrHJ+iLQWac5Axp8zcKzP+C7kTLoUy
Z93QjRuTGSsihRCXtz4WuKBiKJgAJ0h7SBof17la48H5ZA==,XLDMl5c799Dr6YBHjKVFVGDlmmfpVMr8ekvIIigStQm53DcvTw==,O9qqn4KnTsJOce25npHiG8m1FYFpvpSaEttDIQbzWfH6NrSLc547hKLdmRCP1vo=,qW29ywhU6csYBZAqjmouk9q4NcUhe6IPveYpoRvAB7M=,TmizjlR9pytLAULyzF3NEVGq+SCT1BYH+9HEwKhRVw==,IEx1UGqiqL5RiIJfstB7CCquwnKSM1se/rMAM2tB,1APlegTH83q4yuyWs/h8wj2S68d1AET8KeMd7BT1TdI=,baZpZ46PvWSKaostjhBkxIKq69qOKO9I8WRJIhYvnsA=,RL2FNsuAaw1QX8haOJo8YQSh9Fq/oTgQhEqmZfcO
Ymudah2WraZ1NV5jBLvy1ki1I6vx1BUQZ5mEt6ARSfukrQ==,9X07LwIEaUmDUasweGw5vDA8lrUfwsaYU6EO64YTMwxG5mjmYw==,nBY+HR8x5ZiyEC/VojSLV990licrsA/UbLEXk22e/wjHMh34JP0ZsyN47hWmtxQ=,RzftI1S7ck6KyU0P+sdwiND0whVx0lWsB3nXI7iv4y8=,6NlfiakOG0vCJBDHRrslAnWVvXh0wqkPeHXb+n0yBw==,j9yIehbd0zcNdoeXd+edrL/cziuZd0cqwJ2VLlhr,zIC9CWdnockrjqYx9dXGJLN7LA9JJNppix7V1TGTYZ4=,/bmxlq/WJTU6VFmlKAy7qbKmOdfBUUBDKzsrjIB4lD4=,XTgPD8fsCTEgDwdNdYWAeLVojn+haxf1Cq7+KSlF
l2Q3Z3hQv89WNiHxKsImPR3hTphRmJvwErFd1KUcsIbexA==,Hqz7A31Fztry8Uz1loM7NKvfRlRzHdlydZT2vgrmMekCWi02nA==,l+tGbrZN0a4556rD3kjlRdFXbhwVaP+0tpN0+NH2vwqv7JesjeZNH25kW6NnYxM=,XwVpcsuFjqC4pl3J/8BNA1NWFPLALqTrsmXnrBbXH7w=,j4KjdfHOJDWoAkavYgFCDOmHZ0ppKjKNS9Z2Ch7ttQ==,UrOuni9oRtyZT397XfM5uAbSefAls0rMsYz+9GBr,4toac5iKIAd9WKkcHAHTn3FuDB1N8chWh8/sG//VL+OP,AG23wNN4eHiokxTwwfQWRcvdyMKuzff4/sul2LWO1CE=,R/b+De02rjxOsJ3/KuLequISwZDpmjt58byv9mMX
Uzd3tzXyVZLwob8zrtwppgW4AYgW1b78CQAGF2uuzVBE5w==,+7Xjv0VGJnJjWPGtzHPpTCbUVPYmidIEA+2CjT/RJqghYiqqJg==,OJuiI0sXt/UyEiUbzQyGL4Z6nID+hiYwG7J0+n0HWqc+vqvEnrt0PKORTrLhovE=,CqxXSrvhSJU8DHyiXFqFwZ2U13EfcTd0A3LEszgGtRE=,9uAwJW04lgV0unNwloJoVeBYZMHq1VaAYmy8B1LaVQ==,BOSi5ZKGeXF2uG+ummB+rr+b07J5jlmPrNdHd4Fd,S8sjSxttRLiC4zJ9SLD8FztgSyegTGtLpiaGk5Rwurs=,9djOEZf/5emP3jlaoZQiW1qs1Yh1jmU5YmwXt1Jjglc=,+QRXUNZzyG5EHhOeV1c9YoPGxWhEnHj+Bn0hyS95
7AMgwlcplKa9ECGv1pXjdtbGx2Nh/Dmkk5OwwZHyxj37HQ==,gp1dDUW7u6zXGEmhKyTqSuXCUZqApZEV2rhugEY+5MzrfpZPfg==,tGts2xvrDAWydx+ExdKtQ919+QxHYGOL0qzZ1hlcNpx49bW8k5Q27l44BMFYWqM=,HxpmFO9JqZbuSwCX+rQUlFodC+qrv1AS5HS0kVyLe6w=,GMoCKOAkdv+RxbSjsa53q0jtBiHqVJH9gzOEhSVKdQ==,4NtPsnNISh050wdG0E3Z7/RHVgAUu/OiyUwZ+Z+L,XoKrYezO+HoJGhRV9wLJzF2uAqOhF1VZW+XJEPgbPRA=,LSu46Mpg60qXchFCLodsSEMtnM0qkk0nfas2jAYwPR4=,EByEqpk0dte1hXtY5msZ02tOhOy96teHlyCg41iR
B3l1hABFpjX0oa+y3qp8Ujik2EXDLaAZaeDAFTH5DIQGdA==,EJqMSzKa09GnTV7sv4nEH3C4QG6vcB1ev9ZvTy2suGePmZO1jQ==,kJYIM/7n1kBglb4r8zeZ/jsJkWW7nutfGTdkMze8LN2SDcqx5H1kGhysCZjIR4g=,FfltxdVL37oTJho7x3IcuvZQ+t+Vr/9vOSloOd3JJ3M=,P2mtn+lGs06d/f4C03eNbfJ1RxHADoE95HETRa5Nsg==,Hw3ebmfdCSMYIMRA80tBs8VANzw+4tFDwu7IdQQ4,phJyUEhJyReT0LqgUPUPDz5cCiTmZItiFYEieHSKpoM=,C6rpfO7ldMps0HQSekCP8bTUr97pe84blfGqmLlo8Vc=,5ckll8IyP6HWyXEn2ZSKRP8AfV24RsdCTMctDcnH
YFh+XabNHZ4yB+I616lY8Xg3N5pyZ0bGo0qlHEpmEFVD6A==,zJcRMcr+kdCfxDN2xX3LTzfPr74G9s5gqn+C54F4xjK4yarjBQ==,4ZAlwyEDM5kM4pWDPfRT4c4i8ND1I/VGuBwdpUJzsSRwbu9J7ZUdwwpLFTNOl50=,uZi5bgpaNPBuN1m28eYZVkXZbEmNBYxMIxGwOJ0Az88=,dEz6nyS1kxCTSrvCNwEr6s06vu9YYMnRrWhviS284g==,MyROlOT9uhCToJs62BRmNY4n8Qf49uxY01ihvIoQ,03Vy3q+KzvsyJQjlry0/QINSJe6FL8f17yoJPdK1hno=,sJ8z1YeYk4keoCuXGdPaahmbV/cl8MLxjs7Mf49vSHE=,z3F2jQlKWkv9nT6/RdnSBy8qfbOEVjngHMi3+UdI
PD5l7MRgVxRIeMzgD8JqNZ5U6MBHxO7dNQce5jgUuiHxSg==,6KaN6j/sZzrvOSuHUHp6KiSE8HatfMSkstu4QR4/EQMDF1Yt4Q==,jCJxXwfSqSRhoBmfX7OX6ahRUxa1s94/TT8CBAU834nzCYnlA5aRObU48HX+O1g=,BQoJvKvtdA8Zzvnf0oqhgyNL6K7gdFJZ+XiUwjn4Y14=,yi4fOu6dQux+Y480mG1PgrzjjRhflRgQNKREELohDw==,MfrL9A5wVpNi5YdhWrYLzAuzXYVxY4d05vHgMDLX,J9hshYvpXzvR7BgOlLTS+0fcR1CGokBcglAm5fbLKdg=,0HUjR4eHUHPxFCrOswv+RhwDIVkk++l03DJlc/E50Mc=,ED233u6SzFFridgI9PXfOZ5LYH7O5TA0TAhDT3XR
DdbMPh2TfeAEYa1mojE1U7QY2petBlC/StEm9RZ6Rv1D5Q==,eLvy7M+Sx+oIErqsD4wosWsSQPOhkaXuGVt6P1ujAt9JXdSNgQ==,AVPu3wuTKcgqLUsuH7teazlCb0qfI5vMtxeymWkMkPwQ+3/fVkh055hi+DCDyj0=,QwYkeZWs10e1DgCm18BgfyTp3YpKCNSAfM4F4J1A0e4=,svvbsnqw6gqW69kw+cXMmWLkMn7+S1uUlFYhGh9kqQ==,w3zMorrZit/pfl9BaQK0a7JUi3VVUjj2nRjjD4ym,WMWU0WpkyM42yFUhm27zdvOZnFNqKXqfMlJWkt9ll4I=,zGF2R54CFZYymBvxDZ6W4WBn3cMDy53spQrX7DlPU4E=,NS/UvNQGVMJtNgQ3hL/0UfkZ3qm8UtzMP37nKpLL
9VLlzscluM1cXFwC2YWnA2Fdhb0u803xuhrG1YW+KagX7w==,Uki22b3KT+oA0BdN8vwj0FSnKHBQemrG25nXCk2/VGhN0XbZRQ==,q6aQhxDCqBRd+q6r0dkjMRwNdR9W1wC6863Q7/+etKPsVG0tUPJlWPyhz2akgbE=,Gi/rSaUb53OjoolE4pbtP/tTSn4L4O8KG9mwS0hkb+I=,FHUl1snA2xdYVdygeisyzBFtXS+GQv3khqyJ3c+xcw==,gu5mS3NXs+B1uXJnRT79wOS1j+SRhaMggnsMlEsL,dcO7uxBVGTPPG3/j0l3HFuUx78NnbxzCJsPPBdxknWU=,LF7ZaVT7B/QFLSYdVxeP8CPvYIhOR6oCaQg4IAvADIM=,5vTX2+ZB/Krhdptu/Or3CdC7Z2lHiukrUVAzeM1Y
Ey0mG0UT0U9dvC9fJxQ6JxvtGUXiZsSsS/7W3Bn8sau3qw==,ghgqcdeRnZD1ayu5F3WcxmmmZMJhclqro/WS3o1fE5WQ0KGFTg==,uxo1Dw1muPbfpBH2XbPUj5jvxsm4/H4z+4RrHNu+K2jFKaMXvD/PoUsz2Yw+TaA=,5+rSV4ZTVShhca0JPo8qU4pK3lMdbeG/gxGGZ6TbJJ0=,XKE5d+E06uqqPs1aPGysaxFBD/lvNru0z3iRNEFTYg==,WT5tyK87yA4C3QkwE0bQLbL3rde0Onl5RHjWQJG1,dQgNBYiLt2nHwjThxqqK15K8MQ70F38ieTHRSKoVF/k=,IEm1H4rgO2dVnbrEuOZysTOA1MLnw0dmgoO1cX8tHsk=,CoNBNcRsBJPkgEJzuE/yGbPodyFng9bzanJCaGzb
ABFRNXd79ShiHT7RPVLnXwTdaQyQUuA9Hnk7RJqshyYvFw==,fsu4yXL5DRdNiPMCGrPav72hhuQpo9ZzsDxcCVYsIO+mVBXfRw==,naDborXErl3DjQZDUYf0MBLO6dnUreYd3ewPOXaVdp8u8dX+n8oji1YyOIj/rSQ=,l0pBaiiQSQl/Jpz0I7T9MKpnx8at03iy3YgwTxr4H/M=,TjEDg6ATyzm5bcdbVakw6EKJO/RUg3Rkc/cni2kxKg==,OIcdLHfIPSaT0N9GM00gI4ahD70eEIwbBXQ7E8kA,fHlzI/3/1Rze4FhB2VMR9GTDyeuhhRPnen6KmmyDGJA=,tHYyWIoEDp7YsPjyXmwWQg2U5FLnreGRYUs0615P++o=,xU0vigG1RZCjnLiNeVdJmQY7VEYogKCn2qFw3iLj
XvX4k+fwt95fPjJayBFyXA4R3LNGXlXaRXUxMNR//Hsjfg==,BWMjjIMi200Wkxhil4T4KfRd0lnFMWJhWhExKwop0jl+IEEV1w==,crwJL/ev9+9KGeiWzKhVoe5vCnf3uZgJU0YjjmNMML/wdAaAUBOXLAhNimDnKMM=,np25+ZV83ybYD7HcEDgDtb8VyLSVB7a0TcWpnA4LBks=,yFolNgGZGw3uER215KqDyRjhzjat/ZA51E1RfxAFQA==,JUVvv+XJRNAdhv5R+LXC6yfRNdW/7PgIO+SwfdSU,6lAWrhTLqa/Xext/PCNplyJiYwxpHVB7uIQSd8LHmeA=,mCoHTUGycYMJUoFZAEJsoKqJRz1YvyQ4Y7yiqp2itFw=,VCm3NDa4fFKYYueIE9wULlKs7Q1WxkdD/EBs6dHn
kKvJiRnPK1PGVpBfGPuUN1T8JAmRB4LGDiKn+cinGO9Kcg==,d2CEstcTgcWGoy4KLa6qSGKEpC1ApEodhdJEMX3OwU4dAtYLtA==,cDLosQ2woORn0Ow/RzRI7ngCl6NxtqiLs601xdzHMqY0T/jw05EmNw1529e6xdw=,BbFX4xC05YZOKjzgiSYLUJfM2ewCEfzHbq+icEqvlz8=,/ghEx7a1mZ8SEBPTBXW6Yo6G6e5UyhBIz2djyYAZBQ==,+qIYWoYtxQSi8cYs8n3XYs4a458ODtyGJxMagt8F,hF+gjAz+z2Fk3bAfP3DaUFvGFvc4/10aBNrwDBgsXZg=,twLo4Sw6AZacY+I20SgYBtralsWAeVLZlCLrxDZNBXw=,26ZmANCc9Kz9dKTzUrEAxo2uxUHg9UrctC2CmVOx
OdrcelL0PnZ+L5yiU/qQf6pSGB2EM6Q6iJZIdUiwvAgRwA==,mhO2w5Wnw6NFOqUF/JNBOItzXdf56Sp0F3y1D8gq+P6YM2fpZg==,9p/8xe9qs9/BYf4E9JUQhtOSolBfj7wWUJ/aH/U5LK99CQ4OhC1s53/fcS6yFbQ=,lZe0tk6qZL0xZ+PxGSsdmhuL4x20X6KL/YRDfumdhkI=,UCc9cUWREBh6HeccYQCyxrKMzFmyug5U3pprbDinFQ==,dwB26tYyMkdRApbhb9eP69UtEsywME3nibywGrw4,C4Cxg22cQ7+uHmRooBYqCMT1OrTWb6nw70BSiVJCPNny,FLwEWdxQ9XDiVS1cnsDi3/1WIii96co+JAYtKXHEwE4=,WpdnTojWAgcrhn/Qp0vas2xIKdYy0K0TsqqPvnJg
UOUWaZi2sguPU7cgGoptMXM8hchjNkN0MuJDJwYBj7JbKQ==,FHmG8aaoLYKpABzjOPOUFXvd4gi/UGim2ScW4ROfiSSuBqLbaQ==,bI9iVEGmHucXB7XeqhtPMwvfMNM+QbeWsxZkcOta4uWF0dfhJwDeeykQQVJbBig=,xFOdKhfMbg3KkPfLzcNHaJ/DGtvbbRyMbIDrVt8zlRU=,b1OUysSHU6T9/yCMJS823zAbLvM4K8uHu2eFKjyy4Q==,wwiJQ0Z/Bm1WcB3Q8CEqdJDsg4R+TAD5MEW0e7o0,Dw85gcLzg4rn+NtLiQlEhjFASgHH/baBQog4MFL8Pyw=,pSQkniya4zxYT0ypWh1KYGFKbVo+ILP9ads72c6yBc0=,zdAVeQANz6EQpiixHfnl3bLLzqySEPkTO+/M68MS
/SXoxEpYT/bYqNg8h76+jp+rRckMKfM/ovk6NoP6oH4nSA==,WYf2a1beOc8mMcZ/llRrt1Nz7RE/n8gI1yZ1ekgXw3toKRdLHw==,dnOIlIIxkT6rfelAzPnuWsVjQW2rnuLLskWGC5PFI5xyI4/YyimMiTNIBvToFTg=,N0MULxhx9PPZELLeBqcj1rvI5zd/eVX+h+036FnZ3uE=,6LZqaSem5XSbLTE8GS5GUxpP5yz8h7k5SiSKNwW8hw==,3hqvdWR4E6TtH89ZC9usH3rFdJVFhcY29C/aDiqL,i7VgEX8ANXc8KRXVGHeJSsFTAWXHTcgKNyEWVARLNto=,wGmXjpIEwZhYcrczMNiv7ghX3V9ZU+PtwEDMNA5N7M0=,YFcUpdwLZU7XpqWLkuGyvyeGSiAcNU+q5KT3EQO9
lw3jGzS+UWhS8Wnc8A8oEoP7D9yJeeTNv13o0EGHewWlyg==,VMOeWFLcdUkHtP8Y3wVAXsaxhE0vPRmKAZtIOIo0nEH81wqizQ==,jeTTs5xKNvQJt1/B31Mgk+ElIZMFxhfdq7ogxqwbsLsbMYTvWLdFjaQZTCXEZUc=,cOgvWKuAxkV4AU/fA7qJCYy+8Ehg31w93dTF4H+U2cg=,vMH6eERehXgP9cO7hEs9pi9Z7snue1pJSojbBwuTnA==,zERag9usQ9Dg/LMKwLQE0c1K0L+Bq0RxRDlJFi3k,j9+o0lacoL0serVLs2NgB2MKpcyrIOVcceYCDM3+Zl4=,Vdmt9ksJfGR0aJ4FTUL7W6Kfk8CcT8bZ3kLAB0pA72c=,T9ME9oyh4hVUCZ9FxoPykUwkQWobChkozMSibouF
87TvTahOE7TZgnfS2BjXA3r9GX5R0KSdtQ9q27LzjM2MAw==,kiq7jKkWqCQhQLUXnZqw9bTY9sPYqUVefFEYk56MCXDi7JJ9Wg==,Vj7bOlfHOR9IaPYdZ233DD7o2tQoIP0FZsyVqzZ7UYFI+W6qcbKozXPJJPA6t5M=,Wfnz2kef6931FoYRD7Mcp0iST94Zx9tIDTIL0b5qPmA=,H27kGTZ0Ohi9S+i5bOE/QwDQo6UxKNiINSDkEoaQiQ==,AznELyvhw+qBbgq9yi9noB/UzREocJeFhsUkoHT3,//lRHRWJjXa95S3yDx4tcRH9yofW8odT5hnj4VaUtPs=,vPlVaHSIUASvQ+Qz/fEauh7zXbPJIOKoRr4uXFGhAP0=,4MhtyKU9fyffXKSo/SqM6adhBJMgE76mg44fQr+I
bbrGVRADyogNAQm4zGbunLUXRByGb265ScmPq0qv9pkP6Q==,vmz8ijW+gj9uRyzU05SZnFVOkAxQezcR++THDlEezbhfkR5X1g==,WUgAQmlyHGwLJgznERdv5uHjag4SaNx5zZ7Ehd+COUPQI5m1NxgvwRli08oLzuw=,qLmCwUCZjvPI5uoV1+D0uKf7/IwLovyG+ocybWfPLqs=,CDITCx/jZz94X3bXp34rxUS+ZAMZ62Or+MXIi187Dg==,RAan0oxKjU6khuIJFRhS/IMsoBzfqR73+s7J8SO1,IBE/8nrMN30RB56SKo8BKU18YHtnCPq51/iNn6P0/Ms=,nrl3Dr6gBqpXnABhO8gsmae9CRRpG71epVWqh2YB3JY=,NyQOlEnDaxFz1ZD/a4GfKWH1k1enMpiHRZJRPE11
rGi6N9Wail80+c5TO1h6IZyN+j6KP0KcAaBy+CBtqCgHKw==,O0wmBbGJ2uVoJYSnPXNmB/ICu42psrTGr9cn/P751zAOI+2+nw==,P1Xrwo2nJ8i610ylADR3MBLio6+LNPHxQ15SaLvvc+SX/V3rl8kq8SDLnIVGy8w=,FZKtsZ/GHUnOLH2WjZbTR2M/BNOzNVK4UcD5T1j7FKg=,B5adrPy5Hy+xZMM5mXBOPWPz6DOJkeCtE5sG90RNtw==,BcrKF+k6f2RhFWvBO/vZoISChY5OeBszv7QAEb2g,Bh20/bbTlsNKr58UmkBuVaHxCT+Lv2No3XW1f030qIg=,R7D2bM12DwLBlV+MUf1kHIEjRAGsA5Aqaju9GbnN46A=,Z87pXJ5EqyeRNOde75hZMGqAy7fbnLvfTGhqHm22
JuYGuITyMQahNKdksulQ3KZoTpPoP8H7r8OEPi+/Y9C09w==,11ZzBCxroP2VBPOhob1UiTYz4ZLskgAOhQmL+SYPwIrorC/fPg==,d5oCgpV8hV58ySpGqhUpjbCoy3bkbr808N7YQpHQiqq1wwHlly2xoEC5ilpr8go=,IaBKcft43dfbfm1Pc7bgw7G7diFAFnLxMbyG3gZ5j0g=,A/A39lvFVOfuwaWfCfTB1vlQs2E9pnlnpyBC2PHQPA==,x8BEE2BhXXvOpzT+yWpRXX97HCyYCL1KdrhYy+7h,D+pHySNh0uacXEvKChnh7K4e7NX5wJUwaW8n9vYOlYg=,vynK+fm86sjKvNiw5IkGjfyQ33pZa2IZXZ2ezTi4IXU=,yMEpTzRBmEsSGxb85I6Oltx8KO3kWxW7mrLSTija
7ZBpd/R15RW5MGu7cFLn7w8stXY/Kq1or4JzTnb/7Ug3fw==,lpVApYJz8zknc6JXLFWcv5h84bUNbuQLv0Saf11jZMsHEofA9Q==,YclKIZwSudcfPr3d71QkLF+tqtXbfS7FQQ2P4Oiu4yCN3e78kyogU98j5Qc6jWM=,+Srgbn3aTIOXvfewNcB9WLcOiYn2my2Kyga50fylw8M=,PVEDHSWvYEzCyMhvOGIHaj9z8Uz+NuJ352LKDKFjSQ==,GHtMdyKrOGwXlITSWmjFjshCCaRJinQ2twWNlh+C,9y1KOssNWcKEX3unmSXCwwhDzs+JF0q+U8u1ybTH/4o=,y3bu0+XnY1MLY50tkDbkaDsa6i0/t25lYJReTz0RKcI=,z/zb8+QZwG+igAEnvxRpnePueAyeT2+d3HGjMW8s
iW1yCzep/jNrkz8eZEF7R3RwzktYwmyc8TM0rVqZUv9k7Q==,02NXoVzJdJKFBaANAqIXBjKs0SsKUZoIwPu/zZvk5hRpnaqGCA==,h+qnx1+uJSUsFV4idE9rGuY0lINXwbFxQHWVEbtjZ3AvHp4t9KFFJWawhVIuBlA=,TK2RiPvgFxZM/MHchAvnEoKLzWjbvTVwWXP51V3nNiM=,EBSQApR5THzipTm3zT8pE4INpO+cbM3xFLeYAalzoA==,RGEbx2xrdVIdVrFOU8vXkjw/Ue8+IREw/uygg4Ju,z+TLIUnif+WdyAuVTUKJiZERuku9eaHEzEqnKynmY5o=,Qc8nHN1e5SlAcnIECXqm8v/l7P5b9bwZ8PSejwvj2Qo=,vaMtyBSrZpBB/NbB/nWCjerulOWhsUgyvfZ6MeWv
mKRtXHwkPzbu9NVe6DiexIguFmdE2UdhC6lQ/xQFhreWAg==,zsmGRb9LPgvmLXVlcQGdFJsl7a/tE/kvZmksv56+heBDje5x0g==,QH2mSJ2fU/D2KuALWnLf1DYN0mwj3gXdIlJKAGSPgWFdTftX2dVW0W8QF9Ej1yI=,NlNfTxg8e8ZW7KOvrE+Z24W1TSLuhhrGWtXw03k3bw4=,FFoaNKqvZuwpaqx8Gs7V/RYqn+EJ6q1LR85fUn3JMw==,EPbGfxe0MIrSg+3NAFfbP8ngz/g0wv7/YKFGooZ4,Ujp5g3HkN6v7UctaFmF2aKgv5YVsxRzLehjqHitFa10=,CfZwdIfDCP9T2xXrazl85AfKnDGecXUyPcLgV1BtkBw=,mS4tT+UKMOR8rhjp6vLPhVxawhe1U1z6uCLBJCPO
qRmfWWYzYzckAOZ/MZsqkhtGqOkzKWFSCB/CrpN9jr+LLg==,jIaog79T41W34/nxxNVKZgOQK9DpJfpnTVKx9DxXtvAuOnbXPw==,0hIsy2OQl0+FvdOQPf7rtjbOHpa37Q3ca1VgJce86pIPPN19uTyWE0H+UUjr9FA=,lXNC3L4nLIF+nYp77mM+KBF4dBs1NUoKs4tzZkaB8ik=,lnQ3CE2PcjOkqhv4ZniEl4okmlHZISOWXhOVJctnNg==,L7UNhJzSeC4dUPo+bZJKyHzimYSqIm6/OP6zWFzR,FqMhy85qnePNmqpBgOxfPZ2djqs6oUhJyT1AL8SXeVI=,ytADhIUr4H7R/C/2KU8NCAg1qbxe7QPTggKtZ3itOYE=,xQ6IEF8quyOKHzRTPIJL5jn6oEhU+aEhfdHoFu6I
gSb0/R3D5ghll3/AKce9NKzFvtyNhe/GJBZIKabG7oMeEA==,byaGkHgrVHQAWZxqHFX/WgBm2LCvEPVwoR3M5KNjqcZPId54WA==,s/Ei1cv+33PKsUVmlYA9k79EKKajwgbZ09/WG1cF2wt78kQ605xY5+fe8MMpcIc=,5ljPMufJOYpYWjZfuBKRX+6hMWXr7Rr/OAAq9xZl9DI=,VmSSDjsJark8aUz8IWO0PRhEdjLsB30jjGptEkxIag==,5cjM6c5LWwr71Bw0Afc1laA6JOi3TwOD2LMWkTsq,cAe2y7QDkp8U1pcGf5jOcT5NbVQ6zIXh9h+fKZl9phU=,urjZ7nBQ1hBLLLrmbl/Ul/OTWE02JI0T+TsOiRtPF1c=,OSybefhcFH/Bx8YA0xnYVX1/lbDz7tzlttMEs/lP
a2vR63W1Jwagf7FNTK8g7c/xYRQkGO2QZtbBWIYPEKn4VA==,RXz9VAqhDiDapOdDpQkcUpTmCPRa6I88aPcpSpkwRGc5fI5/kQ==,6G3LTm1VT4OynW+Eg74QCZRKnbSI+fKMUfnAbNAojFT83hQLR1P6WGOy8zSp1Ns=,5+k7/PfArgRy7AANOHKWTSi8PwwYesTj8wzrIBzuKJw=,3QvBoe/OBaFLHWmRE5xrHfw4z588j2io/OyU7vOYqA==,+pL+pqfYwKzmm/nAjRfecMXO0PAGOPxU+kzwN/Qz,kuUr3sftWHtTqrCAH8iMOXamBMIzSrJLnud6nSTQFvY=,Zm5FVYetO6u+iFdAIdH+9FriisfNQ+q7J3Wh7vYCT5E=,sVVnQt4JGGH+NvdGvzGcqFufvEKmEdgdR7jYwt6w
wN1IYtKVYN8xkS8Ir8EIVnWTR0kuVHh4VKrQJsoE1qjDmA==,UvSjpId7xyHQTrv7nkRys8WWoysk/dad0tDcnsfLFO/bxBEUgQ==,HGvtgC57jQr6gq0A3K5rshcBA3wZKI7cKxpLYyZn2Wkhbeafh/So7IA8Ey97+3Y=,+0UqbZuRZwHU53wjZ8GRLtiBoRbVXCVrb0mhjuaFEUk=,0BE9vnS9wXFtZIFS3EVaxJTs0J72BDY/FPIqEv3Ltw==,gTcWMHglmXfjjRV00lmU4nAvKYzIo/iSDd1GW1nb,W2f2NbMOPiApfD78Np3xFqZHDH8AoAZrizfzewoWdaY=,VsjBKwZrs5oyXkqOOYHPhUQO7FPJzEqp/fnYrPIYlrE=,5v5BHhciPapC7qhRlUtzWhHy7UKVK5xd1mdfmuVC
3QPvaAOhmemsG3FH8MlAs+NmXXKxqJZB/ZhjmRSgJS6E9g==,gZeNuaD+KZhTmbaOK0ild8CKcYZvppgUHE7Lvv5lUVyV/3SkqA==,yYyb2mKgbGXehmHye9mxhmO59uvwC0CoEBmt1Qnf1AJzBD9A8syI4TDVIIxFkuU=,D9dDpuyMNDzy2DplGTt781r+uDtkvuSyjJHt2+Ji04M=,A5utYCs2r41KBmGLQZoqCQTHI4RMcaQA8IDBm8WgfQ==,wUpFFqxyKT3mMdUsI50cNUdqoFu13RHOgwADfPH+,rvpLrh4zpYtlZctOIXC8WvlikIpuIaztrD1TP8MwWIM=,amI73Q5sFaAecX5JJYyD30/4Qx8hjPDgPjuq5XPzB+o=,1NxvERl5XFuMrBEjLQ5ldv483naBRHEBLFsMOihS
NA3bWjckTPnVVSokzeiUqrAKJV3WAMf7JEw6BT8yrqdbpA==,U5LhMJsYbKyV8BsA/AXrU8tJ6At+WcsizbIn4CZI9WWRzjLh6Q==,LT6r2KZyhBuX+8ycojVXMlopybC+1eKABwqNOZaSy63y/Z+I3RVVW/tNNYgBArc=,j2pSXWBGjpAo7OGuLspFEASJDtyiKjO9c8YTlSRoRO0=,ZD8vmOSegheSm8y4CpN89AmXsEYqApmoTP40QundMQ==,/pghCBfgmuWrHrxoixo9SgMyZzJ1sOuGHhBfvjil,IUshAYf1/7NYiMvHFLiTTbFf4tbbDnJA4/w9IgwXmCk=,EpLLEMsqiEr+WXR92iN71X0+ox2+aMOebX7jR9qvkkc=,o1zowAKL78+6Vv3MkYsw58ZDJbJ1QLRMSbgnmqSl
OHbLdm+KpCuJgGTVt6+5B2omFTUXoW+7m7YOduE22mHXcg==,MfniZSvLdauHsIqbs7ye+Cdwi3C84pTiMV1HLlWcMc0WfFPrYw==,c5UEzBixSBO2uq6b7QBagdEQ2TQCGYXxwHkZAaI+NRmMc1gfmyoatjUQnfpchtA=,iasN+6yUBbiYv9MFYfR318upKbD6J0mF4b3DyCro5Y8=,SiEdGUQhoiiOo2X8vElS58u90MmLwlLeO1Qi4L02NQ==,8tXjgTOzXalmdvK3azXDDn6GgSKcU8dYcAm00Usl,vRaIVJE2DvE72ZB80iTTzfJFXU6c3DPg5OjYW2Rq5zc=,klt2tQmqNqAJvwKLlCdlAEczh5IpLK2a1dEffSvh/+U=,aE+MY3WwO48fVgdnR+FPSwkMa89ILqMzMkWVoQjN
VmRIjSt7+bwpIU6SxlYVl4LJp9unu162UYy1HoosNx8ijg==,YcOBWBMIYStejsnyqTG89U7TOBFYbboVYZwDUqkhm6QQRSmzig==,AHbffvAUUHgCq10sdbV/OQAtcnZtJrbm3kJmVmy1jMKDqlWwPXCoIJIvJxAE0bg=,6WlAvbQ0nabMEHtQBNI8Twah79+r8lt+sij4bewZO3g=,/JHKS5OzzCnDE/qmA+AnSHLxci9JsCcJPWZZ2VIciw==,/buimbmyjOZZG5QDL/Fglp6JU3bhtclsWlceV3nY,MnkzoEkLputyqFLCiKqcxZuPvUUvBu8cQG8+3POcnFU=,xyHcmzAhyZTnfU2e0Jc8J+BW5GSS/iF9kl0iokyDZ5c=,jc42SUng7btIzwmQ/mseygSCB1y4Op9t9p5LeXnO
oCrp2/okqXRWPJY+gfZjcUUoVbd1aadg2XloOM6Nx/KN+w==,16vZFDNm857g+g2LEhQVAuFouzMtOp7WiqY79qm4HmCFOR7AJQ==,bAxkgckS3H1oqIZYvbBOacqgIE2cvF9M4adXCgq84J3fDWm/ngNbCzt2DdUhHyc=,hU9Sn6t3vHyjMCuEV7qqhEFaT/cR/sYbM7p43T8BT+I=,GXiCKxvpzBqvdhfFvkvBcIKIij/fpMhAVY3DMck8aQ==,QPv8JQ+xNBoHKx3q27Zs+eqqpVqFqR+4ep86zukb,6mpHkZo3nKzv9FMHVDXOdZJZtq6HX4oLE0AyiZysPP4=,DSyreDgJluTovFVCeWAuhFK7SSz5StejkJqVDDUswy4=,mzNcc5EMgnFqZ/saVCAfeTEZhWQJhV5tLxflPec4
UH7Y07RObNcFmAkkZokRuL1UNAXD1D4CcGdHa1yt9Kzqbw==,47KMbqia53Yx3vj2DTf7A8RxJ5w/WXiss/nb/WgWHeLd+GviSg==,WoRNmUZZIpss4CIDa7pNBLX2EZyIQQ2CAOOQIbpoFffMQZ6EqAHeqfaqXDncMso=,kr5J8ZdzuvQFUXIVf7+sn70yRqPXzBGUyrt6kh97mXg=,0d8PB1JujIyFXuqrbwrYia9xS1PDJAqvtYaceDZoyw==,vDFZV2uE2BpIfbRZfRFzGITgKnwBi2CRHl5DQLfH,G8qWR7/tQNRsH4U63gP9PqyTJyIEZKv5DWGuQFRcnCs=,AH1d0W81PzVAZAol305wfVgCsCMxFL5zJzUiy7oH9+E=,G5lVuoGUqbtqlRI3WG3b/Qm7OaCN9xVmiTfEXwJf
gg67YfBaCEWue7YwXsph5XxEk5P5Fxlxadh44us15d8u7g==,THtdXv13tZSKhs5WU/hmdsxw8/wiSvhcMQLl/N3Qc4sWT4ujIA==,s1fcRlMxRHLDy0xUefkKi/R5HXGTiUSSm2kQVv8Yq2uqDfZY75IyWk/hgnD39To=,h83o1lS8peHJT3Aul1W8GuDReLZvlKHj5cRDLAxMR/8=,Ci4bL5jOtTC1tSaTOLrRyWlDQ1Wuad/IjHKJl6dpJQ==,Yb1QSOTvtHMAIYkzvJL0l0tiO+SxIlXAVtfoUjqt,oPSP1dhL+4iBL6kquIff7ACrxZ6wQxYGhhqDj5iRn/k=,tDBLbjQixiuExKK3t445c7fPa2Vv5R3fB0yQMLAlVys=,5vvS+uBT21441k6i9u3Q/GQqxrgQ/Chl8hjWnr+h
A+4BukcQhLqQpeCs30PE7bsgTZ36omBiYnujqclGmIEptQ==,fAOaYZx9uW1cWQ5sDHhT4xrwidYrhpVhLJz3MIAllfmRDLIqww==,RKByZXBd7mW93sXrOR5Lh2B7U75r9aNDd2+3c0qj8AXXSpNhm/8+Xct2dVOGVcg=,3121Vy9wZ1TTCVekK74TybdGFBOI5KbGUSv+uh8SGKQ=,DtkhfqOoshx0E+UKd0bdD6dLEt5D3X2laGuINua/kA==,4hxmCJSpV+4XFGlrhl5SSB4QjFazyMNW5mR1yEdJ,dxaBC9FPnZVMRxnBxO8Iz3UcqemJbvL2PgnSddDLbfg=,2GPBbgtznY+6BEwbVIc9V/KEZhZW4ZJWLixNGkCC2L4=,dqi0GoGl0b43CZbhSVRUknjc1um4QPsUGDi6MCiv
XNhu6FEVQUaopn4W+JjZnmiIQ8pvyzg1VMKGAdyEJLmlKg==,ZjCQ7gs9eIY7zyIEV+/4uoVI+gOHK+kGoUFYMTW47y8lmsY/SQ==,soem86djTt6H1t43dHK4o0iZ8UhFAm+QYCoCG9cRiaS8weg1WqzwTUGSGtuqvF8=,CgFl51ej1Itwr1OqvMkVtZjhXRhhn7w10c0F2JfjA2A=,24QNL3n+gE6NsKTzAeWT63DqfwtKrSf9AxsBfsxvdA==,Bxkn5r5Q167D7sGaPm2f8RtgZbwSozWm7hULU+Dl,chLsHe2/MsAo6lPjpVzMpYuxrppXoOwoW4a3gqdgAnU=,bzz2t+cUvhygMVxGT3nPgjqJz7E8zpw2FMiRSMuQpC8=,DmLtsU2dpR+/tZ4Y5kIC/lpBHQWkbUA/JSM+VffX
CSERVWlT3ftcjVfyNUoG/xgDiKVzL14D0XYOQtodlgKXNg==,ssvGOuHYBgYvyFdBbrpg8dNlcBFyltnRcJq6q3NYGQO0WX9V4A==,MAmpqUXZzguvJF+DoGsvYZQj2T/DmoJ0PM91fy1sWdl2M96xAdw/k40PMfYlrE0=,clbGmz7miH36r8495kpf3h0M79Lfin2jLDSAG1FDIoY=,AwYxoMADcVaqjVClekyr67LjyrErH+jdDd0nm4Khmg==,v9VEMjh4iXeQ+AvH0ebqQm3URAsG+LLQVLIaQa4F,BwivwmYN9oJB8Ur7b6EjqSFpeYsFvvyd5Sl2MDuuPns=,q/DhMfnGidOXybVOAt/spwk8ZM50QZrXvn9uUaQw7H0=,5P1UBRguQmTM78s/fsxz+0NMSc8AIqvtxPuc78hA
kv4057+3sAYwXw02uooOh4yxN4HuS5MrOxI223IGkD4TPA==,Yxi9e5mmHbg7EvS2WrzPpWkv3bNuehXmA8DJ/BEktu5fOt6r/Q==,VvEgUBwvCF+v//Ht/ZDtnUaf9G274lRBRyPtKo4INDKWYd3HY4g5P0eVNp4erZE=,8L+8gdXbZ/hGMzqrSAkoPYG7UKvpT+1zkrerZTOTVWs=,AKimemxxWxF8PSQD5ABvYPLrmA+GDRTs1FRrHVcHTg==,n0djcBsF995Hol9xJRMwG4gr8H5MvphFJTlaaZQe,J/BX3o2tDNBqRxFxysnUimh3K8AWZk1G/zeTx3nOOjw=,5aQ9Ll7uLWY4AYL6M8WDOJbgIvS/Gr0ULMDE9oQ+tRU=,94VLMEithIlvJuv6ixLzJruF9mH5GNlwW17VwKJS
0a4UO6hQ2j+CluttZiD/0QOuaDGVrTsmB8pgAeZXlcZNwg==,qBf5SsDv4gHsx0f4HwRP56rfDmnKLTfeBQKABYFFm9TY3CmkDw==,+WzOspOW++NOdwlTGRLF6lzkHEUryJRbQ0mJB9ggLOQr+XvwSitCPczZrHTgwCU=,QBa8z4JPhmK6UDFIMsit/DVj91T3ae7l1Kt8Dh0XwqQ=,IHibW3Bt3gzNtGREYorZ3nIYu8b1RZ+ya1A/z6hJew==,YBdXTBPMnNkmFIdm5Qlcx38w7606tvMVC1coEVaW,PKvXvDuJmIXOzKoa3MRobxsCZlG2rpdGCTjbp8wtePA=,cs3qPccD6jt/GPW2BC1IoXGRMvRHdn8X9JDurqWfMf8=,ydWeq7JMkDGCf6jCq2eiNdWN0UugSOmlJSb+znKz
zVHja6iWYrjAO/9twMRXklKOmKQxJ/sLoKZfKbsfS46clg==,RISz5yWjb2Km2oirRvVTAhOxJTHMhvkxMvOzrgiccK0rpvJBnQ==,XY7QHbDHDiaslOrHK3axDzRA8bFtxqIXbcg2aOanSMu+UgpM9KZJEQEvHr1r39M=,cdJk/cV8a2poYdZ3y+K3vTm5cLveQvn9OCYUXUNWkTI=,D99+mGSRz7AW26W6wZyg74oGqT90OcHbfxtkL8fMnw==,lKRkOAQn6cZ2CuaGEmludFhf34XdUxw6Ko9vdFdL,gdEexEv4AyCE6r7UYxupoTi2xXlpmRrinZ5n3sHk+dI=,CwXLwxY4yPkXpF5LKQTnLhD+GT2q+eXSAub9cHHoKQY=,YZWN7ry3pHgKBuOre4Bi2R70gYamelKANsPm6QYT
KQfP4/b3z04Xo1OmUfhG1O5Ep20/nS2Dh3ju2Mud6V5lPQ==,7dUBILF6c4GCfye5cdnvsRLNj5FpIXtrjLoXPVl93jilKZQTSQ==,ShB04zAGxY7vJUz9zU/yO4j4k/PzoDUNCoBOF4/xOuwP8dfQdkDy11a+4PyhVTQ=,I03OWkVaZfh5t60WR1WzujBv+K3siaecOPSfyrZCN6Q=,WRIcBchotJsshxiB9tzWinTWMj6yi/nGYwoFe/IzIg==,QsUeaMuDeiytQlQ6/H6CrOTPJwii2K0InlAgyh3J,zXbx5ZDW83tZwsnFoDyr4jlRkxTjnhUJjbMNDng5PRs=,cUy4umbqn9V2OB4m+hjYxfQDXHYMIYm7smW3Se3UWCs=,dUGzFCfQgUUUtjY+BMU8T36fgWdR4dfaG+DnZ90u
omP2sz+zf1MVdP2jWJr7wAGl0mXXve/bqA6VypvQhfdnVA==,l3zMoANQDvpyYW9s+7yM0DgeMtB4zVRuH3yS226O+Gwg3SpKWw==,T4zFn86XecDsXw+hezoOTw5kkgmCCNPNeremPrj0CPOCpwVBEgw41GwXOTaC7r8=,IRjS1AuvH7JTyOiAizi1LPdMUA2haN00/lcFRsG/A9g=,m+EiqokL4dJaEn/kPNsLsYeC8Y1uYSJutYCcDtiz4Q==,y/Gv/FrlNhT9bzi9ExLUmPf3Zocu5iHAd95xAFne,KCl9lfWqngHV5OjDM7ZTPEUNQXu5tMC+aBukTjkJPzM=,eJS5rBKOcojgXiY8KxVTW1u7KXNFBgfnF1lZwnTHrVc=,KC27mDYWlX5UFziO6M/JSvCVOP/bBrEhmPjM+tJw
74Ae5pE0wAQlzUFrmskcQInv3Z5vqcOGkOOxAZtGFwzSKw==,27WCfrbgIbnOsazquxA6OIrimYzWKHYvkoOULWYP6dLPQGbEDw==,7Ft5qKQitIKdKUSOLk+DFI9SkTna9uhBvhVxng2LpaWJbjU5t64qe2W4G5Cy2ZM=,cnN2Bqux04obtUo3KMpVbVV7hAr1duxqRoTvldrcd0k=,OvdSisSou/iM76kxQxLkuYI2FwsL9SNe2M8rcFuM/A==,hfMtVdukwUKCfc1hpyQKVMVzaZp6Pc6FCsAVpXfh,xM12LoU0VfNb4BO6nViJB5sS379xpVcH0Rg0s9sfHr4=,B/cMxpqYPdF5FPXdzR6ro3Q5pMsNDWwClygsNdyXOzA=,jsUz96U/XEjewsnDKfVNfCcY3Yj/KdKzjkDxWAiE
cafgPGTXLYZUcbHkDE2NUwkqG+s5XFU11FOAjvLTtEw3xg==,LKopq/2sVyEEoL1IEKO5KLzDu+jLcNctBF2iychZTp8nWKsCKg==,Knh5i5uIw+K5efizCc0Q/DrqvY5RvCCljcsITEO7hsK+GZdJUQ2JJlGa1p3Z87E=,sDzv5oLZIZOu2oNIitRRyQsD0Z/McaxFqCz/hxWTqYE=,FbnbpGcquKo28fC+kWQHNNWxFcXjOq67uOoAbmVGjA==,ABGLMs2VC1y4Lg1MdVFEPE5XiC1wENSgRvOx6fY4,8+T15ytE3YYiN2nmBrZbJdNhZHMNfTxeaJEqItCJHaY=,Gu2pzTI1eQCpdXKwwaaPvY+lwsvdV2MgApCgNIXANH0=,LSMB2/MohMLRln9zGPr6ZdQgQnNVIK/0CE2M1WM3
rGfrOoLJiuKPJoBnUoz/i71fXdypBDVkVSK+Qblp7CpgoA==,YQkv2K8GQ8bKTBaVsfd+geNsvNVUdgBGG0bSDdOdrJye/B/N6g==,Hb52a3kLnyyJU8MRd4XriV1T5Rou1itYxWw5FsNXccRIdk6i/QAr7h8CCrf7lDo=,/EBIpgHONucHDlcVjZbJX91X6WFxp+lKbojwmb2cCPc=,mRqY7ox6A+RAc6Vs2ESxjKneZif9/N4tFBtF4MJVhA==,9vDI6JDIdPAqhyITrMibnnYcVJI+WxT7Ee5NBYRL,5Sj0s5LNaExaublYbdXCOIQlDszPFsXKtvlYIyoa/ao=,O+iZzOtb7xFIZ2D8rOFnLCPX0cSSxylSwb1FGw2q9v4=,tvK3F/Uwq1HPZI5/IUKimKjXAecy3EM1GbvcvrU6
dkxzNpuW3EoYdsw4u/oGh+B/A4KNYQJlKeaiS0SZtXzFEQ==,Ph8ORX45FjZuWiJ0mlgm/j8DW2vRC19oIMAIyKscaZZXcRGWNg==,PXQVehHV+854i6fHyx2X8lgYLerg+HgfzEwEO+Yrw76y+l7CemUUS+/8zd4p0SA=,knw74R9WafLCCjb6GspMp4OVovnGiz6/RF2rn8N7as8=,rTiuOnWOUhEtyb8G8IOwQq8eYwf05SCH4x6emFMgdw==,sr7vcg8sELJPp/0laStAiFufzj9aBRVZbMcF2UuL,0UTjQYb8+I1cEyV9Cbt+M287IvOCbMvD3H+trJ8Vuto=,73S2A4LO+Z9Ab/g2gzxXZKYEuD47eS6J6Z/FYqeIniI=,eMLPt/5Cq+rw3hXBXmIq0qVA2fAFCxQKucxX12Dn
Z41y7CEVOKm3QbS17DSmFYG/GjrshfYlCBe9p2Yd9CljRA==,Phr0o8zNSw7a8Y1j9sFOB7O/da/wJ58EBMpVfc/DChWqZTC3Fw==,hqbw6IY3JSxhoRjfP+a9j9Qg0+9U/4nGnMsYJfsVuyPeIDmvasQKMLNGWXqeoM8=,LugUmPix5ZozKi2+yep87q6D+NUjHQ0kEc7VLtvEwVU=,L7A0ORB25eTEvJoM4EGgiz+vizgnC+e4hg/CiXx+UA==,WRaHi1x76DXlwuz/T4u1Zijf1/1NgeIOeI4NQbOn,GWAUr4iuWdBbg/stcdQmSNdWiszAgR/M56Tbf1IJxJ0=,7oiYdK8TATwFVXr7QUITac9+v92/80Krs6nkwT+jl6U=,1Tu5Pvi9sS51EaUjIixG0SaojRTYqSkOCM4+JOKh
BSr4DA+gaMC8sQ/wGQZPh7jLsAubmtkM5mtYAzrTvHfb0g==,zPzQhgc15Ydc8fg79DxJngnDct4iF8EYRlRjJVgmtvPEsuo7gw==,zhS5CBx3yDq4kmpv7buRGp15dcl0J8fvoZ7rVOXYisKcDo9FJ2k5lhJFHW9Wvj4=,xAovN/UXZTn7K8/05cf/ETYvbvhSoj1RHWCTDCxngKo=,sAfE6Bp177nUPI3dyXLPX4Agl6zUTMOxstoV+rttQQ==,iBdIxJZ9LQTaXSRkAe5iQY0WBoz5LiyTxRUxA4y9,Ft1X2tkaSzSGSm6tbgMJKQ+WViW7D3iAGr+Zozh3GFE=,8zoqs21JQZOr0ViZiR3C/VotaaUPcNNeE9brp7bSJgM=,Vw2cfZPZRgp98mEehf3cPlwPF19eMvktskcm5sy3
m2twbn8O/L74dIQpkTEqzoxrpHjf2UVu2OcEE7cS6ixshw==,IynBSCnFZqTITct6wkdk+rk/NJL6e/oyBbvaHvLMsP4XRpt1DA==,5YTtjHDvAGkkDGq44oxUAg+KTjWpyqMxSqb4cb7bjve1aSDKD0uYLYR+bGlkvec=,0z1kELCvwJvkm64+WNPTiuEC3J6JFhonSwk3fVY07u4=,l/iyVIhf2Mnanw8tIVH8NjRVIv8APhL38JZAhXgknQ==,jfDoqXD5JsU/Rf8p5LF87IQ1HX/KUwH2NF9bNCAV,dcnhm4HcvNhHrpyOscdptHxqmeSXWHZdVTzHcRbOSqU=,2849SHWFelNtyt5PZpMSb3CRxAExUSYvwa76TMFXhH4=,2+s23A0nLXehC750mRN3c8/c/HO2vfFXBOTsw8rT
sh0YpkS0bGalLAcJQn4C+1HQySgK+ydrKtYpouOXiFg25w==,afjUYRquxyrZ1TkjUEhUmj6QbBEsI9wOtj7K1DYnQMW63jkCpg==,36l3PhywDwzJTxqGv3LFqcKoH9EBMWW+bBY0d+X5nzIMOJl4YpMM5fNDaK0oNdg=,Tt7Tn1+Zurm4tnjd0JxdBxIZ8qR5gCqcDlmVnLhhnT0=,xSCK2hDnHw2K3a4rh7PQxwsrycpPV+Ck1URqTe4JpQ==,M228Pj+5In5bXj++TCFRszulkqGzNwAfypGgUbe3,IDp6SDKuJT8dDZAUreoVLNwxwFdAgimfE2dhsHqSGFk=,0UWyNkoP369kBVHVBw6GhXhxFa3f2nyNqaJfJg884Ho=,8/0P8b6xWO02+XIQhES74B+2iHPbOYdOuOQcGdZd
MY0GOuoonwcDdCn4/TKpTS9x3dPgvDd5ZqCJ7YItXu8byw==,DCZAs2gBj9JJqYsw+YZUW2U4fDf7X+Ic9B7+FGjBDXJ5v3r3vw==,4p9q1hxT8ywLmuwvz5aHpFhuWXaldYJ0yxalA+mqufIuwgw0886m9M+JWOvJIkw=,tLHANxy8DyyojQ+5vtbyW8eKbDKh4lNZw8Fb0iOJ6Ow=,7ZqVptSXDnoIkj4F9xkoAZzZ80f3KGM5ZuLWqYKLLw==,Z8dmm2pFvmuFRr/H2dBjzd9nTuH2YW2InekZgUP/,Rzbx4FZmk7mGvVOn+iYV4hUH7yeNKULlWx/zX81FWxA=,vwXzi5WmSIbbcKJfssonJGcMmL0cf1lIH8d/C8PPdjM=,ENhMEzQj7ZwqG4N/RNq22AdQOTyWreJ6JQJQcOxT
aigxKeU2aEd/UsNEFNjaO9cOYUaW3xrYscZBnZpgCbihTg==,k/hWNto0iYNmTNF4+hGh9k50tCJ9ONPYrmn5KoNSVJuCDTCzYA==,spXWkRosh5menfe1f7XXlnGWSe3dhXM82ZD/lUBm2+U3QLphG/e77OCa+70P9DU=,W2hUnTP+RUJ7o4FeyqKz5/stxc6fpV67WHiVsJlnYHU=,ztq+yMjAIGJXoXlvDzisXf78ItDC311J7F4kJ8/Jeg==,ETfksa/D8BC9NfZDE3cDp0PubM6NMf37Gj61hQVK,3LLMp/eVgrIrUcq26ehS1wGcXl1G3Id+x3X612GaBsg=,V6pGfJMmjDAgr/ps5GxehP7tlZs10OKZvZjsnc7X5a4=,p8dH/sh1LP60ypFg/BIKKcuR/4joFTotcL2BB/iI
mHQEd4z+AUv9mmQ27xe6hdQOjem40AA5tMZZNd+0qHrRYA==,563EW7mL39vtT4pA/trw4mq2MXU5ff9WrkiEYzL2iKMUOQ/6zg==,E6yqvEV/pzU928l7aJ4HEODSEuAxYYL1rOS0hKkRSXUfytT0w7XhFF9NY63EGZg=,dt/M2dln+K3XWeq8xXM6P5L9rg0Kl8TWcNqDQLxuzAs=,DMg+YlNZZPXjW96pMWC5DkrkFerSXMwOnIy/wrPEMA==,Zh9cGgTklm27RYXfjvRd0KiH2v9vXG7VTXfNSJ4m,h2kB7ZKzyIrv+dBui5zl+E1wK9028lYDOb2aRszF9Iw=,bVMlcoytXdnIQU6DxRbpeJQGYWN2RjZ0ylSeErQsIOo=,evcYK9WRhtwAccdElhBErbHcjU9heJBoOwjvfTr3
Xex4YiJOSdcgZM3gjJU2ObPWyu42m6P5BMFqjxJxL1Yuzg==,YvIviKZZ1wdLwebQu+/TBeBkSLhQ0g9zzjJjmPMwOCua1w5x5Q==,v0Un1imVRFXYTkyHnYgjQs8RdxgiR+p7aOo6/9wXi3KRGupxquxhXThN22czTOc=,kfG7WsuGVB4Kl4hkbjusZfMB44jcclKypE9RZMvYsYQ=,60+PsFKENJxGD6UWUJWXnIGAablQaxsMTf2aFecdFw==,oacZlMhAeGAXVuyVZP5payuwZGs/OBr5NiSC/pDN,n2jzOieTekSNE5GvSzFc/KGubCC+93elvv+95u763+E=,PS6Eo+MFpzmjyWTGEtI6EuRRvhIbDlKcnJmrYucRzY8=,Q2lrcR+2kEbymceZ4fwLJET4abAvzLK/3DDqGnj8
yPFvDs51Ra0gDJ7xrIhrq1t6o+upjzXq8xqqcDEbiXBfCg==,IcBHwzjmu4GukzWsHCQ9D7wdYNKFBnQk1unptZW2mdczMt+dog==,zIUiLb+CM33owVzsv5zm8To5dyCObJ+LO2aRfKa5Qx81OyHqLjPkyaC3hcbHS1c=,CfXsVt6Mh9W0t5MqrxQT2haoWp5zbDXmgol/hVPkHh0=,9s9mFFNDoCAr/jXf/5e7pzWVlPD276sfzz7egCSWSA==,ho7rzp9Tpz5lwr9GxIZCj1HcyOMFsZUtBgseL3OD,cTXienFB0wzVkLcedmc7yfrobcbBEBrUHwdJynNlbXg=,gGroLMAehktLnIgqmEYb2Ry8KCaansKwFFE3KrAWYGM=,1RWIqkehYf15v9U7kORDH95Hf/EIFPgZj26jI79N
94TLy4yNxBfebyruDnbKXGiyKZPHOHmNjRcHsEaQiJ2irw==,eYPjjy3XP6Xu3g5IOn0Meb+t3POun8EDX23XrqrlYexO3IkwXA==,/KFByNNJnEqwchl1OKO5FidxmHp5/QHa0nqnCha/2AQ28lCqitfRs88Fi+PGOEw=,dPHi48T/o4+CgQGL6cUONPGIMvmZJ/i4KqHRf81Cpic=,+lCDRw6R1OjSzFfQJ71lXla0dDK1AFgDO0/LYksZxg==,2RM93tgnpCvg8ILOkaWUaDGYAVhpSp5u4FGnMeic,dcniykvuB6sO9QrVxfqZ+nCnpwtc8xrHmoox029Dooo=,9UKjQQYU5+zOjuuPu45eonN5mRPYm+fHRfbx7d98Cn8=,rBJHUV0MlgMisQgh07XHFX7O2pDOkU+1RC1Nxhmz
S6jFg5MlJCAGPzINQHlI0I/gNDKqqfUW4xxDbslX6WaDfg==,vHVX9uOfkrrJUiwblGbjLuonD9tnjXDtGKQ8CfTPIc/Fk0ucsw==,Z7F/VAkLEItW51vDTd4aSoNreaxkSiFj4Q7vT5qRFHE9UyMIF9GsDbDffotRwzI=,Uk+GcN7nrFHGYH/ik5kGPszLa5UYLVX/ywcWckG4PCQ=,npRniRgZ9viL41VZQewwQql1RSwPYZNgJ72LohO/pA==,WlIhzPGr/7HnUlI1gUux+y+fENuKEz3pXxN1Mq6C,38HHUV67w6HIzUt/UiyfAgPVd2Yx+hs0/iLRWWmlIsE=,s1ipqBYBJPnLuVflc9P7tu8EToAqj6wwfDCbKDH4ONw=,eoH0XtgmYxaDnMZuM0pPzBQFivkxB03BF/Qxv/0i
HYL3Qsi2k+9k/UTvEd1cD3FmxqySQJUCinSRULD02WnlYg==,mkOIEWKl1Ro6flCAd2CW+1kOQHQDj0mAM9X19RYTEmEq+rhSGg==,0qAyYhlRLfJiCDhMtCwGNPMpWWZ54/WtSK1LKAbM61dI1Jo6I/WDCHBc5ZzbHE0=,G+TC3ly3FS4ekLwuuY6kkTTGeKSan2RenbU1hvP5FXw=,HCy7/nnlk2lvwQjIfVfpgSi9x5BedqkvQM2CjY09jg==,7R9nYuPU1zm0vNP1BYqEFcRRWPuNq+OAy4e4hsaS,nAEvEfPcB4du+J9I5I+Eb2bN1ldIC+8S7qgr1Zdn/dI=,90W1a1JwmCHGPIl7XVzqKchCk/GOZKzPfuj6T8VFPmE=,daYFC6LSCokbF4zdGtwoyblekw1UBoeDYi62A7Jb
C8+xQKgqglHW0jEvSy2uRMSBHNIljzxbEZluDG2HjqhU9A==,Oiv7BS63IEdWGGcfRei/OWHT3h9tgE6STMzK+I57bhQAs4TDAQ==,a+bhrRhJq/MfURSw6u0DRQJRwTLTria9PTIW3HDZtCsKHfVnY5FIQxZhxKRGihc=,xQOohsyyxIt4u3FinSX0WPaPSyZrWaslY827rpELv1w=,gAzlzeE6yjFNno6SOpkR1YN9hQCZwQGthrpgByZVsw==,zQ1tuipINGPVh1nuo+AgludqDXmPZDtzvrcQzi8l,WxMDdZlAnQeIuEKaC29PfQFW71iOARsq3hPZFxXUXWY=,R/UqCdUvEn7DXlN9eKhYUWi1+fO6AVFwT1YVUSJ8ucI=,q5NsptHMUAetBA0IpyOZXBx66m/bFJmQ+SKByi84
ynMKM0sh9vflo3J3bDVCWW4PZ2Pyz+lVbnwhBlUdHsYYzA==,cZ36npKTHCA7sgc7JLDwacCIfYhfyFqObFPpEG7i/R0DHoFv2A==,/lF4fQb1laFITCWqA9Ml2N2JafVLAT725vi8E678uSxKgkHMRyHtelAMhfaAAYU=,Fad2RmeDUvXRaDl1OF82ca3fmMS0W0q93FX02Y4omPs=,XQQV3Uw5CG45OpV6tlLLXLyFsRsKGW1n8UuGlX2ddw==,bh9323msgt3lmdTSJBrGpWluryqNcA3DgADOBVGX,9ifkBqugZJloeM69jWaatfKt72q0vrC6AuEPFEs6SIM=,ErVFAMXTmtRcBncESbrZaXScNee2pgiascGyGCt9EI4=,w5ABLuxtBHizRkcgQss0dJW7mxNMBIPGCr/9h0pp
VG2KL5/lTPCjA5CU/wiQsCJRC1kTU0eLS1vONPQNkH5p2g==,DG/6On7ybMSVstjkUnXVBW/Ig1zlW/6VF1cUK2cwO2Hm3p7Uxg==,i+zzmPXFeHLAmwwWiKV9rZol+qSwEIJ3mJDMN68zGs3CEwEPqMVqhy1eokFA7cY=,8gV3ntcnMbBHIxD6ORDG+XcHMp9N8EG0Hb/ofA1MUAQ=,EguGKOwipesXuoD+e0mXWf0Y5qUGxMss5Xy1AQY52A==,S9n+X0KUGQvcgJme7kzmhHOpU3uxe38Eu8a6V18N,Y2i2KDax3sMveM5EuAbfStAYWWWkkrybPibErHzx2Q4=,Zl7NLTNr5SzHNEKqUu3q/PxiD+hsgCh59BP7xG3pTbU=,28HnroN7c89vf2GhbTfsgKV5uLvSwN56xGJpd8+C
o5/91Vnv1QKRjiMx1pY67RF0rSKV4HcU+MeCeZiSsPSqQw==,gMaeNdrj6sywnhGrcoOBNLYVjpWXEc6pFWbGY/zOasNmfw+qMA==,YVhJu71co5AhGjx0X447DuR/etjiqFf8kC0JBAvAx1pGvfpp+1yzL2Jh0cugyzY=,7pZ2EvH4SWjhqx7bDxLCNH9AjERm/tWRHzgzoEAyW7s=,dXxcMN5UNGVLtkb01OVPc+jsluevFVMXnWeRrNttMg==,1BKV9Am/Hhw5AUUuyBb/DDaXxn0SULXohMjfsg7Z,s8U84lnC9Rp7vSiINv/cxTnR3DpuRX/4epm6xSVQH0Q=,3bPIblK0pvP3av/GGEMeIcv5joA8lxTloY2yUGXKZbI=,jiCn2bD+k885sj5q7sQBjx/yBT0yYLrY4DQFUuSR
UU4VBBN6Aytahg5XjPlTYDMMaHo4YUuMBRFG171zjTN6Ww==,BuVkdqhYEhiQcTkoXZ7fm+68LX2Y6u4G3j9p40jIe7Ku5DTw9g==,80Q1mRRreaAFwj6u8ihWcbZ/+AF7/D1uBxXbCzong845K3qLCxQWwstKCvO5GSc=,ICsAKUYHi59z90amALgWuGWyA0Of3cQvx9vHK1wIzbg=,WGiwT9SD/PFspVz3HUFbexCBP93ieckKmoVJL65kcg==,53F/Q+c2sSTcCZy/HX2LRe0bv1Z2aoXLuQoDb0Qz,we3QOmUz3io0l/6Jore7rzB5+qh8l5GTZyZZ5zxzKCA=,Y/RaQ7Mk2DNhifqEK4WMnMzlBBcRREg4S8l+n273dIY=,nGWAvZkdz5hmLQqvjxE/IYWB1YESdLCKe3Chiheq
+FD/KEqYrKiITV3lDfb7lU85dR37NxuxoMcvpEht6sXNkw==,8eY5H28eJPP2oKlezOlUDBkOsfRFT2viLeSuz3H2sGPxeUrUnQ==,UMPT5KuXkyJvxXz6t0s3jx3F2AkGY4pNgzuXcRKsy2zi32zucBadjnRsfAxbS7M=,BVJJ6ii8DtKnhhOnI4XFXmWKIFnwAIwXViOmX5zZcW4=,Wibd8pj7xUMBxTtK2AUXg9ZSXZG/EyeSjpCFjbUW6A==,fb8iggCGs44nHVsheUgWTOtKGt2AFvsGpZZkPugd,eyxbfNZodZAS/7q/wiz0lSUAgUmoC3D19AAwqH8I3sA=,nVaONMmcRj7djU1BxjcNtpIu2QvtQ6Xj+rZqW991a8o=,koG1An/WdLAAU9OwRL1SmlKDw4Ko/x8Yj3cwY4Hh
VH3eO1a5gHCpB4RMcPGnQAkfndO8cF0Bh9nrPq2jhN5FXw==,H/bsZKUmvbHitb+XlQ41rGy0Wk70Fambfjh9IAvMPFwsJ9vqKQ==,sN5hdW4EfCTbl4YaA2iluuKRtB4DdKfF4YIlm0VyZenXifx8/ZhlIFfF7lJxSpQ=,Mf6RD910dZYWKyoKeWy15n76FJP/w8EADkWZ9mC/LSA=,KGJehEemuwzQQAofVU7M76U++pwpMAhlcTR7F02Ewg==,8c9brohQ1Ieg8V5JtZi5iIRCB7/i79xUljN4KVXX,PhaVaUASMU0NxO63ZPUHWJ7mVEJuftcm7hefchyjdCU=,9S3lxId0T1e+JG/T6oUoCGyPS97F8cUssXum5LgJPNU=,RPKwSvy3ivclNTwxKu4wpNPHDlrFGT3EmnFuUJJO
mx36rLvRR7GL8ePQP8WxbNbe4AyDvYgdRnbQ3ePKRjKcQQ==,p9K1j6i4DYWhTn8uu6CXIVtVxYPL6NQdmg3aUJO6ijFXf2MjQQ==,tb/k6GmOmUvJKybfYxBSIVJVqmvNoxwoZapL6nNJjlA7nTuHApZEh6rE4FVNcY4=,gBjLQT6MCUk9WmMMoEc47/36gHc1R4SQd9OvuruKTbQ=,L+a6XjZmCRNylImec6azWowrpzj7nCu+C74BLBji+g==,szIKzoIF8XxflDeINL2EUCTNR7yX/Zhj9BTq+EQo,nUDPDrsfSHvaXhvCiKN6lPGQZ85vRRjzDzB5HEpCYDI=,gEajXGFDUcIDXA9JiHWmnyWbuqHiz9tq9OzhZFv0L9c=,pnqPEmxjWwMYp+ZKMSdEAG55vIL3ZGeGP/SR1ZNi
Vd6t6EVPSO9OoIA7R/duG3P+M+G0u+ymKUC9K+gmntxM7w==,41EdMtruDjGDMI9EwIVyDSFIPku+NIwTAriD8StQa3Y72YjqVw==,KdG8YxvvXTkslovttKd36qL+e3gMrV8iaYHKNlkAbYTwrgZcZlqaJcXp3BrBkQ8=,gbjLH0BsPqY3rIw1FVAaJx/JhP7GUgnnH2xyUFif7Zw=,yBVPNxFC9fsl9KBjsr/B6LzzLTFSkbya2se8RrVODw==,J+s614FTHwaSqNBuYbyceKYpixxhpl9a+rTGaMCj,DY6ithGllLin92uvqZPQgtjn+VAF2xIutFkzl61JRTQ=,qyAged7shpOTBz4A023AIKc397TfUjxsfWZCvv0QNd8=,gih3V9MhhUcTDYJHsdYG9m1LzUEs4j0ovSpPodwO
QpLmiJCGCmXa7irx0PLWkyqWRkKUAMgxViVVHLM2yUXvzg==,Dq9XKXmx3PokppwizdxN/233N8Fdc/XdiM/NjA0TG6fXuh1CJQ==,eX/HyYYXEVC6POhVYtw4URImmluWccap9EV/zAO+7oOxUTYLGZ2FIQvbSlGRCrg=,oFKCDqLXQxkCRwq2MlMFM02dmBZSKCCX7eUiiA/AQ7U=,g55iiuyB67jIEH0fkWTa/8mijo2iwcsQxrV7MCnBvQ==,fqgkW4//RdgVPcxw3a33c/HyGgMt064WPKPZU+Zc,qr+GVcuQtnZFI7jUKAi30Sp2i8LPdswPEERJ/nPJ4qQ=,JXZ6Kk2CYq+6lpkschXW2XNFiaS0GG/NZCCth5rp2r4=,mC9zrvETWVCcRQC3LWWfs+XTB0OZfoiFaFhGsbL/
DH+0/X0bX3e4o+K7PoJ9CjbLGVW3hwifNSg8FA9ry2N+5A==,wIeQGzcNN9vRsKrb/Pu9kgHzNSEdwDJQ9SBTPWv8PtB5fg9kJg==,av6BwEuQADnr4rED9g9tV+3d2lYr4muqTidu9WaWUrajVzHQbbIe4D+NYTt7M6Y=,vstaRzs3f3HabLc95lK0axTcRPMzsrGSH7ocqzXZ0qo=,KsHy5xkwfPgR+x6sBhk+ES+ag4SljrD8Dv0ncDit/Q==,N/cC3kH5m3WftFsXqSrmwRceIkJNUn9eHPTEwG8Q,9f1MkU1A5dgQM/N6TmDKFv89CdTHpsDml+nJvjH/m9s=,paIEc+y6N9DN7rm0CbTeoLRUN4cDCU+JYk2GBmxIuyM=,jgoM3q2YYmoe4imNVV8+pXMuxgxg1aQvHflfXc0U
pluOxg8DVhYDCnVxitvyvsjzcQU11vZUEEUA5aESghcjeA==,IjNa8bYFGUh0dmhbJB29feTFq7BM+A4zn6XGLOvr6n6PHA9Z3g==,ocNsMo63eD+qhDsPlmbZZEvBWSP44m8RVP02ZYRpQYs6L5FvjMbxM+RdUXNmncE=,3qhZTArAwfVfkhJGy9wfEvw+4ISz4XgEv/9dhjOTN1I=,n4JJhHjjRX6wtn6zsqu92eOTVmkn4k+C34hrSSbBXA==,+H3YF0IW/iZdMz/5ljszvAlmg7yW7qHEREfpSruj,nnfTLtrI6SKsFP8GWOUKbvcwoSBJCGubihqYoPuykB0=,k8NDeRyFIgnixIIl2TIL/ZnSKO2ZC+UBK3qPxVNKVKI=,ObV9AHS4vWkPhGcOiS2KCtipjofSrtAts9/9dMg0
YcuX7hQ+mkIkJLU85TOwyDRx/wdQEnoG2glnhFWdNZsG2A==,KgUAQ5tGNgAqdgEM26ZlMEao+cQ5e37PGcQ1bxZ6S13EvDg4CQ==,0pslH3lEMMRLNsrLiW3d7MCiUzzvP4+ThAcL3fr9+SquiL2Rkwzz/II8Mftmyf4=,H+JraaytCUdvvCedUhrVCO2qmmOY5jVLG+cI802hH7E=,kQ51zyzujTdNrnJ7Q3M/gkqw6aDllVRJBbF29Lza9Q==,3LTPsPTCHwVcWchfqqrL9xkSrRdpW4ZNDS2UHbB3,MmMPyOa5hCDPYhRatEwMkUwSgCjK6SRK9Z0FeRA2WPg=,vuoOQ4nq8r2UfkOX4S2YC07aVaYP0IlFt4BayiBZ8KU=,ZyxSiGfDuTQOz7UrSwNU1qjJ3DitAaC/PX2dkP1o
6qnsaJTZCdfpEtbwf69NlTJJFZO/bBGtcGKUo+GmzDdh7g==,y/81sZrZb2jNVGlTRh6Ubqq3M9tjeC72gSZFF53MxvBNKyQOXg==,7T8ecmYuOxgR1wIBcnhXCDgniTgDd6dwat77Sof+IqHW0sJ2zeTqpBUqxqrNGTI=,X3VhiJc/yZyhV0LzBpna1J17N0f45mkDVWwcUUSehuU=,QE+9h1TmAkzky6xZ5S1Q1fviXtzYHoL4Ys7/vwZPpA==,lQcULaKxC43EcujF3cb4a/E5UfrZwycmEEAZnDR+,Veyjbrj2BUYfqn0lYzgewVnzRkJD+tJkxQiWVnwpz2fZ,a0TATSpPd2Moo8GmthZTeNo7TF0tHIlTw4XsFvu0TF4=,6G9aQeK4w+F0I16yGQeyKmeUE52pSEW9h1PolysU
3xDIeSobI3GKYaks+FdQoJPkagdcZSXhzNJAsoIcrsQskw==,3pLLQGRpB+zYAzv2wCziskeyvSkPeGcB4bIeubO8q48xEAbgLA==,8mJDfXw27rhejo/AGTOa5PM+0fqzVRXd2x8vf59PCx+EPi2Bi366LIo+03stJMQ=,NqsiIpKd0nbb/j/yQNbolMR/yKvlvKbs146hSiUCE2Q=,ORmF0GC5TGTq5yokFy8AEYYMjVWHKnhCQ/6Ava3Vxg==,V6bYcmt+KbnUAX/zSnGsb8jo1QP67alBryKJ0q/o,n1nICdQs/yrYAdHBhypu/QoJImt6Y07/XfQq3kbXsqw=,W48MH549rF9ufVatAlbuMw1iUGa1S4UaYco50Z1ClQY=,zgsilWtt/0phyAsNzKCYhPNOhFlWOCHSym3sKiIO
M4e52fjiMtLdde945jUx4pzaxBGIQzv0GxnyhxEGGdr+fA==,I+RbVBNGqQJLHCZmhDkAXSrdBejXdVDJD3JzDCfzYEiC5xlgaA==,7ROGosLR7z6dkf4ngZvyf1e7jw2WX36s+I+0hly/4ZKUGpUh6eVgx/0ep6hrKuo=,wi6rBL0HgSs0se4/18PdkfQAK4OaQHUz+SeAJ/voaeA=,gHmBPk/3cqU6YoukL59lg3SgWSH1BA0OwM8/+d+duw==,HPg/MYVefjxqlNH2yApFFhDocPWoGyraTgpgmHbi,TLq8mMUN8bg3GnXgrYeFoJXwrqEWcFpwQQRYf0AIPnI=,QxmYVZYv9xwxfiCHlxiViMyLt1Rq8JkU25clp5pPi9I=,gs55vpoJEmTSNRFsLnRbbaCi1bcisd86Heov7NLJ
cIMbXeKThPxepwtImQCuHeZORRE0XzX3ZjuakGviEK2PrA==,tbSwCC21HU/o9VYaM18aBCeqcxLg6zlKSqcHvOu549IHJMdsSA==,9PZ0XVM+6UiaJVDujj9mkVzkwbOCHk7FMmw4gLiTBXEoPh8awH9nF4VEeb2nAH0=,m/I147JblA1hX8AJwrIhdfAGERY2QEoBfIFnxFNH2Jw=,xBpOG5IN0rV4Apb1l+MaYsQV4ZvQ+ht3/4Qv8LXPNw==,EidOsiydR/FVgS3/bRVLS8trJQCa0pKrFFe4F2FQ,/1EavQgRyBebJ7JmkTqLWNSlP0LxJdCfJouBczAhs9k=,5gHS5EAjsXrHvOEPIaj1smLwLQnZAGIIPrpOdaN8/EM=,2IGa3O2+4pWi/vyH+MSfPa4WXyKhvVhnqhzfgJGT
7/pZprYk6B81dqLBPliy+PlJvmEUI9iX/tnXh5hAEuBPFw==,rFGdZSFwXRiNyebCREqlZMIzCGsbwu7KxCNzUXnSB+Zp6CgT1w==,8fMNANnl1cH3hff2lBbZUFjcyIf/O8biNJAlibGqOIHkFYox0dFWvJmBSMdUQEI=,XLH7W9R6ei4yCPu4EIbbrxEGnAr/PDkbjEHCw7fISlw=,tj/RnrUe08hxaIYm9v3WQHhm/b27WwImYprp3AEgnA==,kEITKMFcqRskZVuDkaapxDtuEojCAL3g+VKG7vGc,eJ1JUOR2Wt9op85VvIGXBJYqMuGjEMKoO97s6qduwcU=,iNGb/XdnAOstPzTabHRtbVKB9r7mUhEXNfVT8HDZ2H8=,9JFGHm0vNO+emf4iU739Ckv6W7H/GppBoaM4eOBs
DyPT+McuQbfyanUspGxSvu99f9dF5r9+L297MUDiA8iT+g==,44JzUK1YrChSoccqya+GtsOinoeIyXYHbBBvDKQQxgYeTZsUBA==,92B6XM+6EF3hjrpMEiMu7U3pM1+fmjkhNn1UlkjF58S235kRjET8t6ouJnK8/XE=,F9ocek1dM1by/fZ2HIwmRfzaYKaD15NfaFAX1bgD1bc=,pVJHBh60o1QRHJuJuHYAK2WVGZcqZdCVurNdPoJrgw==,LEiu35tuwHUOIbzBCM09RBtWDGn3JumwhAa9n8cY,WEohoNVWXYKc9qYyND0qzUXxtKVhBdTVSwd6qzrHnSY=,Fh/DbWAr0/IStP/6mb7Vn0Ggu/BaEmbpRjPcz71pX9c=,5eVHZZJrPd9fw/6/EedVb5p0bheUcuAfTRxYNwvB
iNseaecE8Y5SwqwhvF5XxRk+GZV+lvBTt672udRudLZB7A==,p+aot4OxYN9tRbmc+4TjrlZYh8SjijPxp8qYVNcEffrDot+F3w==,TnteupDtEGOe5PXhsgLLkH+AT9FTXB5GfYX6Kef0RGmHbjBBpYnMYJYgJ2d15+U=,6qtJXMHJONR1Y5DZsDHTdVTq0zb528zYOCS2sjtzXW8=,NzISjX1u6W80hqwR7EoGyBKfb2dL7bZGvA903qc0Eg==,T9a7FenCNhG5uzoL7k3r83huf7HThMOOplfrA4Df,l1JhaUYaCp1Hh1PNVxX4bTD6+K1CYGilDD/Q8hJ6t1Y=,gDWdBtOTvBr9ORKnAXEhdkvNT1BCuSKmLFvXoDPk1OU=,++OQfTfmRNSyQO3XdrwEjj2oyTZwoRiOWjQZNwnn
r243VGZVqnL//6BCVQYbfHQPISuVKA7oDVv7g/KaUv5tMA==,GY3JR+5c9aOTeBNNPwzcT2qUMy9PkPmT9fQoC86uvyIP5JLPZg==,INH5usmb11nPWRjJcovxGcb+1oVfJvdSOa9HU6RaZDv5/slCqCW11hUcXFcTwoI=,CYZG5uMumeBFc4ILHPM/yQZzfAeja1X3CxVfKmakqgM=,QEps5/JCb3stN9vz9gExGAQ4CBpXnGZ6zXihd5Zu3g==,yIrkjPOSZDz5HnmVIbEQrZXp8RWNs0l9txQIuV7Z,NeuVlew3HES83Ei67jEaoLWhFgZN4vtT9i2+OdTTG7s=,93IERJFzNwRqi93A5mX8K4mRVcovLLwsGU6Lpx72+08=,/IBzZFTkGRRD8VLblKcTG7ZaeF6xcmuotEuUR7Wj
iXpzE6ejikzZIC6PtoDz5kMzCQZMGVDLvVWH9Fzc6BCSIQ==,/nfWW7gjkidtqP2NKmVBPjfjcRi7UkitqcP22M5hbaaVCRnIug==,P9rom9kyRlyP3B4uCdIn6OiLecsjjYHft/+48OVeUTUc0CgLQYVqcZP2kHu07qI=,BMUkpeK9yatmFCFXBlEwRgnQLrBmQn0B9q8KnfoDtDs=,DmoXTeo/mGS3XfI3ac/1HvaJqT1LbiNypkE9e+P4zw==,OY1sCNZ/VWGxzwIFMFr1rlqOsYpBS7bQyN4aJKQ3,IlTZSCraZOPX/spsQZOhz07FKbqhZIIdFjmUMV3xcJc=,GHy59aljLMz9CHR8M8dsxY8H6Cuv5JQEW18i/bDM73w=,zAZCJSE3jWlqQ4uAOkyUqhM1kqk9O1cK6mIFjc8z
uj1U7wrDKCYEYZ6ocOkDdNaAsSfjZE6Sq43Bepq+p9eJSw==,d2rtUWzaaB81k2KCez4SVuDuKw8xah4EOcnTXGvQB30bt82rYQ==,JfhXPqD5oLL3rFaulYx9fTFWUllcvQbedUFumXzALCOarB2UIgmPjglTPllVNCE=,ZvPn7TeuCyg2nzbbGuk0xyUjAkZvNixfWj4o5i9Daqc=,wJednCm6XMhxxBHs6VME1I9p06uWF3enQH5Fn/TL8A==,yOAWHHA7dd/LoPU3AFbGd0pFUDdLhppXtvew+j5j,OBOEnKCUNTSDRFJm9TcQnKyGR+GBnXO3YeC37XDk8j0=,vdAAzcFIHcEgJYkGQD32+znfWHCUWuT2QXWk56XpTYI=,2U5uiGkLqCkBrz8b8GDXYN8z584beJxSLnxlvpLm
XhRsXp1CYOEz8XWzEXsC/vhG3LPifXJK/4cQLEcJrBJJNw==,jSS6z/G08GM9np0Xiok9Ab4CR7sbu3f/Rk70F5bZuOEz8tM4Kg==,vERSh89X0y5HUMzCYEmvvX3FKBeOFXFtIHtsju2a2JSXsFRtgCmRhcEWYR2bm2g=,SRRCzacFelzRdNdjlcOXvEAMQfHikEISOObhcAQIPYo=,C9nKmMvuX8oulHoTg1m9vcIRVTl0EEYhCc0RqCWPGQ==,FJKUdkfE/fIqhzjL2VWIZfqE72Jvj66+R3SaFw71,kzFlHNe9htkiiD9MnKovhT3cmbsvoc0mjVKqSJJenyg=,l0lfblZBQIVhhTEV74IlCZ2RJaeUqxsP/w/+cRlUi5U=,uB85l1WcXpD65OWudTzUIcAFNvdIg9+BpYqk6C4p
Qd325n44YSloveLn5UXjmL6J2XxEvB4iLbjFOd/eH8aSKg==,tkfJdazaJ+JIMv5V9vhbj2kphEvyGJ4utb1mzQVTLFHzV1kjGg==,QHjRmqBxyeS8Cs0hhIyIOsunxLlFXJq5G+29U8oNYvuzkVPwpmVBYuiP+AvT4ls=,7qIzVjcrxmxlyXQYSXho9zm+sbWq3ChyZ4DB/zQumxQ=,vvQnzn5uI//AXy4jPni19J/tWW8odzNa0aK9j6+4VA==,NfSRaP2L/YyjL+TIofcippd7QItqSqqWQC7rHMYX,OXjIbTNoFaHzo8Z8uWGUj9rcrFo8r/2AtfrH+F0r7I4=,FW5RHjJu+vHcTD7xF6T+uXXASZKc8YWuBMxw+txX6SY=,MUjTFzSOXX6t0pDlqj9f+Edv+o1RG48CY8dk7AkZ
V0l41WCUKrkhCxYkLJJe8nsvXx0a3NbQK/ZjD6m3ztgPPg==,/gl6fCsBUh10f1AJipGks/59U7GXrdzJt7duWA9JZ5sE8+cGjQ==,kMm0BN2yeiEvfX4ekSt+sdLIq8cNRmsdXemcODxEBjBpaVG8zxUCW42nW4iM5Us=,GLWaRS3kAR8dQ4dbFPKLPTIrmL1oa8B5zznyiUjLoig=,Yoh515vj0yNH36BJAiwe9rNxRD7DnKpu7mnhizRwDA==,6XWY1qG0b6zBIP3u+GgUI4+abNlyQV4QSK1czO5I,WRm/11dzOo9wVX507x8o4Kzj532q+Q+/Nijo/QA+87Y=,o09h4Pc/Wu04Xsw3C6v47DmSRgWMnfbb9vBqehf5I+0=,sqppJrstX4tWBuN+mL+yM0VnB8Ieqet+wTuuDvr4
47DSdFwokkX5sUAuobrNH3pFS+9zlS8zXOH32PX96F9b5w==,aNYcMw9VNHT/aQ0Yj/FaxFMn5GjVjTD7ZEHq/3EKVGm+5OZ2EQ==,zZjUKBQ9R2gtHxCorNESb4hkkGIFbQACo//1UEyqgHd/U9uB6z18mEcVekkuW8s=,UbSFjvp11EMKbGoHUAKrrspxikjKRUfcmUWl0F+yeEo=,c12p4XpLQzmliOG6oPN1xHP6N8PlEpyN7SBhanqu4A==,WQ7JXpKZDoCRK5ThmTQOm59wozjjjJSNdJi8wxRh,kbVoDTIdC2LB3b/GnsXUsLKc5rlG3si+060ioHY1beI=,Pi4+GVH2aj6NIj6ZWEGNhFQhzZhPvOFx8ADkx2EG9iU=,W1GKw5nDsEK65AuNJAD7XgYta5N1dW5b9GqTYufp
V1VSGd91GI+tBZ2TcbDuCTGPOHMqZqfcffAWkxF7oeN8gQ==,7/i6cpQEMVXvtr5SWwDN89AdU3TSAxjn19qnMePtEPYPOjZPXA==,jt555PJiHhxKSRamle7/eoYX9XdLph9o/0++z4Iz901RrL9d6PshLkO9b6/rnn8=,S2rV/JX3qBIufFD2SKVz5X6GzavEjXaSR0RsY2Bhz00=,2nryUxvl7HrbT7BJY4B9W+1Xu1XXjeaLH7Z2GbInJQ==,yGkW3G+NKCw4u9pQDQgheuF7SCv9YGdhjf1hZ8l2,v5me+zpfK91R7anLB4Tk9Fy7jtT8RJ1knSMXogt4mtw=,o7e7yaqHcz63bswUidYKKKOxL0MCCPgWS2unxAR5p0w=,Lbot1CqwQJ09md8JKaoIbKcluih9JNM/EyJxnuRF
nzyj7vlMCioaJvFNmzd49+9zYOsadel3b3+lrv9wWPpNxg==,zbRzs2xq/i7Vds61xxjhzZGbAMDDTUqcToQYDUXJio6Y4Cau4w==,uiXrjafSpzIMXZIOFx0+Q8CNlkMEv4ZjEpUa5NA/cU9c7P5gRUr0XPlARCVX5nY=,vhOtodvxQN79/PvsNihgqK7YaLIxAkmyUoFUjvCpDIA=,DTF3pVx0HkZfscNuiurBzxC+0d8wItJgXxeRtCykPg==,VJKnlDq3HECrIkeJ5DWeMT+mn6JHHwdJnuwo6Wxm,5g9m7rGpWCl3dnHtrgmy8vp+2vO23/wH71otLIWYs5o=,1kCKzYLiMNUkZqoxYJLEylRuc/uPnjn2IrmOXnpeojM=,52sqFUStfJEvx7Til8d+mzCttvva0qUe31a5IZ+k
UHP2e/Mtm+iskH+CUGjaKZUlETQ7m+xu2CxHX6o7X/fWtw==,DzbcqZyAm7R4MI6ikR8hEwzYuUmV5sy19n1tjltSTvyUO3CEDA==,23gMeJkQ83o1NREiUG7XQCxE+2UhC68DAndZG2F+W/S2pRKoWFRsYrXEX4sxFOc=,0vJmshioTc67Iv3Qmte21sLWpgKMmFXlcblaLEoY34g=,zizqtxiQpUTOgw6jHBNkm+WOns6o0jrDClKSynNEAA==,GCIvGoTp5qj9lsVVOkSI5DuvxczpL8N2BgsnjUrn,CySaSwne9a+k0caDV9On8cVyR4eAKqb4FNcngUyZwFM=,CP3BYeo0ybxn3TYOFhMCXqXrh8f408t7xBhL/k0Phhk=,XEhZQDD3zyAEn0sAVvgKeiiLKnw3WwZWr/oYaaPA
bZ3ci2B7iIiLDpbNym+t9akw4nTLqT/jSuFofofMH3yTWg==,uImDfszrc7lvZke2l9y6ukhnu1T+q4Mwp6fVJASFqwJ5qFHPdA==,zLjNfnWxeQ5FEsRd3tOsN3kZYr3w1PlHGhTEBaOlYZnG4PAX4Co3So2V2niG5LM=,LPGEBD8kqukx1bL2EJPtE9CPranInk21TlnMmBU+GWw=,XDKizg37kPfUrz8vqgJ44D4xUIac+zBGYHzgDsZy/w==,HXH8x8SZZqAZQWBW8x4XY36+/dVGafeTsBoQF7ef,QKVCtExAh3F4UOisebQhzMdJES2uDVhf270q+8Vodi0=,EdIkSGU0oaT4F850MS0KGyB339LPKsP5GKA7Kw7l1AI=,2LmSQhuUjW32hAhjfLZAmun1ltBKrMniT5gt5ToX
wMg/DvhxjurQg1tRKU+YV6RHrQ01YlyEhl35YsTTthXlQw==,QKPY2R+nHXrl4Nh1U00eZ16rQjRTfnoSFtclDM3Zb6CEzSZveA==,o3WpUwrmvjUGx6fjpbGDOkBd6MNVYQrbJod+89oXL2B2BzRNlKubVNSwgalMv+c=,t2f2TXGOVGI5kDbP2RFZHIJNLzReP6xsKTK5j8SmYiM=,79cIFgZpAPTWK0ocEY+5t44GwqTRNbKia6NV1bLukA==,3ofivuVG3/ddvIp619biRMfzlUCX5MEGSC0HgQux,ZhdhU1x+L+9Fc39d9ofodMOLVzMXNVxbj6dK1gkEF24=,eMXx347AOA1yGoOETp1bSFdBry0fcN1S8DUL9x1SMUs=,j4I0FIQIjtThshGhJcJH+ufwgPX70MQ2ikuFhnsE
cvfQtPpo6HBMDhaeAZVDPObeFOHkZKLqF22EochZrfO5uQ==,eejtitBrzwnKgsTtQccZg2RiLRIVoVBsC79JOZ9RcYuwmTH+fQ==,z0E7NY8/pUGssGhba5jqhLDonMmN5pltIhbHwm9eQXW2q/+a3tIJCfx+n6jTsoc=,fpQOdePtVgTS8Qt2oWpa0Q3Dgcgs0JI6Vf+CdHrbTN4=,QKtsHU4LYMwxVqwbfR05aM5lBZviAHnqe1DPyBkttg==,lASMIiXAc9nlXoLKx0HxIuzBsYhdq9LkMk25Ovb2,wBNXwoOzAHO6X2tAyoq7mQZLfVcTiposUdGhTlDWmFo=,KyNTAZyqerc2Of0o+eOjOoehqnotx6mRfanAkD61P68=,K0ViNgxrtU2biXRjXxz1AG2eNsnAnGnlkAb1ZlsX
uxbsDfNelh9yE64JWaZ3EpE/3Bs5dSSVrbuKLS2KGQxASg==,M3vZ20t1cZcSPiRGRyix0uxzgQd/4BnJm34F77BCmFl8dBGEOA==,5XOM8Wg73ZMBzZHKXkHgNjV/9icTH2q59R/MAQ7G+nFXZao7aOdek6ituEkylGc=,2LLWz90SIacN/0SOQBHvvoov4Ptzo8DQ3ww93lW7dOc=,oV42WlU1/DoXm0uLw6xZrpWhPeDs8LoLqUFMDaBkQA==,QaE9jjkBBaJKf1ZJVgk0itltxZ0pzWgQYqVakCPd,g3GEDeSEDPTnlxP76yokiNj+1QHkZwApzx9L7rturzc=,W0TSExhYLOizwLdLv11Abemurf0HX3y1qQY7lss44c4=,5z3teaqMAE/GEWPTFIKe/5e2P0VcddpiSRxSpG8/
HSSd37NGe1DLsnk6B8p2Z7tOWGaH6zN4sWct5kGuzRLe0Q==,MY2CIlunb/rwJe/6ljvsdRYg22zudkTQqYOFmnAqcK8c5Zz+MA==,04HNvW72R8DaKHin+GfnPiUcNSWvtCYcEqEoAkbgGC4BU+9H4laxhA9gqzZ+zpY=,qGvczbzfgMif1UJ6lnGZImUo1YqFKazBPwRR7Osf6Ic=,a0CpZDoTbHIW5IkvJSUHf0o30lg2jwTbBySEOb10Fg==,6XvJ/sp2e04wfHSrApdGjIq/t7ztxj0Mq2YlpHtd,lGhpC6nviLndtS3gGyDdu8f204swHpI9oX/AKmsOIuY=,Msl+dmjlkfRJUIVY1FhG8bTZkAwb0sSgHB/0jXwa7u4=,PL6dxC9xEzxNVdVy2n71/14jwATnDlvHzLBmfaoM
IPxsCpCNHz7qL1Yi/ppGkb8t5mNvG3Rw/4TDXcdpzbgGSA==,nRnCELenCn3p0Gh6mZjmd9fP46OrMsgCB5CntDhGhUfU44xfLw==,ux7HSQvzNQahpYRa9QRPJXZ8l5f/ErtftH5XzuWeT5EnODYii8id0VRP3TrFSHQ=,UwK9qbPTixDVmoYdokMX72T/dtERUI02CqBygdAA0eE=,PMGyvayb0Rj/27jMv/DZCSbGAKHmEs8FnryEuucsRw==,MxpbD++XD3okFoJBULclg+fPojgpTzXKOS6DbsfV,vuE20I4xRuTYxVRb45g9lQDKKt8HmVWXIpx6y/Nw9V0=,hnXlRgj8yUTzr5LLBgUUjpxfxqav2RSon+3fjv3B3zk=,NSBbv2sNbCAcnMYiUcKkn+RaCXLcdFtXPTJxUQ0c
W5ZSL6RStAzic7i2bLxwbjvtFxFGGW8eqkqegjFOgVJVsw==,7eOindqbSrtz6eDF6Z+BJoZEObfP8VHhTbOGJpZYXpQYYDZ3ag==,pd9yBYOee+QPHzYxR60u6cYFU+5ZnomKpXDSxr2JeHGfkmKJ5ER21DmLeMsP72o=,/eL95dBPceTvuTRFN6BYHChTTPzHSaPSPPWLnVzN4AY=,2mB+42wZLkYZ8g+QoKpeVQUJedoOGiL6wEG216s6Bw==,NhFBJ55BvcqxvJX2NctavSMGEWNdKvBq2A10Hqr2,sf+EPjXiGG1hSSxzmp9oM1y4oHt8WoksJKSUxR5J1FM=,61as7sUH++if4Q9+CPD0YpqukEpuS+PmcEiRiRQdvgc=,1NCN5XgRERJhTFMt7pqQV5o43MtP7CbAWh7CvXm2
GmUV+ksVEtPVeFayI6SfCPHazoDeox1STMRmxDGQnvk6+A==,l+sGl2ybI7DyzEKAeSnxxrqdhCCO6jNeVIaZRadZcrLCsJyphw==,rcya6ErI1Ei1l++z2T0eLYWoMcYxQM/yXtsKPnBT3lS6Kv/0B34vu4VUt6aWHBk=,aAv8Ci8Bdf2whofqx02aWEn1IvyODc94iiLwv+mH14Y=,D2Yr3r0P/XBU+pSxYz9MrsyT3AOqUG6lprF3Rt1iRw==,37fDJdpgbLqjUonzT+LBnXMzeiYtVLYWbR/Anoxn,1+jnl1ihrcQ/W/6Oj+gDYRjePZcUlnw9cPcxYxgKpSg=,xf6O1vWkUjkO97jQLqTvOL2/7ah1ooM9qHI3Z79y7qM=,Ck2NbNkipwKTrmFMZx1gjbHPId6oDErjH5x58t1j
JmKcC8SOr9yvQN+MRyNTjk8gPiTgDln/ymvYRt8K8TjKNQ==,RqMuNRoaVeNbFcnUQOrCtRgY6pkWq5ODpQ7rn2/F5aEGj+GE3Q==,846pnyVBxDtQcQlqC7uifAx470T5Uw3RPFnz+AwHAelOybxxQVnMMGdwL0NOE70=,xRFlhis6Cj6PS3ldW03k0lrrEoZGL2eQP3+HR7rs880=,EuN4fFao2EHafgD9aRQd4Yx/+j57If/2ykRJvv/uDw==,fUatFz07fUJU96fIbNgmaXmX2VbcCzDoBGhdJsp/,AQK95EFPDgfmYVnwAjmVBYiOVq5Hrwf6FZaNIAR5Vns=,YJfELgTmlOgYl375cA7CefAmwdQZmoeeey/qfae5dw8=,3OoiaqRyRRsL+IZ0Lf01tIwSe3utYleC8NbsPNkm
QGGhC1+L5YNP96iCpwPF/d7fWnCSTXL7oO+ir9tsccS0NA==,VbvGosV3jH2ghR7s6opVITHcXqeeHA4WftZgld/wGIvjtr0utg==,5wFipQxJ2zbp7lQIMgxovNZa7qxAYav0zcP9/qEtN4stHn8xhmF1Klg/aYIkj8U=,S1Va0ndk+GNHgJ4kOxDFrTM1HH/KGF/ViOLrm4TEbZM=,0NSej4znQ+nbHWbzg8ehBIM1wXmXgvnckkwsWO/guQ==,ObkI3LViZyhXhW2vNI+mRJ1cGVcHIfvwCBRUYiPZ,zHpIQh4tbcl1teO8GPPybkv8tnwqOrXegxmc3/FjPwo=,uR2XqUlDEOg4oFk2isSXGkUnaD3uHECDRwRyk8H3BLM=,9/T5wnOM2F1T1U7jhhs1lcXiTbbwtzo9pU+50zvd
Kvh5vdZ9mJZFkk4fmRjECfCa1NpuqIo8aXO7KuEtb8cikw==,frLNOzrhd1gHR+2dDa7yFIimrhOx4K23qeR1MGLAONNbGm/sgQ==,9tPe7k0gHN+fh0qj4qiYeb1dDyvExNAMGo+C0AbLPn97nVldhrzhYSv06rICAQI=,7PQfc3I765GlQO5bXeCAn7zs3N7Kd2CwnjJrKT8tA5M=,i86lk/rDceekAaO5o7LEy35NjbWHts5HeH7Dgx3Q0w==,DjDTOAkJuCyDCQR6ClXJNxhumEkQIprTIYuLqV42,1m3IMrtiawHbioPdo3KzDR6gkVQiGpkWu9GD+Aknx1E=,hkYxNtEgBFOinctvauWJihBfuxgWb+NkvD0Z2hPY0Mg=,a8wRKmAX3//ngux1zXC8qct6Z7zTfYWAQFCx0VxB
0Qkh0/rQyWx4AhUR3rhFwEJWFu7NN+n6kfBTn6HyGXsuiw==,WKrrY4pfIg3LqnnCIGP78967jgZMka5eFNUQjjm7YjJLntdJQA==,HFsq/2KDwSnRMFhNaA4hvjBkKQyKdHMXUWey9ZVZN/R4avWJoXuB2GROaub0uTg=,ykyPmpLVh51mv7P61/BZYI3OTuT32iqvdY+WEWBRj40=,fnibKDxvnYmNB/ujHIYp2eP5crPXcLvmDAMpx+1OtQ==,k8qazczkOTtgjjlHDuYcph/o53hTqlNIvlN+euix,qCUCryP2HS7bBuU6nI8Dictm4VPR9EoJYJQ/+JXLC+o=,BkWYRjnAjm+WR6akFP8PLGKtkfuYjCJoOG88JWdz6TE=,9SJFtfFpPaBAu3Acl0hdeRnSSCWzPGq/1mulWW8o
Dfl2vIoXfpHFjlgLr2I5s/uv4Ht2ShKAHN/wFQeF5ou17g==,HjmRyyVoPq5U43tiwQ7iaTcnYqQYiYTs9O0Z3E8agZu3rVSkmA==,gHSlf79bV+sTbzcFNcTKDn4tIZ5ezR3ZRFzcSMAQqQJv0SK9SwAbpvDldPb6IRM=,o/tEz1hufGizx51juV0isM90EwbqVAZGDsatCC8ABMc=,5enRviG+BjgM52/dbVcMYeSltBKSRNoNe4ODUxgddQ==,+5Vuts27HOp/r1EsHcDFmX6RPQvsRB316LKgbMI3,K2D9+bBWOo3UEVrocL3iiFuvUZPIKJGK3oQJsiniVwc=,sSKvFjUHslx6UfQiSJy8Gk2NUSvwjpneVivzRbpVYOI=,wG5lGc1APOjf2CJqBgmus0GEctTjwIBlXJV7v4RO
+7Zl7WCN5LV03fNDTl2dBn2vI/fqU9a9M4h11Vbb1FHBPQ==,XXKX4whcAkFpnGmIqOIA9MCZoKBHkDvkSNc3TlUsnn/ZsbVpPA==,p+bAupmLMad7F6jn+JQro4F3nj1Mm2apglkCuoQriM5ktlmu9OgSrYkbg0XfC8Q=,gwaZApPuFpg4JIAaqw53VD7BoeR5TBlldZz9l3Qvy8U=,zEP2YhZQLl80FrAPZGUI3B6iNxypdyNT2OzTFrMISA==,nvsGdd4AjvSbnhjZhYpfWfHxb5vj+9RUF0+TBtzE,p3x0ATWV0l4x3qDwEuvEWykDyQbua7BArAiUFUCgMzg=,hhCZdn+SjGrtmRfbQFjRaYs+s7l9x5cBWSkmmcNI/XA=,nxV+nhijc8vliOkvc9OkU4HAcEj8g0U0fX5KryZG
8pk6OhWO3u83myAtAWmJLC9OmPu7Z7fY6X9ooDSTx98DVg==,ubCoLmEoKlyP8AHsCzcJXbPh2+Y+qGAYck8dlPkWA5T0ZT2cbw==,qq08h9P5jQdz06cJizYzvX481qEZ0E6m+05i+UPqaYsr1uUGHJwVYTKoaqHsz/Y=,YfdBHoHxzKRncggfUa6KtUyIPQ00mN+MPRs0IqPF59U=,xiXuXNQ/957fFUykY7xPZll+i6n3mcOpcXj+69XPJA==,aH3bu2U0giRv/onpOY7driQCJdZImcFiPVjSGxhh,8lfqfbO9gEmnHib7arNIGFwYyB3BYWhTFM2PpIgLQ2A=,ZBq+ukAQXsp5JmVKcYL/b9FUONvjFjKghSDyl7iuUpI=,erFaaqtodPeisJMimBGwqkPoJrZPYB5c8i7cId4W
tjy4h/sq3WMXAVRmutLKYt2/2fQP7+dlkCiS1o2VwmcCbA==,RV47eYTw6m1u5aNUq8oLg7DfvzVN/BdkXCZBnJjKteO4PSYH2w==,h2e/9QLUS13dEng7qgftk7INMxYIEcze3GK86Q7Fi6kT2HZhJFPR87GGTw9kc0M=,1vhDv16WbMAtjCM8s+d1fy+OOacOt4MZ3BnckC5Z6nk=,CDImN8E+W/qoPnqCpZEizTrEiHLzy5GSEAqETd9/Fg==,9VxUGYTUm5fCBDOpDme/AxNqoutgKqrPc0BfjEN1,P6qcniOHo2vbgoXLthV0OOj2Mfa4uo7vYz7mt5gZ8e4=,v1Y8sBPsprMKQF2FhOn/rR9kpb4mfCv3T7auJa8DFas=,pjQ4hAeImwdh7TI4s25cpzj4gRQxGUjZ+85LwWKX
E8/mdTv928tuU+LnFlHTnjDwC5Gyh9Mvi86B83lq1xjszg==,hNWftQGauHyDbiGQP1eM6ZvirLoGDopzOsoFrAyKgUdNemm+pQ==,RGEqIcT09gkNeOFiuKdrY65Kf8SYwvpnz6j4BcefQzwY6nI4vBA2aoLQL/Xy/F0=,Zx059YD7xYhH6aYqqyG0+oYpIUkjSMpkeZ0V80YBHAQ=,l3WMA7o1SgWSgr01NAbV1GpgSAA6yedDM+6k1ezSfQ==,fjTVgLnGr7kFeUVY5zi8M8vMJkMOe+X1Qywpf6B+,UyqIVeP4JAG3d/Xziri+rz7LRcbaK8XOk5KHtiZZrh0=,ClfiDA+UaF7jFCEy3jquZ6J4kPXLYsv90koWOsaZ3ow=,HIb1OjTuI6AmL++D3yKtrdquDGI5OU2bwJBXIRk0
y5K2ptxDRast2oXIaF7CzQuTCEnX0eqSkhaGAS9tgpfc6A==,d5KdhK0MXOFb4amNyFVBV7F5aNYjFjkokR//JyGxxBrzAu1xVQ==,GgXk/eDZnfprAGDMp2Xo/HhkvScA0c9wugonFXCpii/+vYS3G6dpy7ly7A9HoOw=,bnfIyVMTAqpPqln1KY532hrxVTYQiGd3jIAmr6t5BQ0=,utzSf8GVs1Zk8xyXvbN07BXm5BZUroHhBMv/bBDz8Q==,EYxlWpKQMC348GTurWA+IxBAqoSt3d+NE1bSKncB,3pFResAzHHq/sFy3sXy7QpbRc1we8CFMvFP7indlV3I=,wsGv+4Vjgt9HFtxNW9EMmlFxbps2NME/d+7Z31187ug=,pzARttydUVjz+UkK8sJ6hd9F4kxN+kDsr7VHsFIH
IEnzhtRILkAUfwOqUtLGz2YTltCy6UWbknkOonf3wUkRTw==,Z7BgdGGqydGlSadslZa5uoLNGgEDO1t7XjyIXwA9xRaNYy31vA==,FhAQnvuXxFUerHNmrg+NlS3SDiV8fZUqtYRuMYq2zFl62VkHAk0L4g/ixSk7rMg=,W+GNRP6x7EnpH29iPsibJZkIY0Jl85RE+eAXvdGGBMc=,ciaNWbbz5FFZwXgfKvjvA/SQNujVuAfAgDgxDHD97Q==,o6nT62FNiy5wgzo1FLR62tzu9q1GQUn6dRyPQFK2,W+mE+qqATDmVmyClBwK5PFIm995fMPlRUxyTfI4T8/w=,AW+6Io+L0/NtFEKXCSo/xSSSR2T+EPcHhMINhSuM7J4=,7U6dqO8yT/ToCIkeLAvuBR+N+bqkoxscK7uES7ea
IMdEviW1Lbtpe4C2lWjMFeJkKacsJqaj3JIpVpZ+tCLO9Q==,6huoD9gglxs31hzEWWqONcvMq4UbC0R5rzY+LEPcPVpKsdsCyw==,B/DHqGxrhsgd41+pnl9yq6AnJcnV+MSr0ectY08Da46r5ON93zBct6SvJ5/lF04=,k0Oxwo380FXbVNaHwck4r7nygXoNsDfYgenufn5a2qM=,fzG2S4X5eT3t8IhqFL4Tz30iA7hOUyVSZuf87WD93Q==,nwgvK1vCXNlf3f+Jb3xGywIgWBW90F14+srEh8uD,9u03C9uYNHInbswiHH/nQp3a70N1ZI1Fl/ISTk4fytI=,H/5GI0mhc7zjHUgMGi7VsKPNvQ2xEFCCTg6sYEKLe1g=,nfdfZ4PjP0pzDlHWDmFvyNb8rZttSl68r1velRbB
xHlwXCusHgJm5w9hXoZI3qK7feEKCljptPYi5nocgjco1A==,eaGLmUWIqwEqH4vjQQofEfihubSeCnEtNEHolzFVklB41RZ84w==,OgjHyCQnQsY3FFNumgATxdYyNkvE3I0gSJBWd3qGQNyDiLF0ey/11tx87lKWWvE=,s4wUTdm3s0PJ2kcUSChuuQTRu+CR5aDOoEB/RmqAiuI=,QvScGt5N2RgRDiYOKmHxGQJe+YmCk3W4rzivU7I7sw==,VacDpbmT/xWP1/XD+7mJvMT8o0PPmsI06Bw1EGT0,VFi8MnjQlvPo/mPIg3JhGsVin3DR+UenblWsFWPpZlA=,etQsnYJ/xrU4+oOP5OLTYZiRtzS/Bg+LnoDmmKOiRF4=,hUxRvxBR6DuEnB1N2uFZTZOV3vwAmUwac1rihWfJ
zg+n4yGMNCS8XxGT3ozxDn7SFCZrEOZ4jXIVeYMfs4kcxA==,MERmgUjNtLe62VXc+dQWLyHzVCZ+TxQEsZmfUHCo0u/jycTmCg==,AzMS24ugcedsylh3IJ+55gIEnXegMSpgnxCeFj+9z3tZBsVUPdIeZD2rg6l55QA=,sv4/igv/oZI6OZ/xVV5PpP37/1hBcHAiNW9wZaqcxok=,iPKINxI5WrtkjOF4jKn0cXlYP9W4c+SV2F413rGkkA==,tuFH9wj87oYVpVIuXUQ2PBt9pR0l5ZVFrueN5NGT,1TK3Xz5HSvkR/rirBQmCPsWzyu0my+HFktgtHp47oE8=,JBoo7YBI46M6tqbFUzhaBGQA2axoA1hhnFmCNfDgd24=,7XIvboxFd3tev4XI5IR+8U0YRxFMWvE8WqmUCZjd
KCpu0/U9Wv8chYZiUAwOjNLI5uFwtbcYQSJiwEiKOrQ+rw==,iNOcv93mNqAtFpAusyDphpuzZZG6GmrYw1I+DFNv5PDEwqYpxw==,2xyup/Ezzddoh5mRhHjNtGdciuYAU7kEbaXAcuf4ANo8ZTLQrXs7+TnX58SyG9U=,GL5MUDgTU32cfPwsX6m2npUSTQqc78PAu71mX4mVF+w=,KZMzQHWoTxnXv6eHV/tV0jTF9ebvZc80b8TN3uelwg==,zRh71AMjgliE+S7QgvXDT7AHOqoZriywwfTDO7Fz,Ah6fZmMFgrMFa8hRLyhrqyAk5fp/eHevdumVCU9sRPA=,ju6qNyj7xuuDPREsB1u/P2ag1cFh/P7j+m1h97hsP5A=,2xlBxOkdweLwslKBSP++GIZnYPgQeRa70CNBr4sT
uDCsonSVmR5dIzqT8GCAJcLskRBobw3n5mc9oouMFalEhw==,HxLEdjrUCThXuF2BeHvCtw1uX9tmFdEifzoKGnTDWCW7IWfpVw==,oXuh7L8P99P6+co5YghrP9hqOkDLF7xlLLe7WaPDjhkzpq7GmEFuI5yKsujxwKo=,k7de/RygvrE6sNyynbhIOgn+vTRDF79mV+bAVEY2FjM=,HGjlAUGrIlR+DnxGqBk9G6s+QixpTxgIqpWL/SrPew==,Z9+z8b7UgAA+OhbIJWxbTFONGgHvnU6XWyEnEd/5,Y1+6Th7kMQKQpRUW9S5siIK70Edm9u8WuyCcb4a8CSw=,TSlJJYVYaiCjKutawRmPYP91/nYMxrg21R/SiZnkKog=,WohtcJrKxjc4/yOncyJPOneGTuk48qA2xYeSVLQ5
P3s6/jxQN7a4VK1AczDHN+nT2wwF0FHwqumu2ixnbwPyNA==,UT0lrnPxmgU32VQ4lhsTdRahc90nFksy7qwlAz0p2I0eGwN1dg==,oTevSeymCHdKzTmXKhCjdY+seBwiR9G3huVfngP6uA5XKhReCaFLVWHz8apQkPo=,UoU5l4aanLbOXqMg2Ct3hm2eacHu2OjumWhBNk5fLvs=,mDmCdzm5C7H8HJhurckLpG9axgrkbyru/qdh/vhpqw==,m4kmGvYwy1IU973RCfK0XzHA/pUEjWHo0RY7I4ko,sHxcvU2+nzmx0KhX0NI7a779dS5ikLiFxmDxYE317u8=,qg5WSa6ybAfY+BDGGFjnZ7ht+Srm5OBakuJ62aIEQEA=,YErBE4S/KxQ38nIH5cDlO0I7K13znNPP5meE9xlF
iSDRqy3vP+GxeZDR+/FAlWErzQswcFbh7+V0tHbd6Dlnag==,IDCuKQdegvX2Watmk5Yy2KWeFA8jhE+AaKe5pII0mnQYTEqmEg==,+LU3KjjqGfb4/ZuAjqD8l61DECDwYDyeyY2Z53M3yTMvgYgq4CJkZ82YRWjY/0c=,i9udHg2TTHClyQc9Lx3kgpkRH3Sfj4llPPLAkM09tf8=,uCTYmo70ebMakA1uATXXlwiMc1/3BaRohMyS4r44GQ==,PxkwFaHEEWCIJY7qNhu3tsk3NuNBgaUQgWOHyu9D,g238UWscmt74+y98spQ1HvK99qpXqdt2YTv3YhsdM8w=,b8yGsaTn4+ZLcJZ2rBI4kHDkqMbab83UNVM3syrxUOw=,0RlC1qbauJk/3/ecil3RdvfxbwlohD5cpSL9hygQ
5V5KiHF60Ic3R2rTPeicaJE1iJF/TW/SldDG0jQNx4i4hg==,oVlWVZgguyMN210NT1HSvDVHrjVElpHZyh7s8lSY+gGL+0nntA==,hzpEVZ1r0suu/6cKeWd7diZVkNlCnMw3KCvrou3mmSQoItcODM9bk94vZG+Lsu8=,8hVzkCWJMeLM0doaJ2BhNAJsJlaqrtqczh+a4O8gpxA=,6RFSFqy2BBftRr8o3t0bGnOXHcz+J2TJZsKD+e1DNw==,SbdkmUfrkoYA+6dnMVrg/UQG69G6Run5nIk09Zuh,4nWI5ggTkrWc3K/toYi37cs51RZbcqAdRajXQrBEqBk=,RURMg/3lroe/967c3RvMf9QqcEkesweICq8NKft77TI=,omJTxNZzEDTtAwuOBMKoMiZJs8lpKk+1+qoHeaHY
rM4SBzJRr0JumSv5DU49kv3CsRA8k1CTsvwr86r3DeVcRA==,NweG6FdbGT5n6wcNopAARHI5O4A5iLspYfTon9eG9oL/SlepQw==,Ew3vBA8NchNrm/sB0eFDz2rGzi/SG47I2PTFeZN3L/ZOECBquhbD4IhbN5fA3/s=,zv96EQv87aqr4ZzT8cppyf++NRDfT0PQDs/XE4BNZK8=,Oldc+q2jgjJXt/7LvNOq667cqVPTC2CKey0y0pPsbw==,1ju3EuSZ1/XYZlGrXQCAHRZrNg2KrSRDUqijsvuS,h2UKOjahUkDAGzDnObCV9dZAJG7+n9kLnt7H9CXQoCDK,zf8V/k3RWxfuO6+eXzBfoSgipySoZKdpAoZMnX5mEAg=,DXShIdo1ixgyt9VzFM2an95XzliqxyhGcGUI9yy7
MUpCznSqmaLyzf3t5HrVcnJ3e7ZDJAxq6iVG/lneJ0lQ4g==,hp6JiZHmZCFzBwTzbnUFy9oLdtfCYVt9IBqBzzYNs6/Flhw71g==,H0Nks2+NED9L2dVOFu72DgFHcMp+XH+e9VQegFrTjnoovc8dOxJ5dOWpZsqPlAI=,9AtLAYCtj73XftrKxQtow/jiSTsRgJv5qPnGMlmHMWE=,SiBAteefaWGayfXhK94VR8d4F3UIyij78jiVEZ5/Sw==,ZgYesr2L7W9kHiKLoiAyofpz4yxx8bv89RjNm6PW,6D0CR/G/7tXr4GBMNfnjEiB70xSCA5dzrI7gejJySFk=,yJvIVd1t9HOI+l07vgdghI6PkynsG76iK3ifxnabKo0=,DSy/J5S7AluiobCgQshRd8tn+EhGKEnYZG343QLw
pM5qZBT28P+tTKFoJmQbWhDXjeu4X0TV7kOW/m7m7huZig==,E8w0Z+bfRFOxfv6wN6iN3yTD0Wp+q6tFuI+ZyKmunp+DLdQMJw==,VFuB7oUlKSMoUr7VPWE5RCCMRx+MJPmL94x07WGdOVUWfRpKZd5e+B+yE/KSA2w=,Jr5jTDELghnb8uxKD7q4ox6mgBp6HdT8rPj9leGoyvc=,BwNg43R7h4VjtX+9qGw97dB4c3MUPVA+NmA/GdVkPQ==,uI9rjR6+BiV2KNQu80NIpQih3sDfzfbUZipcc0CZ,Md8FJSGGQQ6LPk3JbT1rN6sgD8R4XIdOoYNzQOe+Q20=,lOk/BMB2BXYCFN3D3d9FYFzDN0Bxl6PGtWCVeTF2eO4=,e3G565Gk1yvvg/RnpH+MCenMShjIzThO6q8zMO+p
pP8DXVsaQ0TnzFMO/Za3EaNLIQIwxrXhoYI/PCmv5EOLKg==,4pumwVDwHX3jzAwj43vN3NyNR7piogi9fV7zJL7J42WF8FYkfg==,d41d4347NVId9bccuK0ukqtbteTLhNDOER+pCHqu7FEQGugVD6so0ooKPYMmJg4=,ljapIu1lRsflvvo3TqqsFFw6UbRCTvQotEJ559axJGM=,+WwyERM3vp25e4QY3i7saCq9SGWefk9L50xDVSi1qg==,RNOM+18xU4eckChXoJTRPPKY1oT8r8zX+yLs2I1Z,0zOLiRqL2KXXLZjd5y4tZHq9SpLttNadxFwdvP0567ft,YYJsIyTBinMYX4rGopmvmkRG5Lw0LaEPuVS3UCcvlXQ=,jWylYK2DbMs0sXqULb/GCCws4KKEw4wkoFunEQDk
jiwh0RJNke1MnpZHg3Qo6JqIsUE061NWMGFEbcBqrRtL1A==,xBZPJWs3m/pM4NOvWxCkGm8Et29BxO8Y8107QSYl2A65Saw0Vw==,gtvPQQFBzYc5TGBncmGsVRRM8gcNQBploWc6ExKfoTHB9F9jEnQi9S73TRlR09E=,Z5HdJidx9jCjF7wBQCM+AiPuSmmIDyr+9pfbg5Rxx2A=,m8gRf0H7cPTcMs0GQEtAPRIU8Z9/ZrdM9U9yLvRoWQ==,vqBWS01hmoVJ+4UYVjo70nn7S6UUIsFtmQnteypU,QmqxOyLZflaoHw9z6BDBUBsc33tQ2ceJ4Fobt+U77Bs=,9poqllMK5E+mlYmO3b53ysY0SLzfPK3Qw0xEGYwMGT0=,quMelNbRZBY+MdgH1y0BpPoZlb6i8E8xGT+hyzxi
3rnetfrH6yI6aWPH995EPGCwF3msKbG9jJsl6Q7098IEZA==,K4d1bcNtAUC6qjauL1vXkVWf3umIHiCnQtT5hfbrNCHTeQzLIA==,UvMuZM01/fRRUy95U6F57Wy58hWkV/7SXhsaH2FOi61HMANivjGy0NarlShgsNY=,Lgf77Db4LE6MeY7iFOoCO6YECeHH8OUA/Xko+6uxtaY=,qBnH7DteSrptKlCBcymXs9VczLlLkfVRnpZEayn7wA==,zVLAnnjYLj3/Lws2PT82fNF/9oObypbGLF4fQLqL,GgQNl/MhmJFraffzCDqT3GwquQK4ldeeQfvlRtGATysg,n4yAH6iSYNkHc7F4FEnGm17GxwHlG0qkjhN6ReXDMdE=,yBRUGTdYE5Gxe4jKgPQagAEhMT7yhSSf2RzpqeRD
YyuIvwPwPU3L2uf5aP9I+wm5utOLa6kL8Ni1jP4HdiSEQA==,/Lsntmo6HhIb6Ama5pnIUtt3txR+wAch4FFZcw0kKi25fBKtjw==,FolO/hDSiUic8ue6P4eL7qcFnztvvUSxx5ColWY9hDNT6UL7kHt1d6XmkehPGcM=,ZxQaQyVR4IjSBZud9Qe17SS/HnRTmEa3NIKg5rHIq6o=,ynXgGtA23hMCo/3bHuihd99Wcjek2e752mqBG7L9uw==,Pkdi//XNGJfhFbWx876pOdztlHw3hN54TESo00jJ,uXJU1Atgq/A5QO4ZlGMCm06Mse1Zrg0kBJXWXjPLFTA=,nkHgGpBCRHv9uDYARnTaE1E98etdrpV0urHl7lsNT9Q=,o/+IetedI+B4iKbyrwlB1M1HMJmrtHzU4/E4s9N2
Vc7StLNEU3gyetq58ME404obS8NhAT5rPT3OjDZW9MMMVw==,ZfaL81o7f/lHu8w17iB1RYYAO4KfWmacNClDW1OyQ1ul/1eCSQ==,fOCjh/5OOQlYCQXHBjde92IkuFOWunHcEltrd44IYf3+XhgHaWs3f69992wekKE=,cA52p9R9arr8ctagzFLIlUu0tOH+0z3xgWrlR5mWY44=,yi6X0YfgNVx3yJre251IkPv+hD8Fvfp3GkrA3N+vdA==,G52Om7ohsaLdiljIqBfGFy+YfGnX/hXGwm+EssoJ,VqbccydQY3jtGWb5qQNeWXn7CvUT6+dLFwO5mYiXhc0=,Sh9B/woDB9dyJL5j6AMmNYs7jWOm5M7AHJX/dTQwAi4=,1BEcjs1jMCaUEvNWMAmTClCDaU0DMylqAcdZYA7x
Gz6yseR0QJsNy84KaE29MV3GLyLPTZzY7E9PdbSn9oocWw==,Kh3cx9orrrVCMH4lSjcV6GVv9Bsiro2V/B3vSQKx3eAK2I00iQ==,6+3MlDe5hd6J7nWsSclob/OMghYY4w3b8vBcaWpMH+hjIWnYrKG9NlN8YpOsbXw=,A7Phkzg/WLHyeNcmbMQC6YbikYlkgBx32naLf867xP4=,pD8GLiqAMVeAnKWec3mPMkngzZSnY7e1ql2IOox6ug==,31F2nIUU29P2RRptH1GyosNNRiXKR9a2/3A/m7Fd,4YlTZsbghGLA1ZyZUDWoG+NwjguYbNJUgGeTVYKpIplf,aGCY6Dkc7vHkPsi/kDHorYoup0zCNYhdwiBwRTlu+XI=,aru4NBMFKGj+K18NFnfk1ogia9tJ2SvxCrAps5Pv
HUjhBvA2pTBBaa6U/srsvRm1nCWcRbypNvF8Mus3a16HXA==,QGzYgFVMNNc4Jgy9RmUXWV0T/vbneU9GmQfw2P/9+c9j9AfPCw==,pV8ja61CDRRKrqa+Q7te+lXW/iWL76OdXBdwWmrwIm/trN8OfKkzlcKO4goW7yk=,HxbCXQoQPYwWwQSOdhkZV1c9LdiuT64rZ3mINetOA6Q=,gY2DaFybkLdiB7jeVn7n6KiPzX8TbvYnngmj0VtMhQ==,OcrbuKOOSw/5HQcWcPTpNFsTexGe2MqMiZ2xcTjG,v7nzM2gnl+228W9gpD6ue6XPooxjtLAkFMYPQ0ywjIo=,gEVVn3187ZGSVu9cqf8U1GXqJRStACc4UcYvqr4OpmI=,02rGg6kjCR/wD6G9LmbgfZh34mFxanoyg+oMyKFW
6pEP0J8yw1pmh6dt91JIvP6az8vMpf4zQ7W1aqWFEN0R9Q==,6I9bN/A9H6ptQxLXZ9CDF7e/KrndjlUYBOGeFUC3P/DIVwGhpg==,4EQjroQEZXsSBCZGyq5KWmC1MEgZSMQ/cowBmkAFc8hj9yYb3U2wdNusXKAqASQ=,REdK9vtuvCvfZ63N8h2JF3BwRqXNA5VSNXw67hixvQc=,OUAW0XfvPokYqXcgCCNImz0m0/sZAbqLcJc/g1h6yA==,5m1fMKegf0gH6uw2AWlkbsTYD5SB+4B32619ozUf,pG2Z2ZuP/GECAUgiRLJAPDHy2udIbvXzYDUZ+xJtiyE=,0eX35sNnihmowAxbGb5mxW0GeXgyOaGcNIqaQNpy0H4=,hHUaiudv88rKQBGGEKLPZKeFV0T2KVsitaa/g5ep
P9PwNoppildFurofM2vGnHCT15c/ai7jo/SlGI2NB36HMQ==,ttp/N9xMbgsCLadkTlxHR2yVxmIQcI6Zz2M9MjQQRWO0vJFwqg==,BH7DBlOrDaEoiRVjhuKde4q2FnGrKlkDNTep2rbJHLHY3yOJvCnJ1fdBZinQvCs=,y3VdL0SybLmDUcoQwK/4mfJNsaJYXeZoYpBjoM43MnM=,gVkL/zIIT/TVBTwzgcIGKnCZzwrbaj0bAr+YKCh8pw==,xLOYlApR3+jda6/sABBI45p1zOHgBXCkO5WV+LfK,v9MudGCMi2cuMPxYhb3w020TcZfq75YAXi7rdSbiNKk=,E0X5LmSBFYZI3jm/xkO1bvcuBkYSNF0hHSNSziTXs1w=,tC2ZUSpSu1Plo4VotN+RBNu/3zMfUdKhil7AN78r
XUSmmN0sw3XTXDPIx8i1I31kRGtqKRh24R55gkI0dUlk+w==,1SBuVBECfk8jD1kZ371Xo5lQ0byfF7CM2ZK6WxpHvNSomDtFhA==,jhUh6CZp4Yx62KbhmEMmq6lZrHBNRJ40nmAp4Ke7tgD5zpnr/MHvrfL2H2QfoOI=,691NrWcIN2M38PMl+zc6IffKqU1A8wwAIGTstOXIWkc=,yErEfciexKBOCWxZX3DtYuUNbu7ZLeYqcDHmtc+uww==,ncZ1zUnxgP4ItuVRgaw6jC9DyhbILUW+CxWBiGve,XdPo4wF8MFy5jmnSgrlZ9POACzuWqDYiKOaRRLj6NMI=,q1kY6HAP20q2IUg7GoFKqaOBR6Wuws5aZqCX3LArFs8=,QakwinyYpYkfyqJLVZhMhoqRW54yKvgKMNGRncDu
Ngx8QMTVRV5CAAqzNctB46Wcy8Vcj7AvVmAyzHveDnbPWA==,/uZ867p1/mj8fM3r7KpXuQFS/kihFNNVC1ejKgNigvC3rhGBwQ==,JquaJtiSp9YDQ1xXKSo+NzIMJ+jF6qC8///cDx3IiWIXRt7O5Anut8eY1Km6A38=,vRm8lp2/hawRQZ9dhPLUnfLRbWFh37oVfK1VKB7G390=,csSJzdbpu//tFBoZYnstVUkVrHFALM6DxjhUsIv1/g==,yeBSJtxaBFqkQ2AeAG3vh1nkgf/RMqz1cgChHP4B,EYjd9uO77fAVj0ddkwffzAtXEIl54cGgntr1+4ADpb4=,6P6l8IRmYScjfUlLBIr4yDeV3GRDXLe6g54RbSUF0Pk=,80NRf6pA2RuH5BuPGUvWaokPPKPuYfRoqdcauIC0
EhXJkXExRl3LMMfF8WaTW8NwVQ5m35Xu+dErfKWrWZtopQ==,rRySLfHk2kQjELWZtJ7etIF5ZtOwgBP/3OLmch+r0X/g4/pKUQ==,w/VAc9rc91aiwdNVBI4E+b7K1GkJHRIDXvklXGRdyq2TQM6YFcGd3dq0TRGtqcE=,AcAV4+x/nkulrxe9X71tXyQw/k3dktUfsLfhhdblfiE=,dpjepKqzTLbpGfDHm0LByC6ME/6DKlK0sls5ISR7Jg==,FXj1wbCCiVBpMFjWNn+mp/FdExC8Aw8EkU2t4ngi,2GhcjcZuWtSU9wbRMdCpNof0fwIWLSh5irfCL+U+l0Q=,EFvzp8pEoioAhhzSrlqAw1bt0WTuKdB2r0U6bXpUz+g=,a+ir4Di7vP7r5nPOX+znXCf4ug3DE4LM71XhjNmX
X2ThgBBuV/1EWj6nEjY/YvVRlVHyJy4qU/qTrf8A+mL2mg==,lqzN2Nm0aVs3w1xjZBPh9Xm8nys4DEkbuNRjbw+T41RQp42+mw==,tYI3tHhOuYjJGoQaW/6qxLjzyp7MvmtR2kOkHrsHM/Q0bN106y/7YrJ28JEG10I=,YMbFB4L71DtqclENsNS847iRyj9cqn4LRiiflLlcDeE=,4WTPhFaCJvgf2Iac94ss65FRmmaRx3YNtgyWwWx7lQ==,AP7scqkdHQaNdk1RfxQGRf8y57y99XukWcySOr3c,3D+Rfu9UjeazYWLn9BT3RF15lcBILNX+WuULdDPVzzw=,dJc9refJugyba/J+X7X1QWN06twugg1kRgbNtwM8+sY=,P5c3HNu5zExkvUWbGLHffuou8bFxk4p84ee82Hn5
qF6pGKWP8w+mS7obXZFqx4+EkPE0upKtU1yy0r3gPPcdGg==,tamevIviHlK4yIzNZ45MVQtiudhMkU6UxEWZH6tAfmgV7yTjQw==,N7qkjO09DE3TLeHcBWAv73ICxBTaBFsUAEMTnFv11uwicjYKgP4omFiENbFeMHE=,YPb3PYANfl+IbEIThPSQQgm3l+VkrIbyR35ZsyH+PUg=,qUcNlJrVwS87UvxdXFFsatVHxHstah4sM4MXf9Mu2Q==,YhKcUD4kE9AP1Xh3OLZ8gK1P/sIEgODwOobbejUl,J2hOTzKKPmz88PPHxoOkxjfHje2StlStlQ2EtuSDL4Q=,ttE4mtxt+N+OadXD8zsO/d1cSH4MkxMaVU42lg6ZKgA=,HXdQb7auWx8uL3/pDlEtRFj8wqT6WYAi0P4OGFRT
wJizmG0uZ2WNe0Nubot0cziQV5FGiB6H9b75YCtYkmhD8g==,6c4WOTppHvBoZhIjm/Epm3NcQWNFzkclYrKOXe2PIoKQGBzSag==,sAi04BQJTprhG1utkcElPv8fg7uy+56ibeySSVBnkHPEkvSyz6aH+9Ihm4pKp+g=,uCLER5pJ6L4LpuKXymVIivr5cX4rGQKbzcaANf+/LFw=,Axu0g4JxVDGUrYwov9eychnOdW74ZEzKCAIvsOg7aQ==,DvzH1cCXAtwsFywFPkwJj/IzI7CNn9AJEX2QuNat,eoDZ/Ops/nkeQRWtZi9gVLch7vqJfLos4ZApgQtgVuA=,c0CU6V8f5IbKJmJREJaGD9aCyASFx248pZzBvMvGJ+4=,Z0VgifGAhQ4DHAf58GdXzqJNP2UEKOvvZSZnRoKd
Jm7ZNsO7Jeu10p+Aj7qU3vBj0jW5vb0cXaNAxTh8QKIOMA==,2amm9jJlCL4FcIpnb4KZ+YD6RWfN2mX2ek+/VO83VhIBftYGQg==,cj00FJH6hQVI6P2bGLtIjAbHfGjLWhBIe6CeGkbLJNxhmCQ5zpNegw1QmPp2iVw=,OwHL1Q2zNCYo49quMiyHU1L/GwL6Q/CmEeAiMVOUquY=,slDwsmQn9NYj7VULNYHOZfqTxCmQehIPHF2BM2KEZQ==,/0XUDPaHsTvIHK9wqnoPTCxB/CZJjXXhh7RNwXV8,hFpNO9hrnP8tob63Oca/tkRB9Hb3TbCpUANLFHE3W8A=,4SfYFcpoTmXcTTrGeJrW/XrceKlSkF8xCDDFXNg5AdE=,NQOl04sOymH9FchnUhpOKgsSIT4w2ipwTuMNM2G7
sLNmK8K/arjFTe0truilhvWH1ePHDoYYuTuYPEz8yoBrKw==,7B/ncif7Xd8CgNiy6rmfGv3dHo5T9Vtc2nkFJP/wvM5w3xTx5A==,77tMHAgrM+baCTrQnfDgHYdIlfBFVpQMms3yrJWviFsM3ZHx2zjKjPgcMQaKW4E=,L22meotX1s0ZcLF3zuoRnamPZcxc6hCypy9RcywrIVo=,2Xt6rNzHLEegEuz8RMeKJ1pQJYuLN2fErLTXisA1lQ==,vC5fHUE2DxTSKqzkAlJ8zWELSUddSH8q1hrhW1QH,vBz81mH9fSMyWqhBFK4LzhtcqrDJBtzgWsa4Qq+T0VA=,AntQOJr0fLMY14iofXZrYEKc7XwNtcPcLIqYhpONTHc=,1rAF0lqkc4ZATA9E2OlKOT0ZKZLjrl3cZhNkBYR3
MzobrhNyZYzn6lEZvSDcLdFz+UUDjmYSHiFtrRnzHFbiBg==,BZk5OXd+06JTH++zyRR2i5TEkpvQGbOfbdKmJ7ytrtERzwyIWw==,EOzaH3q3LMg0DS34VllUIsQ3m9ffudY23fiwOtLKkuBbeDAo6LOxsz87rEPQuOU=,uzHRPCeoaMWAREuHV1kUnLpn/bfnzieyMtksJo8liYs=,vWWZrrI/ESujNjZEl03u+1kS3BV7aXk3Nt7LDYrLXw==,xh9O0R6LnzvKNIh4FlhBBGoL8ygmCU+t9VUVzNuy,lAmHzQiatxfdmp11m/xV3s8mmRrNnR1HgqjCXa+nMY0=,iLww7BXv7tN2jIbT2/3+KU7v1w4CraDHi+0P5WRpiUo=,DfrY9OFphxaNrWSNtJYieSOKD5kg3MFcay/gTd3L
sdirp9uRN3P2SVKhr9X6O0c5QH3hdovzgd0a/I/smKNsGw==,scHtGPOO5VbeEScoAVXv6siyJITlNDd0wB7Gmh+DhotkeYeVIg==,z6opU627mMB/suktBgUDf7FMWXwVPOzsYdhk+rGliCNNgS/0rEXZv+guGH7Jlrg=,o9ZB9w5/jayDmCd2TkdgIbuK8y2ZjeCU0V9RK4pj8PE=,2PmYlXxUJ8bSYwLIYcq1+s8jdiJO7KFNZ0MYTN9C+Q==,0FZUuLqUjDFddgP2Cj2Mg1zKzBW6i1diCvi7MKpI,aD6n5YKM3/mfj4UVkkjMQnNfR8G5wKlp0dhBUyPdGS4=,VhA1dEH5AOMto5OVQYlrZyFTLnY67tKZAPMhmloF0rs=,Fnh9BjXdFr5Ghz7rwqV2Znsi1AuQK4sPS58OrLtc
E12ba3i6y4VfVehjyFHGjZGhVtYBxn/BCFMSCDSzHaLlrg==,lCiVmwCpZgrhloMMqdqiA0UrCU299nOQcg+IJIOQ3fhD13sGfQ==,WYxNOR8haHiDRRp7m2EzmkFkuEAJD/Hi5iQ4OObk0Qh+dhh9AM5TOCHcp1a63Lc=,zjaiMt43ebwQwui5WlWbNW3Z6jlEkfyXGeQv8mqaIF0=,Ml2BsGi+8tVHCwt26T+7Dy7UMznnTuohRuL1HUAgTg==,zK3dhgtl18fS2rpYXX6xERYd3zajMOzdy52Q/nc8,a4lv+lD50LLJD2dwbhMgdaXb4jQkCd3NCiRsImFSqhs=,Ywt5Xxi3Rxw7t8f9kaYaUujFHhK5miqgH4mIPtXf3XA=,w8ap/poXzoZlX66GEKtBv/v9BCS4Pycqbn2HGqHG
/LLGZUJt6orcDIPKCiIZwRv3QkH783qZ6+s06hsq84XicQ==,VG2y2qnPyIvNUy1MvvOY/G6hD+OcgaIDNioSiEChaA0UckNNYw==,7gj/QE++AQW+24Q89RK4Fwr3+GQFuVPZSZLCGIYInDLB5fzU6/IpFm6Y5Fvd3hU=,QccHk25HXg31QYMzzqWN4BCz6UYoHs1plsHaCFNyJ58=,RpsvvqupFI+aGUiQvvumCjEBjAtHGbH49c6NSX6uLQ==,MW2i3cXoQklZMs39n7SXfjX/O2vmndWy3yhNziAJ,0WvAiq5NSACwnytLTQBERH6xOWp1aMuxFU8vjhn2sow=,uwPz9iDmzFDtMaGs/bAfYjt164DyvruhFYSDu3gTvXs=,N3A7Pr3EkkFQ684ViVsjEWCC2Jz/csfL98wR85A6
w5LHjQmrxRTy9J2Qlln8WFIRTVNzL2lM/diymrEsvcqzTg==,E12X1OAsBl1ou9ilEaJTkK5v0YujSjNJ1CIbEpxD4GEIfEoYrQ==,Q8GlxpQkv0vWhkrv5TUfhcM5DCYEgvFBlLavdJZQ73aLjeh0Wkm2+Ow5Gq/Gwjc=,Di+pnMIjHHBBla2mHWD1PXiCHPdwGrKXnyqUKITjd/4=,/4Mqj4IhHydlXyHjvS4WwElSBV2623fNoIZ2Wn/1kg==,J23rOIIq/XVm0/SEUsjwRLkeW8IPBOXV/zKJds61,BzpxB2e7H6DtK5NOc6fS9tGkhKPQH8AhgcO7XHzv1nc=,anLMo1qIRvUYO6fnJ3mdh1pA0pDnclCV0iZnT9TrsAE=,4VEzb8yxi3RO4VxaZiVW7sYcElbDQJk7/OJVREEV
ASMXmCcL4EQOYgWz1pmzkNvR/u+CNDz1taU7UXlBdTzg0Q==,fH5NsoIjBSEpr6Eyt2JCx4kuytoKrkv33Y22RD+lGeLhd0ov0g==,ASpbS4NGPGeP2SjC0DnwMi+QYO4s35YlpKZU4KAkX0y6/IyZUggOxV6FUJj8LBc=,mPCfXmjmVtGuI1BBfxdWnUWUO6VW+yKtx89aYQpMRs8=,lwiMycEo7DN+4y/CWXr0mL6PFt+SLnzNPQau5IjObw==,N70ubAMDaz7yv5pJmanzgMeUhPHXybOc/YEi45E2,/hZrdgmfBetli6nsT/3QFsyz3NUW0qqzvnug4HhqFVM=,9Vdod+yVfpx88kANGLvzIaaxFBQszZGT/GXl3AKzLq4=,XJEmd3okswOtypjlEdtcIj5uqd5prF9DrCrxbk4I
2+X1tm6upt1Eg8lj2Afo57JQVh1vuJAM/SxC0JueFCwJFw==,z+bsF6MWJLfPsrECzf9EJicfjg+OEuI6dMqMscQEZ3J4pAYoVw==,ppdSw1O1nMbwJuGTUBIcM83+DURbhbBzCUIsZnjxDl1CTvIKd3HTBnxiXCCG+xw=,/n+SOGWZNlypbYJpv1ELHaB6wrLY/SjdxSZ+r0uSbbg=,n5RMo+Fo1TPeSwjGNv9R9vhMQ9FCDgMFL9/NHmga/A==,DAoeVO1JcYWSHHxMiKNzUiqvAGK4DhlU4cNnhVSm,cZTkrxAs3w+bEchxN2ss2KL7exeMRAeJFcmcjBk2a9k=,PlL6T8Oftvyg1CuJkMbZXVzf5lW/9m9wva3nL11Q7Sk=,+xFx1dWw2yHoftfFHqr6N83mhTCyPEWiLfl806nf
e7escA59e3zofYi7nvY9GZnTTtbPSZTVtGEtUnLhBdp8eA==,DSRXziBaFWql5wSZKWwi1sm7PLBoiXdZJbDM5afoI1Jd2lLiNA==,l0szw6z4GcJ27i6sRDmLE9Kwdhg6vssyts/Lm3zkW8F6lNmyAipPQLo37Qo0OYI=,2MFX4JhmzbohB/QLvEnX7idEbwM00p0kCPS2JnXd5L8=,dtsJ73QOABYkKliLzzIy3iL0V14q13TgfcWHh3t8PQ==,eLv4kkmVHI5WDyUSxU/i0erx+61OwyVEQdQk19Rb,hZHTPLtLHMPXFCDssoh+kk8/jNwh8Nry9c6NTg1Ih5o=,SeLG7jCv089r3O+v2LT97NTcEsCbGFMFG2mdEbqDCNM=,uPRfCfxEGYtDalZicpx30q1ieo8oP73QxTOFtvCm
vlOZi5mgbrTJ7uOqTYe02dim8czAPZC/lb3fjS1aLGGiJA==,bqDgNZyStqLbpg1HPgz/PFaYItBT+vTsxelYxwUNiZCVPIcRRg==,HepKwgaK0wbkwPWQoamFn2a2/Kc5YAAEn/gIoU6JdBTfnkw4j3Y9zsYYAW9Bf/U=,txnL5SwGKXhwiVXBG2tMql+UntGGvv36Qg+jNUvpRik=,8xvJGsfpSqIsTcaG5BeL9LhmL/YnkQCd0ssDQP9Xog==,5WwdD/dt5thvtTKZzOSgVcAjuVVLcA+zqs+zkL7z,32iNnBHy2FXjWLVMB2EaQTYr7iQtJALqY4OsCqrrD7k=,K4wtzd8uQTp2VccvSeYoiZk5TRPIDylBYJ9F8nmR8Eg=,+X5Qm/BIX37/NjvLJNAbZYBVYQNbsTSIFpsCpEuR
w15fL5vVwRbMPvNqW6WnluLKMWdLQzYXclEseQyawzwlsQ==,wqqqxQyg5W50Z7IeugFinjlawBz29DD7kE1R5QOJGPm/Opga6Q==,AGlhS8xW9IXMP/1ToscX6ygq+BcgwnvkVLuldIWa3M6oNzwXRdSdwb3gzakjJpo=,J7KhN9fmNvduDAWkGNj7zExY0OxdXSuMo3n3TUlLRto=,R6ulFo88CtIo8jzdpFHPnFZkYY2e7brXVpukN0p/hA==,YmnlRwu4yMN6+AupL7zQUKkf58KZ240fldyu2AZB,2wKo3gAggllUFTO0liP2NxGs1GA+6opDR043E6XzKiE=,Gtn/+PePozTqNnD2/reuIyQxRikaxRMxvppstUpM3GQ=,sQmhjq8q0iDPaE8d/2llio8n2vVcOLeZlQd74My7
/s2GYSKqScJHkN+Whoqq5riPSSHbOMYGeOX1Yvk0QUsH2Q==,IVGo/4wZMW8r7jsDaY2BM08quV/BCpQEIXYp+04pJXwcA5vwLQ==,Ven+oerJHyGHxmmG1LqW/vuYLdeJ4r91zB12k3ou/8SkqWWY5mlHxRUT+rHIWR4=,/teVavU15ssMgiryd1OuN91XaIn8+Fjt/mKQh2squv4=,gZR7RCp6+Ac0lT8FtBf0O2AjWi4Vzdw8F6hP+VEcTQ==,tk1jPi5jbH+ASnesvirD5GUd58cCG9Jq2JktnxMk,wPbemrokFhBGyWG+q46WNmucDKF5YHZiSJhyb1qo3Zs=,oIBVgSnShzIlHUhTTjRyMGzIC/uRSGprCWexfrt5UDE=,1pNbt2ZdSAwaCm0DFVVIXnXHEt62dlmupf+cMNxA
ItNwXco1QdnKQMkZjAa1GBrbCBTfHE5b15ZjiO6Jkdg16Q==,d12gAhsw1j8ABGhCn1CA9aCehFYv+5LosgVHxr/2Ze46+Bg55Q==,sgE6eK6zMfNZ/tFia/Z/IiLOenB4MM8O7SP+YcaGSVMp0td8fKQ1Dl7wF/RSKYY=,660wzdF1h5fr7A3mkDijG4z6yWwJo9ny9DO2SbFiLUo=,L2k6I6WEr6fDSMTgNNtJAPF9cZqWQx5h/PSE8lPQhQ==,ypguH2CRMILD6Y5mzhHWu4sn/hUkHVhwuahkwWAc,EmRL3Rbr6FwwmZRBUfHBxuYwK2AdFHHR++ER9f7JgpI=,HSjKdQYINaaBKsmY94Ma6+sLSfGEOLubgXSZdChphrM=,OLDZNGiQPQgKEsK6sIB9WCfqcKs77rJUzQznYVnO
J4v/YnnNgAQASUgke3XwGizUIwZTW6M0O1+BlOSvkp1eZg==,ldMw2NHVKNm96jWwTgeS2eIBzULguJWXPxXBa9bvU+XYjWi5Ww==,Ju3u8zV2CskLqaw2GB9oX5AqYXhR+WtGt8keV3sCEIAe9JfBR4ZOZMYRYzCgsuE=,n4HKG8x4B6p42HbQOo5xza0EvjfHgmjA/Whn9KNl1P8=,iOmBGwPZ8fB4Cwec91bLDFlBvdoDiXPvOGyFsWAasg==,JJjY0f0DbK3nVRo95DrCtlcKdGL8rBCwVVIGykeB,qtrWCgJMFKnMSjbFhg1CjMV2Lo0CR997L4kNFpJjRZY=,ABBeahAJKMrtSCegMOzeMrZhU6+Mg2uFg87Xt+B1P54=,GoU+L0U2Cr6ZVFiMW6bv/OIvEkXx5abnrfRqm2WD
hkm/SbCJnKaxVdrwCfj66iUtEoOSbB5gHKfPVveTqwZfDQ==,Bl3El/opyB5p4/xpyBWHKBFhMsd3TiV+Rnjpc5t9nziuTqCfMg==,9BtlaHrwvtzdmaFS2+LgDxkLroNEL16rNbr6aATMimOXNYQkzQ8CVy6pUIszhHQ=,TjLnXGc4XTeZE/mB0pcjS1HM3vO3033bJa14VFz8NUY=,2DJGPJZ3lko5OCwsP/EcN+wjc4LQmEcuzeFl+xBUkw==,ld3vqO+JkO3K/y606YuF9YOvFCGtnAquGGeHID0w,iuf2TZTyL0T5u7e17it4/YzH5JDwuN63V+wS76vpEVU=,pup6oGJO+Ev21GTATfmxItsGBrtaCZ8yyuGXAgC+qS8=,AT3+U8W+E5UmPMIrmjDxgq1zUlm/xXg+db5CRL1s
y2GZ7jMigPYhhuR9/YDPcnlJdenXQ5mMXuPubAikdABWRg==,EDEMiS/jLyFeKrcf4LOxNP2OIe+/H99R4wESl96JLpXrHy2Bhg==,Ooo+Uar4sYTJvNVlWYuZNzuj6EyIJ7eVTx/ABAZzrtJyXZjURe8L+8yVxUcuEOs=,Nr+hz+Iv8iLrInTTVOs09BR+qSIs08wmPe3c4hPMGBU=,SMFWaX7fGlfO/tdCuhq9ydrfihGx51aHWzVZAMnROw==,sJEEtXS29viO/BwD509KXVqfeLHbOFB8EC5liUmX,xDIk0R9l9PwDQJJgqeFjNFT8X5/+9w//UFTqo57ES+g=,cb+hWDB78HOoASPK0Pdl7LcBu8yV2uOBh9ZraZlzXbM=,fQaBixbE8yy7JCDzIfa1/KYJaDyr4gnYu9DmYVaO
EqPCjIDjMAwlm58DO9Z4/hUs2gIyM7lVF7bZSpWdEnOXOA==,p0nI8qr0PubWEEggezJ6mRCI+HJq4K9TYOAvZLW0xVareJv3VQ==,/8UrLV6QSZSO1zAYoiCWd42YSfz4qvcyC8hC5kliR2RYkxqRbq4/uM0RvjtO01A=,acG2CtcXo7ZhVd1tMMnbRBpnqUdqvjG0zngPOB90jk4=,XWB3Jyot8REkO0ghho44H8M3qIVofD/ijEVHlUzWaQ==,omJH2YHK9CIatdlEE1T2koWebNNIuMDP+bQf5Kl4,Pa27SBVlegXM+PUqNsU8idiZ3zrqiczgW4/LWy7s6RQ=,joOWSpEa09H4uU0ZaR7xj5Vquuk5eIn+EEQCUI71vzg=,HwUOl3+j4e0Cm5V1ARqEY1RluUftoyQJrO2jtqKX
VUqpL1ox191Khlm3uADwEl5nYTu3QGI2St98sAOEBpX8EA==,Oy9wITU4DIUTuZ9gKNRRYDYHvL+fyJ4vwPOezTz2UGVGG2NbGw==,4gZ0xB2oT7Yfr5cAm7oxaibDdlcbKAQ67Qk2nJqudvl40BDE9hlRLcAaoEawQ9Q=,3DKCe+XRuqomyo06DGlxuBJNU+DXheqj2HKVrKOQubQ=,dkXieI+1Avuu05YXGiYj1ZmWbMA2S53HQjUZwmALdQ==,lwPz9h6X2LiKf03NkdT0n92IOixFo5W3VA5DA9sK,xF/tUxOuCrLBRmsdZnOX3hU5Be+5KIu3Jpja/lvTd3A=,Y8p6czfYnbiuo/HyM9fyOUTm+CaZ4zN+MbuHSm174oU=,/bxuESZIw1Xf3xECR55QskswM+x0eNdtRspNJdGD
+XSuSI8l3Weo4Bo8wlWI2LrScxwYi3Xd00KFQ98q7Yf1xA==,G7mbQOuNe9gvRWv7W0oWh6MHUTRGFRruXPB7AiNsj9dQxusLxw==,+ZwjhFaNibLFEoOuKUGyM+Qn0fpjWRqcBsb0uRsdH+3KWnrjZxzOA6Rfb+qNf7Y=,M0H2ZMlY3liKHknqd0xidqLv64b41ZzU5AK7Z2lx8Ds=,z4tuwiNICoiXTHsdeQX+HlsbYZNomjSFXM4HdFH/dg==,bagOaeu1ZIQRKelFkiRe/du5XEApiuzRRvyaACw0,kzsmsXuhm0OBYTPJKZ4xz3CwCT4Q/4SjG7wkjlxHKzM=,mJzryrRsPk8vUHc1ZxP2G7bUUbFj4DCflJCs7dystZc=,kn1xJbcbm9BRt/o759z4VWrrfvTWvzttvR0GDOvM
4ksBP+tN1lUGF6LLF/nWIYSfBWBAhNqaH++yKdLwZsx+vw==,4uCFYuXfb8vB8wYiEpBKByHUl8XxVAjtEx/HN683kYbwXcm5wA==,JzFFzHbW9nW+PBvqpx5Zx9uLbN+1KFfbLl+a8shTCmm2O/h45kWG97tX0tpLI/c=,vdfDIa5ak1+dobJ6TRRTy7A+jAOaBEHD85KYnoMdeNI=,EoMmUH+RkyObt90wiiJaKhpF9hQjOhQycT/wbP0AcQ==,6wcibnFwzRAMFzkEODQb/RwX6qCnElmYbT44GJjm,v1Z4krWrHqy8W8IJA1ytNlSF3WtuK1cgwsFLyhcZi70=,5PANoUkrxYuX2z6qgVAG4/fMDm9nGKsyUYTzQPg9R5A=,/74KAaGFHnhE4Umk7xwKwu9QpP/zuophBZ6qdmxJ
QEp8EO3RF9fcLAnAMPCSaGDBcHyCLP0Pg7AqkwBrAktN4A==,JRQwk8jYxDF9LNPE9+v0d8L9WTWDWbfhBSxvkOQL9ABs8uJ2Zw==,c/irt/WMnl5wF619zcHRSQQ0yP1+t953+fooqtxj7hBWTJoqbmJAdVOzJOACiLc=,MyTe7QsFRztCPr7+D5WqEU7/PD/sEh3KLNDcVbcCBpI=,ITjiqMr+hvkd/p0t/KhVjMrU+Anu/a3ykKjvwVw9JA==,qIX4A+kltnXXDTLojJmmkjuMmxkdLk0q8AGZmZGM,Cw4MMPnLkQH2VZ3glQT1vA2LTP1qOjeoRbtMJAwhhfQ=,aOuozkUdsLDokWPEDnBlQcQ4kCOkisrwAfMkLO2flZc=,UP9xnXyIhuYxBQbDOoMeKIz6w3n5IFCHTraUlKBf
54c9fFhoOQfwXzxmxa9475QRaRmi1pGeuqyWWpHVG0ytnw==,Ppn8S12bLnrD1X8HvwvmHZjNiSZI9uk/NfBAUxEjdRMi8z8cWA==,2YCviGCf4ra85Fs3t43YoAsZP5drIy5qn0aSXakV/U5ziXSTxsxxyhLHMW2JIN8=,hod+wYMad+YuxCy5yCTjAv2d+SEKyGXwPo+aV0WE9Y4=,6oLea3RJg9J3hb/50td4mjzIc9VK/+UqHHcMOIqPYQ==,qlKb+NRytquUFF4X3UziDT2Lmswyk5PtKy6wCLnj,mSFwboHtWzNxluqA6auDqegLAi96qdE7K0LB30XoiT0=,yqRksMzUNp9F5vRR1lgYdT4bd0an6TSNCDZSzdFEXZk=,WGBmLjz60m/hBTH/X2oB0PqrKn7KQokJf7Om4HKl
4kabWpO0AChX25+xKnJO9XKHEdcZx2+9nRoeNqhjWYuvJQ==,lRVYBDnLtzKYwi9Rc+tWNEMhUxQiBsDwYZI6TgPjGpNS6anafA==,V1pEbdNdEDLnPfIuENbGYZLu9bnNNmCjBYOhQK84wMimlWSbeBEDaAjaINbN1gE=,+039Ri8lpLXsyKkC/XekwgPUrrDyTGkBljnsdrU1fQg=,qqCFGuni3Cf5NwrRBSht6xtzYUbNqKUiPRQhXKzLsQ==,lljFuFy1xednwm8D+TnQXCHqRR0xw/cZPdayktMH,ccwIcRQnrfeR+GkN8nQSW/P/aQvkLmNYxJ3fOBCNsYw=,UMNjYAEX3Rx2T7I6qG05/pr3a7jNOiN0veXGRpSZPr4=,+wj43/5U4QNuiImfpVKNb7BJSelsmvrMZyVA+a8G
Z7rRNjust7O/c7EDLT0LPr9N7IFCbjgb/qY1oihcJ68UJw==,pnUbNO0TweZqNSekTu19PL6SQnON1kkdkq4FAe+yz+iDeJ0Uig==,jULVPWzxHj3owJhVE9jQ2AUrOcfIKF13IUPfEuPGX2KOXFdkrrugAlODVpXS+hQ=,jSLnDYLetpf+QX3d4y3arrCZaNqnGcFykGgblsA+Q+s=,ekSJRmsWtusjniOkqPJORH9HQbbB8h19/gpawIX9Xw==,6Tx5mQIkrjwqaHgfLkUCTR0lVDuQJQeEGUlLKdbK,09W6Sjb3/cHxlfb8cOV/6SZQ+8ulOU+dnPi3kmPOkHQ=,vGP9ZmQWOPTNUA0XMojJteyXz+ipktL1bnygbroAh0w=,e/34tFNoag9R5ZeIrVHLze69TsPlFePR0wPoAkCT
Uxvy0zvqNlcxFoGa7nz5foRsZGPYpD0UZGRRX1jMyPqojg==,f20gGK9o/iTazdiuqQwiLZVrNEzjbkIelYSgUaDDJQspR4vf8Q==,ELZKDEjJKAjgkzv0qvs34+l0paPcGAM0TLIxx87youOBdaU9pNtQCYSMWMsbLlM=,j3b60ISj/U3yvA4EPW1S6kRqbet9US1YAdhCJd76NgA=,lhiVOig8rqCEqCXpzegPm5sbB4UPUhrs9ZdNTHFSCQ==,K3A6G4Rero+qgkHKaB9yAt5l4KmQ/wa8+dRtZ8SE,qSJhHzSknWQLvTWqhuoF+tJv0/PQTqApbHaeCRnymUs=,U7tY5CPD2H1UesuuHJzU2tlHLOhUgAoy6oRG1jaZ5yU=,cKy6nEYeWK3oJj2aj9CnwR05LxiDny40qI0Bk33E
iDpY3EFLrjg+iMMKAauP+gWDY8+Mkv7zWM7hGIi0gRYw3Q==,2o4AVU/Z8sA/j9b50XdSFSQcGtOjhy5QoXpG2ryvxo+3TYIDXA==,tPOeisZ1vQb1EsGToSWc1/2MByVnMpH45iDe2YIG0ydKQ0WnT0HBzsCK8iCuX9Y=,AfpBSzFaGhMW7IZjLYNx2kL6aQBudCn4TzmS3aIJIkk=,waKlaIpSLbuHPwqBR8vW+6Di+k8V5hJL4YppIw3y2w==,EM19kSYJY0wjyyqzWd9J38OgK6SY3HtAr2jFIKDD,64RJr5kSbZJzsGUXT9Oqa8oUeT7PFwkF/MJoTVMmCNo=,eqQqqKFWY6gBjWMbY9onjj2HBKMCMkX8XewGUqd9I4s=,0rVLJCLAEZVmaOy94/bliHMSQRZ+p+wyEsGr51dh
oO4ssEagPfge7Efm0bwNmfq2mccfO2ImTz0VEAnzze59Eg==,79XOB0Z09E4LGRLORP51YMj/AdnQYqCoyUTOrBTeChIZ4Pd2vg==,HnkoHnGQyye5EwnfRLTPBP6a4dj4oLUaPvROZaWtB7gNmtkQq0+1pY/m4ZdU3sA=,h6ncVWvBEW8BSE4JevoIzN7tGVC2XAtpX6hXo9LNBwY=,uDuPGzGKSwQ6yNTrciqZpKpY4dHtMm3bxKRLPg5CmQ==,unmFAsEdWu0Ys7F3YnZ/AkVG+y5GL7irMHJ8o8vz,pXuwdewKTGEAfrLPA6Q7vUX1yvTGpb3+NXrDNk1CVoE=,QhBN5v2t6EoRy8MJhFGDPkYmTLJntF8GLTdyfWFU6E8=,b/hMAq43fgfC5pTBggF8TGchIF+LJY+Wf1glSkry
BaGxV9UuGiJSqMy5IKy6raCM7y0kAX8M/ra9araTc3u6Yw==,qlkGph06ZZT6XIuUGZK8vxO5ZBbQQ6I5oTwbqOHl+E1kiUecng==,F8XOCfgoaf+1YJLINPTIxNlm/EoiSwdncucpqetpndvrmxnVKXL5D1x9dd/daCs=,V0rrHQTAeRPLVm9kyW5bZdOF5/e9Z5ASpfMer7scyC8=,u5TfZUgFQ53Rvd/OUqUwXZcDKTxJJaBIU6+LCRhZVg==,fi9ssZ1C/tBkYNWDMLX88W+3+g4CfMSNm1jH2us8,0FWUIuEM5r1Gd6GgVnIHKBCZFOMHQd17d1aEJlQi9+U=,aRFFZr23O6Cb2HQ5zpyNsUdgSjJhzGjlI1xV3Oebj0g=,3snyhIu8bWtPXn2EEQjtEBIxI22+JlkGMuMQggV3
jefqM8QIHFeBm4moryYaZO/dYN8hz0j7gcd7pI+V8wkZCA==,hHh+h9AWSkYFGarkue/EXwLa+kdotHMzA2HbgpGPViKsyz2OLQ==,dcCJeQ1qa8RlBMh6nZHfzuZBGzLbXhkmRktqDEZ6YJqtf2rQUCh2fFkFx0ImuGk=,PY6aLHk2LOg1r9qdzjJuKDa5s6gYQgGXJydDg4kDTXY=,2wXRj1L/ptSq78Fxy3BEM15Z5heUIIOP0oTXJrC0og==,e4lbbiIKZDmkaYcBq+Md0jd3qjm2zVElEqBPORxB,EfUXGan+1V9yvcM5xBbt8KPRtZFHPnpAfD4s9DwAZvo=,Ll5IBFtgz2+pVEg9dyLqqx6VTRyqTRKPH7iKl7RGl0Q=,nrYEdMYolQpymMLFibagLP5a8h01wQ6CiQSh3/FF
lWy7sxkNdJHqoMbi6WwAqAeGcruWFOGs16mhCo6oW7TM5g==,/jOM/wNhArA+IYQS+i432VGz7IaiAB5FeijDX1H39eHp5bHLFg==,OiX2DsIfdVAhO7YuuxNJ96WXt80Nr9mAiLm2reKmGsr0mUA4jJ2uT64cA+2bjCQ=,ld2kFZonBwELrwqDPbQ76bC0s04unDu50Od5q1OF8cc=,ApIcGT/kawluYfGMGCv2/GMx959OaCGdfcoqrSdvBw==,Qg9vsXUB9G/VgHlnM3R5CV1mi3PLwmdaPiOikIXt,AE4higQ1brQjb8R0nmBKOJt48Ft9JjBuKj2Au6na2ykK,hDzcmqHqzi9ZlgtGJ/uLfRezxPMZ0zE1i6TgOxWNVOE=,fQlq11mlNJeHki+EOFGoe8fo4GMohOwU5tQ0nPWI
29NKdql6kg6Lmc47dUSTh8Se+e5b+sxvRfQRHGWU+5T66A==,TM0TDqyHk/Lpupv4ztmRoVbK8rqsL+52+JghFcSClcT6srezVg==,CVrPHWV0/8W157y8A+tPYiNe+EW3tymdP1h+KxC+J7mBLHZy1s2YBXr6BOp485M=,Vg2eqiI0icZOdlao89pXT3ll0oV4SbZ4X7/QVQzPRLU=,WfE6lHjyooEjWehwdpmripqQoS/OFFTmAmsoe1Mh7w==,DYfFTJwm3AOz/Es4qa/m30n/4/zqrhCfWYqV/zhK,cqBKTBvhtCavUOiGxKBB6hjV4hzElVxqNPsym66uwnE=,0Nd1JEbmhmrFZmFMqr7nGPTkILmDEBfvT/+DsJSIzwM=,JhxPtQsJMa5NIqrW9wh4JFk0Gw5IXKzCSUrBCVFt
7ZFBGS0LPgfK9brD0/taZKKUZFSoMa06iLtzmcywHvDc5g==,j67rYqROKtlwycYNdXOeTLYNX2OEz95iQCgHYWmb02uPPQip/Q==,E5FKOJ1ECztpxRgBT7Os3mzChAnhvgX8vejCSVZAxh1aCV3n2hAjQq9zcJcwJUk=,9hdppJ0J3xrHXUw73Z+qVAyYvNVEzsshsBz1VpdgNJ8=,D9UWtsKt/jAso+ZP9rk35WXXIJhYVDo2JuDwIeG9SA==,m68fPzVd3xV+IXv5eFuaYTU51Nl98AUt8UCAJ+P/,eGr0DtTazalGWDYpAR0IYY1jqWq9q5JDD9BdgrxUXkI=,stJKSZ0ZVyTV1JyU/yZj+xPbdea2N/DTvbHi5HO5KB4=,sAwuELKUMIOP31XfWwVqcI4y7wOy2ElLQRoQWjQb
fVajYw8pKfQKxJAWl2dez7FDuYm2NDRBNk4L3dM0Tt0gyw==,5U9ZHNuha/eVX6DJxdOofvBffqRK5sN9somedSyI309Pi5LJdQ==,bgTVVtUl/8NDaZtLyBt22BMELwL5noKUlj7NAUo5ZlJnxT+f22WQdt+qXM+3aeE=,HrUMjm9GnOGY92oGuHZrjuY3udo+x6Vf9ApGV/5HADw=,Sf4dDoL9mk2jbUCZ/fZAHt0/WNUpbpsrSp8sFqtrdA==,f8STOzVcMcJJRtkrFOtmO1GK1ws6MwcFCvlXAGUU,u9ohGFAbIrxt6JcdlC763dIRivLSoJ7JhgGS+3e5X5A=,ZfK0P3gbAR5ZuDqA4Tg42LDG+z7m/T0nuhbnti5ureQ=,t92DokY4KXUkb31CX8FgTSaNWsUYpm4U6TA6IXLn
EIi9SLZZCzuoSWEyemQpbPwbJime3GZdfinG+YkZTCMuCQ==,C1s3fdC3ApxqDtw53L2TXESPucUWdRL7vmRoDLefrPilOVbCeQ==,kBKzXHJTkjy2i69t4sX2rhxxcCkK4CgZdPI8Bboap944R507dY71GVN8T7lvTRM=,UezQx4tMqOWxAr1FMUHl2vJ8KGTzw+AUX9Yvcartrm0=,sHCiyNonvkd21b7t0crlEJ/lUcxTcOTCTFSowXvzTw==,GxkK6tCv3nez+38PpGSOfNGBKaSrqZm6TD/xoA4Y,dyUvD4bxseqOeZGeYgthjwEggFv4k553X00IuvZyqW8=,NZ0ME286xfpxAVpJow4y6VevB42Dch3hQ8qB2UhQMiI=,XpLkc+BBnNQIEwkhTacxjOviBWQfw2gyn22RAf8D
HDqldcx/sUCRoWnWozbhtRh0jQs4r/4+c5J/wA8ToUbUAw==,yJpnTcC26aI+9C4HNAjawY4TBpSybKK6icTnjiY1G3F+DKhZKA==,7n9ll3sbczk3AXfPnzF7RV1FoYwBqbAz/aPojURUKIS6MSVDTdtLCx6lpOEEgBo=,eu0JIDNU/hO77ra2gU/bX5z9NLy5sv+4rJ6uxp+dM8Q=,C8resJpfD7dgkrkzHwaRfaBwWamjqUDwEDo0VnMNCA==,BjAkbTm0J0LpToKDgLAV9W6+cqR+Swb4/fQr34js,WEb4IDFZVummwrw5gH8zzwnp4WgTmrbIIEzIUi4Z9k8=,hQoa3g+CmztZiZJHe4P4r40+XspcgvAQJkvH7tQplec=,uk9jqiATC3oO6dXg02ldzv39s7GBskOz3jb81L5k
R8z/fmi3SNP/viFktS10BsXjc7PQU7D3UvmIhzdR3tfkZg==,NOFaIRQQ/nrZ4gUWXOCrb3N8vOVwlGX/ptL9nw6KdGsUqeGB0g==,FDV7Y4R5xxZvWjJ9/0ZF0pfn2B8CEpqJspGtKKJ0E/1z9oGvxnYErfhAwdCjV/Y=,TqGuINlDa8HR1JP6MS6nxg3/smx4mXB36bJepU64Src=,WPUv0lPxKDt9C7NBb/GQtMSGmjNOBZ66fdicLgqmTQ==,sriudBhHBKGIbaZpDvACZn6kAro7nhjdlZnY9BWr,DwKuGsCbxQtmpok+b6TGiOzngS5wMI3Z4Mt9i1ylm1E=,Np0nCCggvCk3xtPgjpuRbb/SOpOrKflvu8yduTERJ3c=,ta1y3em2h4taVW7JzzL/hLc8MGXtS5Csbj+dKEtm
osdqsYJV9Zl0Gu8Xu0c0qiyO0bPweOGoqnf3uYvDTu2Jug==,GOhxMwNfzG8xrjVLPqQaW/niuhXNCGu9G4cLvt3HXejltbBJfg==,U7jJ1oM02LVbtw7U+k01wzCrdVZtuVWsKgTDAu3yDoNrB+ikANgxptoT4s6A7qo=,yBxyIFPhejieLuM/Tfn/65r5rHenlTuqG2qsL2qI0R8=,Vq5Q21mIRviNzobBkfD1TUUqozYTP3CNsT7Xlkb4xQ==,5kgKAEI6Qa6zSDZwJwKUvTYIbyLvaYXQW6cbzTeq,xBIC6NaGukDdptGN2zpPrlNMIor4IqiUo9jwUR/LhdI=,5Hu+G03osqIUmP15mz1cKjFTOa+9l6WQSUfSq8WPp3g=,WkbZ5saVegDzaFzR4wIV8Ip/VkZzSDp9vzmkIjLv
H1CEvwfpdZD+M540EgeTzWcYGUb4QX2Rpqo9OOOJdlSsCw==,HGOHPGIKEMA1IC1iqs8O/bL7/xxmuZ9M7qbfOqacbTBxuRtV3Q==,IMTqlMuoksAZIgMhlSZwNMzGpLLnFcZX3na372ABpv4MPN821Rq3FVQ+SLrNMos=,cLeiuTA8KLSp8XUCNsnfpjYB0KT+LL0VqOlgOGcojYM=,6ivOJxDVSOXVEHh+xGQPoq2R1MKXiTNffDY7ywGKZQ==,li6H197ylKMW5W35CM8jpbLAXUEBMxANYtZvRl+G,Lmre+fQ7STha6jEa0Kg2VW697/BqHXim40ijuA3Hosk=,SAtUuBgrlXuk9/ctrOiSPzWoHLMeYD3iYw2ZepZWLr8=,JUMU2A1cL90XT9cJps8obfBEqe+JnJ+V5oZgvdhI
2jV52Z82JMKc12S5KzdSk9syTq38wmmEy25nTEWlBQTS8A==,tmJZPlgn0oyHOdlBzii1eB7q4G2Rkt9+eAsk9oGGlVnkDxqs1A==,XHPp/fdRlBC9rFMgqTkRYzLhFA+kVhRIhnwrW8sVNO9wqh1IH3bmLaxWxqTxxIs=,oDw0LXQhSdxCHR9JxklgYAhVNdkQwTfvBMqNo6UYj1g=,pA58NueAPj3y0Q1vzTLDkyQ6hRJEc3kZFtqsGXoaQg==,J6GfyzSI+ExF6KWGXr0NUE4EOQg7NZr0olXZBuub,rWBlCDqVqYjvs7myMb1M7op9O7R9lD7sqBHQ+c+TxJ4=,vfj0qToOLhwJtBF5ZDhr/DRFIeDLLuJROTdUt+rsRKY=,wI0L3Y6DnQWRrD8s7IFGJvISYCJdpxbOTEBE89iV
N3WxV/romUyxcEUGdX/8OyswQfVMBJb7tITXMDjqLpnMAg==,UeHeTCacp/z7rezQxxSwGvXXGWAJXp5ala7m+kLF8PaOChk/6g==,2h1MYNAfeMAhTazB7nfVYZCV+s6go8Z9w6b+XQ47S/7hrF01ITEBDDYvUNxIHGE=,hN1Sfv79xroC80QNiDxTwty+fNsFnplNu8nOWZPdPB0=,d9Ft9v2ey08Gk9aXKL2gddq7+EQg65c18SrOf1xZ+w==,LYrtuV68/9zc9WjAGYGHzdm9QZsEcvgzFcsqhpnB,3nFhh4XQ0YFJV7rOIg68M+jWf+P/BteSwYT/DgQDzw4=,BSy+hHGOrE/SZ3IC9Zx7uHW228NYmM8ibzUdqLu52ew=,w5Of96w8ZX8FLQMuUTWQYbjVjzETDM7lViwwoReZ
FQNsKWxA+W7y9Ii4SACOjjIWPZE2dYYcf8gWabohp6I0tQ==,ANOVEDZ0Wh/GlXfbjHeEc1+FYvz3aClkpofrvwbq+D6vTGm+hg==,J7gJpXj6IwEzqtUBnDZ5vU/Y/iIrHhTKxUx7rtjfFidDUmYEGWjvfmzG1F/U3S0=,DWtTe3i2rdhQzTzc9ev9wpgApSL5N3FHYkr7KY2Gbks=,ZEnMX7rm0Ju11ps9l6HsFMRkQEuYiB18frFtph1HvA==,eSNchWPeFK+sDW+RfmraMyA7Bxh2uJHljDFGHgKB,vps1gFpJRgA4v8RagABnxhxxvpjRQ6JQl2lHTCKHNUY=,CGmga3lottl73Cg9pBMrs5ZL7R589IUrfAqcwIK9fyw=,hH7fmpE4HC9DlgH9H5TdbEXaFQx7PYeqqkhhKPo2
8gGj/STh31gT/WvSVMB1H0NzAcivgY688wvSHkRbPtflgg==,L3h9rEA9fwN8KcAGgIVlDXA0b3q1BTqoCykJ4IAisxdvf9pEnQ==,VpCXkA/Q64EyHrJo0A4OOB1RFIeAKEPZtUQ+b7aaejbkv6x9oYgurKY5Xhvq8jc=,EBlwUBtRk6SFENCgLtQ1mE98GKqJO11nPsgwgtsL3RQ=,+4LgyKQ8fO5Bh8RRkc7/HhcYJWOiVG7Dr3ZYLwb+nQ==,6M6teD8E+5K3jAxp6ewPffay15zmn2YyPrK74W08,Od2XK5l5d/HbpdNHKEhfaEZDPkKwIxCPBRh2P+vZvC8=,qJUQQgZNK/sqDPQqGFyTkgtN4HZHQNXHInApeKMWJqc=,pngamu5UaJLwKNdWMhA7XCmsYahq4b3ogpHP5uGp
RhCYzFVl2yDrNz+uBTBdAO41/Bt4xe/UHIw4dNU9q5yHjg==,g+zkWxvdm97/l+JzSfkkfejYn3E6hPmtqdHlGuiJ5xeJXH2dqg==,bACjIhL9bBUarVFaiU1d+O5F7JRGVlb4grc7zTYaSppYVODXtEfmP68KhUJkeac=,N33DXmvTdAf0gyQPB+Ft7epduk2JMPhm6IfHy2NvnxE=,UtoTPgvULQomCMD6JtOCcQBtel20vEGEAwfflp6M1A==,1NBXhxoKtUSmL7BeXz/GvJUanEokNzfCzQtTxBBR,lTVcQKC3TdJ6r24/DZdQ1oIzutOMokJsdH6Crq60hvI=,YrtT3fSFZ9NOHsy6JBssscb3PAxIuHl3mzw4Gmgg53Y=,5sCooT+olWmQF0cJ9BnErukpI/wXGMWJT2xhwq2G
pX5xNr/mvzKlxfbP73nitIKd2+yk12VtqM53sY2MgmDZkQ==,FW5zBAa16cUlwoe6EkqA624zAyS3gAUREstNyjRhAZxS6PcNmw==,OQL7kLIFsPx6nsZJ4Xr38y9V08z8XdoycKWzwIOWiMd2Tm+KO48Tl7lLcb24CZ8=,JHHk9TAvdb0GyqGid+XNiEcnn644lshvP678Y1hz0rE=,a7sWlJlFFzjkzIKTRpIwCnAdz1zCf2tdSmAtWbNaLg==,MOlg21MSGMkbNELm7B47tcMXbCPhv3DUGWa75GYl,WCTlzMcuTHSYQrZTq9n/U0YpLWfPBb0XFri4mPIceCw=,MZH3wJ1I3tE0fT4TIjvv74roisumlHVxg090Qziv2/E=,ezylXCPiYmULirfnbKpdyHkJgz9br+t/oTHlqDSE
0Fo3pu/DK1pifzb+rqrerIREMwDBbt7jjJN7ogJ2H2OcTw==,NfdBlnAiNUeAod/zQEMhujgYdANFYRR5C/0JzAsh82ruefuQRg==,lpVZHOaMoIzT9a6UMUBtOMFTLyLjlQNdA+PaYbgiqlSDKoQby387+DA8fhGknsc=,FmCLsLuLHHnroQpR402/MRjmq8eoBpu2AzKEaZq1O08=,ecwH8JDUPu53QJ9JdlknHO7P5aAbHOmJWVXEYb4Cpg==,ZkSRfkVFX6c6bm9I44F9fbaxbGNThrZBnENLj6Mh,PbNGVG9odaSM4fX+tNmrXT8Pcy/o50vkY6b5GDDAZKM=,zKO5FiXStR8Xs7fXBGACIgNTh+XmPvY47uatq0GaXo4=,dNVj6DDL2k5qnRvu8FnOKG8DlkTccOid70Bbdi8V
Q4Ejj5OicCAhugQXE54pcDDNqksbe3wPZumTO96A+MQM4w==,owEqKxbUc205Q0xQ6CYzuQQTLZ8aQUeJ/NRxEU5EfywUspShyA==,TBwUpzDsHVAHZtELYuYbawmW/WjRvgF4lxhddJEfqCHfFbru4qrQQODOXSsula4=,su9ngjEmNy7PgboukPnYqGkAfEr7hs3y9bgr/PYfDiY=,JrPlOyzkAcdfhGTkN6MwJPJrjX6AUBIp+sr5goSx2w==,aJ7tlK2ozBXrh9c3Bc7MVElo2Z18j1RXhCCN6qz2,QWalD/8f1+Knhuqb5ob2iiKBdDO1Op8alyy6iY82Jyc=,ZU1v+clMrbi3/KagHtWctvMfQ5T/CYiOvYDKGB3eL2I=,SAIHo/+Nb7fuzgLUFzxQBJNH0ra6EflStjq4tFQk
M/KFR7aTGNUAHko9EI/Ow+luGshE1L17SrEKvKPaXtkkNg==,Ia7/N3VJzon0A9wyYnoS8GrqxABa+QiUszaLSWzwDhv7NxT6lw==,dFe8icaWnMoBc9v4ctUvQAfGp3z0PlK+9BGvvTMY2fTReTLgFtZ4Z0o+VKIlzzI=,vszwrlsae/Jv+/WNyEsVt/ah24YV6GoETD54lcc9SyQ=,p1nxq44zJUoFB2hPliQAVRB8Ndqd1lmCoxysfDoypw==,W2NQVcFpoHkTxHm6LzoSCcCaH4FklZ1qRuHA4MtF,ZpC88oNnB661f9w4HaVY/dje7IhyEoxTnkTdFakRQ08=,kDbo9meDCQOnCbAfgthN2swzhhewcpm7S0/uNIObUOE=,Ktec7roO4EoKzZ7r21YdtOpkdrJLYL3Oj4RMAjeK
5b45ehFImfConcVmAk+ajr+DoF+cwoHRFU7lXY0dkhl7NQ==,CxuAwbMm3UdcPdFm7IJhhT7xRUqXxykLoyxXLTVOAd3mE73fvw==,lsb5dGBgTrhIoGAmiGRkR36v2VIc4UD/EFs3P1oSWKxPxlvLTqt4/bC45Psh8xU=,pQIGcQnoDYF7Y7OhrpL5KdqQh+MI0MofxTNcli5X+10=,Ui8iVA8d7smz2owAUbMac0q8ljycHVZIjzkwZYqBWA==,/CaddTHkwW3umutDTXTQaLQf1O/35oEuBJyR4pIG,hvvnkRyI+xCQCrc1aP74XtlKB26NNqYxf/I1Xylv67Q=,y195fyfV2AHlg8YCt+cdX2N2D5vAWJNhnfmRbT9RqFo=,or9dj+vocq/k6zM9tVYjNT2T87a9TjKl/cBT3QMy
nT9v0xFVSom0SBLeGkz8FxLcTrzN+/XgeNHJEP04jy6Mvg==,ZdMyap1LjtFJrfw066ovoBjfZOBEzvgO9nX23KxIFKjJEYiDCQ==,N0AJd14DH2BsBgc3uSAaieaxfqanY7+zMZtZI9iJWFVlZxgW4DiXELNdDoOZNfg=,bKwxUBFHd5EqrdKluVVYCykv+55LrErCT/D99z02HPE=,YXvebyZ825dPPNRm8XOjf9VkBzs4pvxawruMWzYLaQ==,qqttOsL7qDGCqez2s+bitxTbKumPgJNMaYhkIU4D,YJ707Ak7Mm5vh5Tk6JdssZvNOPjh2nac/hoPeOY6D4k=,WCWIAjcKmKxxsRcEZcWQ9I04fobeYwZrqUxTG4Q6pFU=,mee6rxlTG+sVc+4xkT4v7uBUkjDQZL03F+j9Vyj0
ZDhh3qbKW/SGI2VjjfTc3PU/96Lna9bSY4WrOlIUYVbd0Q==,Om3Vnok+70l32cNwFdVaIJTBT0ycY1Pj2xP0/kEf8TfqMCmbPA==,GNDrLbS2NK0g+7stUjoNCqIe/NdUJoJMGeSD1u/y3ulUtbvGFthmMT7S1KtBwbk=,RRZ1eeIzzQeYAf+oa8DRjlGrgeyVukGMa7pbh0i+HeE=,NaRt3ltblPRoNt7gYxT5+7ONmM6tJRRBJ8uRcc5VHQ==,tDK9A6QnOWYi1+ToOP1lfZ+0+BGfyNsRpyyvcHmp,ybkJlLoKONuBasdspbsSKVZ5fP6992EgW/umRrnO7sM=,HbG8hOZHNxQM61QDvhuhXDsEwRcv4fudeS9hCzpsu+o=,bGO8JM0sN5Rruk0e680hlMVEeNIKsNax0PADovTh
vgHRMvnmGvQRXHHXajt/UUeBIBDH90nmmfBFq3jIisPnOA==,q8Y4ibjQOD5bFqpJF8HyxmQD+YV4XOonYSczZm51v7ZNYKQDWg==,2Y9Yyxrb92103tAXhjPrdQ+zXkd53f+9HSAKhD7L92vu6gxKcOtEvN7f5aFPEmo=,tCOX79+64ZFZaQBcd7Cxa4pQ0N6A8xTLw/zKt97HF7g=,c8Vjsz0qgXYJNfF5b8nRwAZWsgbe+3K/6zvNeMTNLA==,oPY+UwIxOJZr4vdxZntPObHrt5JHmUTBx8vg6cqN,2c3MttGs/BinbG8MjBGzLJv32kKEPg6gG1Oq36U1drI=,wIISIJNZE8gNOUFhhl5cq6DvPLkdO7aN5icR1KKXxNw=,6Qi7J994EhCD81XqBFBoE9E2uVDT89mXUS4tZ637
v0b1kvlL5k2pVRhEKR74vVAiu37b6BKFy4yakOqaf1J9ag==,C7uC1UueRwmWW4P12r16/EZycvyI75w2B29kBiLbmKdkLbYXVg==,p+hFLvptz7v2pf6YecMHJZ/Y5sDLKBnFkyI65ms9t17JJRBBw7H/nU0R4zRx32U=,vnmLi4ssXHF0GXLyJczUfK6KGuWJdzPhfxRcBcsrcvY=,eCMb4itXhkRGjhdoTtfa2BgWP3mt5kTyoSsu6THcWA==,aOiiJ1ykyHNdTgkieS4kIuI91ZtNGjDiqe9f1kbE,dCabZauaVC8MDf4bulmce8TSi5hXTIOxPEBMKU0+ztg=,7nf86s8T+Pyi0dSbz7O9skEHSYBDkpEwWEtesr/Lf0o=,4DqCrEnqYwsHzyFwWdz4Ock9mKTjbk3DMRDH+7TD
MysBC+vYvKPX5acRWxByldbSFNCSQDLkBtAz+kGds9/IeA==,aDxCAriU/15huBmDDXaSbIUmbPmQ5VlvFX2qrzZPrKBQ1CWDJA==,3geJPNNPQlyJWLj9L2DTMZrIVJ1OGDIqKT6lswifzLxmQDMpV4q7rfhivVv08VM=,RXSeIY1lqaHdgNV1Y/NFPYfMYRWIABIOCwTHMJmQyd0=,hJlv3le9iWIqPiZkpQLwJEB50ESIkWlPxXQ+RWs/lQ==,A14fOg05x6dgrEtpkip9HYo/986Oac/x8/HsW3P2,xLAs5/8S8Bs0q9JLXwxwkPq9n3Pc4QAsoKm0u3pfOHI=,3nwBhJy54y8j/dkHNjIJgjl0FMTTxl4puvG7BuhCuAI=,jIx+AdFEenBJLfRaQ4QEpiUV7FmnYxLFix/GsFkS
Z3PmyXu+eKBrKuvqr35fwZjAssvsrhIJUqSod8qclnR1SA==,qCkipD9O4Nocom1x/+F24zFn1DsZ+KNV2YLYRXoX3zeUChxB1g==,ouw8StIL3Cam3qP5RrMxgKaL+ytpKwf4+7HRFKLJ5JAeR1seGF7JfcJJ/+s3eo0=,EMNG+Cl2mIXkeGFWSKaMAdrfSvJN5TjD1HfgHi8I4qw=,SI29NClMTN6fX+MNqzLMsOmTt7VR7wjo5NCzPuB+ZA==,Gf7RU33Y5sbLnAtSNg+aVKulzwdlxp/vFUWpFkQr,WEOVibFgAj34YYPhR9bATrQqT+PPcVr+oo+qewchCi8=,Nc5cUklCv6IKtq4NzB/J+8iOI5JcH25OKJ5TdejeaYo=,4KZgYzwCgMl8BKPAkOQWPH0wgU0j5GBhfbVQ3wFV
Mvp+1MUQWip+hnvSk+13QDQlyHOhCwRfs5gQEdeprgdPtQ==,+h7gxjynhwNcbkXBscXZ4bEEQ/AOPZu9FMJuGKY3TP5XMJTuww==,d0UibmTiuK8m1UlAmOIulpHvpQOfafEWNwKfVKXybA0F1x5L0pl9JiQ+kX4rYHQ=,Vh8liGtHJ4OPtAtgHLjpWMerNrccZGBYGGlfoMe4o3I=,3ofaMIe7u9dDdCARF0Av3MU2uLZprNUHgIP4qvUnlg==,Ulsgq688VMOkJbRUixhOkVAZB1XYcRGSYI+dMSNB,64NnA30KYnHCIOQzWbdIRELe2gkhZbNfO2EqO/fTd9c=,+3rNhHKYgTSwe1Q6JYdBUBvWjmGOGYaTqDXdlgQ+OpI=,MMsFIclaSag+skd42vYQGFTojxpK7qXZYHPtlTft
phWqJ6+drA9sOA7O0LcSEIKiQb4ahmBUNec8l1nQGjv2WA==,S8Fgvgi7cYhIzwsRpabwdXEr5DP/snDlQigErAict+wqC/kpNw==,lNSZ32dOJYwgcI5ZqO6qsDKwQ5Ybp5U8WgMwMb2rSETcry2ikjbZwnzTFdUIV64=,tB10dVDhFsZ5ni6NyxIfPm89oNV9up2SOBqyaQ69zlE=,v8/zIjCsJV4E9s95mr7jyXb572xYw4AUahTbxiKO1g==,g9zIGlJqAKqOC9uJW69kkVSaBKuWUX8h5vjKWk+N,JxTdm+w/Az6TZYO1s+lrSgSDT0ky2ytfAe/Rd1HHEyo=,EUeVSwXUVeintz9XB99uGtzwbZw1hP5BnBgADs8fda0=,t1ek2N8WJKfM6W6G+icL+iuA/sxblK9P/wg3SFud
6kgzd5JYfDS2EJqGLDSWU3Wnvh2pbxz5Aq+ecm8/XME5aw==,C+peRrxsRqqmgnD27g7TXh98FMlbjTk04w+P7g50SPs70V7VDg==,EnTNkC+BHwch2cU8yRW1cBmULy0V5KLMh7XzkxVOzp+FYrRO1UK3OFdFPYHrXhw=,CHV03imuSsSJuHrKLn1Kq0KQQcnjL4cLPDpiIcHja/8=,iAR1EAY2jX6ZKxW03/X38r3lRNjUositMAv/tQUGtQ==,YUgvfg0b4eiORNTm5IMv0sXtSDvhRaQcGgFGsbuS,u7BinAI1VxUpwXVhn4QuBmjjj4HagNxcRzbIdtv8ZUs=,DJVP4tBcpen9bI0VVCrt4Id2OzGUjA+ist+PaHXvvG8=,+gfj0tBYpOalaT4oepAv72ztEDuTDVNJkVIzkytT
6k0zYgF2GmLjP+nvL/dYHD8gZ7NYCRKZSnkFqS0PrwUyvQ==,XzXx33aR0WfiholdPMAO4Tsm2DMXurT86hzQCax0A93+MacULw==,sPFzQa7ahPmJ161qDWFtjR86THDQzJUKlhYyq+0/HNZ5Wq8dAjdanpZ+sVup8SU=,vjYFQlrd+sn60hvDcm8YM9vd+sLKJFRIg/afNc7OfwU=,RqMhTnc0m0GKP44AEq/CNtXE733A/Ds6LFr5gy2wTA==,O2OV+6uYEzg+W7T4AWzX3tn64xQP8u70HJc0i10v,/7XKZri5ij5w4X92aQHuKsbfKbrevwVbbX3uI/oJzJg=,pRhd6zihH6pYx9xC8UEdoOerhgMAoaAe5pdAcsYiWpg=,mZjP5fZ2iYyRkuKic3G72ORsHqTbtjmtaDoJjNY8
Gn0RqLQF0Wsx3z1yrlW4dcrvYaEOzzrnd2ZD9WMWvQS3yA==,ojX1gI9bYtkn6gNWbjSnXtfUuQv0jPXpUrnraf3oHGZzxzMpSA==,Bbq8byG0+SJXBy8i9nTzxlVsQbPd/zqyYijNhWDj1XHy/r6YbK4in+C5jxiMVS8=,9WFJIZx4vX266xipjgEMvlpXZTveYOwN7zZZPZiYPZY=,1/I74K97GZzoBzKSh1XUBnqU938jJi8Yrnocsmo2zA==,x3LSU5m5WZ14ZpF9T5im4tAiEh3AboAqdfKhaqYO,xDaNcONMVzIeUt/PFXhlajxSXrDh+cjdL4xiyqSsbT4=,/RacLfDECoG+XHJJrTqzgtq4hrku3vQ807lvi2HhVgM=,V0rYMCf5zVw3MeRUCDMhvK7z6+RcOIardmR7NMVj
PuwIAOh1qlLXUMXIQmNMaHDuoEuzPxKUXizZ9jOoMTcXhA==,lIlKL/ZRC0oJYpa178AznHQXcxSHCboNMwd5rBcTtv1q8FTrlw==,DRGoFDYv9pOepuf9ruk0TGJFO5OZQZv8UR97G1Exso/q8MZh+uMaC70s1fjDgv4=,Spi7AjWxeVJky5zLiYEcFHQ7pyeR1+Lecc3HgEhOcto=,/JGOx8jDzDGycxrxNXw1DVYofy6KOVpjLLnB5PL4ZQ==,NjVeB9TDJOgSFL1QfzjR1wthBfAT7t8GnuNxZQ6U,iOF1q5kras0IM9FyxN+HilIV+wqdrtLqvVT71KGqcIY=,bP5IaA10m7fPjEBo9GmC4t1nxYqWeagunAIWVRiECDo=,FNaXnCkKwwbwtJ6KD2kTIX8xtIjY/HzdIaeef+hU
zs1o7HhMLCJSJgHsdQaNKal/NNrdoiV44kp51MXxXS4Buw==,yD+HJ1eVzpUYlO6O1cCpu7OkZ4p7D3eUvU0YJyv/pQp7VkBduA==,0q7J6/Hq6w5OE8/PUoz+0tizm5JZrzmrQawRADO6KZoRVBg1kyDT0WR6XwKwEjY=,1qkm1uLHaSaNnbpfih8y1YJuE6qQfa0ZE64EzpSiAnI=,gXQcX//gmXsRLTgvX3zYTS2BacLaDRTn70bc7V0iKw==,Ly5KHgHOyVoty6F6r8Ry8hPO5SJWHKfJvQ1f4B6e,SjIjXtPk4oxa86qP/d4n5Q8/TaVK8zTl0jERyGvP9mI=,xvXQdQHviFceQzsjivPg4dKqzO9XAGUTbppG7PUWLWg=,n9/7tzVcqh/5/IYvoRs2dKbyZkI/Z/uAebj6+c5e
EsBXDk3araWirDWZpsImiWqHl3lknKivEnXm2LiPyQddig==,DRWwa7HdjgwRUMhuUb69tmNUAj5htBUIoLaK6Y3Af/vwc6C9ng==,MPu8KfLCfjq7+SUmnTkZuAZIttZ4f91tA5bXtbmpyaBnkJXEIO/z20vK5Q0ZCUA=,AZQYmz0/sU/vK+MX4kGmuVKMuV3hkT35fNWj2p9rvl8=,rTr3SWHc9H8oQx4t7PbivuUlFJsbc4LB7B1G8/rc8w==,ChJMCC5VnB9nrOslXuAVHMiwMhqP9tIfpdvlfCPt,piwiZw/ggW31TTlmKE1o/fwXsReh6DvAvpbBvfu6eB8=,lBUjTsO98OBbxaKhRvu+u6kz8zAl9brdT48wluAt4y0=,VCSDpghi2frKL1+g59rEYk1/ApHF6CXWghOQpQzY
xxeh1wV+KmB1eyhhSB0vWsstK8tL1PJ0UYqA4sZaZ7Q8iQ==,mfhmOmVQLzrVMhgYvh8jroyQp9td3WhDMFBs96wOusJf+ECxWg==,8TEJ5bxTRNg+sUC/g7HZZPYuRu0pDPxgtJpkb5wVyxsqv0UjKRBh1+udcq/u8nQ=,DC5LfAvTVlNM/j1KBXcMDPop2N9dVcgTx9lvHgZdyjs=,3+MBswGpVNAjQ6QIKiqe27FCkR+SLy4cMQv4n3rCrw==,i4CUhKgYXr1q+l2vwCzZJFOp26E8CuwzYD+njnZ8,JZZ0+sZuJuuPB/8kgcfOchdqADSsCvA2ID3qjCg3jWU=,MJwpWyT9w2wkpintg69K9et2Vy3+R2IDScdzc0R9aWo=,HL17Db4JrBrTjvZiwBmYr8J7GKGXaDh0zPfoOfBT
xx1BDhFkmGdrW4J303AR8l7itHLLurJsVb4cQMPGWVrDrw==,pZhUoKEvdh60V2E4fDcSRNBKuq52ngh+EA2VryikhmronKAGRw==,WPJgAGdApRm1W2Hr0HfsKwIGwmQTRjXUCs6F4P6XGu8d5jD1/G7pWD5SAqkTZTM=,yH+6Nia4hcPoO9gLZkdgQTsw9ox5Kb+IF9MvK5nLp5U=,jOkuMKem6KYKfNEW0brk8fEoHxF8K5c5hAe47bky1A==,tQDtwHlpN3l6t91zeAcOwCOVoEYR0AcPJ3vUVIld,IcwH2hEjv0HE4Dn+fjxPZxmRBZW7uGKLsksRUi2jsrI=,dl+g88h3HBtouX1ctmwC+FGr6vef2d/vR4RsOi6y6qI=,fIXg48/jZmLDAwPEpWFkSbnZaj3ygkg0YsrgB0gD
Ka9Y1dlQQnDCKIA38yBqIDnb4evBpfasBAgyrfL1NvJZVQ==,LuI8lVgue6jJ/ILK6DQKP4Tbm9VsSGEJDuVP//Iy8veMx57EMg==,R09eBVDNEtb039EhqVJYpGYc0jEoTLk0abctEwQvnLxhw+7ZMvNC+km+07Zjgfw=,FnibbW51czlHVaSFD+KseBduNzuAwIhvWl4MjlRh/FY=,K9z3lNT6Fp5hhZ328YTeM2J0WI3IbF9lLl7fvXQnog==,WTxe9wYBgtArRX6uCda39E197wTjqEcVRE5eJuym,oJSl46mRQn7Y3Elq0G69KaZT8fsjGkj06T2PIaP+eeo=,3oibcsPY+DBvpjtiWwONFJuSI5BPCR2kJMnpuRWmOSI=,bAvqMHM7z1BC4DSWi6FrMf024l5SV4d0zRkCqvI/
CFAgHA27TPIHqwrslXoXbLYByf0erIODftYXbZCj9CdAAg==,r7xm0lbBqIHudmrXdl3iO9lX7YKbJ9AcAIrSN0Dr4SD+jNCjtQ==,uz54cIyoDiR0WZrlP6idTuyfGTGHZJXvI7LUhQaK1P4sOUui4W012w7eC3jxfPo=,OgN03bC32VhA7ImywmHgJTSeN9igmNC5i1D87tN5d3Q=,jkCT2CEP7V3XPB9mFkeJKWgETCH08EnIJZ4Q2MzyLA==,ajZkt8gHm/w22GI74zTCbxf2Pf5FrrHYxfugsS8K,mlA8nslQUYJ01MzfMsvEzMmTsUmDKNq2oIi8H0lnwXY=,JvPCyNNq/OYUzlOMR46jy/Qq5IXucG1XNhywDiTA50o=,KZghBy0u+KYWXChgGA0200cbclxLUb8WS5Nv5lcu
6JgXpjkbZP97cfBDNMrhj+jSfRk1YdHiVNt/2rW2yEDgTw==,ec/ePj/YE0HCpxwJc/hdYjk/nNlj5REnD0ukAqYlEySoCeFtuA==,08a8SYdcXtS88CRub5X1UVpsJb+0xAqhx2uiz1ct4+P02+iAHI4qIa+5L//L7KM=,WAGak4z1a3sj3Y1WPz8FXREh/CrZ4HnmbeQCWvCGzQY=,8BguEjlU6SJep+hbVdznORvysMD8cEk/0a6HgayKLA==,c9aaicy81UD0R5h7rsmejq3n9m6Ns1bh4n/tCMrj,X84ekpIDoRA9zVI6+8mYmXiCUzjaTm/FWYnb7OK18GU=,27a+GyHpt9plURPFaUIZKlVPuHCw/W3hGE6fLkmkk8o=,NLInKNW6kfvoR4KYXv4s+/j4sJKVDTKZgRTqFTF0
mGW98cf39Jjd8B+sy5hgjJRRevrjaOWy6V63SmZQu1vXZw==,XaMxvIdC3137wQwB9jkHF1Gr4FWF/JUw4NpkHTv608x4wrhg6g==,2GJbIXDkyiBUJDPDAYN6EchFPsLykWs9E32kQbYoyMqQt4dR82FMIpl0ry7ezGw=,M9pNiAWbDPORsvVieEcCuF42jNHOP/afjf+8YGehOLY=,FNXS1lDzrfw6z+X6F8BhTjQH1ochus4sagQZDBsU1A==,Di9XBAN3Wx8INEdjVWqR851UDYhZxnK6cTDL0AUz,y1uerV/ST0Mh22gCzcKp/lGhhijMJttgMgQZ3TzrJhw=,70XxGQCEhd5l9Q6ekEv0b2FD1OUznTsJwex/NEvBk0c=,Hn5wXQnqd26n6TNDTvZx0jjwNcEQc02rI3F+2XRk
yTr8tWqT43xe+tq7lja1pTRjrx3E1HArqyxJD/YdHvWVeA==,QrDwxhcn2fXriv4Tpve3siyKB6uMbVopWFMpry41G+I9f/NiUw==,HYWv8mVvkP21DkdBu9KaxwiTi/QT+zFVzGXWiknBR/xZUxuYyxuZ3FhNzJJcdVg=,BIbiUBMYtXh+myf2U0iVo3cro1O/3+itQIUn83iOClo=,G42JrsuTd4zOA3Nn+VzgJEg6F2OsTtL34J79r4UdBQ==,yvsydsmCZ947/v9XDGxDxCIRm3teDCagY/HQDL/Q,eKVxNUoyeNDLReyF2D7qRlUbrsMUZ44PprIM5icLjUM=,uQDpqUoOkKH6cEUCpgwo7q4bzF/L6ngjkcFvLoJ+PP0=,x07+Vn7aS2R+lHeSRzjSeBSJRB77QdcnMgViNdtO
1S46dvUFf2J1f+7hbEgzi5zc/Tv5unxVhImS83VkGdb+qg==,n5i3EyTjFSlfBfREs+82jCoOGFSscXF0yEVG2/h3wy2oQ4ukCg==,0A3hXZLyFT+m/XVVKNQZFZW7aPNAqnqTGSVGdby2z6bQwHD9yRUHV1x1H4FUWVo=,65H+a3LDhtO449EYHAJHjcelcJjNtKR1lgQmydQQXsM=,Uu7Qb7vih50aGuF9WD3rxComNC7+D58B36NKI7Affw==,YuEqMAdfXyDknddFcnUF63hHKsBwt2EoGp0uMGOd,JPRfGppSTVsmJDm+xJOdM3kONduRuwb2zxXaUPOhwLs=,SbSmsL1q1GeBMHxzH70zgXxlpNDk9vJEGUwUMdt5zPE=,dDJKWRL4NfrVrt4YwNKy2Dkwao/FdPIrLuLEPocr
kyuOeMZv5o1vgHx4C1n3oihtSte0s15uZhizhFjIwsDFXg==,FYPDIY6OX96/4dtToA/AmeURVmkC7pRDUNVPTiXVxeEuRQH2Aw==,cxvj4z1pNw6zfKpJeUC0SoRik9v9kEizwXikODGeaS4poin0XvZ45mli2kY/+rg=,I8rag4YtED1FaSGcfpvQrskz2hkGWhiGcxhFqSCu0QU=,3eEM671jR1ZVxKtUe9hF6ZZ7AtV4s6TVCJvd2oW8eg==,bKBY9Zdldk6eg3DZeilna/mscZBp+0sSmZFKe4EV,Nz2W6IgMvA9szL6gV2SnAjkOVxXDA05eQBITTyW16jg=,1oFl3cOY5JnWgZi6PQPXIbNB7v5ZX92rqx+c4f6l+Xc=,F2gVgcE8nTgY4v8oT8y5056EUIIg9bJePR6Y9GCv
T8aeKdehXT1xNKVmqFbGOFK7cq61PdCDsHi/viKpuDpvcw==,DzdbXNUmguay4yFR5vHkecvCtM/HhvtvJ16wjf/H+Iy3044SRw==,xzZLj8+jOkOBdjFJ8/OaqO8c8Nq+6QoJFnQeOfxUig2W3Lizb56E5JAUfHVe7yo=,8gqlM2la36pqEv3pynnR58S1yvCid4mTbXITIqD1dGo=,PfJ2nLj6/yxIvhZC6l8X61H7CAylr4J/9l7qdw/76A==,egg6LCypNJUlqqhX3lsX+HntgdnsZic7EK6AjR1s,moNE/OLibZuqE/kgi2lxOci3cAoBz0hTY+h/MbNqQp0=,6sjtQZ3k/fYT8GZKEVHzdY7M/5a5R0qkIEop9wwpbsA=,O3HLpQRusqj8CsbpgPoerid0nh6KipNmp0aeBUnB
DajvlgTvYhE6l8NxgvCt0x8KnGHv8E/SLnJfJD/FwfxbzA==,PW6XJNjb+HFrDBe2MFp1ZlZ5p7JE3G1xRLWiT3eYCUPQy/k2iw==,NF+ZuJhek/HrtL9FmD61GDyeLpcsU0KwGhAVZaZqheaPp8rk3XDtfEO5gyKw1mA=,PrVskwlALW8FFU4ZBpcOJphHwVn79pkvJB1rK5qQY18=,0Gi3iiIPbVZBH7QzONf9pO/Qy5P6dyvfL0iUgcvB+w==,3s51PmaFYDNsD+7f3iS5CFCF0uxibBGCt0jylWND,sZMYmeu1TUvsJliA46fi4sCqdbjYe+aHn/HCkmlS/bs=,rgMxEAMvumNWAL4GkqwDlPB7KrXmJUSw2/NUeNgfcn0=,MUeN+vHAG83wwhggsiKKUlhvqQOa7zhER6sh59tT
gci5TSPOIQuyOEZnGFRHu66rwJOExGpnrB7ZYglRlp6ALg==,CRWc1M9cB450W0Ugfcfjs1jHOcrkP1V1CETx4DV/7VbbOUxdRQ==,DCFOWqwgeBJK3Bt52LaJ+dilrsHkOtEST358r8uLo865EZe427jOaRTXF/NIlxw=,EC4UDizxLb1wCvD1ihHjVOdl48YT/ACQUIIFalAeDgs=,zu1TocnlPAztz0qXe8QQtiOoHxI13iQqHza++AyuHA==,/TCBPvMolQzRyle/wRgpGaFz+0Du8zu3Bii0v4LS,jyVLXuUXITQRSDmcDiFbEtMhIuFr00isYJ9cetxljfE=,Lvv2ZKyEk+5XMevZInuR+9YtldjTn5lHHuzIZUyd2gg=,pkvKnBJffxW18mQEY8+qiWswSRqXqX1eYF/cgOzD
cGGfuW51f8eHvOLSQOzFChzYhXIG3c6SdwDfKZUxe71MnQ==,yR8b6VHrxO+Kxj0a0DzYPWyM4xRnOozeH359SqbmOzXYvV2Rsg==,ctwS326lFGzbxxtrM6ahKf2ZOlYwJjHL9MHOEX3PvhkIuof9RH2imp7S1N627Uc=,gnTtwVZX6KKwOThLpN24RsV4/9gM2fc8k/FWx2khe64=,hdRymYuz26I8rhSwsd1MDSAq58+HKaxywYImimwXDg==,TpjDePAjN1zqwPlh/R3NVIleSTKJGwtcnQVRVtnD,viBX1xUnGOTsIcCtjpzFZFdy4OwtdlzSPUQUEmyz7hs=,xK5ot55hBt3fN9LWmdbSJgsWvhxqE9WmW8hqB96LFDw=,8oVI4sD8yeMGriyJ+CFNb13Ab8V0iPkiGQlcdjo+
BCubSNp4xjgmnKEB+433inHTVdDonctbDbXBoibzIG+2Kw==,KI/zKovQ2WM0mxXrOjsbNjl+pKfkUnEuWsT3nRlITLTmaNyd0A==,3fKLYY2YI+ufXvE/TrQDlfPdACVaJO5yscCf1yqn9lbMP7q1nkWtknPSeB5Dkb8=,qP/2xX475JjChSfMmWyALaT+koNCUwqdogdQa2eVIhk=,kMAEX/G6M8hoi2L9vXq4mi5b11mtJUL4l37Fa4zaUg==,7ihmWGQA+vXbs+M3qKNO0PjHy1LfN/E6SK9/Fq+n,0dVTjv21d7FdWcwbAVk0eHWWddbqUPZW2jhtOKhM7yo=,x/PsBpTIFij8pdH6qUV096QN60qmJQe0wpYEI50YgSc=,qDF/MDFMHj0eZAsxJTfWU4uuxpyDSUk86srVv1Tz
76lhdvvSvMGtoyuhhgqxPSPtymmk5aY7Oc0KK0NuEz2WFg==,csmdbiCEeELEnZrzTmtZktVYZPwQhjQYAKE7BLb1sDf126bNhw==,tQMSh2bFeI3GZaI0TKUx2NT8eg1VXx1fn2w8sH4k49ImQElXyp6oUD58TkM9mUY=,YzZG7rPDVWfb7XkEGLb9+gD+BLZ4f0OoR/ECyQWIDOY=,22lABxrF3OlNEB9eom/FKlfFmOlG91EtZMG0CDanEg==,KGCqZ6ym+yjAeppviU79qtGIi0geVUTF3itFRrbm,RXYJJd3cmmonXvBWfnC7lcHaa7BJP5Ztl+i/VyQexXA=,v2lSOtwrMfTXkrODK3R7onclRuYNi87geYZFxokdiOo=,qlZBF0yr93Tz6F4rOwWo17P1Sh8Z8st2CioHSRwh
gHx2O6Vdb5WTNlwSr9RKvow/p8yW7hVQozhiKc0wsFkYYQ==,0lCN15YLoVIgWmFV26oJLeQPlsK3vQ+0GdAOzOEkhyaY8BBkkA==,oo7EJoG69LDRUvZaTUkrUnSVFLH2KLdKseCboE3MnYsRs5L37O0tdWIv9ozpReg=,j504BS2FU2a+kT5rzeuSbrwloZFCQAnWCWEUuj6PKCQ=,/JbawdAzjOBNsA3r7eGHgEpFec19WwPqe6aLUuB2ng==,IfdDUzZzbiNqz85ilbC/tAgWrXZg1hA0rtf4cfqF,LSak9Z6egxZZiEb27T8oWPoWlKaKkJXv1eAKvpS/HYc=,Flb2h1KNPYHaoYfx/ZgWlUeU1ew6ZNUVbiiZGpGPsMg=,2E8hbJSSrux/+BCXkUr8+zCv72YnaAVVRAvgB62M
Tb9th0vtEGqBn8gQFCbZcTLUl3CgCXIWdepC2pw9uFVooQ==,+ti9oFrqmpA1OiTIkM0+SBH5Oz1hA7hb1pyEnqd5ShZpMx1r7g==,JevUOUMU1UsnZup2Mv8ULYnOFl4zrLDKFJSk0rE1fN5/sv0cNndqwWRLy2L7brY=,J6lcJwoQur/3SZDcW6YmQule4E52XJ8vIAAc+NvpS/4=,HdV3H1w2Y1Bpa/Q6nFHj+IRrrTovWZwNgtvY3DMEhA==,1iXUH3oTc4hSbg5hNXnWWTPeDC3nHhFNaCb4MqCm,W4ANfEqwHSF+/34Rvsj8su58wUM3Hs22yVUbrHSC2+8=,0TeIavGmXxCKAWndJnCfsydLlau40+lK0o4SWtAQkts=,dl09tErZsxy4XKZuzdgIIwgcCUtqH5VIohlrjAsU
/EV7BaIUI31r22pHn0UIU/E2f2ImjZfiEJCuUqaYg0mbAw==,PhsS0wWf4cWr57GnuhbAF7xMd3b5dDHrx9MEx8aEBpGA7qP2Lg==,69Hpe16aDsF3hWbmiasZ6h6+UwhX881nGxlOJVy8H+Aeeh1nsNJHZ72WeFo9+yo=,jXixfpt69HYoN2dJa6J0Bz1XSIkWAxhXWxafW8feerQ=,6RUOHBc50Zap+fB1ZFalpHxhLLJU1q43XlFLSKgafw==,uONvXtcYr5JPO+RWfI1t5BxyKIOH2c+Fi7Xhkbn3,TObn+SUljm1DwbKdGla5Dh5pZppbZ5PTX1cbUMGXWdg=,0gaf4pVA95TCBrMKZfXRh0Yf7dqygCM4rg51toVm55M=,ggkwX4CRbyhLzhCOznS4IzdK+kFCkXVciJvwDKhk
xN/3HHgX4xQ8ZHY8JNuWkcoWYLuCI5w1oywiIe24wXl/tg==,KbIqVfJwb8WRtoB2LBPEzotu7RbBi4GY704CZM6BlSBFsuOUUw==,1Ca69LcCRLXBwB7W9xDobWpaaJ06p3ssIoA9MN2gG7PeWChErh6/mnaTJquIdBo=,FG5l9BqKE+cV5aQn/GTR9mhQloxfg4zC6pELJDjHatw=,+NoJMMH7Yx/QagKicMIXAYL5S0RckSBaM0BRVGGreg==,cn7fULwIksUZM0p/GlX+kmXpUfG5U1WsnqoF8nhH,Xm0gkpGZQKcTembXhSAiTVvskmbZxnDGhiz7ol/tmDk=,HlDCTcOO3C1NUFSaXqi7zTJWgizssYBem296qJBPJl8=,SgiVQx5AJZLhGyexfyiZWIemQ5k9A//uYSmyDDnD
NxUY+9oGUhLnbrk5rjC6OmWw+hrrgMspH4IDi+qNL/vYGw==,ZbALbdnCAOpYHvJchojoCbjIrzJRDYW10XaC4HV3GazU3ZhucA==,Z2dHpEAifZMT7cRtxqhJMSezO9ed9H0F1gIAGBY3wNBTVOPsx6xJZKNZ/qBbWoA=,zNpRxXBj/bG2o+eybR5usxd3Mk4gnsXslD61YJ9YYL4=,KZ+4cuMgdkmqKm6KJyz1xl2CaR3+8IstSHPmVJmAMQ==,PiqtQUjcY7xOUlPhOBB7AgvhzASuWSzmLzFPAdR7,AWex/eIwLt8B52ibP+h1pqqL8wdWiS2aTtNUA9ZEOX8=,IIpESMMd3GoBbdcrVrK+CLg/qYgFEq6iqtK/GbTg6Fo=,NlxNxw013Ite23RwBk+Qimxz7ME61Tj9scYUJfvU
ETe3zXmiU8xxz7/zI7rn47RQOjPhE9whrRuH9ezKqkyaHg==,O3UoWbaY+LSg7RklspJJhgLN3y9LA93PznOF8IP6Q6OTHJv99w==,Ga6K2PrkS3X9KtDP+B95PbtS5bAU0otK11UzYbHEteyyJi6fUtL5bIx1WaaJKxI=,TjzQIOLSodblLReEy9jSigk012sTRn6YaehW+tyd51c=,+oG9GeCT905kT+DGIQvUHH5gudCRoa6D2e5yPiY+sw==,7z2Xhp0Ik27/CQzm6vUFuNBFKepJ4pQjSgohl7fK,xbLm6aP5RW0bZlL7tHOBYRCSzCkOB1Eou3kuupG31vs=,5cZDG2qLnaX74rQsKl62vCM7pkt6ERpeiZ1sl1wAED0=,C04xzgdTwg3/GiGs0g7f93+hHwbR5lINxgnQc3O2
/px8v7d7xlTse7UYejCI9WpZapjpRgwDL/9ZVRyfOQYhVQ==,tUYDXXJgSomN3oDYF8KY1CLFXUDBulVQJFq4Xd5PW7v1yTTH/Q==,0fyJCXiiHkFEAmrhXD9/xm8dBPFSPay9DuG2wNaTtSujLrArM5ALyn6b7FXN7yQ=,aV9dze5fLUUdEPi1VO48IFzYvUmEOMM1WR8RMtzB4+Y=,38xW9EofByMZUIEB+Vg/1jq/7eHVlaeXwuloBPK1Jg==,BhdWAI3zS3XgJ11LnIQI1kOCyhW0psi3winlhzdW,HLcc5LnlVx1QuDY7JotkwL+no2BTUXWQYS2lLELKGm4=,oqyNtbwAvGtCRR2J7Kd0rWQHNr0ISaeHEDtlsSETDoY=,oJgUQssMct8ZvO/MXlcctntqolyYcYViFL++sDIo
92rYOQVhp+xdiko6uL6NB8IkmROXjJ/+vGahb7+vREm+Tg==,5G2psZV/gnbRcqvGeC2puHW3MhPDPmAwNvaTMhc/3fWe3ZnErg==,orqOgHi2CcEZnS/9DDkS6GSZQNFTxQJvWKAJvMAZzIo0iiRM556QtaswknMCmPk=,OcAkYf4uRRiCsbklEy9h9N8ZnxxJDh00zXS/yCbcJpg=,U/Cbz1BhMC6so2YV51STAat4Usm/FxQnukdfQNqgZg==,MmzqZWy14Lsmt2rSDW7Gm4nR566R0WLw3/boWjZB,7d4kjkhDYn2eqg1uuvYoGpZ/4PO+9kfIMb6w3o5x4Aw=,E5NSv6vJOxweONVSKrWcZzsczllwGoznaEtH6Sp27OE=,DLn8j1UdTc0boAFu16QtC4ouHCx+zzTqUCuOrup4
UDOi7GKiFUDjfxdsCJWYwdHmGGAOCp73Ab8tqrNs/SY0zQ==,RNyK+EDjR2rY3+qIKCo0izi8uorOP/we7WRoDgQTbenEPRyQnw==,IFpjrMZvXeH7yM0N9TLOHUGigg4abBN0xGWDqSCULGdWMZV7tiYMNNfFJfMDu1I=,NWxPS6c4lWqIn7vp0LEslb/dtGl6psCqh9TLm61Dngg=,JN/BvOkrw5MOMlGzdGOQP5y5HAQoteRlNh4hLoy2zg==,6KcCeQ+vBYaVnq3aRSKecu6+Sa4a/Nx5286pB1UO,GWlJA3hBaEDyHlmXQNoHDGK1NWcyTFujewwcmeLziSE=,gNrxeX8L+A1Zzp/DT/OMXBOOOL1x4ymbqlLC8lx2ndU=,EIGQFrCKo2IYljp+xYLT1f3gOgAGsOCgj0zdnudj
Q2z/LeXgD8ZHvsOT0h7zrtY/DA4x7w5wxFEfrqnOy5Vgzw==,/ygFmdB2eW22Ip64bVrKSY6RyFyC4NDzaIo5VRuFuLWUxDK0iw==,1WlMBv5lCDRHTegq+d6/Xj+yqV21MP/NEs3I9SkH8cCviMit3La/w8tjiULfax8=,3Q1dAT5YewJurz29CJcnhOS9unwnxddRFPSF3Q+WDHU=,DH3j+PeMTgDhT1JE9e0QEke3ouYnTAOm0gAGK5AA3Q==,wttn1HMrOzeo0x+nyZ8+MOUnAnGPjcl8Y0xL/wyf,+Mh9eTlJZ8LHnK6IV1S4zuxI88RICiMC0cSB237xriE=,JikbRlIq1K7Dm6IOJ8sEo6DlsvLce0hWFbhywz+13SI=,Ja6+WClHlUjur26Vq9WrBbwJ5xDqzrhuw/cNnk1l
98hm/HwyFXWiv7g9XZzhSSlnHVeXRdmKLtlKgWY3lJ2onQ==,UdrI9hd0fxFjtd3N+K8nhdO8wKRyykRuVKNZ+x9/JgixfBBm4A==,Gj7KeZrDpUkPebonntJXqMwUQaFSNlaHqnPZhN43YZS9oaMiCjjs3C0S7o/lwiI=,M0Xk+J/DI13K9+x4pstgCoqRpWlfwFTtn35rLSf9I+A=,KR6slBo1RAylBU9p7VbNPZlsvm5LoNzwwAEQoioYXw==,v+HHJYXew636TL5NuLdSQdtLSzcKx2TW4ursOLGS,zXr+OjzdaQZJ08+dblp0XdxmWTszVgW8X9AFr7w3O14=,vG13NAH2l1TjVd0n4eZRFgeIy04mIa1JjKySCI9TYcc=,1kGFfWSDt8aqE8VP0ox7E2THOtTm6q15TgXPWVer
B5z4EixAnsP0yXWCtuRB5rOJlz0F63hHbx4a1BROhqQVqw==,colXdtb27a7jEPoShbthscF/EooMBQwjFqEdpyNBq0LLzvF9VA==,i2Z+C8yhoZXvYQ0xIGKmIQXlLJCG7gxaiXmsginWfs9N47LBUp+frxQHDm0bVaQ=,Cisf4uHH2dXXUgy7BlswUqmAiey/gO/wqmgmAtKftCI=,4uXqOLVp5kAkom/XLhCPjgkL/Sm3ZfsAS8Vog6haqA==,OtAz4iXOIN53oh0YZgs3fMwQGgCRHHuivQVw1MiO,NKDCdgrunMsVqC5nTGgAlPwN7DMWVPITSehAesgbh68=,m5Vofnhi3KGtCVnUrBGjGyk8wbRhD3eyD6NUXHfGEIE=,Ei8SxQGc4JX8zQ/HfBXaPIbCECvkenFNtembzOAp
YzWMjRCohibyEZVlapV1C6YDzS8M4WdMzJ6dEMN9lClsJQ==,TsXGTFj+wKqpDnmyVxsnobbCS9x11VUkWESqA0JAwxktmzuuIw==,Zb+FNWaBpQHtGm4D4IyFKdJC+rhK2V6IYj+VDueFB63k3NuDqxkQssQHSluAfbw=,R6MmcCmNsS7+Uk7hGlEP+moVP7dFA7pmx/PlMDavFY8=,huN7sF7Wsk/gacGDKkHpCyIjk6dnf2uXJgRaPr0ysw==,JD1FxXoPIUbPNYpwbhqp+KtB0doyT6S/yk1p+QBM,lCHpl54lF2foexNYm2fYlEJ+YB5pT1dNZhSA/SSPy9E=,B1QJt8XTsyxzJ5R3IxR4Ft7ieQAneK37F5wznYqFX8k=,p0/Tob+HnIO3WAQLTK4U8W63cz8y1mPEpMGIBzt9
it7gaPRemG+umBdHhA/dNAOQhM2oeYmOondm3W8uxd/PJw==,aARqJdz0nJM5FiPAiN1poxLqj36o00bEy7UlEr8YXc9VCZysFQ==,oJUS1CO1kzlFp8QQ+vWkelEn/sQhOw6NaQQsrI4CsJk7RdcRsjCHHitU7y725sQ=,tItg+5irpm2LI9rQfx+P/Dgy7ymJWiX3OvBjE770O8E=,ts1l6rV3gfhN4DVdJ5aEYTb1H5XOQJZ9cEdUR9Ew1A==,zRt0uWZJpjrdduGFzyaBzM21xI367Zep3ygoZfYJ,qe0qswsTF86S0fytbh8HodMRQOBFldF5MrYrPHht1gs=,O087ODoUGtkP0TPaJDZJhuH0+1Tfzku1frdEKlLOz+o=,aO0kCiO0ODGtZsoMpacF91EG7sDe4Mb5lCTklewY
TIV9n66PQ0yvebQBeJIGTKqBvBQ6rwKP0nQj9OrLoR43oA==,bJ6riI06gnWKyan9Gfj7kmUHqv5LGvsOYj78dKOmdWi87HQE4w==,zen6B7lL2pJYutzzys+Adglah7p30NMc45MGczGj710HUKrsaMn1yYo0UIOgcyo=,CvVljFzZgoXEXcV0xf08PmK05UHd8P7sBvWOXNBYiY4=,/2Zhd+MvtfBC+GBBSG+2ms0Ci71Ralnj3TtiEOEXdw==,Y42CgNtbtmw8N92IahVBoTQY8j/dQt9+LOlzChsj,LKu+pbCjR3lBs7sVLbo6xHj/3Bn8AQItBuWNTPjOTvY=,MFZEBNA0y//KNlzzayegU4ui4e0Ms6YM28Wcv81gSec=,XW2l+KK77FhMv6IbPSbXJOQznaVaS+Pl8gFuWls4
7kh8uQR00PQODCVnvWB0RBJudCyqKXxqXQyy/KjjoC7VIQ==,wgLV0ETXz7x4u0y4wuhuMLE8YAcPgtt1eb0k/YvU0J9sVIwzlQ==,hLTP26X9FIr/vXm/b57J2/g/TqKMPNBemT+P7huLZTigIWOt6dJAPb52AEQMTgs=,YU9PZq61ChPIOd8v29OY8dWteb9yMrNZnizC9m1vswQ=,+7DSdikL5cEtyV2ss7A8XbilXmF7g7IGtkttmf8v/w==,X8eAaqXLI5TnlPrkN/gVbYFb8BDiPsHZRJ1U5r5f,7zWkNVEgxAO4XC3EsRXQ8pHwKjfPy/s4ZlyYx3lhKKs=,v0Hta3CopKJt4dl9BVwk/on8zVgINH1k/bUOxlhbUvw=,LDs1WmMjq3ErJ5cN66eNdtYcG0n2ZYCyBmuCGiRM
pV6+xBvYTo8iIcpP9vwXdyFA+G8P3wpishCB1e2pXhTJVw==,JNpnC/YLJxsdSKXq6DXLcVkNinwGrCYvh3DUSI7dDAaxMFpthQ==,VgoSYovW6azfI87qIyvLZSB4q5TXUkCF+X5RAYYzpkcM6GInM6C01S+R+UzVGuE=,es86/9qTux28J8exBOg+HKYfTtH89JHeNz+L8fwX5EI=,gJn4yDJP9rd3pRXo8iKMPxAIFbttvDGUw11rOIO3GA==,6kuks7Ekx6A2HvLxWWWI4tm3NP6PagP2IUzl9LMk,Yqzpeg2h9kq7ymf8TBuXJ0S06x0bZGOFbHqkJxHdLrg=,rt/KYKKPW8Lqx+fSqPDVEbtFJaEFgnlF2HisqObjKsA=,gE0agdxJiOEGFNTqN6cX7mYQorIuHCg1Ep15+2P6
nEV8no1SxoEUtPMxJMO9BEnn2yqLuF9oWBtIjdipRVmQFg==,6AX3tMD+aQPZIhSrOmxt+t5Y72x6/eSJErndR5uMQfIDj25FjQ==,yUxtDdmvDhzuGFKwhf4Rrmt45IduoL/Obd4gC01Kzg42KHYetz7WPnKB7cZzvIA=,oVDis7wCdLNEvjSRW0gJw7PZXHnPcgE5VnArX6I4MKE=,bp15jc89DNNr6IJnrsJQ+HdoUsiIkij2l4hUSOqWGQ==,b9Bm12WYpOeEWTb3/8iE6UH1fRVgWCdfo9sNovja,AvZMK/Qa7UeJ/dmuWoBESmCS4WN3TuRPmFXTgbJPixE=,icCUSTxANVUEy+0eFr2zZVqEExXeLkIQR0dbO5cNpaE=,JDNoEBiPqY0AMfNHKhgn53doR/CfYX8KUPEBzDxB
bn4Fc589Im/FkT1CRQXtqwdQNfPaHsxLyZF9HF9xtYKvVg==,9ncD+zEFT5E93xCk1sxEIi4yAI5YtaU3veCCWnxxGJbrb7s8Bw==,Vdq3vL+jiyNYaLmtP5ojFEXQpHKA8t43i+lN2cBhGslnwMd8JTW6l/6FGN0gt30=,nNuQ+GV71vwuMyRMhKTqM1/dmbhxTD8yvh/yxEoY38Y=,JCYXsqtQer3770ExEpKOofi4KMmWIZbEskxLmH0bSQ==,ac6XAsfHlZ4LLnFS9IQq0bg8568ZzyQmZxxVl1Rl,iDqjJjHrDBkFsw4Q7uYGBL2QpmEKFd9dUJ7KM3P/dmI=,vlR7NV3no/fTgR8mthY7JO51gs2B8k8p6TIxWD0Ip3g=,hoNJv7n2JgyHytDhnyuOcg+Tzabew5jojk2Vs0ha
efU+xvk4AunO9kOUCH7G9aqgusbfr/en/1ARWLmjZxTwsg==,xLdpVRMA9O2BSN+vTfPoaW7v/CGFSS7QMbI3CNnKoerC43pgSQ==,nzAgLtb7NWPl1SrwWZMshODMuaTLvsGdsPO8X+NIeBaKQ7M5dHAy7izPgtSLoq0=,Y0WBW7VZ43h8pIGjSwBwJrPiAjygIBbPd3Ke/cBFmgc=,rokpME9TX9Yqx9WCokpYxho7/l4ZRMLhwYBvNsYHMg==,J3P4San8N9D7V/mtvSmlxyC7Ob3qfTEvTgjUjBfL,8upmQi4Ub0oj7eq04oaRs76k9ivp3cGJtsnMlxZL0KA=,mMTDy1P/b9NtLiqlrc4ggvD/6gaDuZ/EpN7SA1IakNA=,Dv37pIgXJrVLuH4d8RkVUN9LZ6DBxlZ7CMvQ5iun
8NM4KFXRojasvtyFcghz4sjzvF6GvDVqFWuzGfyaMFUDEA==,oMBv5kMaTfRGjwYbtsooEow3c6PzO7jMbufJFLFc4HwefAivkQ==,8rcZtfJCoV9L+Dagj54OQCWPPEJmPlBdzVILu4QOXKt0VrYvA8H+y4scWApX8js=,OE2d/EwVbJ1eFtCR6d3bdJoeKS6NHzzpd6MNKs6nbaw=,3TZlmXSWZ1Y6sbOc+S/b/+jGldbEPFnjA7a6i9GjBg==,ece1dfrCMyh8sDOrE0bs1fzB+0T/DF+EEYu+1vnW,s/LG/8BouOyHun+IzD+TwVI+xGtxS7+thFIz0wsNP7E=,07hvZBqAleh/oRf2ELmcZ215Qqw4fqVrXA4Yvx92TFk=,qIp+VzNdRbkpzTNLEHLYHkKnSYWIPJ+TfrpYHrxd
T9hZMN4PJ5L7cKiA7jP6tciSA9M+rd6GulyndsPu97ARNg==,cnlhxUll7q9ZFF0GeiHkD3c71iz2jE2rE59wijhlmcbeMFWJMw==,J/P7c2DauoYcJm5Poc79rMypAaj7vezo2culn0n2VZgDEiAgH9VBPLCetqAgRho=,sxYoRjQarHOWyPj4xg2S/7Ny5r4Ob3AZmcyFkS33ed8=,y/0+yHzV1RDwqeIW031+/u40IKfehyJEOBmtzOKijQ==,OVXNd9ccUwS1nyFORri6oqkvBnAq00a2aCb9CHHu,nAKv/v8ZnxtHBcYjX7MdC56vngIYzhCpIHXkR9E+0aw=,mnzo1LpHWelVXg/9qzRqSKok940iutjYbn44344yFls=,rpUNpWlMQkMvnn2QdT3ByTRbX378U759Hwos8trD
K8+Kd2JMlsa3VRp6OEep4ZzpWYtRxNjWxNnXduB3MBhhjw==,mCOo+KVvTiRMhDNR/h3yhuzCTP9d5IKGuIhb9e+ohIlcZCwZsw==,ES8g6U5weZz5GIFjze9L1yOI1sQzBNpESsLH9r3d/AjSybe3qcJwzRasYKsCf0c=,GBwEs5DD3g7N2lf9pQoXMoO+ocGFprQtWH0xgws3UjE=,Rk4UegUVxBFviqg35nf/GpOfYPA8ytVRgroCMgXIEQ==,VMspBxSb9aWC1q+Y6AJsyUE0Z9aM7BaWh4Hfn37W,Gd75922GLUhVzmeposhKm8yJWFong9gkm8XvfpQZrpc=,svk1Hb9gM6zDNHkuEFZW7jcGVLUB1qnVknl2oTE73io=,ueTFUq3jZVUEQzqeai072uODJooUtLCnkyJcGh4u
st3sc8B2DQyx+zPvKI5gnOzB7EI7J+JoJfNuRN5A4fYhLA==,gmpFF9PvQZr2wfnPhkkWpa3mPAe4oKdjXEi8UHV3u6A5a5UZuA==,Vh70XJVoBvFmmFC7wKIGGS7TZy0j7tU8FDAgNN/9kewlZplqkMAI9dmA9fMW88Y=,ILwL7mZIJxZl5ww9lqjWmA/MU6J23aUKmW/QmQgYJ8s=,Kd1J2cV8APa/fJzvy1fQ7TRTt8F7yn55Z9fkjslDAw==,+tdVjqquBwEzOfKyaXuXod8w+T6Stg6KRA7HWjsN,W4i7HuPv6akgA0bhpROHgrcFp3Fb6A/ueVNZwvQDkauH,+4DDSnhfD+B9Gb6hYee0afLSMKQKcM03OVgEFjTHXGA=,/6hgjM4UJmLX+3Ki0tkwGZ3hUyQ3Kig0n/iBj3mk
6XIQzOCOEB0gpTu5oC8gid9ENPR2Bs2P9JYfiVUWu9kg5g==,sQ1ds8ZQUm1XuvQpILn1/NPMG5VL/DyNSwPPZxxeeMBDolzXxA==,UtbYZf0dtAfV5hthfYNbaX6gj25k+QqkF71t66w1497HGoZPXoC4Rp1+kkrLXDQ=,DkKBFTRK9ekd1yhxM1c+i+WTfydB5xjyUB/XoYbtwIc=,5hFQz06GUfjbrzLl6ZYSM7IkkkA3GgkKUcoU/EsSbw==,IyDAbC+znhEtPxsYsBPTSGq/Qrw7Tw9GPiDyP/G4,gVbrhj6FudvbZ4yXRtQBC0HqcO4w44oE5Aj4kheeIBI=,KLx98c34RxDrAVgcCifLHm2ylJEoCk8PO96IZZ0XPqk=,L8p5PZ8SFxf2r5pDYRkLw2rxADIUmO7DJwZ+SsC/
RqqGbseSktNLjlju0QZG8dAjsfS5I3rcBxZNkXfFQTN+eg==,VeTwatHbFTv9yuZgpYwsM6kgaurQOTM2c/mdzwqa6bGmR/WPzg==,p6uH6uqkql02KJ7maaFBQjrF7pmuJrwn2Yfrtf3DvlHkHtAJav+gkjiG6BMRAog=,CQovc3KOwgLzZR8JttmmyfcAqhBENDJILf35qJ+XunU=,sWDrZsPTT6Nmpc4eoxfCacvOdUqE8l4TUH+xPS0a2g==,HlO9cCbidcffRGgbpRcz22WrIqGQERjozZP7NM3Y,540XPgj/klmNn4BlMDjxAdZnPkTa/+gD3+DHMMri6zE=,MJ+L2YboAO1YfDdarZDi9/SQlgLL/DixRTbu9oigUik=,dE9NEqHJJ6gBsj1uhucqqv9BkmNysrQ76TJjGgFe
rxbtxBDswDpYU5itdIPXH6HEf1Cjc3yo/1j/yYo/tyOU0w==,ohwaMu+vwfMVbDLra+hfmQucwS81U3tY+y9zqdP+iDido/l3gA==,G1g8DRWlEcRo5h09H/L7gw4qxwx331I4lGepP0dib6AbPjSAsFteqTobQkj1Pec=,UU+8KXuMpj+W33Xor2Zv3n87Li5plMAIlmgJD51EoUQ=,AKtsuo3/fYevEYzzM/iOjX7WVwoa/0mtbWVlpNt0rQ==,VozQ2GS1ULwxkNq8h2Fl/Ta87f/V0Xbvn8xz7nB7,2LcZHp0etMEqmP5tS+wD/QpI4xKXtn6h6M0JSsNOSPY=,mXPfLkxX4P/s/J1hF1B+pAvkPGo17z+BE7/eotwff04=,tWhk8SVZkQfI9/0i3kO2U4keI71eTT60SjB3ToVS
q3E+bF7ykBtyhPS6Llk4LunfR3XGhJwrN2LoaWswS9pedg==,j2agE/SUFWp5BfLxccL/1NawnOqpVN0uxJi0zVt9HeSVFOtqyw==,Xdp4RhV3vB8WEMWyOmhUJJJgqYj6P23xZCeczGRkZyw1Zlqr0U59hgk8fRbMzlY=,grMqt/KdG4o2IgkxtQkR0FbHWr2XfbDsVE8Pt4KSRco=,7kzhZC+dZedOKUX4ltlVH4a90Cnq2nkIvw9Ye18HfA==,WMOIkne/DGjNXIYtGBNCmFWlBr8dmW58v1zUqdW1,msxhKLIq5n1entx0ZmKEl/qf4jrN/UG5eeTwbXDTJXY=,+gf2O0GM+ZHktIZX/pfNaxy4j//eOj1goREUQj8oNpY=,YakTAQhh5LmB+p9/FaVeQSoeMCS8oXIgFAXKt2rr
J98637UpQY8oDjNJKRxZ90Vpu9L0H54CFg437AfPvz4cBw==,tynm/YxIONsvQ7OGwVBx7yxi8kkPes9Z5OWmP+WsUkbPvMt1MA==,Mybnnw/wNlKiBTUULwRf/XQuWI1nFyZc/S1aSe0DVVZ0FU2gKznkSedYS5TZonY=,+4WQ4ODV0XUwXGzh3Rlrg8bcVSzMnqsqJkrmFOEVMr0=,2YA1p3xyrfEFwkyxRV7Z2WwPhzeYI+9/x0wy2E21rA==,95/xBKIT8KEmG47DrLYAuHrwtS0eJ6x4l5X8cucz,mdldrGXR72ETp08nCbm5JT75FrM9N7ape/tuK/dO0rs=,6HPk8MC85KkgktdJwA4TWsdgplkDDDJ0/68AC2FKbQQ=,DGuMJAkP+HPESu448JzFtezE3OGceHJ/X7OGgfAT
FJi4qEt7z7Q8K2ZpG3KzzhxEKBFn0X5IW21mVcK19szI1g==,6MASIE6iUA4JMMekRa5t5LdlA0F8GUGR49chHDVYyTQd/LsROQ==,B5NH/CfTbhJwMMXloQ+alLyPySXjEzpGig4neczVQZLuDf309iCotT/WnonJAso=,KnFIEVLepRboQN3ylpD76EiTk1T7/Js2wlNQQq/HqmQ=,bFfJv/XMzxIGl3Cv+Rqz+6+3EE7QJm2/wawdzP0ANw==,pj14on1FBJiNIsDczqXfWEs3hJ27cJLlVPhhsZ/e,kc/Dc5y16yP3t22uF0bAfTv+2PlGiXu5cOHmSY09M+s=,kBcG6qXZ4ydZeRk+DzKn1KqV2hYeIw4glpCp+PGNvmc=,sRf4F89pDedFyrCzNzg45/uBzYHMTLkw9lF13SWO
rfVFBF5xQu01qlGCv2RwZ7BSyD6GH4YzFUZQD0vL+HnyNA==,CE330Z9P+A38S9fAYcuJ3FBlyaDCCeSZBbcIYeKEHOZTE3NkWw==,rxma5eHDDMdK8sDkgPbUH4tUDnL4kY9fsKRhfnWaKsXgnGtEp2WHVdg/I7520Ro=,l4RTwk1DP39o3m8gY/L5jkGVgTAWqDBRBz+WUuQ36iA=,wkUC3e7U7cVpKMAX4g5PnZu8otK6w3RYuNrwzzGkIw==,wdksjS6ABc5+JSjS4MwvPJP2sZI8me/Ll8mUW0Tw,1S79OGMniXPu/Hp3QlpJtWZf1w3Ozw2DCs16G5bx7CA=,w5ByIeuLa/tVd/D8LzShAcssJ42XJakVyK7z5EqzNLU=,oNW4TuN7JyRSEozKKXziKJ+ogcy8TYJj3U9q257W
pAICKfKnxbtIK3AqIuLCMPWqkYpCVH1s2IfDhjkWUbH96Q==,tDXih9c+ROJSNU/Cua6g1ElXX8dZSI+Frxjy0/OBucgeOHGvjQ==,8aXDI6loBxOlckSAKzqMdd0ee3ikQYzg6+akOdk1DQoTVLfFFUHiF6VUqFRZUfc=,5UbeWy3Fkxcish4YjzNOcPSPLDgfcct8pKrIpYflQFY=,YTblu1fu3QHz1P1WFl9uRsXqhFD+r8Jrk8zoEhJFSg==,fS8kg0OChqVZshGYilWiveZmSRG5Cij4WPl63GWc,Azb6/wbVaMMipiOxEEKFHIsnlVaNrGIDUPo2rRf9KE0=,sSzzoNRU7BgQt35vTi1n18dJXTfzJFIPyuqF6QHfq/s=,HBYkfYYZ9aySte2TEcX6qJXcrAknZPeyTQK6ojwe
mTUyxgcSpfzvOaqkziyOborEQmyORMOa9m/5i6izM93nKg==,PQxh4usKdw++vZwWiilC1AO7eTlYWZSCN29MwtvmFDQL2/xqvQ==,Z6hudiYDdN+rpom9Quaot3PrQhl+AnBwKUFVZXR6Tv1QEwLa7vU1b9fm+E6Yvl4=,v9fYb/mCq2Xu59tmsetfo57s9cxrzKMfOrqtescuph4=,k+5aIKS8mIOx9zZL3mXhYdQ0ypRCRgYwFW5emASbjw==,S8dSbcotYu/j8leHszbS804Qj1QNSK1sjkEmV6JY,/PrHGp8/BIcg/N2zAaimQnxnyF2Zav0mXV6c1gjDcJU=,Jb4Jliq7jPKsZCeuuqsids4wUrgehO+LdKIXCTkqoJQ=,odBpoYVyTWwOFXZD9amgkbMK2wYsLxZCpr490DPo
dltGkv+u0QevtXHEKdE5yFclDRK6X4XMBCdeMoh1OaBqCQ==,bQouJyznNY0uDDmARTDp/H2JGpZES5YCNuZCC3mB8yfuQr6mWw==,f/5He7qH7k9de2xPCjbybyg6PhWIy1cx9hAUvRn3C2RQHlodJAzgvkaarKRfrKg=,crDOsO5elGULDmhYmeUg7e1ppoVj+Ka1eYKEp9uewB4=,usY4hG3GcmPN95dvwBmZ9pxA6mMIQi4gC4CvnayOFg==,j7rRngbHjIfwa9zcNFn98zMDdl7AhRqVZz0UeqMk,0RicUpICAaUSYyaglRTFuJOtmpc3BGdwxqpdRF5dWQk=,8pAkbBuVcjEcjaZUEhuOejcA9tjRoEM0T3sXoKX0bys=,SAeBVeiQFDzBHTu0yZuh448JZ2gsZ8sx4H2iJueS
KtIr0qnMxtXfrx1tQ9+UB1Z9+ECv+lBIrRy6Rl5NtUZu6Q==,Mho7aVWsT+/FUSgJ5HZspm0Ny+v1rT/hQi2F9yAOf8WnyruPSg==,91uetCAzRrw44836nUzjaHvMjtmmB/5Z9FcaYyqCajRQW3AincfZDzreZOZmMFU=,Jgj+b1xZdbXQpnOHZ4GoNOckDP2opHMFTyVn9EeR1ZQ=,ChGKmgFca9+osiY23NUrAiSS/7/SWdMVAqclr75aOQ==,ltkPFHUgqM8dQxybngT06ex+CzOKGi4lslxZUz6w,pDKNBFQBXWLAO61vg7HzdrxS9M00Tu8IMhOHh1dRRRs=,i3joE7srepdc2H/LpPOkVwI+Scw+k4BIEgVKXNetUVM=,LfVbGInhrruIRmBn7UQLGF+YA5Fm8LuI3nRAji2w
XkJOeGrHgUjWEQbZMQP5GNesNxcpnKzQ3QHSneOod1LQyA==,I2LanNYHVevp1zaY5GTeb0ndj4cGAotV81zEwZq5UPuz77I2yg==,eseFDsXhuaP/l0MgeOHwDga2tzHkrWJm+Juz/9upS7UsK7CEkOHMf5sx1ZtT+7s=,hcsZ+gYasmPvDDuizwGXXN2lOV59jSESZTDcpKp9wTY=,vjALa8aDGVUqM4gdzMSMhhs/BWk3JDYDGLwhAsb4hQ==,z57V3JlYs/SR46mYNonmuJVS0ARdypN1uuhIG5Li,N2uDvzdWf6EDveQBIN3iPp2tIFiPYmfLndF/WueGvPc=,Z9bLIJkXnq5Zx8tUfSKEotA14+ykyT7fIIFZMhUcnF8=,PjlSYr9evNNnyRWXsVFwuQbBSlFqCvQC/c+QyfYs
0heAKVyWsdlrx3ifTWb7rFA4uM6f5jDF4uMKW8cPblu4UA==,zveWHofsGjykjMoi7lUnQEGxVbvkAq5d+WQTk5zLsZU8LXevSg==,HiChqkufBlK462W82n3Gif6gvuwPjK9PiealsJjHrDXqmzU4gLODBpGFpknsuI0=,WXpk/1eJj4ZxwtEdxz4jNq8ZQt3LYnHK2aAhKLYYoVI=,zTQ7vt8qZKSWrFF56/9Bd8uZiLddbMvdSzNvPwociQ==,X10X4aADA0w6Asw6Bg9nVSqpgwp1CDHWsjX9Cg9l,t1EMLB2xrMHUIu9Pgfpf9Yo2FvlhDFvTCZmAUwbDZws=,I3rhglojkPvd+a6DF9YIesPFdTeX1FgWyKXTloMu3SE=,1RgehxcURa1wL9rszjWUdRBZ+9/yOTuNJH8dhEpR
XmvOw5y1cJSFXwLpYqqTNcruUhV9arTIuR0UQHEYwIKrWA==,w3s6/YLAQ6hsxAhYmOsFkYZvYq0bhsZL8WUb0xHVM7pL5Y5Qmw==,uUpoE/OC0cO44DR9lEv9tihGZ4C7AYY5lVL4rHfe4gl27ZhVYh0Lv3OiTC49wmw=,9flIpfkCrAsS2vgdwKXUwg8yJqLXyRHUOYM3DVO+0Jw=,D/ueyRs13pvpNWDTKuy704y0NxPrQE8NyNAdmDLzpg==,MdHXECyxLdVZGMoH4qMByUTGJEIZerPv0o00uhTC,mc5r3T6F8TSBFdAMs/v1DJL5VCJx0Bq27R+brD/zUXM=,7EVQY4ekhFhr6C1cXVLnQTpoub2zR3u9+4IqS/c9BEI=,dJ/6WCM0IbE0h6WWyG/4gL7iZk092g3R3dQx3VRa
pMLkBA7iw+sfnaYkBkXIrx9SZKje8tCFJ+R2gu3NHvhXng==,+fhqH/gZqWAXYVnPsriFtYx5QS5BUhm9IT4Qw2L1OQ5h4GH5tg==,dS0ShX7qY0q6orViqwcQYbaAJ6TMteWYSuGXVijjusiwZScqGu7HTxa6lr0VFtA=,cBXw/E/D5Vw6NCHfgPY9Vy7iD2CLr66p0kM1EVz75MI=,HOwFt5oYpaTS6ce9woktUchF/6Zxw0VxbRCRgLPMyQ==,7jxrXGrvcnIdJjV6Ij0ZcsB/k4SkFLys3N7lq3So,wSjUezbxOa+SpVVG57lkR6oSoCk8il8EWxDoJ638ftiI,qsWhfr3XcM2ZaGbeA/Y/dsn9/0l2Fw3Q/cCI/ou5L/M=,koQj4JZtq+FPb2cPjv1kqqKbLcAY+klzRuXKc20d
kTJaQhVNNatkYMIMCI/rTwXOwPoepm7qgkpLfFXxzzR09A==,rqwlafZNkQh1jqCh7Xhxi3sDjZELwsENoU6jjoZuU8XlLJfm3w==,zQ8SLP7F3nGN9LIzkprJl7p9wCCKtPREJW7CfxzJp8mYc5b85gm4K6N+rASNDGQ=,9p6IxkwrvibuAkQNC7YxB98jrX5LbrNPjHp353hbMrE=,dvDIfjx3WeZOr5lCmNwUh+RqHdG5ZlCbffrafGhArw==,QxIo0F21K3cFVUcMqZXZwn/ztOzH3DaNo8SrAwYW,CFKa+n9jmnSu1L6XCBn9s9a0KjvmhtzPwwnZMI6up9Y=,Abl8Ot6AgJhXwL1GcPbevXow0VCimIWdzizpA6yVyD0=,lqZKK0UTOILRf+8120CHqnLQhevSTzUJsTWwDzpf
4wMCu78a8lwLeb8FH27wMmHcOPUdyC4cq9xLa0CC9d7NgQ==,purXiDpVIP/ILxYQgePG4rIuPT2bK4kiWxvdlBBecZ7Nv+pwfQ==,SPlHUbyfu6Xiq1A6CVDbPfbJXzEBn7I3e15ySFU0iGEA4md4Jknq/x3UYb02nyI=,p0rZVrYOa5xmfBnHXO79lALRy0Sn61ZZ5fav/t3wWIg=,C6uKJF8vcPDGz2PcFuna9VbkeJe4ETArsZmipEtKxA==,5nI2nOrKo7VPrnc3DFXYS8A+AZyB7wkyXvGH+EGo,XS3gXxkDO48Cw43wyU9jkSjOxXaHqYkBli3LvNQ77ss=,4SVvRVUI3piLMKNjBfXynckE484ehQIihLJCjgqbSIk=,AvIehMPs9qBJBTy2dTeepxvVe04re02j2gagSGVX
si9hdgZuL4NzQyPu1K4Upcm8byUQ6tq53qshMqor/vfDIw==,kLTR+cHCnxIMWyg3SGp3MIEZYjmYAwSX3u5zcqPg5lBKtKTm9Q==,a837ZgrilLYe/I1Z2rddNLjDBY8hDQMRcS0vPI2FlGi5vlEvW+owQsDYha7Ycj0=,K2ks0sqwl54g7jDB/h6hRJJuyBt9oTZFNeKEa7GykC4=,cpFPtdOe5IOZmQBVU45HzQuU3wZNB4wjSxHgyX4A2w==,3vtRG+qvj/PWgTzYuQghGs3/uCa17UGu0lGaZcA3,DgE46EdV2oMhGo7+gD9mn+XILT+fTHkoTo4jvqQEt0I=,33j92sCKSC+4EssQbg1CU4dPnzCa0L1p2vLQ09hHa6M=,J0KXhHQk8Ef5VI7q6W8HGT6/gmt51bnMWte5KRqH
tvqtM72f1/hbFGju2amjf9IwUw1A4N7rh5r0OcxKBwABpg==,tQljUSraOsx4+3teNo0ZH3RnQ/aIIIT86vrFwz63YjNJ7I2jGA==,J8WTHfnn7PupMBIPlmYIAwcv16vg9NcEp2ayupO3prdSxrVOM5a/ijaeXWRz2AU=,9NWuKph7KDO/ecmLyoPiJsYpBHfIhjg7eQfKTUpmf5M=,7McmjPFfPFz89gx2HFf/ZBfm6WO1L78t5SSC/oXnng==,T3tW1ECPoNCfpBSs6YedSnjMd8pKUg9zdCZ3pxYs,j+FNq2aOwTsrdGY8iAy1wBQAjKlblMuGIVjvzDmSTLk=,FjqNIglgyTNl/gxZoVhGxiJCAfXTVFEgKRUStX/XxOU=,EMtGZqwV328IN/XZUm6MmjNfzH0UxYT3izPd4jgc
cxIdzoPqaQHuLL7ba3Oq72XvUOzASbN4C3motKCWoBwCnA==,NrbsGjh07Z85bFd36RTe5C/hxQI2Ho8FTtmpH3nawnCtDvmiYA==,bT5lqU6QulZ2cvK0peA+c6TRX/UlSmskR5VofxNfiEc8ht3lpMbqGS7AfWh087A=,mKn49+s3dKfw2LwGyskSkFJPh83Y4btw7GR6uG/tRT4=,Gv5AazlEVzyVBLSYTg5g4oX+vg3MYUpIOnUY+BlD3w==,jdkwA7s37JAGeCTXXiooqqF3viowscFbddXTebzF,EstDu9SG+gpX4yU6ej3Z4VPP/ETf5+/U4hRjFiiAW3I=,A0qkggT/PDbbDrD7q/9d5EvgzqEyl70yp1g5KXf9hi0=,5AzTWdGwzdSfBWTIUUlyVzL0AQCpQ+oAsF6iOJqq
xGXX04MwP2y2/Ua57uC1Y6hviULCgEeyY6qRBLsXtPxJKA==,/0dvD3FlKr6CjFOz+Ua7CFlN9g1kzrPFhe26j/X3UCXQ43625A==,ydB0DSu8USUFqEZJaju+SRIb/uIRGJasUF3/iNoQzBzGSqR0L+Jdenl0X7mILrU=,LVFPjZq/EkxYU3NmVTDtTX+EgGUnWDjkXa/0QmVb/vE=,BEv3V2m7ymVrnCtmWURbZEi73OTKjI5g5B1S+JIZ7g==,XTOHBCInuha0T0LSlR1dSK7unzzqc3CwteXgbm8Y,1lmDr9N7z3UKNaOU0t0HFrqpcVx+ZazD12RmcgufaS0=,ewtPpGUux6SvdqUMzdwVWohJ42J6SUm48XBUKI9JkI0=,quaYBSXz50U6QDcDaT32NNTu+jffnmXEa08T+ZIf
6n1U2YjTKWwBqpd0PNFUMcVKFHf1ofO6BblepBRR+tTCrA==,uHCTUhyf8d0XE011i+nCdbZOv2AsQetGCraiJxZ5H7LyG3j3Wg==,1/DHS8KjJRXkKLETY4i2rylwNgPNqdvSWUgvZWBbNtG7T9lc7U4Dx8XFZS+TNaA=,WdK+qAO5qgQjiHx3dMJZIZvHVAUKbcvx/VB3Y75m9F0=,o57bOEJYlB+l/MVaSW3bW2oBxK7z0myGn896hqVZLg==,HD21p5w+BDw1NlvYvhKymsDWY5zuqbobKqYGayt7,RMGZ+nJJVTSN11Mrx7iza1W1d6OoTNQUdmsvPGzrz74=,RtYJY7N9YNyxTIehT4NfDyKftU1Cu5jZZUkO6caMjWI=,c6Jlah1R7fd/8PREhfbu/WGh+aJSgwib94AcpFZp
l3OBqdCdQA4QV3/1lYaiuHA13s9V8YN6cTXVZtAjnbxKxg==,OY/QaKL8lfvS+ckpvE4xmttu6OFiXr/ryzO8DnnUG1i4wJAnDQ==,SYUHo/lhbezNO/3OOkzkZW5yQkFE40poLGQ7f2KSCYUc9scRYIwpJcjGMjXufwI=,K8K70u6uihw1sVmV1SdeevkVJrnxhreEh7Khj07CObM=,q1aHqitO4A8HuXPLPbxicdUavghKCnr2TkpYYVUcgQ==,JjkvRZXFNJ59KKO8raaTXsCZZN7NXy0SqHX4UpAq,yT/9DCl/bUZVB5VgnbP5xr6IAPJlV3+F5SUI7qmKylw=,2j0QH8cyB6emTNrMOzNwwLwNg5prK2kiyp3BvVYMS2Q=,St4Le9xv63K03uIx7vARCmDPzW6OAl5L1KvdcZSs
cdrx79WWJ7XToBfKJGapU4QY2YULCJAlyNljL9Fv8fSiVA==,FA7rSjIvtb8rLVLpLZHr4RCkC+8Oqis81xstJnbkVAvL67IWxw==,1Dh0AVFBzQROnYmiOa+ht8d7IifBrT3D9+bbdJCxolBF6M/sUSR3Kv0oYZP5iTA=,xHZsc8L3Al6NvIXs/ifvSrwkeS6aQz6fIRtLSHL0NS0=,QqUACIUzQrRX9gGkySj08o89Y8AljiQ+tqN0DafZJQ==,isgrTJBS2w9PCTVN7dy+fDzXrKLYW7J5T8jaiPNu,gMPYeeIMS7I167goRtFLov9cMS2GJlpgaSvHwIcyAsA=,xvE34sQ1hwkX5TJ+1PVIZC1GfKp5ObWuV6dJZsSOCAY=,ombQsITbCfDT7XuZYGCNDWJ6xpT6kKtCs/pQiwPD
i2et/DjgRvV6zJAHCAXKnVJexzMVj5louM6kXQbX9iN2lg==,Y8gN3KowxaucH9sPDnl56yVbnwLVV0bxHbHkQgCiLo2XX98S3w==,36NC/imFAgnI4GsVYile5PwsxnT9StYzzGp7EWAwsQ0rz3H1TXDCVad01B/m+SY=,26QcM6KsUBG+16VTUDCYvSxO82LQ1y3oEvxul+ixusk=,qY8jjCjPU64XzrCZDFc/07dYpkEVpcLr903IbmL/8w==,0wEBT4b9gTc8wUjLofnl85AVkoLdFyBnzl7P7zwg,vIFwCgYhjde7EyXqwSqg+IWgq5svC3CdTOM1AjA1qfI=,OdOrZAW379t6nI5fN73/GpNgv10kVcU5Z7/gStWztNA=,7al13K+udD26gsPriu3GsTItfCrvSfv6QKN6HN0o
Z14KFYC185sbm0v2otvUJysQccNC7aqXJQ2Ngn0O3LoyxA==,tTYBxtJXJnAN767raWclqXl3sFIvguiI/OkQzZWdVeCSJfQN4g==,gNBgHXGLqkRpTWVZPlV2acDVN7B8expqAA3WZZqNdCA/2wwACGcUYfOx+ZOXCe0=,wmDiN+K0Q1He+eSanVEehFC6exVHywxizrHWVwZWEAU=,SF92N8sSz7xyyvc+/v1GdJmbx1KVTX9FhQIcl6aI9g==,80m7cVrhLRHxKk7udKqAjM2ORrtyMe6+d50X117Y,oxMoYH0YND2BvPz9wD+9wKTmx7ebnTVnJ3y7onvaL9g=,P3bBFqSR6uMZn5GoTVppSAGCB5gSlNGYQQfgvwI9ObI=,VMbZLH3dDqWJHp5CM0UA77KMC6tLNa97Xd7i/yAe
h9NYMADEsIkiwIiGFFasYIBaH90XVp9KLI9GThTwvfpemA==,F/B2HkXzs8pnPdRkrT1T83Q/5iFBk8AMkswmGd8xPan5fycUqQ==,cnFoXKDE6ZbE2dot/iYN/5tMb0h61dVFAcxuDpV3+4XF1/y5l53OEl2BQZUB8xg=,WzbqL0/NXwVygLfpMaqcfdDXx2oAoyqeUugjweTzaxA=,9ZAiihN6BRvToHFmYTXrUtbAg1nBe0WOx1zPjrwHLg==,Y6T+eXXgbpmrlp3P5wyB8Jnp1aEkoAPwvpDllY3x,oGIJH+HxBq+FPuezfgZr5TGv7RrdNEsgSNRpMjZ3J14=,GQGExLvpAS+22TmavmY+RfeBx2CZjTJKPbpj/sCpmS8=,DSNgjtOWI/GOrGxkaJls5sf6p11m2o320dl7D4Jj
q4GMbXrp9tU6U/3f3UElnRvK9VW9Jzih7siPc/5jIqtUBQ==,BCGC/2x0aRUecVpyZBLiNzixoqf5Ii9wqR24z7V1OU1o9xjZ/Q==,GieAa+sj6nYiyFI0+m+o/QDPG/WRao2NlvXjFK+KOzOpWPqhhkXyavzoYNCx2+0=,cRmn5RSdyEOVjBwqp5UwAazebYkXIRa4VCIYdEcipJk=,eqBFDadwdC5y5tEM69hSND1Nd3WBUqsCh4qtXybd7Q==,nYnFXd00GMipq1a13zgjLCBgEB60xccoGNlJleAS,NKkXt3InG0MPDsQMW/UOsSIzmolQmxSxrDhB2VQUEck=,hWKbXZdCHUl14mxchGWdFhOQIqhYvKemBSd1/jrt4gQ=,LQ9SPpko1SnszUwt7najz2/oebSDVoV7YYUty4HW
ss+T209wLTojlS2aJIb1TA497xKuYF34U6UHDPBvDiFXkw==,KSiVbdkWwbNG4vNAw92fsd0ZIuwXBnlxNQulEzJbp3FanaA3ng==,YocA/rVmXLloco45ujHOwi3YoSoDHZfZwFVmeH+zqT53EumvFWvyr9iU5eqcc+A=,cY+76ECVTo86eP73bD6TYsuZ1qE1z+Rm9C1wj479bGI=,LAD/1gs77XN4JOyOrtIDLuNzJvbA9wXeqUPA2Ndq+g==,uL7g4haNFZlJEe8iEZlv5QmMB8STFQ9kK79qX5VP,Th0Ap10LR01LAN0WsrBDPzSjTtwKje5oWas8Wr+D5pk=,NVddSmltdRlRlZH2XaJ4x0BouNVq+MZ+a0pneQsgG/g=,B0clUiwQt7dOmjjs3TXnGON/FQ1W5nRN6ukYQHGO
Ri4aUAF1shi5Tm1Qy6xV8jmF7nsy1LH8rDe4MXKjEZX9vQ==,5UzKvfgCE6CQ33p/dEi9IwinNPFG8Psfx3acJcR9l9Nu0YIjhQ==,Ab7+TXlChkvAKergfmXQI1eZj4/4qaPgE/gqGmV2doQ8Sb59Dg0cGaNKlZ1Upr0=,yWMsuvdpXCZiOiPsLFYdJ3gFMCYjtVkfFCSHps9VRpk=,RFiQqZxz94om3bUbHTiXZEsJAe6H9f5t/OssBaMQHA==,2/mOAnNnV27+0+F7xypxAvEY0O+lg6Q+6fpXxm38,7Aj8HX9cin9x2yiN8G/5BzB3Rjlo4kGBlIFSEhj/rHQ=,UQMiXNrZ261joMsH+RdrbYqmLpFy6Ltjsgn3T19mIFo=,a8i3/qXbbRRhMFFNwMgkJuHOe7R1DLnRlkNuBgpx
oMY9kPPdZXv20QtqWjYAJnx4jp682vIzMcMOpsXKI3aLTw==,cbMZOUgK/f3zXkcbxeniU90BBh7+kL8TArQma/QwnIHJU6uZJw==,UFjYE/Jq+UYsMe69GA9hJRU/CY2QmEVblr8XM3lzRG4t3R9iT2RFN8Y71/9rMAw=,/+sM/Kj5su/gBgtYGt9w1AGXOMEnhii0FSUrsFlbmOE=,GiaS/U92n8Sn8VHACHaQZhQMKAd9zUJCDx6XZRmu9Q==,hsxcFlyUUdMPhr7rooJedU40qr/NQk8bhwJ6AK0e,aF6407oGO1pYGbfvh+c5QfuDyv1M0PeSpMGqEmuNuOg=,mdtz4cPc5UraUnlQIWRg3+WQT8EqZX7Is8WuHscWJEQ=,G3uf26tOTwvGO8R8ZtUcoSDxN6TMvw5+uFnqS1Oj
FUe/Cq1eJpUVtFWrRNpSiN2FpXiyGgCm1Dw6PfbXnf5dQw==,OUcwpm1JKHijrn8PB1RvutNCEAr/+0UEqrZUeJECiq2jh4jiXg==,7LS8qto0tXUjyzEisd4TivMuZYfAw29iytaSM0EQft0HJ+7KD8qxCnupWqsN5GY=,ehCLLXiRsd8VSH+8lGXZyANI/iIQvxGV3MoNpJf2c4c=,Xm4Obk4zINc53TBOXJliZQbrPoP7qSJN4LNcNx/P8w==,Aa1MT1SH02TnuIGVbXtWhdzbZ6Utxdj4JMmedNd+,dQ6ZTD7q+3xpJkS7VlEFQR1TqzjZLAY9qEnPRltpW+Q=,TTClw6YqAUXvI+6/cUOiFFiVrxg7d0/YmSFwN7hCoc0=,57MfHb+CuiEdfIRY4jFLiD4/mITPTiWtAtzbN4CU
Wm/K17bL4PSDR/c+GONc38DRFF2cY99kmdJ4opFyaqraLw==,dskICeefzovdKjMrV6Cx7AGUs51YW4oQOQTaf2ZvYQMZVKpKzg==,PJIGcMsOEggkgovs+udHW3aSIfssGkall5UWpocczNQdMAWsToNsSi6ZGYtStZ4=,ir+WuI8VCO3IZOruvhuUBIiN2G7TIOF29elcy/3awf0=,LPp9TS3JUiegDY6PkGx6ihxF8Flr7G8wJvBWTkpheQ==,HfZfAXLIWlHcuA4u8sM6Mr5vm3uy0kK3lb1rELZF,O1/QBAjgMnXG4JaySJITuAxRBu34ldLThJzUerS6o1U=,Z3uhBlC8oTwzudKO2DPRkv2umlHunlLUTgGR8G+7njQ=,nMenLIxcfWtq21AqZfq5hHx+f3hF99fbl4tZqPov
GmmzZ2L+E9qPqZftA9VwLJT0OvvFdBPyaYhSbpsOia396w==,uwwdT9rC/46NUhXkP2bSEW7vAzVg59lrtilflnC/04j3cbHIHQ==,Sq6Jbyg/0EsHzdOccZdAry8GEI9KRTCbQbj/Th7ZPn8+RFwDv9MRAmfxcu17qVk=,ziGKwMsk5XKc/Gs0bNtRFYSjSIv8XEsHjTrbCYqfdL8=,r/1qN/Ik3n06Gp36ZJzk53k0ZU54Z4+eN+Ym1ffYZg==,ffwJPDGlhW2jzurRKN+joM7uiu3ua09u/wRMGtTp,q0arBkUrwPNyHFdS/XKs9HWCuItOWWJNs3QIjiYy2gs=,GXCZBujEBZJMp91NHVFFqSi09RMrWD9qZLdSFQaBCmQ=,phYKs2MspQ9RNOYE55C0bE72P+yZ0vQgZHfIwy8/
U7gXHNHNBpyTftVK+GpYCNpnyFfUmqUSusm7W+s8/jFVrQ==,DEK4AUJo/cna0eWaEQo59GnGKj04vPGpGl89ZGa3NeZg+4Yo5A==,XUjvweUqKvS16apv3H/S540TMwCRXjTZN4JP8lSfBpgvbWKkJDTzhYRO95DhbDA=,kUG1g+nZTjXSpaKTIEia6W1cNuSNBsByx8Gi9xsBBq4=,oIQbVHHi9Hk1mXJahg+LLlsJPv9XWoV9k7P6O8NAuA==,/tYvoWFOKWFIvrlK0lFjw5tQ1PcP1IRzpJiVMyJk,Fmao7xesUbP3F7Nx61e2CUl2tvbJQgAYKB4EIy5yozk=,9mtZM/pJJr5Gd14q9ezrtgnnuwrnd3IrhJVcY/FEkHM=,xNc85g/n9L0W7B8p+gCbRdtxYr1leQ6W9yIE4/Pr
Jtav/ccA5abjLyGkvHDlqBuAKDcREzW9BErk/DvOtc2BSQ==,srK02HNYZ6bpaj1B9E/zz2uwoze3ehBQBlrT/JE2xXkvgtEyMw==,im4IDkBxVocEpVxBA/aXiQ+D0KThKsZaaAtaNBhTVuOytrYbW/PFI0mLWjt3BWo=,dhcNU2VozWA/WH3pAR+JBWO0r89tFdV0ayMA6V/1zqQ=,nQpzuKwNN9qh41399fELKNA4dywhJ379mmcsyDzb9Q==,Uhy9jLgCVvUXcGNXkFjex5uFl383vhEpKiE2Xm+A,C5zYVyNqhbm4/ZjFSkzjixLLIEXd5g4ME/0WJKMLNPc=,vA+aTRvCRT2htwo+SBUhNOZdMyWdNH1uNL46hEw2Ll8=,OgcVxq3S4rdA/uAbO5PpKH+tqcpDr0iKI50ZKncP
h6x956pqQ/O81L741J6AS98EArypTfNyfR4J9z+1gsOktg==,AmmXmKc4UAfoN3fY3SZQMuD3wS20ifgJp/5CNYfTIWaIxlqlHQ==,WvbxpfjIqLZ9HqhyrQYMkrUzjqZ7t7YU48POVjPyo/ZsJWMcbLd1zC+7z/6eU14=,ZbWlL1WQ+c8/Bq2v4oAWyz0c7D4QPrap0k6fPAyNzj4=,mZcCU0AyS0dnHpIpLQ7aZuOa3vcBNyk/EM2FPMgt0Q==,+PB5S/jhES4GHhYqFH74K7nj9MLE83Ce5tmrG++b,BwriM5Oxdvn3ajwST34EuriKcSgPqNJ3pTBXoxWwPFw=,72TtRxPOKIxKVXM6nEEOg0QUNG596Nv4aQ1pyl0nk7w=,4aoiAKnlcWFvpyBcOtLyIHw0ftBG+nzgVhN24akB
J45AgRCJZvP7lwUlqHaJuECnADU/QYfY9AazoLqusipFdQ==,+zyIk7yITMse/10G6tcqhjopkeuD6xVrzDQ2h+QPAlydlzQbYw==,wIYUTh6PfUUJlHwxwRL+HGYBOwv5XihttkBHiqvPWIao3ATZcHuDBHREKkfPNpw=,Ri5SAewhWZKemxvQuhQtZEWyl+kgtyYzaf2JBFQlI+Q=,CjTO8cix4vA2QxKeG70V4K+jI5bdgQCaNfTrhQRWtg==,BbTV/55mNGqMZSw4AbX+C/KltxeXW/eU+8C6s2lw,lDGTzW1AukOjAe45lW8kB0CTm5B0R5junQXN3T8srE4=,vvdxDd1e7PpI4wrzIUgYurOE5R0IVRc9+l3CZxc2e7c=,3UwQVAMwZSy2jEEU73lzEVHXIZpHZ5QxjszVkou+
j0VEflXHTXqVbSCMsVwDwRpgO9LxCD8H4ISvZi8iV2WZUw==,aHHn6rO8eOJiSYxY35jsGDcbToqbz6HZasfFDkEIzCzQlEXe2Q==,aTlmSV7ScD+WEFvWcBVQoC58xpy6eIV4BXcDR+SpqAVrefpYclnMt7HuwLkvmHg=,Ok7WA30cguAzXgDouUX5KzpyIbENo3317RRvsSM8aqs=,XGNOm2lQlDzL+TMrdRsCAAgJDR6PN7VUaKt1GZ1vZA==,yMnktTEXxoT8DS6Vsw9D6D9/9oVci9xAC4pFKZIx,NuMpJRtNCIFNht00thEyAweQb/XmbXheUVjRj7BKcDs=,PMmIvR2LquTgwNzLgfklEVTsE3UdQRQ69qbeBL3I67U=,YnmMR3OPlgeZgS64T+O/mhae/O4fW0yjPUSiAjzX
/WdPNg12UA12Y7x10XmLpMzcVm1SrbLonZY8hmumsnbiog==,KbE6H9oz8qtC8JoUKwJYqcG2mwPFW85ZM2AzkLDPkYwbLS1MZQ==,GyU5PG8NqScxijk+QuQh2wzgVnuldcY1zxiHPK78JjcVj+6tGLgHybYNyVc6mqo=,yMbK4NdPilITAGg1zxCmnfUGdOLSFI0P5ekF2aMZtLU=,js/T8FR3RwaUUD+VyuZnCSSWiRl8rBvJPJAAfyvKKw==,BT/3iHnlfygCzX5PdAwsx7NX8EUmA+79wm4nfVyj,khKBQwU3X88ThbEXhbsnhgrkwYSmsFDEkxnhDAe/PXY=,Nl19TnVTZdnbjFvuXkSifa5LU5SXWb28yYJ6urwsH58=,fKkyRGl/PV0vJ6JcstIGGUk28O6gFf22BvKLolU0
PH558OelkMAGLusICWENQT5QvYcI26v2D4DKoZX3MEI67A==,gDxIfMdDwbAMQ19rYbO9abg703Phd89lhdrxPelkw3SAK4HH9w==,j2y8gaen+4jkm+Bh2OuxFIIs5NMPFISCiuR3qut4/Q1rA/VB8u8JNt0TufaDelg=,7M6ov/y9DjNQsouV5OPx8HhiV3WrjqiKl5mFF1QifTE=,07EEeUr+bKCc7mLH+I9xQunOAAYz2Bvkwn4FLmVmwg==,qVO+/eyasaKVTqyDuYchiHVEA0/kN2g6VyDFSJGO,3U5Z/BIh5cI8XX8pJOV9YQDKw+MtmPx3PfGoWqvGokw=,KIj2VgsJvnwwTx/YMabxZeOx1cpkd8ROlI8DNvgyQ4w=,LaFQyUFOtlyAswkVMV2HwwfNX0OWX40HKXWp6cdi
27bAUwdbWirzuH/oI/vmz0hnWNtFYLU0X1TQGQX0hfv3hw==,JoxeN9n4aa4V9Y3AB5g2+T6huEHBvsqit3wJdkaCiBME7GPkdw==,44SkHNZgvDZt4NWzkOnrdtnoqQ/IcMrf33262zRorCjHMX8Nf2uLlPCXtPDOy2k=,fRp1e1u1zrnf6gnvg449wG2l9zSQE6hczlZpTy7/FFE=,qQwTmPRbozdoLO2MNk3BryHI6WrQ8hHOKQvWnKZTPw==,RhpGhh2eOVx/t4TFF6DTFplM52n5onSRddyJd77Q,h8rdmxV2fsq/btiE19HWAOUXOAuLDm2D8SL3oGEmO0g=,l/SyoBrnhpVi58uI61JEcNzpwxGzRLSznXW+/gK09yI=,Xc5gUz08ezMFQnClsp0NjUqVjtIu59kX4zNQiK87
fmGA7sxpXmJgpUO8NcwED1SAPqvDYjrzZ+WfHPrI3ZMIcw==,6r4CdsSMPa2TmWUjqxT15mA60rhsksA6H6RdbYzajgXZ+641iw==,2qtXUt6yUl14BP6U96Onn8iLDF4TM6hQKtxoE4/NSuUj4VmB8fSOKOnv1nIm53w=,bESuM1X9t4Ag6XbWtXfzvDKdrGodLDMvReJjR7mld3U=,ExOrIC0DvAX1tpm+dKFl5G35cB/AqH8ObIDjVcOpGg==,5c8QohHT001fJzfATZ14AMEj/ZIayqTyiTY5mQw3,WKjvrqBgrNWJU8dcrzZerEKQohOs/0SpvvZfTl7e5ww=,wweXwxBWqijio4TtB639mrqmB/xAZQdzmzKAC39taoA=,ktumJZujGn9RWaDrgmINzbRWUrT9hT5LfNFbmyBb
0JBTsZtI36yu40QHw39WX2qE6nE56h2P14AOFELDa0Gf/Q==,Wgy/0PWLkWSTOQ0lGqqVuAqbDfP3N7L7YYx9niNSpa04zWLx1Q==,lwQ1QuJV8GuYoGuYVaW29SD02GW/QTQrMpYUhwSmjNB6BpdrfhdXX63RRgMFKoE=,6tCCJKxCg1X4R/lejnt1aRtZ5K2mUtn8zryFBTBII2c=,NRwDeHKDpQUzMUJetuJ76lqLeJER+ZUfId0G4ci/WA==,hsSjGBHEbTJgpKOGhJH26GbzDT1dXn19dEG2H+u/,CPyTpLoVEOhI8B4QXzhLdKlAywZSrXnVc795IXy00RA=,EUDb9VFeL5b+pP9oomlchT0rZx++xHYKl2AHKy7qCpw=,9BQJcgx/ala0NNP1fUSoVPxICLzPHnOrw002cu46
Ncbu22jos5iNit+0YC7m+EoI3RjA+IrzJzUHJsMnBxNmFw==,tIDLv4M2nDE1PHlqk395LQ6X7sM/aAjmLchv/Udeb9i6LS0VvQ==,WQ9Dxta4WutZUUeoLzM9xdqpRH1irIZEWMPfHdx0EpNt8LMd56Uz4HMsos02rsQ=,FnSFR5f2HMS+ygVxsotO3IkJzTzuQkrqBGhSx/Ks1F8=,QKlB+QzKAc+sM9J4XREhMXGVoHbqJb63o6uMURLWSQ==,hnpsvB4r3HLeRJzwleAwWgNZ7RjbaqpcSt6oBJwy,dP8qAsS9IqzncbxqkPXnEoXEc5+Th4RHEy4+que3zq0=,fQ+lzBOO1e9fyQ+o/CWcIyRm3TBA8IcPDS594fEr6wc=,7aEViJF7GYS5gJKzFfOq1R+pyJTIoHTjIBskOkTh
i8MYVxEtfPEqoM39YqCKwsBM7v5QPwEEOZLFkbT2LN1KCg==,wO1uGhgcto0R83SKAJ8imxzmHeq2vhIUi5N54XU4Mfoqnm42mw==,gsupd4wjGlVtdDwHzTWgCCIHoMbdLxBXm1QV1feN+F/qsUUsXu646i9exEky+TQ=,HZ6yBNA4ot91jC0kP2nc/6n93Gzl3SCQ+2H8ZpyU05k=,QTHhCna97+BY8eUzU2A9IgP+dGA01UjsKSNnLnwTwQ==,2MMqU6skS6P14stj/sSXSa+OHVnJkBBPI7P9dQkM,cluz60H3042UZEzUYs2sx4IsoQWo4HUGjgUZvrw8mgQ=,2D4bPoZQOSNntAbSoMc1qdRif90R0w5lEOEaO7Zqi+Y=,FKENcUjZjovbsHx8Zlr3Tum43q9i0/45H0xYG2fQ
jqIhHOHFm5g2VZYZZOMNOJpD+bg3iIBNdyljeyH+K9/4bA==,J/ZZxPkYIhadR65YRvJFtARFH2t7UBRv/PWWVd/LJLVGaHy1iA==,mfV3qSr0kih8X0vxT6uijH3GP8skz76Ep78uop3y4iQk2JiWdVkO03NmPYOhvGE=,FxCoUqWNDTOTR3IDh1DgILyTTmNwofGxsPg/TSZYyd0=,pjjclubmiHKjI7Xxf0lyaoKp/fwVIt/P1/+JjZS7cQ==,M5POm+UzBdrsO0c5SoaITGoFzxuUVeXFp2bbe/j3,mKmA6855uPFbio+mu7SC33Q9PsKYghKEcJGwys540b8=,2rPPPVqPz33JWhuUrAz4DhTAT9bQ2+TY6gfIZeuvwUU=,+wGcGmpquH2Jijl3nyAcoz4qURkcU6/zLOTeL1ng
sUi3XNWEhP+k1XDILpmDFJ5agAL832YL7nEQaYh313U1lw==,gjpRVvxnpBH7Y078F7fTmx0GnMieP2HQQNj+Zb9UE7jwFh7Tew==,ERL8qCEslwIqe4Kpi6QP3rwhSsG/Kuo1BXidizuMtKr2H1CKWVbOl53NMXbfxYM=,WyrpSdBpckM3tPx4P3pP17a/QqL/EJtdFtnNvhyOz8I=,Iyvs74k49pn0ahYH7TujAbtvzWZqz9dTjSJLg2yRsA==,hQF6pUBUdG5gxeHKZuKeRgTOiTNRvLnM9TIv87rR,JwWWQW2Fd5Ksb6gMrvPVlFkuaxDBQgS1UTW8Bmm+oiw=,hzYe3x+xZQraEAZLpg6mt9uOfwaXvxh93o4lLkOb3i8=,/CBk2z80Fwk6oX7j4hDvDYFCe/EAv6oK2NoEv2yj
Y26dfnoeUQcbPyrRaqxqae+tgPfOIq6OmHMqpPEj5JwvzA==,Lvdl7vYfVvVXTNEqI8utJPibD0K3xSNyH5I1NwgWyU7FovrmvQ==,0qYeKlbHTwBZbEVupWodWNLK4kElzsK8ibSRsjK9dDmlS3p8WuO134JF78MtqEI=,IY2TQqr2vMP2djub6FUuQZF234Za/7FHClwrHSCDQN8=,B+AxjiVvtZuHsPQ6wwndTIPq4+FaaL45oMGCEBB/bg==,ZNiEggk+TI9a9uC7zCY3FqXTpwFe3DZzq2ZnkWn4,Ibeo8nJsxzH1sdNNSzf0OWTpGraKt7j2tc36V3YN4zg=,00mFDNmvq7cKSelrVy4ptrh+48G8tRq9bqwnQuuiNcA=,ROh2g31rbUgywgycMSU9Jfl03MVmeG8N9DWY3Eah
ye6vHFh6JyvhntRLoxBp3dKvAueXAPAd4iKN2y6gnp3k0w==,eneYZaqfFlC8Jv8ddFm2z7uydLtlVG+esd6PsYx1XRxdPvQ8XQ==,IMpchcyIgbUT7LCG+YpRlBd89Y/wadsMgt2hp5p3wJSoVVPB2E1Mb0h5WFURtRA=,7GdPTPsUdUmMcKWB1OwI0dyaTVLNiZ+Yzz5zrVMe5Ss=,eC59p2eFRnbQ32S0NN88hxSyjzp+rfeTsXSNDsSpWw==,p9LuKqevNpJcHns4aNf6Btzq/LEMJZ+AG5NMZDN+,B8Xa1TQNEhy9+c1FlxNrcBWIGO3YiT+42L1r/J05r+E=,TGOv9lADcTaeGl0uwPgKKoI8+DYNtOt0xQyWFKAi8gk=,PQsuQnM4KUKV/yVq3tXelKJG0cKoW33gUZfb8FbJ
cDBJCs9YeH1ohh6w7cfqdr8PYxbSSKM+31G9K0lkjv3PDw==,X/zqV4yuf10kzpEMLSsvlFa20OMrak+fAQudfpoOpGqc8j61uw==,8tuZjK1nkMfNYD+zAPGMa1wz5jJeUkloia+pyDTpC2e6RVokGSbrqBc6xqRM0JY=,JIRRjmD2geW3cFuZRNFRM9EOoshi/LcoYYv9C3yC5mI=,w3yFTey+Qq1YlJ/2puiv+LXG+rEYBANaA6T0yckA7w==,3hzwrIorhUpFASbli7sEetEalBAzZIMtro9/rBhc,dfWZcaaLWHUNDG5+fz9IHFr30J3vgJD1zx+HH7UkS08=,Lq8eoaKNPERCqyeWZqYvMKK7mh5z9di/FfIz4JuH2bk=,D42yZ9Xcdia0Mewkct/ySrMYPLfHMy6tKEqov7ER
2ZVDN/OzXZSCm1EQ5bs8PKVLYQnD3QB+LHYu0V32TIEEuQ==,WFesBexgaze1fUEt5NcVPYBqaA4Jt7a2TOcvZeuX89SCNfd1Rg==,2F3PKgyRudYn+2qJ4pMx4LcK26OW9w+xCFGO7Tar/x9dJa8xpwycr49LRPBra4k=,M8ZJ+HxTZPfs47uhc0g3InRIr9JUn9iPzVdF6lzXRZE=,JW1n2YIbVOJF8FKSAF8vg6E9MM8FktHZ0fy4n3OTNw==,lD670/I7Fb/MUB8g7gbkTiNH1PH/HO8LORCosJls,O4UMZ6KUZKyGzWpkSRON1JNLjzSXtOMi2gkfgaY4xL4=,GSuL21CVOeuiBpHcYlVo3Fw8OqbfDdrkG0tktgY+KvQ=,tWqBjNXbjThTIFI48iXZWTZuPe1/CIJGSeATLWHc
Tw3v2/ZO4mvKHyuxFmZBZBQTA488fmJK4U6R0MLAM9J14A==,hxFswjRz/lWHgDwnak7pqm82Lqt4N3L4deqv6LwsAIBn0lTpJw==,ltBj7jbN6hqreJ8YbOJIqI4HhBi2fb84QuAbI0gyhp71B98cHcf14QmutmOR+o8=,uiChdo/+wV2TttWYIQ68emVe/slfpL/Se9C4jD0Ocak=,AUC35GrbHkXizstZrpBdVejyW0CCqxDvqJacdeqBBQ==,bSxji/xFsVNnRyptuo05CpytdeV94wInGPCM57O9,+GsCq+Ra/ZrkhdmxUiRyFJdrP0UzTia7hlENVERgRwo=,TQxOk+pFJoiwd/O0lgeQ2IJ5FFhToTzc5SlOWMgUqHI=,rBdQeX3rhDkDrT1KVNT/67IN4crBx8YoI4XedBrx
OJ93QobJfC3xDj95HXmSEd40Acj5XXACHL95Sbe1TofLXw==,/VEOYdboyN4kgDDmwEtrFcGROYHFteguJVUJjZlZNpSSxOxotw==,QheKvPM/cj66styW2g/RwxlFHLmCUObLpJEOyULH7KVceaxehge09nUHd6H9XN8=,kbcWYnZbjFo7uyR31Sm2TJzCUs3GljQ3XGxZdOruJMM=,0amMY3EcscicB8yoGHGXrVr1P57FmwdUYHKkYJVMIA==,KaHLGc5ihpmfg6dIDVkc0SGrZHNuKEHwx7hOWeBT,Pg4bzCpcB5KfNxRVGOmH2WCnQJ82MjWHox+aTFACrH0=,JXm60pKPJRhsnzKhQIKgLPRfkNtGsZu2XATTo8hFxLQ=,PX+7qKm6h56oTIvO+usFF1wnZVsW2jG6P5Bw/Tw7
AM5x5KqLUgc1Z6K0ZW+Z69kg/lDJZKS74/vy6WlyD8c4cg==,f/xB4em3+rqwYRG+/TvWBZtYDBL5unfb94hVGocf32zWUeva0w==,bCEmxlDemLcFi7nPYIQbCaMpVblZ4XiT5opmod+/9NJUSEEo/0NrQVV5vO6yjLQ=,hYZ7WknY9mD0pIPe5qKpkcU8dRCeQrF2/aVi5WZom70=,h8MDYU9ri4lsmFiVZml4Zq6LQqpY4pIhXzb3lPN10w==,CG3yHjHQU1jadUO70dMFLob6LcOT2/8xqic+L220,hGdrqFt0td2e7zHAl6/yrclYOiBw39cCi+lpLU9b9y4=,6S3W9WzgVmqEDDn8xLL6eXj9J+V68NhwD6LkuhYnI8k=,ADwKv4r/XTcrGicvDy01DE5h7JQOM94dT53K6KVg
gbNT21S/79sVQ8P6BfW0rBuCiUaLfcX9AGZ/6z9lfbYJ+A==,/gbrK98sRLG/IKDyTnpLA6uzjxyhs94Apz4WY3kdh6PWmpHyXw==,GAGXH3cKkr1dUr+TbLFmyriIYh/wnmArlIU7TLfgulEuOm/82tLI6YkZR7+wv9g=,AnvBHUFrn0U5zMa1AIy0emHldXVKqFr7jPow75hVkEs=,XqYEQ7A25Mn/Wd/l61cw0XuVm+d5OHsGlEuadQ7lRg==,2G8M67u25YGT/1G4Rr7A/4HJUawVg3UnWU45XM30,To35yoau6RDKLjQ1XjyBvCoR8DNkanqZfg77kzccUIE=,HPfYSZIg52cl3F3qRudjsZTBcT9H62XNYtoRXAvzee0=,Fg6VOJoiZV1fTXapncfW9Pjy1wHV5Klxf/J2/5qJ
9xu9mOOOJgTsvULh9KbR6zEddJXUxrfm02cCJpTdbPG2kA==,/v/RFEX3ZGl45jwPTh/J3qtohIOCUhAGKG3fqTALr8auUf1TSw==,CrRR7PsKFrKBISFRpYv3G/8/rCe2nFsyJ2aHSvS7T52ifCIEHJXHC0RtXZHA9Ic=,LOIZzow64uD7C1cG+fnASeGE6a0fUqpJAKGzwNb2j5Q=,qPrOzlBdGX+IJR61vaOtELa3d/2A+Oxd2aaL1JJyXw==,/ifR0ETbPmbgT4QSfK82JXmSInjPl4m/OVXrT95W,PSk0B5TlpN6j1+TVvSL4C/f5TUya1p7qI5yuRZrUZAQ=,AI+dGbNn9OW0CXP7fAsVw3ASQdIjmZLyYsLA9NPggW4=,2UyZcvVQGccsV24icXt924lJpcVLhH/S+k3W0Ph4
DHb1BY0evsK7k9Q906tAZ1BV8nO2QbLoAjxhz9N543drvg==,xTAjrR46/UCw/0LS1b+8Fb6XNdc/D+NEFAnKM0MmdVBDQsKZsA==,S+KTnDvoAdVBDZZk6foBDdzFQrxjtl7DcIWQldwlxMCoNrdqg+/+CF4nhCxXS4o=,JqhnY98MVlAhYNqOz/gbOZ+y8AZquXWSkRLUsb/q1HU=,ZUVJ9coK9r3PYBcIW762uHl1qxtYt5HqgIvsQ/Qf6Q==,YuqHo8upOZpB1yRSCVt13/pFdYTN2F1IKpnGM4Oj,eWwpgplqzvydkd+hXbE/Yd5Q5qLi8oT63z4g4YbCetA=,H8Le6hGSme9S/s7T8TW6ThDz/eY76EQVKAs2x78rfgg=,eMNsAtmYoif1LU61BhajhXy4MMbtbByHjJlw/u/d
1hLNf2wpWwp0de/XVg/ZoKfW8mnNzIor8accNuHbneuhug==,lqhPrwW5P5h0mwB2GmYPiUXmYKnW+2H1mkg4KGUPNRVcWObyWA==,0LGlhB9XIHonE2u+VZcmCVji/dt7oHA/CxuHjfeVJv8sJtslOz1fYy7tmbksWHg=,6/8GwcEemU6bDjX3g/6Zpap4moIqarhNr0PoVGYYjEg=,w77MG0k4TAGuMAqtt+VNeXrRtRfToIk+daGrIh2jSQ==,8jh/a6cFXgB7Bt5YGi3D7Bud8Hv9FtDLzT400ylM,7BZHV4FcFWeIz5tqL5j1DyOWCTZEaD+PelrpvGV07ys=,cTanJFoAHfa+W78rRE5pnN90IluCG3oMKLn6dTZNvoU=,yCBkd6CgHcPd2nXiNasQUZSA8AgkFYOVXXUN2Y6R
Sb/FHhHmw4OzTaUgLVxZVX3lSjkHLN0OJ5MVAd551QchTA==,EWbPwF8ddnXS725ogcFiNzfeJMPUQ1osJyhKPZOgIkIrA526hg==,z3RJlQQDP2GYiPivVUiSaD23miRgrGUZGJ+suQUkrLkZH2T1UT9S5DhnU5gdMgk=,0ffHkF2liiTaCVa+kW5Ptb6xvIbCjvaK7243cuVVgkQ=,Qyc9JyWBpwgVFQUen61Z8DRSTUy6jtOBULnivbH1Uw==,w6L6Pl3Nudf4rE6l/XZokuucZfs6Np+EfZcyDX19,tFV/vpY7B34mDlz6L1Nisgp1tmY9iOYWJsPIDj2BOPM=,TqrCjkXhx5vBF+IMSkoxQZmFkACKK7IMHfmii4UPzfM=,8uH53oiqmwiC9ac/TdC/sz+4a6mrpX3794jOnj6E
DZUOC+y0v7T/Nx15VMmObCVLFnOtskmWL2FGbhE7Y14a8w==,Q70yGO1nq/44u0osk3+Gdy+jgV8vmcRzdWtMf8tNvFPcrgxZFA==,/fACJe17L42h9hDrkkBoRmFTjI2OdidrQ0+CoTN7YQO0IW+HpMOVn/iqq8LXlLE=,pd5yRq78PPIzC8MFe1KssnN1nXMIuMtN4WcsYZDYniI=,nyQgkj+XWWOfkBk94hyKAq+nyZ2E3hDUBPogzNCL2w==,maKQGExWDrqLrYcxqYxx/OBjQPd7qeXCuCPA4cNl,s0h8+CkEZyC2NBjBI7qU9Itcpl7rtl7g9waVU5gmUKI=,ejL86vjLMmILv99LtatPOXQeLGi3g0+odHkXzGLYWnQ=,f3Pxc54dkUcjbRpqaCzO/TYGZbmEfYQ6KWc/zSEc
2h+bEOBuT55Ajym/1ITMqvmfaJzwV7K9zHslYLGT9rKxiw==,9z1c7IIJ+gauEIfSNFl0i2patsd29zo8cxTtLogKEXiPlnFvOA==,Y2QFOB281ekKQtWDHIXt8D5Hy0TpPZWsJmKwmyT+Hl3Ie7pX2eZ2YXoWh6nub0g=,o1idcUrfQurE6yQi6kXeygV81/kmwkphhxwXrxtnGcY=,LjjXqRlo/I3oI0Q3Rq7DTaQcDMVSkX7aoaA/11DQAg==,r0ykI/oV4f6OjhReRa/wAImOc3QOyvdNb4bmz0Mv,aDyYZ5+WQ7oI0xaXkrwFJRMI0Q6FBvKkxM8u3t5k5xM=,puxRvX27XggWMvTA4yprAT12V+HAzqhAAPngh+mx6zA=,ux3UcUkPnW008lyT8BTPQYJ8fMSd3U4iMqYQUTa9
V9LfHjovKuzntN9qkHrTbwQ8CwvIvCvcOYrh0RZZaKR3Ig==,perV/IW43ba2GwgMeQYJ6wW/OOLtY07tHqyMHWgTyJCOhFugLA==,5h4xFpJQRVI+EW76AF270EVsbbM+qOyaeKr5r66u9JbucecEj6wMTxK091edito=,QpNSs1cfYiZ+QvxI+3zPmBgmn2x9peAzgOPe3KClrPA=,W0ni0ev6RdYsuZp5fbY+RB9K8pKknaNieN3zXo785A==,a6oxMctIice81zHXY/9Moez2mBqsoZuN2qQDocJ2,PQrCztchpagg8BKcIprHYBaRUfl8oduGHrYUHN2diSg=,Nhxc6a4kssrtB3MVzOvJCnlwzry4yyMTthp4L6HAc3w=,UwEaW5lzbhLYgGEzPS4IW9mEfjRLm35J0KerGrcG
Nfjn09RST88fZK8rWUrXok5kBMd7FQHc2MMiflVcAL01eA==,JXT9B7oSz+LzFZsoEzWaq1KTci2azWqe+vgccKk+nXF5Gj2Kgw==,v5pZKPen+GWHl0vzCQayW7J6E5xurow04sLQ6smvU8xaJp8lYg+rRJpgJuqlLJc=,88eMppggyWVAzizJT+J+t2T98SIOPQY5uQqWDcY72xA=,RvG5zY7GCDE3diIn+B6DYUQ1MDlaT8uy7N21nA6HdQ==,fp9GA/s/7d8KMAJtb0KCE2jkAtZg0LL8vzL7Dmki,RXT7oewnW/z6vCPZyWn5MzBeJRQMHlWU2eyudntXx7M=,1pbKP5DAjZr/u/XhxuKAyv7wBMMuQR44DsfdR54zvig=,SoUUE7e9WJsBr2Z6w0bcIC4QPglESJsUEy115QTI
UViz/fHXoFZeI6DVcqgTUO8ccwYW8lemd/8NGDXOw5grzw==,jgm1N+Qn8QAIF+/MctlV5grUKUdLPZhRzZaNYMun7nLFIIV4QA==,1y0Wt5D/kM0W/tVW5+5Tj2w8P+1aXW6dj7dbfo+UH0SXdkXKAqjIvhtBYvPxSWE=,iBsXjOcpacUHm6JojHSm3bh/CceWXl+/FUtqklV/CgY=,8pmFpFlsRATl2hrhXAbgymoykAxhiCUg5wlzl+EflA==,78CFDxZxvXj9NyHxSPxrothd3mlMLQM/SouNcMv6,i+Y6Kw4MuUO3/UtVUCrommnzq+eotGsD4/G5grc1gXo=,nPNF774wXXhyjRiV6XuLV6PRmGV+oU52ClUR8yPz6b8=,nRmrOOeb6/r05/bCsEcpdJ1flPa34i26XpTMqMX/
NZ89oxqUl2JGoPlzqbt94e9H9PJrgenlbSOB+LzK2gS7qA==,cN9RNlHxzBOZ1kiHL1sJc97AywZi4KEFZTQZdq8+eBUaEyZxAg==,RI/fX+9zai9valVUVOKxqEJa2CzYZG4DGAs74Fa1wlth04JXNDg5a0JLApnCQGs=,bbc6eCEZAGVUgK+7Zcz642E6fOTwR546z+tkrvGkQ9k=,2LV7ih/5jjLw6hehIU98794R5YhyRdmgXHS6mdHtnQ==,Mkhx05d0vvt2PcKj2eYl62R5CwOZeVEBTsgp1BEZ,XIGMr6BKntzSJAlU1US13/iuMFAbjcoSZS3uHR+zVHo=,BVdxzHBhD9v+kHOBfs8YHfopD8Ra7WRBnsl8m14wazo=,ueRGY+CEqfcmWNc5Wu0vayMV+mJiqPD44b6kf7mN
ujLRV7PV6Wopc+5yLWM3CspKOYRnni8xOKV2zmSIsMSWHA==,jZ198EuGhzAf/SqNmGn7n4l9IeN1Fwsi7OhHnTVj+a+NX5+5Rw==,uuNxivffZrqSo1zHVIfsBwswkdnTxN1fUYjBC76SXTCaEfvVCgyxDb9oT4I1VzQ=,dq3GkbNjdGUWn3/M7iu182nXHsSJ1EViti4GewQrhEM=,bWXyrtQz2760Q0rlIiVLDLs+ryvqR5LqP3oN9cbB1Q==,1OrJh6fTZL1PS45gcnv95KLR2LJQYZJvdIEf5mMy,xMizK9K88Jxu/w6XwYtk7RZCGRioVF7j9S8U1VIAxPCX,9ehURDh59nqMiTzZ/sv95Hmz6Z8/3reBhJt6JSsvO/w=,YbtRHgHlZHIGNBU56WKc4vM4EjJokbVIlf1j/qCh
nc45IKCmvCthYeEocII0QQyXHwDugCns2GRGtU9RMox/3w==,KrQhvoJXUt6x4ylG0q08lBWko+bHHX6uASvY9WSNXdGbsWxdQw==,iVwEIIhQY3sYcQAspz3Z7yXJPQQ0e6QjnDnfJQi+pjYE33L8tpDad/FNL3OMjaU=,aM0WqnSzS2GMdMQlOqd7Y4ooNGneHBsFohykYnvTbIQ=,waAV9eLbMudWLpkRU+sZTZfnnkDgvahAjxQ6CE13sA==,9a3A+Zs+HJeI0dZtozOCZpmA9vW7116quZOHhw1A,g9Ra0fjG1TESccvGLDWiLw/18Ax7jhKrznzSY3y9Qn4=,g9qL61KdjyZ0goaMDTg4SiuLbmcvJV5y8s0Vp2NdkIw=,4hUOlghLNo9/cu401AOjnKaiYQWf+PLHi1pAVAR5
QFuiYvoUeNKgYhPa5VBfgoSjLVOWRLRHSS6Dfu+HsGE+aA==,/udIVGUIE0OjnLuLE3zYec1+WFgajonW0vievu/D616SixfvMg==,9gUe453uamNxPBFQa+NAAeySuxJ1rYgQVLFBzf3zpfw1ZbKEs0rQ5r8ro3/lo4M=,FBJWrNXcxU9vllNq1N8KwAA8WNne2/mulAfkfrgiWuI=,yPXcqz2WPL/mEb/xcWkdEUeR9QQ9sE8/tb/dXmk/JQ==,WOX9cCkXKiM0AKJQYwfbnoYrC4yeIVggmPdA7Vw4,TNR+tQmsdUzhPm2ebLyPGZU+5f19QkLb1xmj3NR2ANc=,mNG05PAZStZkthwiDa0fXIVtA8g/3+sr+6cKYsl+03w=,RkS6sgvy6QlIrlUfyhHuA4rbpM17vKjNHX2xpG9y
blKpRFglZ2o6dTLaENdfBP0/0xrk98X83NruFA8LrInZ5g==,hOkUYg+BiwEo/7L5qdf/PXPzc5sp+CTuHJw66cs+acLFCjdA0g==,xOkxzrXnff6CTocKa/04FV5GHZIzdK/+CHE2bxuQWBDUGICCwiWLAq+CBWrd1Qs=,dMOy+wSLfGsfuprV3NMLPAjtO7Chh0d7TtU3ihm33Ck=,fRjYQsBXjmnOecN0piRhF1JEBarCLCGh71pj2ITzlg==,U1LLgQMh1F1OjB8D+gMrj0WR22LGqRhZz6VclsP2,EjHIF3mcw5FqyM+W2rPpoj+l59uBtocD1nr5ocr7V9E=,tO0nfFmVUc5vl2Vv2GMBrd2nVJtCJXtSK+VV3+j9nng=,gT/cFiYvjWpagVFD2W12przV6vIInJJD77PS83bs
mkZEndrW99SHM/Oz/syYKb2t6/9mKtf2d7OPQ1uh4MtlMw==,VvBkU9botTfTIthoToH9VpOmTongtayP5Y70HNkeBks3xyuzcw==,q7+tHnMpOhrKj6TahuU/qEpCQvXJFbNm7HNxdFH0XYdwKWfhZkPteZNz1Ifk8Tc=,AIl5mEObg8LPP4rNDyM3t83Afnop4Bfxxuq0pG1c7pc=,M8fk4RfpTnQT3SJd0Ih0ySdQIKpeYC2XCv4zfFh86A==,xp5KCgVOjmWM4SVoY5X6ockefFSVnNiJRkSj05sb,whk1iaZPTLOBlZWC93Du1sB5yf15X6A40bOp+fD5sN0=,8IEoWW+MuBoyc21Kigehi85D2lhdtzxmxn65EurEGUQ=,bA1WOzb8BCDeEhAkijv9LTt90CvtC4GQhFi7lZzG
bDpf/r58tcbZ+mCGuXmPoSJpWNYmbjk+MX8Zdz9k+2Igqw==,wpnTutkRE/iP2zeEGVgdLlQtduJds8PgX6n+4uMefJ/57fdY8A==,WMGCx0STK7LRzU7YReLRdqIsL/86hZgRNUY9dBBcLB3ncWDTQntjUmuxiyyGvfw=,rDAHrGxIys7Taov3TffgLVEnevvSTsNg1givbGvSbQY=,BVoyaPYhzoy8AyKv9ak4mU8dkVBG7IGPvh2N31Y2kA==,P5svErUaT9PC2yXxvHuArKvld/pJ+jHEHkg+zMZT,G2M2MGB9RbgfCa7Yb0LSbzmkFbjj5KRdidX6vE+vHXk=,r4nYAgQRztM4Wis8US56so3mQhqtgMtbWX2dLAEZZhE=,5hW+9VicwaIwPIpp4wVXBegYh8a8WYgEKgEWV0xp
31M5HfoF/0eE6m6XYX2LKIqyo+o8tfgkEkNWT5lbU+KSPg==,x4O4FBcY09AOkQ3aE7ZHUFRS1cPpYcxGuWdm/3XboSvBwdfKnA==,PtKL1wJjnftidca3EP5JGr3cliN+5DKygdTNY2OmmyFfX9qfhMP2ddwfwakSJ30=,Ke+Yb9Sb9aPiZLihpfKSCcva8XsKBUIaocB5t5twx1k=,3LR59U1bz477mfWeWHfLS6SIy1A39xiId89Uj++Tuw==,VKrdxF4XZZ8mB8v0k89lQL+GW+2ihZ0OT+xrsc2a,X5G4ouDwJTSUa0GgPSCXyfaipzqSkLZVQ4typ6irJFE=,xUIWP9tx7MR2/1aqpIg2fzSowTMaozZMAA10RtZ8T8k=,PvzMoGn8s87Qtac2y5E6iuRem4JiED78NGmJRSQk
KNbRJrSateo6nag/8fHPXG2bGo6FE4uR3t++DUFmzKn9oQ==,X81fv5VekIM714P6vjjGgyvl/+56fQd/pOqSEWtT3lBRDoymgg==,o1OBwCtrkkUTPk83GGRBVyEmV5QWf4EKilbm4dsdsh8kZ5U9p5ivIyj359Qet6w=,V2SCRIK7pL5V6a81sKm+FBby1bHcH+8n4Yih+e9hHeg=,SsFtZuUToBAd7jIscmvE87//1ROTKfWAZBMhY4VhCg==,EGeL+3CRmjYKMQDnVk1IdXZk1c5aJ5DW8B9mS0OD,EX0vTDzCfyLvCOvMsk6jm0ljHLfhad6OPZS+Z3CKlb0=,81/sE906GPEKXz+jgR0spmSu5/d9fSWW+awIAseVKQU=,51w2LoLBWcgXtBT2OGzU42VZATNF8Qs/UXjxjeU1
rmoFtD8BAbj4qtBkj3IllkKKOtIAyqLnu3NwlJIWSItAkA==,xp45U1RW3yLIde1rJW0jf9mUK7PDnlkAktKOs1bBfEEosRjXFA==,DTdDeWpj73Gv4Psj9v0s9dPy4eeL0rBVejP8B4nz1GchLQSxw8mWkfQe0VST9u0=,w92noUWPrsRiQL91ZgiHSjv2sFGF+DWdZkg0QeSvrNQ=,Zfowwy0SliXRDmlIo/PnHSKLSMlaCenjZPXFSXKf6Q==,+fCKq2mQs0HhNl4v51gnNnaIpyT5Ns0NvZxe7QtG,r3IkV50XsQbLKJOiWzTp//7WuCbpyGG3Z35Hmi72LN8=,JJXJ4Yws/AIl+V9zQ3kKG4limSLfyZr7Kb1cVNQwQ2s=,9tk88uh4EnsVtQ+Vo+9323qidL6Bmssh1OdVmzXm
2ISfw5Eiwkb23GaN23Kv7wns+eGmJ+HRZfneKyCjHyWVxA==,y/jkgFyrtF8lFJqGIsBGC28eaficc2xrnh3V76ltDiqGsFT2Yg==,dkmbUEevP34yNSwQINPnzjtc+XpfKIg4bE6/0kGIEbgQIc7+d6mAmmC7suMoCKU=,T8l0lwColgJpPHCkn5kM9AmV22FZgrElsVkGijtsfe8=,Dnz6lhYvEgfvE/sviiUWE2Dcc+exQccMeNTBZxtH8w==,kCddwIaEJDEhfI6rCXtCSBDpaLkdIcQf9mZ13EO4,GKKivBtIaX0gJELx6pBb8yZjvdapbZWE36iHEsCsjpU=,qq62RdpgDNwKJT3cc4CahB/LREUJl7mA2cBdXKhFRrg=,rxLGnNo+3t3tWnXGBMq16JjC5AOmc1lDYuTQhC5N
8ZQF08r4MXeZk3hzDYb97e2HhRl58pYFwSwSoq4nGYat4A==,XIIrPzg8Brd9GjYX0Vz8CNWcBYFd8s3wmb54IAkMp4Lo2YXQ/w==,/RNXEI6jbbnSgNjRqU8uXa5/gu5WlJ9s4CYVSuNa25PaSY5t13E0Sc0WhrQHVgc=,Hw7XLgKr5GO0msy3jWDGiHy3ktufMMabambRfyNH2Sk=,TWzOfPPwejiVdTJAa7yGeTufUZfos33Ce9ue1WbN5A==,ZeYlc2CI1F1Dmdgd+9mTeNPzTi/bv2ZQaTs4zvwh,8KSVfSaZShbEFh8X43hoQEsUUAPldqn1NIEcUomTtlQ=,KRn2V6iQvL4eDnm6LzgTQIqbsW59xt6ppVGZ5rcqTxg=,v/4VZV2fn1F9ukm9jkYc0gu/vBqxxX1NcPQfI1K+
6lO/s/0bAtNc/fIaxVN6L7wPHVg4WzrL0QlL2rhC8FtMyQ==,RbfTWoFclt0nZCgKRSIm3w7blh5iyoLsjoajilxn8WmHY3bPGg==,+2O17TGvqsJKf7pM4tw+Vzggtu0+BJhmBt22ljii4DCY2v3ikfndbIj8I6ydvLs=,HKHVSCI+oQXWRpih+pHPaq5f4aE3mhmy5AYkRPCC72w=,NHtqNDhW4uFGA2CJyZfCAiFnoRRCgOc5TvWWoZzexg==,wjFWPbF0JcEshwuROkzdfuh5aIplNITZ2l//Zdp9,ZI87g7NRD6msbA8zzG2lInF6RCAMxY2hizQMJwnSsrfR,Ee3rKelh0cszvOq78h/GaNTyXNsNUuv2jvTBnM+ItxQ=,Byj9Sp0Tz4tdHA0wt698ouSCPKDE4W1EFFHmvm7e
DdSdQvVjp4VpiOrBI2E92+0ap9/pAe+gwevXlnHhoyztaA==,6KGA/yeBb4RajGoy2aphM6c/UhBiTOIy4j6tDf06crOSnWxSgw==,sMBvtX4/eJdAuFDikT6xyHMVWBSysl3FQutNQVE7HJqJoI4HQTKQW7lQdkgQxAM=,wXAl5/+HkaYYSZU8Ct9+jgkcSOLbPc/lcLz/y9ukzWQ=,FUb5qIGWVnT+7udaz03ELqvuAz0bd6frnu0HY9TGRQ==,1gHbz2o9QsmPu+CKvjpo2exuWXYQrAOPsflyMq1O,ckfWeOvTWWcXCRfsQru09uRy0PvXtEo/uU4NtvgKgI4=,ifN0ADdeutEWb6Z+f7NByfFqGQXwB620jpTw9xlaUOM=,VsnCu1ppi1Q3OutVtCjwcPeyrv14rRobkFU723LE
RkD0tjk6NUgflk+cX4IwomXWLFYDMgq3fUX8ClO6k1OVUw==,8T/ELUK23elzYGIhUj+z7yoieyhtPtRv82Xg+inWzMpJPvl3Sg==,BH6hKlK6LPAw73J1wN37kT/juzvJpQa7p9cwH0uEnUP0WMBTlrM0F5PsUhrgpzk=,KClADmggZu20CFgwIN5Fu1UyWD4De9MZ1SgFq3dTJtM=,8GAYrUrqGgo6wLj2CLhZYRpLeMzYUcwTg9yuDg8aqg==,TBKv+SP7ZW3EoExWD5NE5H/hORGAKzMCHceUEvtX,LIN1b7b8ySSW6Y6agkqBetpPaFJ9t1Hw8MRz9PF7sp8=,3dVEjkBUYfP6wDwMjZldRGacgnSnlZHo09oSZLCSQlM=,ETo+8p9QIh2lOVeIjwV1ZudORiultIwH+sFCUWJo
1kr7CM8MyRMakZu20qSzavUvND+OHgkGm/c+wCb8as2BLg==,gNVK+TU2/fEPB+0kQBv7X3uioK4A/9KC3mVZJiEsf+NGKKlU0g==,m2o4z8Jt4RXUzd5VIcW3QNoola23t4ImQyKn4iO+JpSImdAKpZeCK5NdBSAhyB8=,l1H0o15qwyqnUw14Fsig3NrcbynoUG4Uw7b3Iqm4/98=,gijSpRBpdIMkpQmIkQuWGccdgiIESOO5bWM0pjzg5w==,7bq4MAR7pVQjVLyA4FYUDTClZmYVSJCen2VSbsVE,l9g+opeBUKsVuSpt0Bf47M3eFahI7r5mnlhe0hvcPn4=,zA4ZxZczAmB8DX3f539wsY+3Aq2lxLCy9DLnezIYzE0=,nhIMsPkpEclRM7czcwiV686Zwg+2Su3QSG8jrpJO
a1Ec9r0IOfXQkBgTHWP2eoARIyaHNcdwsjBC8oF5ZOYbnQ==,aawZmT8L99meoRBtsxosJFzVj80oqhQ+s/JB6FsUNaXzMHiK7w==,dr0etCKAnEQLYedxsltKtYf3fPRoZtQDDwuHpGLGCQKeauxUAQjH2o4K7Bw3ZEU=,Mrh7H+vDUMaokiX6GkgfHbhQesHjMFyzkdwV3PNfUTk=,9OZjxo2modXTgX7R27XOyfEtnok3XqLPilJMliRHag==,kLA3bqZXUPHKhiH9hyER9TKUA6mTXop2IOT1zNAm,cHbOiuRmuqv3EcaN2+FE4EJP50oofpKzJZlY5e+OIlA=,Wr0iom0/fzCPEEtw7zJdjZKglbcOWZ73keGkImTLZww=,QJ4BVVG2iuSjk7YetxuhGuatqiYApRA+Pak/votp
GQq0tA+xcZAh4MC9I3hwPGg46I1tMYYkyblHbNANpcf1YQ==,UIIzMUBfVye9z6Z5tgRS1whmr3DkFtT/rFY+gl7152G+hIpqDg==,8Xw1zBeZXrd0211jkc5ZL0prop/nCIwQmU5HDsJUAxjAv/ehXO1HgFNn0X3wJaM=,PqEH3ENtVr7Tk0t/hDVsfxLKCcBsAVnxuujt4Rqo0fw=,+9EnxpAy1pIRCs7p+y55v1XO83oiHVTXKkrP5pIlGQ==,5Igkov8fUsWPSkgyK8U7hwF8UHz0vtLAxP6SRYcV,rYxfhKFQf9mqHR7CR+5JtD7iCX9gd1gHcyBdG/lnyYI=,PU0cIeoRVyK8hjvC/IK7N3aUT78Om3arpclrXenhb8Y=,5yMtEX331TeQPo8kSzIVZbuNQSujR48QXYlzcZyp
WcSqquCxqCcKb61hs5mID2rtlHuURXfyUozWYnU3lVtlvQ==,BoDUDjyCVsqG48IhpX9FVAL5FU9PxETW1fpRyObAxgDJFItUog==,TNTlNkQnkBWooZxP43m8yonNJij+DiOLqkp7N6nmOHfih0bgT6tO1O13wv40eVE=,F1d8XXRjEWQQz/tb3NehryQnAvxyiC43oxRA9gfq55I=,aCwT+UAAXcfEmeDIDYAh4L1VarwCqkxUYLl5HV96+w==,SHJqNVCI4FjWW4snEiYmdM3fjhI1gxkGlRUaLUh/,CSvhfG91AyEy9zAIU+DhLlEOnVuTKqkylUmzmAlm1Ps=,YD+TKKs2rrfm9zDL33Qu8EfeL4fRYvjb/Rdaqd+RhGk=,VlUizssYK8gvkEe8zEN3c+wjWxnSz94C3tQ/hOAM
ayJyhHuC5fMgR8D7Kv+NNs2WrfsR9dLDUblL1v1WEnBo9A==,UIlZpmuwaBUsTb+uQU7oalFLe/k3FhqxAie/nRo13npYAiaoOQ==,ZiSSZsJsEpY5H6nf5QK04pTxF/RKl5Tn2WefypkrRJPogDe1HF1txP72hMMSIFM=,dWXf1eYN7ehgWt8kffS0aMc2KJVfrpMPTEMbNhukAHw=,N0HlQpXYL+xRLT2XwP8KWPU0RHJ+tFoxMczmOV64Ug==,oQsdeOYbd+AMs/dknH4o0wqLQaU00nQ37824kZ2o,6IJIhAwjdYHH6BzBEI3TTUphw2hCdS3m2dA6LN0gBwY=,IzQ5xv/TEV7kkO6ggJR3MSeF7cnMqdHhpmJ6QQ2UvRM=,GoZLD+vnUmEY/T38s7k8bWYsIfH07VkLW5WHxMJR
FByjz++CococzYv/AfWdcnoUg+mmOR+0MevcNOWcBcrkcg==,GN8JnOFXSE5yGcN+3YcIQ1zgydHB7EGCzeIOOGmh9e0r8Njj9w==,siycjD13ngXYJasomztE4cxp69oXNjv78B79uT/xjeGTMPAvcDXESlAZg3tBHvY=,m+5r1BR92L+8scNKcIfTN9CY0RztcIBOAPGpxfnIH5g=,BwBPuV4b2KKOMtU5Gr6sTsgYs+OeJ80B6m2lTh9ksQ==,5p3n5QwuVpRjizHtLV+NxHGnYLrcAZnt7dOM/clc,4i8Aaqgj5WtZ0ZjIaeAwctSlF2auPGxaRvDezFQIaIA=,Pzb5gtK9WLgQjJyrjqTycc0cvCVppQ4LF9CC600K//A=,VCmYUuuuqzkzaiNZnz2YGrwPLKmasNpe12Utdgd/
sNsycJTb3WgYfQvjlSkqDDUdRepmmoXrnCotXJc/xvTKZg==,5N1xpKrmgNdRHeEeq0fPfwlIPKP2DRHn0DJQBw9HQ2Vz3zhrEQ==,kWVy6YeyesS9icgnjyPrTsduvxMTmjxsOfgEKCsPkViUkAclN6/EmxuUQk9lmzo=,6d/Xy5ToPUzYPhYKCRz7Ag/KcZGjgHC6XUSRYGpb33Q=,XqYDR9k/ZFVf4BOZH5YprU443cMvaht6335N7qaXuQ==,elC4x9tjZybz6pdOZnMY7b1mKyhVdgpyA3M2TkZJ,cqYDtg9Xsk5hrt/ukL6OQf08x4ZCQgNHHwaWMdJENOI=,xQ2CcA4psXdCnCgALj+UNvA2/IgviXWbZXiyQEZRRxw=,//dLI15kWRHRaffkMMPW+PQtpFcvRw62a6ID0Fwp
3sy84DDOo/++ELdXRbhDxQXhk7mGWx/VykAKLpf/qZVYpA==,ikyNifxTBoQcjUE2kFJiTkiMr5C8q2eVnD8kgzzYHeKMVCRYbA==,By8x+oBjzdDej+8tyI5SlP4OHZAndJHADEVL1t7H9HVaC3NA8tExgoX3B4QmjX4=,Dd9uuX+ixhMC4v4CgU6FlNlgjVH1o8tsaUcqcwGiHm4=,982uMUfx3/dyexK0PM9i9d6G3hPDmoSdlM+tHgJk+w==,JhU7vrdzwvqiS1pjE9d+68YGLj5bXiOCzQeX5keB,t+qy8aUAOCEwOVS9PYLtoLUHCfzalziF4UgdKa1EgpM=,n1jywRLJM4gMmH3R50Fr5xZQgaUueUTxm9M83gUSRDk=,RiUpNKGYKxzZkq+Xa8jmXp2+/4AaWFe/W2RGN63z
Nhlo4C2knhXutCvBJLoRmeKY7fhcq2rCaZUuVsGSpAEZ1g==,YNj92srZSmLkZDRnva1gp/QXFDVJCirD9F6hXWIQwR91ez1zMQ==,jCnxQmWuVwNcKDKZw4JjlpgVsx3UMy6uhpUrSKk7Mu7g1JIsbPiM2ljspWrOF0U=,0seCRMmwCYYD2adAWO84W9zWGhMNjZ1WyI2bLXcjNAM=,wNnwElUfOU+XZaZrTh1BbJSlrLvpQpWWAAQmctgzTw==,cyA3rIWu1ZufGhY5eoWr9tbx80nPgt+nA9Q+2dTN,8OrJNhqoycnu0HGyULq8+MoUAOyXZXiX6kp3X2FxT1Y=,ok4B93rVZtizNCupToD71K/4rE1HWPklw9nUZBBQdnw=,U9dxOZw3NJBX3KKoGuChpaLshk7LbsazYUtAwXNx
bxnVCNdtZsy0OERn3hLN8SkEAEt9SkU891eHetDIIcah1g==,ZQ5vEADsobPB5DjIxKGyQevBjprp7imzqL0B/sevsdvijmy/6Q==,Ki/R/3XNZK7JnbNX0dc1cEKI8B6B7emlJu5g+4/MwrzcMvtM8FhDBQzr4H5nCGI=,5MsvDV40nc9LVZHHSDTprubM6PLW7ZJgiFvezLnSZy0=,mWHliAkAWKeZKurPjKlECpzWeWbqH9LlPOjZ5+oiMA==,9wKj3dJP/WQDylqeYJSQw2a5vqy6XMDNafNudfjI,Kbp94idR8+uWiSlRC1oTfg2Iw4sjWd8vP5NAzBtwgR0=,ixLvEUuPngkcUYPnNZBH/GZs1nogCVM2HHUCWk1q6yU=,8p/6/WufstPfx7ZDQBY9dd/JO3FelQYlmiQ42Yed
GSbgD5DH9RnR+BjgGh5M943XY23j+wckde85kVrDdrvFIw==,8QopsxqG10kHYQOJlkRNdOfVvYUeBFgPUAjaxRTbMLK0Qymb0g==,bqeq9hbfI4nG+YlNPLkWCjliFNTH5op6l+PbQL5S5zo5tctksxIz4DVFaw1Lsko=,jKi58iCEqEWC3V5chISuomP/0d12+I/EMYX0p4U893E=,x39L5CFd7hJlRNaLecSGvjuMDLbA7pvomoxJecGEOQ==,kuV+iMjB9EB+OlHbhkmnrLA5VIwLNAanNwvPs2ER,leFvbQGXdA8ELIVDEt08f2uUaZzXLy33rel0JDFYr7U=,oastuG7a0JNGXx8lejfhwK+RsumA4yPyzdq1yvBIJOo=,xqpZEV+5xSaGSro0BQXx9d0qAbpvbRldXjctgpvs
RMQsx2+jjPLANSsa6TCiG4j12XXc5L/fQJ2JqayV0sLI1g==,8b/y2lXzB7KDZHDI1xzVq7RF3sdYb1JyunDk7pPw8WXnYoT5xg==,K2KG0GX0HIgaVBIrmFQw/0pJTc4A7tXOtlvVt6lGA/lWyKDAwgLSV2ekkQhvRko=,Ry2PDCujing3XT7K1WzHp0tFoLuIK+j5U8mTQx600Rc=,Oh19dROWHGcidGKFKLLJ+Pu+3dkz49FSSSEBu4Vh6Q==,T1wYYR/OawAVbSe8XKBI4Bo00OiJKI2dEnlNeH+p,/pfiawtCrsUGTITxrT/BGrO4NENnbBwLHecHxBmrdME=,Z5XuP5pKrLeZ4DUhW/6pp8ENolmUH2ux9qUEYU2DsL0=,OYxZcDhHYVONb7cMzlG749kdi4p7lrBBCO4gvtNp
XOG2wb/cWvVnezKYfyCmkp8le2fTjSgjzbw7Ed6M+NgWeg==,wUdUIse2U6/qcxKmJVetpU+OETmmSY4m7ktrQYYurmw9gzwQGg==,AXnSy4AGuVayFgG0ZVWmPI42nYZKa+7PkD/GCdqiEaio9WjV1tBBfgoLX5gYXZM=,Ak3BvKl5lmVqeFxVqKT6cQcVCMUHfMuxkmFQrfcgLss=,ADPaIlTOwc+YZoIQoIutH6FYZWTiW0IAPi/oH9Mnjw==,maC1Ri4tThgKnlIK+kXRXUjY1GbVU8wtsE0Hc9pM,Ihx/MfyTq6HFpj0LOKfd3OX19S8dR+ijCBOLtXYs8vo=,EEVN5wT/SFywQ+zZrhq0bJQ45kvivETnw20Qzf224No=,IPT+DEj0FlNcVj8pp9gDY7F6TzUWUL0T3o8kgwVV
AYPFdn3lu8ob+ObIX7Bdtc1iUEnRiEe5aUzoFn8USQBpIw==,AgX1Kh9ryXxlND5wxmiUFmh5TGmeUr66gWkuldJafkgtBCCHAw==,KqJULK7JRW3v8PTc3I+aWEV7E7sOP+SGWFv5jGaUvXdR8nXTP7RcujyDPGPjVFE=,v1PpBG3WRXsifUk5kJJxCHGCQGU6vzhdHWqH9Tjn7CY=,J6dYli47EGbZ9vJaWgS5jRCgHQVEkxx3RCzmO0N4gA==,jaousEFF2GPV6hlZLC4ArB7n+jaVHE751cLLGM1M,v89evW7rc825slBKzeb30Th7PWgHJAsTeJGaaKA7R0Q=,WiYOGkuhXSrsrY4nw+7Tv8/RMSBxcfofsKEBhGaHdG4=,bGVZlmv0vmTLWyGqVvdxzBZKx0/GGMdIFRa37/yq
7I4vBWkKBNZWfVHojpiooE1hG9xjw869jTfR7Nk9/4MWOA==,MkBfXYp/y/6yexzUNKZdQafDGRSCMMLFTrLqQ0kZQj5o/4Uekg==,EQPMB0zd7kSvnbT8ZerltaiPJsOeJZJVe54AqE9ueqomlvLy9ZQmJj57B+3Oj50=,/nfuPnySJw+suT0WI5pzKQ6ZQfEOQeRwuBzQ/T51opQ=,NHa+i74qE/9e2hWORk0e5ubALKFgUW98V2tdsHHmSQ==,9PLzQUL9uEEUjcF1wanAf+tpxfSVnRBQjPLHyf+S,IqN+DLmO/c3crl9ErcOxYAQqIFwKIj/WvfWf/PJtgtQ=,C70uwfOEOveRnne11a8GbAcFJwX1+xVbLSFrXhWPUUI=,6IZ3sPK4GODOcuRheo6nnrBmLQHkGqw1ScU9Eqz3
Pyz+Q/7gGv6Mhc6waBirmCNUj/qDrHuTgtpTSr0LI/6nKw==,nku2/eszNQrkNUNzPq5pu12TvLJrkibinKp3VyI7Iy9//w1RLQ==,ba/zDAJKTw73JIxFci/kMIaw1cc46qe+NjZja2heaKQB6I1VrgOeQFNJty0wrjc=,QQnQnHnXekryY8T4Gk8epRUhSUBGtoVoneSZ5fceVYk=,dTgDqheIEDuVEDjH46ucF/9wOleo+opLLB3oQkLGIQ==,KLDctbK0pkh2vxa8dzrmBTkdyZVLTsNHy2XqWcY0,ZDIVwbLqSvC+9BgpflKrpW+ZETGAARhgx+1r20aopg8=,M1zg5G8ExN+IvPUSmpQ2E84DC63Wm9aZKC4IYLGLBM4=,x7GKogqpfQ6GJ36W2ehhNB1nwjJGMzUaNxc7uPot
LHnZ3jLp0wQzdaGXuq3+MHTUQiot3czJT1ENJ3FVE7vCpw==,J+0RE/g2TqWNecyy+0Y8feRQmq5JnaGollR6znBLrcjoZ5R/RA==,PqbzWLIoRS0QuSvHZOTuxyHOfp1k7AK/fNjyCNSHHghEEDXWzzd2c4aP0XwVdJM=,qSthMWMQTGWvfUdZxntpc3BB1IHl50YTMZVg7wwcN8g=,IGFJpCqwWH3FwQTgpa/s4Shz4FXdpmU/iFa63wJwSg==,cOW0IsRQ3j/C5C+6i+f3jJF7+BTBeuimyXq5kBWM,ABflB6AtV0uDIaGMReh/3lBuGCQmUDH+WHt83dLApeg=,q4BioDTEOl37JNqNA3jxioh6G3QEYwXjeT6izxTtxSs=,iv4TFcJJM7+xbJd3IEjrUlo95sM332FFFbyGz8eS
BSlZYLWWTOZdCgRH0wbSdVa5pJ2K+GV7nMSfJIK28d0xaw==,8MqoqKeQTep+RLBmqAzOlXHcdo9OxqpPZPGg6mBrZNxBl1tz/g==,2rpI1sWj/66JcHdduhw9Gr27E9/dm2VNTq5Tojuv5LzX/bC48GaPkJIQ08RJ9RQ=,IrQ33WGEmgyzW3VqOu5DP5MaVaRssOWEBHA8qpTTQnE=,f0cNKduB6Di6ZvDVfIfPXZjveFt1e1g5d84Qsouemg==,nc5Wn1H4l7j+VD+oklPh3n/kujVr2WbB/b1rQ5Ni,3np8Mi/4fhJR8D6R/lMBgXdaaoI1DLzLzhqx8K22yYQ=,KMHkv/bycHieYwoLSNjJ0TagvtIGPaX3wr3wuBThq9A=,4xPxzU0poPDJAfSxWhCS1rlpsGE0bPcU/NIER8MO
BTlbKx9yRzlOLTW5Wt2F2pkgMD9spx4Y5dDR1P981eWymA==,yz4BViU7BYxjmX4MEFPEmlRifoZ0IoBd7YQmcbtT2kR6hWk1TA==,SQ8WLmnGbGknUaL/XNGUUC1yA65vRUwtSCHb9FPVfC1LlAjDT52CmbLTZThB3vY=,YEgjp0EySQWho9dd2/rOJ36aKpEkEQEfofiQMmAhew4=,tSQuG5IbHSwKiiiw37aDdohpxIuR/8Iwzg7aAtwybA==,Tg6dU26Ii//LUaGo/U/Sd+aw9kF4qDihXGJ4T8rL,SOY/UsiYDC5FtR532l5OpejnX3irjnSaJBAW+5/TM7o=,alLJp0t/ZS/mJDeXi17AHZV/S6ACcggXw0hqt/InOt4=,3XRObx+KuWmnQbsfgQe/lb+NXYoVQ6WRd7cX8HkD
et0WZGnqxeTQBWAaG9GlW39ignN3tdHjWrDkofoHESe+vA==,yP9kXxHojaf81vO7Zqc1t3YDhkJmYPpD5xcD6SrmCWSIBHMsYg==,ImlMM68RpsJuo8U+sf5XnjoFtlYBWkxufXJ/4KD8QHmy1/XGLe1cB72LmULlt3U=,ljFGT+rmst2G5UfYeHgsIKFeTzb5zDNGJ4wr4tgqiMo=,EsqEa3ljmaKjr0l9T+7GCTR9Wv0gjwRJJUc9O01k4Q==,sN9N8Cvxlpapt+GgXwYP4ALNDX8WqArj1rVX5Vro,VnQdfq3NeT+9sTMf3EAf1AojP/wnDv1YYq8DEYAM4kE=,YteeQngyGwPrQ3vRPRhNgCJYNVwOF2PhYmM1KNZN3YM=,Bco5TG1RdxAeuEPBEIVnxWNyALC17fUvIbL6Mb5M
B9NNxXk8O8r/vRADEnGTlq8J/rkptPyLcvdwHz5qWqOW5A==,7D1+ODmXy15tj+7MMpyj0KxGwIcdFqXVFf/De4wu5AbZdLhXGg==,EBoiPAf+hsXPe3bHsacqmN9OlB44+u4/Z6eT/uyluYnSo1VOe9FwtkOhhpobssg=,rmrBgUuuaQDNAuTO0OlHUbv5SKRT2Oa50pV8Bidezn0=,noHPWk2hzaOc06NmYOon58LEg7ltWaolyh29sZm+zw==,j/cg5mrf3SISjK8MUPhTOGKtetRBqrfYvp6kHvRM,V5T68kLjNvv40EWwDc4OBnMjggToFoPIxa2jBzMI0cc=,Zh2qaLJ0secuhnYLgeDb8W4g4MdaLWON+fVIJZX0tRI=,bRPpSkLRDQz5IOCFbQPs4hlGKaTrxQUvLI+j4HTR
F683okZCOKUGoTYZkGmdA1XOKoUCM5yM3jYMHfu4EKqgZQ==,3w/ulEPUW0SpzAXp9k243NCpZryhetx5FjKCd4IHb2rZKubi+A==,r5tl3yUR954dAm+xhi9H9fgINy0nwnaKRpb4x2nDj+JKoB4pIQoi2r4IvNY6yBg=,XzvFM3yS0xhkAfv29WgHsFcN876DXgJuGUZt07gR5RI=,guzu1ywVWRPd1tUrsQd70X/dVSkXuAy4tZ1V/ln1gw==,fR5PZxaFGVdXo2+DUTTnr0UMboUHnF+yxk9prxom,vswIhRr5BPJq9BtIXXjZHGaoKTIzH4NdUdwrub9wyf0=,7OiFRa+Bt7zsOVm6QPwkVV/wtZopRor/t4SCoRduYyg=,W2iIQtnMcAmeZk5jeHn7E9vifRRtngsoiV7U+QpV
CeoQrzqTf2w2LhPPaCJA2BxIUUOj2vP8ELAYxM7WZouXWw==,geu0QBSuMQBcN7ldBGT9omUSyYwfHFT/5e/ZYexQj80qSIeK6g==,E1x9HXv21OwgUm0b/b+ybX9mgQ97Pq9MjH1WPXIUhAMFv3fiojbkbYwo8T2v3/g=,bp+LdqT2IpcVuVM4texHFrRL3rED3qoy30YECk4syrg=,W7qbaWnLDQU3XG0M2tuwXLIHjpUoKyhoiXkzKdqDLg==,Va0IVUYGauIbxm7LJ/o1xUqCVC6Yu4PXO4N3ioAa,btAZf8drg6HWYN5pOqI8uTW809B/L578tBFCkoD8Hdw=,h2/wvKoDo34K7swhsHkEU4k2kEKBkedoii6fIjteI2g=,mkgoBCSPBoKOqetWaR1sc9po7An0XZVulIgQqxGO
4UJqHdIIs8UkHS7/ouIP2WJ29IVL7oUZSlTcYQDJAoJHKg==,LWYQk6rNlvwUg56IQi6SXgyJwbJ7gYwO6a3hh5gLOEXx2OoIWQ==,Gs0DCrG1t5RzjWhk+nQHXyuGNeV4CChtQDvHoj2h0XTevETodpqB4EJjgMh5kWs=,5VwM22cRpgt8i7TXID+ncO0sVVVAyceujLDMMoemgQ8=,Yd+3VY2bJujsDaqYxsxbs6BXpjHuPeTni2wYXXowag==,aQjuTNfwmV1BX4SVn4mxjn1B6RuKAfnM+uE6WrsB,xV7i9ZexYai1JhogTlZ6otpO1y/GiCP1BqC20LG0GiY=,pkorj2LmNI2e42jq4nWZLRdPIIZz6WDWYNaIxBn84ts=,HBMDdgjo16OLLCZcjFofGr+euXJOu4QrQd6t55Me
RKQfVYw5zLOYQ1ar/I3WLDzf3zOkj9oSXU6Sj4uMunC6yg==,wOD1UYdqwTPFO3g15fVoCp1HwhTNAshHg4RqdyQ8Qu3lc49LIA==,nVQsiqx+4L/9BDfTqjnzZKyZxFfLg7UOyozd3p5M7b91LNuT9EasmsZEGCV0NVE=,A2+ZKrsNsTuQrvcUjMqTL/bpftTStVNzTtLq+kLSBAo=,H2PyuiemjUzjNM6N9ZM/okDi83wknm/FZWLJrpNJUA==,MLG5185iF45w6UoQeQnfavRd5SsF93ClKfoPKMFk,qL2YzgPaHhzYyTVV0b2uh/W5chSkgM01W5R7/TWuuHw=,BLcwrxoev4DvFR4P2/am7OBeN9WStkgpGMhEwlbQxao=,mgRZyn7hiZteybY0I5JJQM86UeRvpW62LnRFjwHn
vfV8ziQcQqpJ+PJnQPiNgLI2Mdm8RyCG2eRqVF0HWpfabA==,fTY6MSitYRaMcecGHoJQzqwn0yAHNITk2GYHkOqnNoyfvCYxeQ==,4KKRpSQAgoeEcjdqSUjSDcHhVglUmtCdCywjkzYYGKWBP2+TthGbavCVu5QuELU=,TO6s8YYOIZITGY2h6dc3LtEy90k1MhSnaKggtktIoDQ=,4IfKdEHU/qCkmwETM1JntA0KkuU5Qs2shDLGwvUxdA==,67y4eOSW7fMV/PKH4SuTiVGHKlnz/4ZToGThMrKW,E9R3u/pwdsRkDxmPY/8bEU7Z3Bgu3E00CDb7UtPgJsE=,oAGjtuVgsTolZ9510YwkXZSNS22oqL+ddNmtIWGwAdM=,VyJ0WOQp5eYZQi+JKrqyIYrmF/OUkUnmwKnrqIH5
29TmvYbPLwKS7ZsrnUP9dlcbwlvibZdQZOrCdnVS4RsEJw==,EUqLJenwk/pGAegTeF7oDxYBpw0Vp/L0yhY1BqWrc+cbP/jadQ==,LeAgZvdjVSqZ1mg8Snm+FxZr1elQs3CsN2QgrCGumMeHC0naIIv4wJIbdF7GqMs=,YcrfFI+GlwqvIxziWgNaX648uyBXI/MZaIoE2WiIs4g=,dfE3NhPc00BoTRApTcq51IcLO7VloBeeXkR2+xwGUQ==,6W1Ewv7L1k9G7e8N9jiKl4MXb1kmXhvrda7Yzip0,Qo0s4oPAkVe3MF4/evuglWytvv3wKOFWUsyJyNucjuo=,W3fkKr2aMsXSQMgwE8ga8EJ17xqwDWYm4MbnKqf7YJc=,QS6izWlzv1sZ8ztCceXGhk53rPoz1MrQbmacaNfG
S4YKr+nqLUqjRkd90ObTSKmEAwddKgfOJgM6PoPS+Dv3iQ==,4kWiF2XrXq14XFO87g9/AAMmixcr4X7cnfySzIsBhCXpjEbU5w==,BYbtnszNJiiH38Qi9dVsKHgQr/LQNsU2XeImxt79AJvNEDXOvWUIFAHL+918yFg=,eWhzsRx6y2l6hvCzv9iewPA76/hm+Pr5AuVeY8fDez0=,kIZr3UH2QHPFm+A9c3EXdcqAmLyC7euWvHFkKeg29w==,AR6rqx0/MTyJ30dqKcbO6Wd3WxDTPD931IyPUnQH,LJKGeeBKLmIcDzn6CZ4vLNTSCgKION5T3KMXxAM2810=,x0awOy64vdmvvsPMdcQHyBArrdorQ6BCTfD9P0bXLlM=,9gf0Ii2m6LcO0604KapCy+BtDx83uOX/7eDaRlVn
kOQIvX3hbO1G3ikGVCF8Fl0Eo1EctInnxWdZKRWpZCvG/w==,EpeO5D2+bZ7Q9Zcqs5d+CNK1+nnmYmMrmE7wwPofCGIkPNd/JQ==,wo5zEzA2Ed+81lYHH8y/Tn58xuaOQSy8ARGHyKP7jt6qLu0PlGxukmBrIlkNn/0=,Dx/HcCMfHu1E3p6hY4pHBGdDCbk9PdLiklyWwgIslAg=,K57xgpCX9j0tmdGjuvyjNYFHyWe1xcgVCF5F+wJW+A==,0ae5zsmXuVDcjxYxx/pCqcuB17Rje7FyJ+zyMY3x,rMEVNa52xXAasuUBhCERFyXQWhbXzA9fDWrG0hVnWxQ=,3TkqFDw0X0AzEcirb281fjC3YiPUY/ko6GSQNVMk2zU=,kWV5TZtmfutQuPuIliwrO8Uh3MNIIQk1RG5gxrTU
SAAMi21rfejJvwWeQp6pb6rkyMFBxTLEcfgG5yZeIiIymQ==,EiMjDiE4stkS9s1bIkOm9JtTnA8Fu5zeRP/O1OC8s1tfdOmh0g==,9VwknCWUg6QuS4JWsoSMDHpalIkMltfqJDkgBG4jMnm+XtEXAK4pYD98KIZk4q4=,nK9eYr+s9VbTb2eDloiitqz9RKWANC8PDYYuKlKl+bM=,81DZWHI5GjqWAcNwHVJ4NE7JiWyur+0/xBhgzpDiXg==,9Jj7D6iV+YI1/F9PLTAXphatL+8/RbyGKcruf3Ts,eeoIoss7QlrId561R9WvxYoUAaZQDCwZBdxCmqk99eg=,pIN8ER4aGNZB6lAazhYW16+SnUJERZYzL1YV+V1ASNA=,Z5iqaFLFS6dNdmkahLfN6upA6snIM0fxjiaARyEz
ezKMGUCFx6dLHXEAsYdhzFaalFC5wnNd92sUwX/Tp+GtVA==,ZcHXQ95Yn9/jMGK2ACkrwJps9PfuXQjdlFO5vgnSLPL061wzBA==,FXHstHyrarJbzVn0RA6vuCsEV1WZKeAZ3XdIml9vrRHbHK1p6x6FxD7fhKne19A=,Nbb3ovoyvVEMIfQoTxJpLapaxNnNFIzv3ZotzVmOLLQ=,rWGQggLd6k89ZZc+x0ieyamHf9TWFz68XEpv5jrBSw==,vTj3iFJiZ+NdN+RfLWxNe7CKCKUnZae835Hyk06Y,KRrVnZfxEaHxskFyKkCRGnU89pbBZ7GAbuNfpEw5hxY=,QLjCI45p388i2UFNaU7slRP6G16HNcHeeZGdUBpO+80=,1cg0L1Af1juCA5gR6DnnH4AC0JScC9GSPgKkYwSB
+EnYZCxKBMwSzQz9+ZduCncQb/0zFjmRZMkV9rbLWHIlQw==,+esE/PIumHnCErKjeQOY7+Hiy8+1aoUwlhdqJXRbcaYhNEIREA==,YWtVqIZJrQ1RGuCb/AfuyMnrZQzgqLjiBh2SpzW/gzcI967MhKgO50IGgBsU5nA=,cPtlTEEKE0vZ2nEfnzMJNojPsMEXnyRcgHNIjYaxMR4=,mrCxHkhi83VVFArwBZVkPuunf42qHbvXnU5KwcRzdQ==,v2fT04KBt2lnH0giv+1/cOnqVCSIkb5+H7QEtIQN,zLMtB1HlukbysLVDNA3RQcXS8xsq1t6a3HRCHk4vAKw=,dX70BlghktvwakHIuztjd0ab83MVzkMvUmK74lgO7hg=,bvjJSe8xSP1GA4Yok/ojNHA0mKtPE2/KvFBj6WDI
WhmJq5uiheT0GwytsP1ApengpHl8lCzEK0zoyodLlwlCLQ==,JZelU/yX/UpGzuBbvh4R5fN/cZskgWun2Bc2vXwxzrD3pXbCkQ==,Z2eio447RnKvG0UzTq1NNsWRw7Q+8BeEGWHyP+oa6tr8Lv+83D64dkXOt0Zr3kY=,qQlw6uBo7KmWWfedMr5zCAMo9RCbPRVpSoGMR38l+ds=,I0EvCw7fD2RZc/sZWwCqDdvz1rq8Fn2RIZEkdfmRLQ==,QkWi2ms6viQfHEHwfjxgAnJziNmK1a/IC4tEKpdO,/XXFQd2mzH5IvIJMc5sWoTtn5o3OAaXuXB1sRSRpNjc=,/nMTGK8e1Ze5S13PSuHxdsMhQyrD6earsR/5kapVD/w=,7JkJVLk9rVC7t0dVJnzsMQGqnRLUrYjAQCea1m84
OCn9cUw9vTriLJEbw7Jnx8IqIf3O5vUw+ROd1yBj+GGkSQ==,2vJc+ZLXVrBnSm7z41/dg3CZ0DIxJSJxeqNUTgd+QWJvanIx1g==,n+tvX2H92nv7B7uuqktWIFWdnwAZ5PYRklwRuL71WIvbs53Lw6OKejPjecdoAzY=,C+RkgiwJVJQQwxb11lqvWgzGrTHLVbDi0Zx18lCqfR4=,J64DSxgljVvz/47VfLRZJl05LnPCWLKibxSJKW8aEg==,pkUyM+87MKUBhgfoHMjOC05AYmWcuhC6MA/vbWKl,MGa6z7Tdp4q/v1sP5TEYbkxFPv1dL5fMLvq01bBsSlA=,cMdfDsijb5m0HQrOs9Mf/9VXPYcZqmWWN5/JQG8TKU8=,M5sZcvuflDNpe39tuK5tVt/olKqd0drmn7OTz1kz
guE26Qfg1jb/koRIoKnAqUOpIqkaKJOc4FrgGgdHorTdyQ==,+/cezWFsYiURaxb0cJerxgOs3jYVdU+MmpUiV0wbFnDL1/Kpgg==,giRXeQOlWnJYfg9AAnY7dHlvNRJQPoN18otaEHcQtzKxGuT9qcgUGtkksWtzIzU=,/NXBjpdkHaQ8CEQDn05CS6YntnJSQSWsgJB/tMMrLf8=,TauvaOnp5MkdePytNA+DTRG2EYDxE8HKf3b16P50Mw==,npGnN0gMX+UhoI9ylKcp29fQj4AE7BYYGJoRgmau,yUpimMeSge/gEXn6+4YgK4GipNjHI+DPv2WYF7s3MLc=,0OtBXjeigdcmaZAcChI+mQ40NlHHaxf4W6o4sWXivSk=,AP2JRsNIKG4xh5ed92Kef3lh9UIEBpu/ELzY2dTa
ltOEahp8DjQYQGcIImRDY6ezfxxArH32FYGnrxaIKTbj3w==,7btDAw2DDrNrVXGNfDcOyk961edDlRqgKJHtll52/Pj2yo4BQQ==,6ONB2zm6ld4F3Vi2KoC0FDuiDYvCWvZ3EMtufXgKrkAAjnaQNF+UrcvDE0Z3Ub0=,OS0R8uGGWfdD92YxpPUveKY4Gz9KGI1MK1Ivf2rGWNE=,Xv9fMT9i8m24QF6n9v+QNfUaAtq0x8h+a9SNz99mTA==,c9YRJys6EPywG0BSbxzueb9cE2n4NPQvT3/9ko/N,zXSXzegCKzcTb3yYTxOXDcUSGljyHV7iWy5/CvCjRaE=,AS6paE/q2KEielKB7bUdd+D7OSTa/VUVnXGLLdvQ9aM=,GwfXivPZ/qi1yG8FyYao0ipsng+O1GAxxSqllaxd
TNk68q/8l/yIFSmDVCkgkjulVncVOkbz6NtYFsyn2dAEbQ==,h5TnLKQD/3LySiK8awTXTKCDwEAvwMBnzd1kAR9XHICVSb8mAg==,K9agAedbnlLdycPGT6f1HQeJkjG3iAfUnccHgsPPBzM/jiNyxxQaW6HR30pEPCg=,G3/ZYio6JBAo21bhxFrXFg5HoRF4wtSruMzZG0TDaJQ=,9SrY3+NZdtB7M6lvNAkfZntF9NF7FZd5o2d6RWsjjA==,iOzhoxnk2wJ4P4prIZLrLcPhz5v5yMjlvuKTTzLI,HmLwDumSUYLaJZez08miwsIINdif7XFjxXnGi1HdCv0=,O/fk8Lh1/VDaPgaUcyOrkhsEC9oczRvpzwAQPmscnkg=,KbsVOg/swa627JqhOZ5w/k6x4qrWtm9ebRIM5Rxe
3IMXYYatwGF5ZB2TMdJVTE9LMwlgp2yX7nB2NRQQi8ZRDQ==,H0nUBkOto5u/nguJS5o8sNZnomZPmherNSv2OAtAid+vFmSiJQ==,kIvL5ahK5uabXU8IKC88OGlIVpLqO43EWi8uiSU9k5u2vvYWyQJerIkSFJAgoJc=,5itcgdYG9gpZaqVE1kMFRKgQUT6QOJg20Vcmo5639WU=,W2pq3nmlYEaviJ6T8XpB+FuWcopIoDv3+HRI2Vm+fQ==,idO+fdv6byOUmn3uDpWY2wI0jUxreezd+gsx3NIU,PVDP2o0igSIAr4JR/NJTiXmIL3ZJxbwRP8NNt350rF0=,Rpp/w4IgDEnr83M2i8mPXiYJKDdqAZaFSNIonu8Y78w=,BuxOOxWJ+hDMSMWhGACMOYh6TuQlmqxuSOmXIJsz
K1hjbfQZ742Lb58zIOiyK2lVXAGdMEV5mXqDmWBAtBBe/w==,+OnNDnssRGkNSQkyBwGS5SilbSHd3pHBQT6/BewKJZH7clIDyw==,sTA7GA5Eri1Tab49xfO5JF0ORDGtJtf2kwOWY3WKcxrb8XtDH00YsPF638v83A8=,KF66Qt1iaXt0joXdX0vFEVxtbt25koXOQfs1d+mhX1k=,rystek56TLdEK07VfDK5ivawB3erV4qGIZxeS8Egtw==,eXK5iGsBJqdr7c5hIKURdAEEm0VDTfCrZA0q4Xtr,qdyGeoS2EF3vAht5ynw42Tqq5srfLxcDbH1qPoymhuM=,jjtgs2/s6vk1h1fLVVkYLB8dFbD9az78H4bysc93VNs=,FKwhJYGtFU7FCc5xcdfeNaTh4TMPVCY6PTMFFC3A
fmwtb/nStd37sU5NYMBpMEFZgXMHEMFOoxPMBvaocZHenA==,/8Ooh4Y3FO3xbmTgHeXl2sc6d8ypA9Uo5/B1MM1MkRbQmGOXCQ==,krLeqQucP0hJkgwX89p37laxjTis2VRyYNDFQDZtHQFcTTbRUjzkALmWwXmnqaw=,hABSPLr/CwXVm2NQZHyx6qhdfFsN7uzToQZV9iertSc=,eNVCmI3K5S0dMQN4dq97okppeaeOpP/EVN3R8TG+HA==,B3LRn0EdtewTZPjok1H+kvBUG9gtNlf9LVA1xVeV,fWs5wFyPcPOw+UnILNIug0L9tD3hy9a88feQRhpWlT8=,EPVdu3yiB2GD+GRT/TqOLPOUTew2TEfgHa3d9tgyIKk=,WcpFOOGmUebImZ+lvcYgutvtmIQnDFDCkFArT+fC
aUdKgvtuqRn/Fsd1tyDwSGS5cm2JEPnw76r9sZkztzrXvA==,hPKZOSWBtu0em2iZtRCUtQ5tJLM6DwfMy8RLdkY5baMS+t2otA==,Hh2WzTHgNDeq4TR7OV+Eyh3kfKs+8M6/LDN3mASGotm+uOHZb030KDtz+m+PPR0=,TagxVIPaL9XxNZ9qHtimfZ8vJmxJP74u52t8Vqfmfno=,LYdwjMEuk1Zju0D6u2+slPwhgTls37rJhMNNoYvhCA==,7R26nehjw5YLG7/iP35RnVUrtLaO+Pp2miCAKrTI,4dMbqJSw1XXtFiDVOk29K2xmEq33tCnBw1zNWAX6vgY=,++HX0takq1gwvF1CWvX1ZNEdrr61KcqmZ79jmfpwCgY=,1CRnq7m5pd+CgjN2S6vITz/1tC4vV8GHq4PNULbg
T/ZLQGMDtzmN4FW97OpQfWuO2rqRDDTDf0PArBqeNqDQtQ==,u9f9zMLAOrFSy9AGZR8M/iysb7pzR2kW9qPdGEC2HJ5b4PvbMg==,FO4Xwt+ta8aDNX3jBRuixZCtiGgJpeGJ1IjdAf615Cq94BUwuRiHzyuekhBEzsI=,chNUt8cXTPB+eJF7JqprtgNyzFqmeIRRs70mwEY9N2o=,6rCzTUNiZErp2y6gOkozlcbvlBz0cV4VqU+0jdTJ3Q==,s5+/mEUxsM4V+/E347PsUvLOiIvUNGxkyjRrPa8p,sxDa+tS3cD3hJH3DvkA9+DCRufKpabao1IYITyqQG/g=,hQ3QIdpI9XnXbx9efOnMjBl+phQDtEJLzaP1zZpU33A=,FHDd8Zb7gQinicQQDjbv5MlUS4u25UMgNyGhntYL
25Ub4DIZxn5a+7svkZImfH/PNu8dCTupofa4KPtQZa9D2w==,q8QTVLArCptDb8W6csmszA59aEpsl6DWdwM7W9V0hi34c1347w==,kkCjxoEJy2YPz012SDWc2rH/yTZs8xv5f7miU2TW7k6SEZhXKqli4A4hTTZ7Xs8=,s8CAqfuqBJURwHe29TQiGThFIMIRlYzA4TlNcddAKsA=,UGtnM9WfJhLaujsKM7OKMSGMN8NVKVS2oR+96aYRtg==,dwTHyqhupHz5WOpdx8I6F+fxSHzs+yI+XSOHGbSs,c1g9qLZZgGf2c1bHQZpK9SmCseNiPJcC1F+OT3WJW0Q=,2m6cJJXRCZDRPdlthvsPgFx/AzUW3gvxsrhqqoyV3ws=,C/Uw2LclRTvLhz32tIN3KtvoVqyxTCZ1sqllTuNk
eO4KZXBXB6S0WGyJRb0TBrz1dsJ2c4MbhsaNeaY4OFEPiA==,p/HcGYMpVQ1X0DPyNkzZWv3HuHrd/JpLwckyhtYUPWjcisVCnw==,vhQ5TJzK6M+h5OJ76KRHTkd6Fx82j6bEiyjXVqY0iNP9pm2OElEwGHcsTXIVM+Q=,Ay13AdqdkWWW3tCkapwoRzNzxslwWqplksoPaHHuSV0=,7bhWNom8c29gsuyuOj+uyHnS51jgIvrfjkwMOFM/1g==,/6rLgzAXOp27w8rxEMf3XAhf7qUirNo71iXiBiKk,MF5SIHjmA4tBIaN4SacqOeMeYOpgot7jsT3rDASmoko=,Eu8RB0tlcpml+5lhG/ABQc6UfkJcjrhsUC+0iB+72mI=,iNW/wKp6Xch1PmS+NZ8EzGvve+4hiM9h8Qf/AODA
/3AZ7dyB/uQcoCSnw1r8sOrSpqSAlX870ercQk+IGBgO5g==,xc8PW/ydsQkENyDMYmz6Ll+pTnMoBrC959G4C0614tNooO4XGA==,kW8i+h8q5UJC+U2HsbpMvCTlr7g1FlQ1T4fK+m7hR8te7fdSkC/Qvu1FUWvAoPI=,kKy3B5uEN81XTIqljUnEcLC7Sapf5BN0OBGtUQE8RC4=,yx7HiMZc9JSRh0U8NNhH16KtDhTrG1H6HDTnmDq5uA==,CM4xx/H9kNZgn2lyn2ZncSdkOrclNhwzCg30FWBz,T+bIOXITOIqpCOc/GAC319+2JarD0LHVECXpXyQ38EMX,5UeeivdpSsJXh227nlNG8ARX7KLNG6BQuTmom0TGIf0=,dTGQV1CzZaan6qK28et4m+bM4OOqbk4SqUCNBbQ3
nKVyAr7pP9gR6YWMy3XXBswpmhdvArBzaHAJw7I0K8KBDw==,RFUGeWSPs4mE8lQ2o1BWjkjcn2O33RUWSPX6X7i7FzGD5VYN8A==,vXFGIXURNsGhksBZY9Nx0qV/SfqvD/uVcQ2uNhqnr5IZD/rN/nPqh4ODiPgAzGY=,uXAhjAyDtVeFSYGZVA1NII02+vMmuqtt04ZurC0ENf0=,kXYPeCqEWJYOM5g1bJKjqeBn9+zB1NiKgFMioPFLWw==,MP8+cxLuQeyuxVTDRL9zwleCtYfuLohHHgBgSjBL,8chf1X0hOJpyxECEvX9BHeRXjSq3uiKyMGlNmLM9dro=,3rzaKAlxtAgPxxa7ctHRBIqMl8Von6O3APIa6/IaBcE=,iOIYe70UhdGZSxyKAaxcYZKE/+ZTzdock1Y5Zwdm
qUB8bsThY0Gxgth9F4wImZHHHwt49QMd4+Br33g5jBya8g==,JKaJRY0zWs2930BTYn6slTzBqgYvrVkDtRuCeir0f/KwX4o+1Q==,8kQdquVJxg1v1SzL0L9v3dkeeC0xV48E5ktExQO9y+iUIMnMAf3oswiPMNrS2zA=,VInZyQpjNILpc6RwjtKRJDDMUlHaqqNNHhVH/MTHAjA=,Vem9HYcu68AzGq5Ft2gsWku2nG9wZkvoQEqRQzV10w==,3KO5duflm/9WJkt2ByUfTjKTqjtrns9AkcVWrgm0,AkaFq6JSAZlZLac1pmWIvpaMJfKBevdTwSzmshbnD/4=,9AbB/m+yXtbQ8cuytRLf+6UyZ3sP2GR8IWE+KQiQdRk=,CmYRKpEYZTpYPuXa5a3JkdZE9zrlePXM3QKIHaJV
8/WYvrkELdmBakUJ6odJod6dh80aSdegl4JcAwA8eGcheQ==,d3aGhmMy3G9pGDIK9IYF5Df1NI94DTW5q7oD6y29JjEvJ7gQRA==,P/ljnK7WOFkUuWprvijHwkq8L60AYo50DmFnmIjkWqvtI+LnYu5nlhYIVQklqls=,HITb2AWR3D3fpMx4iN6rWFgYyNdYw4reMhxj2ZGB1O0=,p1QPMh4cbv9/xAnuSAaOq8JlQ+SdECZ9jlFMLtgQBA==,LhD5pxtHBA1ljmAaq59McAlTDZnmRr1/indx9UAF,UGvDMr1NaleAiTYlJ0jJ/p4fZC+MH4Qcp4eBUtu1nq8=,C9+uza1HqoUqpOLs+DAsTnVFgC4apXggVy+7IoGjRCg=,vfn1klQvMbG1IhE8VqCVwROxYXqW7DenOStcxamF
rHF+pzkwslZaoPdjT9MqWE/1PWQU7BUEIwQAlMJozXVrSQ==,YPY7gSrzTk3KvBaLYRaTzb20aSFWXqal6syOBwdHa9c0qc4DLQ==,g+riJN4PmSM5oUhenOm/tydCaeBEn2Dms2bojcBpBZlx3SkkOlcZuQp2RObLCNs=,roiHpSuFL2WTyuVUYbmJmMn2gmdoXMsUYEQuX1I1C+Y=,uiYYQ/D5mmAhgknHRkTdQW4KFQRXH+DEby3QFjposQ==,/GFBEVOazhzfKg0u26Jcqdtu02fzqrTqOirMbNMN,5WP9nV2xXpVUDk5nJFGsRgoqMS1Jnz2iYrdIbocw5aI=,71UDy4LTG0uuLSRnmj2ZraEJRniRmgxfVQdCjlfeE/I=,XIQPYWtYLyYqJ5hbEv1JyyQsYuC+rhJf53TDytf2
69awM9O3T75kkRUKzh39ei/Hyb1F0MspKEYyzs7JKLaeKQ==,j4p9S7u0AiQUzmyGFBS6vPsaNAAz3nUS7Lr6kphbXFIL/zCA2A==,48MhxJuEiyk30ORtaBrz/ACE1pIjzAhydndDqo4yf/4FWbiJajIMGzzgXBOcReY=,S+QcIbFGYMnmf+0pR/VA44Gz4Zd8Aj8REZV/ycg/tWw=,mDn49qUHJvx041b9Z5IINzb9tkoqTJWDYtOKtlhr9A==,GAyO5LXOP7TCVOU/+GEoOi8gOdGRtOCEnGrJovFq,/OMyTGCPyNYUPZC+WSlFliQMYRU3wKXxIzIrOSld6ZE=,cLZOmH8/85K0Avw1jOWV7Rco5TAuNjHf/13I/199EBM=,CbZHb2qFMbN7O2wAf034wpYfDwHbZ7VvIIPAA8Bb
RkHtoK6/g+T8u4p/cRA3RZXH5Dt5FNZaEa0XKRrRBeOf8g==,t5g08FLfC5hMEUJAu0wmxTidqk2ls5hp/Sezb2n5FtX2CixWvw==,RFOIEGx81dYP6TIEHW4PfRaj6/zOIoCGaAHMVNIv+OxlJN0g5nWL8GRhmtH387Q=,yGkhMm+Q7sm7l8ptouQ0tWB4P7SBFlADhGDTrl36zDU=,1SxLtN2KZ7Tu+9BMZ/tK9HFniNPizuET/rYUJ3HqgQ==,C8/el2SGJmlGUZf74RoVnUfY42Qrfz51IwCqk4Nu,L6AqY/aG+RtSpn+JKEfRkKWoMyGU93wI9rwHq8JMGGM=,v+UCuuP+rcpEULkVIpKbt3uJcHu6D25fM1Ty+y/ZOfo=,7moTIwaNiwRwjhnG0o4nbqJofpn4HQhjvwT8dthj
ocTvCFmAXUlIqToP6408UT7OBhWV++sf9YK6i1DnNzVr7Q==,LGIjkcEFPo2fJddwXp3DDfvuuYH9l8RZcyaOWbFeqNvnIa+3CA==,HhHmZds+yMPyN9xHWMsYck+8OObpw79zNUyta1tfvR7PFwT2uQdYRs1NdbL11Us=,QQR8qSn1d9jZqOTzyICjwqiQmmt8MkuIbn0EYS+hAPk=,TTBzsnPNb66P5LXiAshR15cjS6V6b+mtAkkBi6HajQ==,rRcd7aGDFTAQhDCkRRnALU10BjB9f/Hi3iFKOBR5,RB91ZgsoaOUXLn1TC9megm0Jok00B0SFeY7uFVMmhkI=,dmNpDrR2XbZ5Tlzcu/TA7Vn6JaQdWjTKarQSMKNEO2I=,BU6YgSdZmafkWYKLSiB4drVxVE04YbYgUwCp2Xe6
KaUqq15XnAqreTz3G/TXQ+rNxGQG9hSThrvtdN6HVfnksg==,po1MebeKvQ7RgqowbboxJP/f1fR8CjAGRY1FE8RVn+RoydRI/g==,ibkxZ+51TWmLRr6Sc1h3843cmqegbXKIaMSXrLWOsKRJtJ2jvCiUQAT2HUBcBZs=,IuQ1FjopocKc46Kqr1npiTN5wFLJF+6IeKD4Ur3iU04=,8tCGeIDkA5vXKVCAUQRbjNbguh1ljhi9BSrVS0Oq8w==,LYLYJfpZMGy0VJ7eO9kcN1W5qzdItQNZk76BGpSX,OSAGb73za1EUTbVhZ66dvTwtoJp3zoQltjes02xgD3Y=,tBybVFzj+QjtP544Yn0FSV1fNuRFIsNdaigpPEefF+c=,rLyXDDs4iwzZLVBl1X/oFEn6wWV+Gf59XDqEs20F
KtVX9Vivy22eggiZ8vE3w4UUQR4lv4lghP+kDAdsNbGjdg==,lSj1mLzQFTaffIRyBXHNtNkhTV+rH8QN/HGE6QoaVmP/9zKzvg==,OHpipSkMaBQgm7MD9jNNe7CFN/L98avxk8Nlx0eJXSzXnhwXOPIBerj7VWtclPA=,lqRvpNs7ajEE5DHeGF2sRt49e2zP+bB0s8T78leiWoU=,PknMyZmaGrgHyxGwElzMVnRLH841f8OVS0zPoMi9Sw==,lwnLphU1EAwMppkWW72g4qSF69BZXEOllJvAQ8rU,z/1zaNZ0FXty27fCZyeV66A1LTgoma2Wpam0jBt4UuY=,4lzZscONDLnd7nfCgLCfx7dMsOPgUiGj/zdkBhYNdXU=,GBgtGv/0YtSwrPF+O+h6hu6B+xnejY812gglt44V
xmyGAzBUZiTvbKFZ/UAnKg4wSkM1fe/+mEMMcIvhztYO1w==,xxxxv11dGGMHU9yOKyOWjJTbVFPl1IU3K44GNyu14SOPraMmEw==,/wbnfSKf6MnVinMyNxsCeptcLL5Z1DHlQTyswITxL4xSEHMBXQdzFIWDj2voo8E=,5S40Qq6+oixvK7R8iN4A3MEoq25vqAG6oJoqdOnzSXI=,B/W87Vpdv4FUVrVUYNbI82kvTJ11+14fR7bwDa+zpg==,LPkTgr6dOposYbRGrBtwOweKjBPKTpb6KC1sDyAT,wFIpk+9vftkRvswMH2Idf29KNN7GQjOiR0dJzWr8fXY=,rwAm1uCHEVTdM5hm3/xDtY36ZdLYZOugZHYjALXOvRA=,4QymwhsiraUoHdu7oyJMP2aBgR46RuQhucwyAeIM
uboZ7icVQl2Mexz7w+k2fZkpByED0IvjRg9Ssp1Lr3KqwQ==,UB1riBtpNH74QrilJgHkBugsIMROlAOLHmLBA2JW4sePLvzeaA==,+l8jgYPev+c9CXoT2MgkGNfjkiu4aczTlApmcQkwFLAdVYA1S1QJaiYn6EulCKs=,vSvK8YhBN4pu31+wg0VRPEHCENqXq5qLTKD+0J8J2yc=,3uy4MV+lXBXY5zG7Ps2TcgpvoxMV1y2L1Hkq1vRyeA==,jQdlXbI1VF7/HfewPRV/Fr5pcW07a4kEpsAQgs9k,zrm1+Fl5CMESM94zV/6xhzoqO56MoY6nbPT6ByV3X08=,WwGV3voyLaH40RzsbNHjvInWLwohM29pdC2i6H28kxE=,e11mBQ6ytoP5RLJZdAvr8EN4yJmLXPNWPzQ4cnKL
yPzkBY+VKtsA5EgeuoYJVYGKxOa2PUaXgFb1qKatgxpIwg==,/vBUrbcgfEl4I2Vb68Ra6DpOyNZomhRYhrwJfflS7GInkd3JUg==,yF/VgJX04eEdC8Y4MlF/msZmYXQ3enT8F4d8Y24TJJsfbyoxEvBMXIb0FcD44tk=,aWAp7lKvznt3rpcM1fUFmCFTPSMnO5U3YzlWgU/+LpQ=,oaGT6QUbOcIvv0jZKPxsA4ZY8VJdZIVPVYJpBcFLeQ==,15wjkVefO3yCqIez6SMGb+Lwpsx8ype9eWM9hGtb,Z0J1JrhZajPI7U6N+UbW8LX+yGj2WygL9LhG8U9vkw4=,wqrfPig2V7bcgKd8MKABPcEFfPnE0GDp0BTCNND3rnY=,zsS/Yy1Qy2T+ZCJLf74widEqcdnbWiwgZlS+2PQe
fBXEKHqTjGh/tJZtDAdycA/NtyImjYodSjiebivkraQ3sg==,u+vvS25Hk9V35aW+W7EHaWbAOAymYD33eJO5YSNaZXvzKNd35w==,cyUH31P5uixHa01BD+iLH3JK3UnM5RMR/KaS7Mx1drbgRaUtnpaHxubSZOM15Ns=,jzpGQOULhf93fdQ72Qeuml+UDHJZwUM5c5NHIKUCRRc=,E/bOxrxVjE6GC097MQFfV1TKaj8KgxKnY6zdLcduDw==,7O7fsfkq2fIwtkj7M2RVUyartbVbJkTndrt0c8nm,iTDqcTXs7uAcU/XyFKNAqNNQSzF7NHAFvt5R5OwAVaA=,A96bNg44M7oZxZ8G22CDNpp+ebn6FbcCn0JGdCLvOKc=,s1b4USkCPYW1YYFpIC/7Of5XqSMbK+462oTfLSUz
QXOd74J2HIEnMticDulGw0nNe8VlXNGZy12LuSxGWhKqWA==,4DonJw/5S3La/Yysjm2AHeFkTDAKGnhBSAImzLw2rl8Z5g9wew==,xfNcjheb0ciiTJxKdQOMMKsZlUj3QTMFKlqgre3PKuHiS3+xECiuMQsPRs9ctiE=,jjJN5vn+bw2N2ENEyf36NyYL8ysN6cURU952aFdrqMY=,JgvUhSDY4sUP9fIkxk4ECf2K9WsfxAXze9mpvBUr5g==,TSe/zrH+GqmovWZFYFmsiEhdA//3a4EeQYk7jTE+,WtF/paR/RPJL8bzJLq3qsF3g+xnvX6QoUL4kfOQ2vlc=,jXLUDZSni3KSP0vptTzTFPnQ2pMmYVtVEw8jjrNfJsk=,RRVSHusxQ0v2vDKaShkqJ+IZ9LYxnAjl1dDJCf+b
V08bEv8atmDdVxGJ3ThqrmqMqQsMBcAZ+zrV7tHBsFphfw==,s2EFBnYhSu850DPOUYroe3JgqyhWbNs4Xw4A86EPyhba/PCy1A==,N6X0ibRhg4EM/Sq88nVZGo1eTpeQ6KteyXnle/3Dn52d+zgcBnexn3lHuKJ6PgI=,9Y7detnTu/plrsdZLwoZBHRLi8hQC+dwmYwOexx1D5g=,CvlOlFsBsD2cA3sXT3ujzTG06I3Sp2jFBEV4QR44lA==,CnojiffMMd/aPUeCJI1CHoxLGjfKHhT/fSzxXbgT,spSoIEjB8YvH+t9pvKQcnZQjfrpypLrDo5azwzu0Tg8=,lY/hxpZZb01pCiIM2QLVX6y4r7ufOPk1vP4BatbLMLE=,Iyn9TxJT1EoKM8/RyVgxxdmcfctf8XydxFd3FzNM
NZNPjrlrhfUGJPt23EngvERVdY0VRU/TDhHlH68jSpTzmQ==,osayxz0UAdZ6BL5GHvWUWe5eSjG1Zoz/yLJlm0Mjz+XzdIquog==,OhxAfR4Nq2sTaeqqUFdlSleIdRTXm8L4nry5MUNKlQbT4y6mIz5PhIJhy2A1JTU=,6pw7KRDyit7aQUCexgy+lumPSKD+NGVaOipGE0Bg6Lc=,tLYmF69KeMP+FvH0ivG+AWu5+I8Ob7kPYNG9gBpZuQ==,UvQ+vjvLcjYyEwnWCsCMr3IXPhAkTzSmXIuvgWoh,dp6Q6CsLBu39waSA2fqDcZMFzvH4iRr1qniFESO63yk=,KJUT3Lwzlng/dfiztuAElta6e2+Y98s6EFPApkiGRFc=,izqZqvn9bOLxAm8vtfNijUjeep3gZAAFWhocXR7p
UOEP7SFdUwiZkJQIgF5JH1kJUlJiH0xX0UOy+ol2wVUXaQ==,XRoec+5GwIb1sLFJN6H4CpA4wpknXC7JgaJhK/Vvx+c47/jKbQ==,7Jvd7DDuEfwrFXEjvdI3ejkqYV8k+KujsKtHGYPL6l1VydzO8ZhXTEdA94pP6Q0=,0acyHe/CJEyFfAAnAx0c3UiK2a9yffrtAFO7jPzf3g4=,RdZN5seQXpEae/QuMCkyEozYIUbIFR0EKh+YuKTe/Q==,w4PgBQfAaHb15TnH0pyQ9f7qGQHzCTJSNEU45weX,vuXXWL+k4OAMWVuDEJAk1+vsAotNkGLtQQUD2pRnS+M=,BMzppmONJ/+zY0OKp8f5ziEGh8q8zCPAIa6W6FzCedc=,S0QvvSihk1yzC+HRkYSXq6U1myUlsH2DwJrcmS3X
AOx/UJ9SOnoEUs7WwcdTrF7jOM6uY8YNcsxKYzwU1xPJyA==,SmYVwgVAluz1nDab8JOMFqQN8Io2r7pFhq+1DdJxLsDjfK/Wvg==,Tg8PDGRFLGNJIgSFm09VhCHsc7QLqTsyKy072cEXEyTH3ZGaPmZ3U+BKP+SnGVc=,W4pIPWdM3mHpKgGbc5AaDBA0nMSOccQDGnFP0LNz5Jw=,N0mvU+X4UyRd7HpxpzJhUumwRbDocWH2lcJPNYnAaA==,4u8d7AZGdlAJRkWUJvw28JRkSG5NEELHvQsAQo0K,ktmu6ezcL3C3sBismgDG3QmeI56/yg9XUX/XDUZQyJg=,2PPqBUMaapF/rqvHU8w35FS2lPcXVZiaZdW0tawV9r8=,B+WHd15eiiTyHDD0MEK1ejlAKrnCgFVjg26XRel6
7Dbb/QFP51m7DtT10GM2ySLY1G/KbOKvntdqpsIoV/aGnw==,6Z/LoZLlzQP86TdweEowBk1cheOZAkKtSJkc99cug6giFKdD+Q==,v/zocBQFycB+FFFQaeyufI+l01zjrMAE6EZPp3w47zhN65DpMJUp7d9zkTLjEoM=,bu0xZMj4S2bhbJ84lW3qu7fbauHYDBzVKxKDiFVDqaM=,FksUunyiEHGXPVF6JLN6sh+0TWHn8HbFx1mPjGDWvw==,HzKV/XVjEdlb6W4ylo3apx/0+jQmRIwYO40d8Ojn,M/gpjOrtFVEIvVtiv2Ke5H4ehhh5yn5igzNpq/txfk4=,iLOtUITNpEB1qkiN6qV2wdVyIsbgrAUO5mzR/+Ns7W8=,YKB2kC+rKm7tOntaKxYc1HYR3q2/SNCYbmrYYFLu
6y4JV/bG0y0LqIyYFO9sVI1UDGdihihcSNGrol6uiOZqmA==,PDpBwXZZlznXHd4EvWlauW4RJl1XalyzFeALvf1DkonN52vQ8g==,XCshPeWA6qNSoSVPvFSjJINjvR1Oj1KC33MyEcUhHSP3MTKecmXFWHJK/Ukz4VU=,lB6i9Bvr7wYgTe3GXezGG5cahpJfsGPv5FH1H61v9xc=,hhMgqzpiAcl0hk3X9XNict63IOz+Hn9iuXqlWgfCEw==,LfpkKI2li+VYKD8XyHCiFYwzp0GUQMbV5E8Xs2M5,e+Z/ZpTSxwUJR8zJ3XfVlcES+TTJAzB/scDz83ypIs4=,IHEvEmhjKg08AMDObMAi8ddjYhigtP49++gWDngtcqA=,QL2w54x/opIoxVMk1BASM6Q/wuc1nEgAAiOqwEFJ
iXHZ1JN4KNy+Mk+3G7F4ix6QIA5wSLIbKL2aVKZLkb/XGw==,1WVwLsSMYwZSnSPjWYexVxF/P0OWny9ZVVmmFrpNJ6dkdgvGEQ==,mC3wuQWQVw7abDorM6ZbxWwrpEHRB8ANm2zzDthfKeI3G316KgFi+CFjirE9+Oo=,Pqxtw2IHmzprtlD6sN1k5/6TQC3ueQ5bwYDF7Q4pYrY=,Qg8pRUd3htVneyXRbpNx/dRUbQIWOcZMx9Lr/ZeuPA==,QCEd1BQVXmWQE7lbLM5Drj+HTF7UZ+5PJ7RaLCFp,9rHgsU9q4wbOMow8/LN6n6qOrypGgyLGZ6HOYN+/AIU=,yckEYSaoBUIJMhmsXXYGnXq3wlCiPTGHvSCJoTYDFYo=,auJJjKH+lE2Y+uSQhkmVgGf6bb44OIrP4463uiMf
0PjvkvLu3Y8JMNGtBtUsqtlyXGdTlx4hvSHLlyf1zsVS0A==,4e7PS6qG30yuUMsP4GKJG6cpdmp9+sTO1MY/Ghkkkhqbx5KMPQ==,DwyRBNRevQLaiwEGMSRbKczryODY4eC4fYKyYnE5gn7Rvd/ll2hxzdEeRTIHJpY=,EYPw1M2iXAG9cQLT2dDU/qieRntwT+tyIJzXeThqwyc=,sjdQQpdCB3S7bopRuPpjjoR+zNXScATDt14uJ+/7og==,7O2EHrBoBEz5HBshCFOBI6bWdBzrE4vsps7FZq2l,PHNebv0mXQlow+BYZ6HAcy/KcJq8z5oagE6612phAJk=,Sd/L+Ev33TM1h2k92MmtM2O+tvhbdOzuyiQ+WG3QFf0=,Sq4uzg7JT9x4aTEo470d7NFmaHQigUZfJ5JPhv/K
HW7n6ALwp00MgwpP3/5o1XTXl2gNSA5RsjWp6haQhrBZaQ==,oUK3kVVnD76zBZgRna+Lc/p27N7fyiQJX+Vx++Lypj8WgXeVhQ==,fl9vIQaEA/J/W4nM6wXoS3boAc9oY3/HwvAJzi4EtGH6J7RVzSsq9vtQjpyh0N0=,cJkZLIgzeHwxwjWKGgUCWsli0e71vPWyIs0BxBuNBKI=,4+qDoZZDYnwGca+2z7BprMlDFI6ZJrbnyYYWsGMmSw==,gLksNbFmTYZgd53dpUjlC6C9BDTf0ZxcuTGPWqPj,uvI/zSEkq63+QuxxIZvMGv6DU8b5KRyAZEBMTcJSxWE=,MkgP39FzfHxpRNzmvWzzvqtx5K1Z9vgvMoch41kBL54=,RL4ZD1pDzHGrR3R/2cnmcAdUmQb4Nd6EYGPDyecn
tbDTEpUcgKoTmbgjzJMW8U9YsODvLs+kfZ+Z50UnQXJbMA==,f8anMk7g7MEh0mm/HhqS8ShGl18p3mxHiqiI9+UhtFSrop1pMg==,m52SpIP6ndFt0OJGgVuAMLECRNe6nQuOsW2UsOAM99ilV59tliXXimAyVrnj6DY=,TEedTLKQoMOZ2UnCziKj5nAYvoeXCEZLiA23vMxleKs=,XOxhEGLUni+T8xvGyBjDRGjD4kWRLR/o8pN0Aw2M6Q==,oS9yZmxuO84GQPCauT++Lgsa7YbdDifDuKOBuiI7,8qgMnHMTg3giqJXIHFfzBuVu/MKVA/DaIC4aDG9iyOk=,akyJl6H28jSDvPJVcplypovWPUEMQvpnA1JnpK873yY=,TKBycl1nOEF7kl47MnBfyD3BW4bW9rmdl73wlISC
MyAEWENOqaFSFzeNh23CNkcv3qHErICSpqOomR/7BTVn8g==,MfPcSFXUjYtLkHNa0Mu4x6p1UtvgesEKMBYhg2c4b+mBYWTAcg==,Q17pFW1OsFlcF3o/yQ9fvzIEBsGeU9jzp/nq90YTTtMY0lAhpbP4jS42Nju6ez0=,MOZP3FnL5HAJEJiKH5QBYFzqiu2vThH5uZTKIaT8QYQ=,m0aAsSyrLdALX2z0IkS2OdmYr+gmO7H9zZKwtNlvCQ==,NuC3XOaf8IgWpwFGQtopz0cU8bNYN63913JAhusV,O41CgRbOM18Fn1YbsoeLkIqZ2HrD1AeX3usqpUm+UCM=,/iE+noKvYHhyOIhyiaaBIpjswusbIlGQFPmhdM+SGys=,MOFis1CXZoAsBb4K+cEx6G90xn/bGOsiH2hjA6cK
6IVQzfWG2SQXQwiUqsm1coiRMnON/bJpqsfkHuKDm4m6sQ==,dzANWQNoepf1wmVP+9glEhOKtLK8rsnd7137nS1g2sx4QNAV3Q==,SO3AFeEQnCir9aFlvbimdCJt2DnI/sf/l/HejHCErWhGVZKRi6ivXTZL74/Go48=,mN135GpIeBpETzi9idUmrcR6a7eGm6xfQOVC0sp4Jvw=,Ce00b+0XlvxqRT00RN5sOTrrp7ZnsShf8L6nrQeZPg==,YglELAxrLEqXqmXhSWfNwbQhKQKKH6PPb3CENneh,0jkLTnLWBE5aAgLGa1J2NbHmqG8wfFZMWofLzg/0I1c=,n+3fp3XrBTVQu/bXnsmqgVkpUoqsPBH7b0ZqBmoYd3c=,EB19Dr1XM906V54PiBEVcmciOdbMlykHM6v5VGCr
qaThhaE2ul0ZnFRBW8OBkEvfKPwjmn+53rApjc4FNraNzw==,0+vRNgqSyU9lnzXte+KFOotNWp3oQAD3QHqmMctIRob0OZERzA==,2lUa9LY4/R+e5moj2+mHxiWdTyzgQGyMzZz5E7JiJ4t1BapMYzm4h4xmu8D8shw=,sFTR+Yj8r9QsUXtcejQhSk+5cx8R5WXl5yZmTYbTL58=,mY5czvoSx2mwoj/IvMsAwjRCdAhBxtWIMZACY0YHMg==,mgbj1C8+vQNp6wz6iC6XeS1ek5sYHkDDMUCZya4W,8pJQ0wEQJtfOfHFtlKgpId2LQ/FD1HNnlb0o2MhO9xk=,7D70JYgfN4td1/9wwafmZLywfipficlLVR4Oj8dsF2I=,77v3kwB7Dl2xwgR5QoFYST0WJgLQbq+mYymPlsHA
avgVJQLyy+KW/tdfsBH54O99tJrfbGZQlKU1Yhb9vYXE0A==,PmnqdVWDlNsx32qWArr2f0HxWjbv+Nf699WGjkpi6sgMZGzzYQ==,rtvyubsk66YkX9AuF47l18Px6+afGpxC6l+9ELEGw2+o20+kg9bTESN/Rz/QKVg=,KwkUW+J5e0fpuupLWsr84/O8FfkBn2kvfqs+mUBgW7s=,ni/m0NZ9uv8/uILCbd3OM5PGKh3z9hKZ4gzOjRUcxQ==,ApGQTovoosT3OcvWc1jF3QoilLa7xEgV18prW0lN,uonOmm5YnZFXKZ0xCxU+7L5FWdvjbnth4yNfuQjUdGw=,38z3QHjAn4JN7MR6qBjVigSSoLGsF/k2KegrFyFYtok=,5h2ohvoF3aUyVHqPy74t24QSqpYKF5772r5wshqH
dXa7lVmnXS+mf0wSrwfFgkQdRboxOPpiXh+H/BCqe7YwBg==,EbcYD84LQJKBKBC9ipzXGDuOcCL49RrYxkwkTjTYaDV+cRhgAQ==,e+fX++uSCjhU+a0QrCD3zfQ+7VkzWCmdDgUTA/JUlV1JAGJO+sAtIXdm265hSYM=,k9G7MTiQp7cXbOCc6lJoeaFzY2W7pWBQah2Lr647Ku8=,uP8DD2+lOBwp9Lok7Hs/c9Jf0IFuboSONQWFWU7ElA==,9FemphDMRZXSEHHEDkzJpzfYYuaqBwJCXTWheLGJ,UM/9noggdwwdfUFFa7TEQ1C2H1mofEMtkCcoYctE2k4=,3u4TbQoBzgpzzHjGEzx20+aGy6CQFMl8fw+9XhRPqNw=,lYv551uKAKT7IkIvF2avvhcflhDGXelNq+IWMkrh
IIt1uh0Dbq9z2lLnPXe2VjXmk41FwFjJeZKtX/zTbbrxXw==,wm+axfGKC5Gl9gCqprdLQcHDfvCB4s/rwv/yUsuGfLyyrEY+9A==,d59bLrbQvX+PKKtbJTei5zJ9vRysyGzpJYkvMTEhjGjnSByzpm4+FiJEbuKVQuM=,utCE6QjsgSj7dx0fEgK9WfMnfZdtN6Mz8Qn5+ki+BOI=,DycpW3wJYtBDZok98B288x5Cme4vkaVXSTNsJ4AJnA==,PTpZmKjru73xrlk7gmhKZBllBcLFdnw6YG1t47zY,lIK2rQzkdaOpWSfmY7xU8W78JTQK45/WBs1AhCmdjUA=,Kenw0B++wimdR6M4Rp5x7nccni2d27CPwMahBlhTjFo=,qzg40AdvwG14D0QRKs5JBR5QH6h1Se9IywV1O6K1
pcyQEum/YrifC8VPYlS8K0ropMqqIVIqO1Ca72L8ZpMJmw==,Lxjzi8XDn0KfTK2T7fNnQMLcwwKRom+ORBPp2JanxUjw+RW3jA==,W18xyCt/CYeNAxkM4My+9f1RSQ+4K5ZiaQmL4gT5mKqWwnIDvnjqtT47VEbRbC8=,oYIqT6QGe/N+5a7bV930t5Q6fFNYhl+Hg21UoA/5mDU=,pqx/pgA/9lgsqkxdEKvnkHmdCfj9hNRnPk1DNjI5lg==,+Qt5mIVMUHZvKcFuDx7n+9X8pMpbOcfQdXUs3jV+,90291bT0dEya/1w7YHo3rcrAafhQHkNyKxqIsGyi5e8=,E5HqxOoJfMm2NhG1hzaUI0whTkdy1pJhqorBRCpnu/8=,Bm5J4TRYvIVEC8R3OPMcvkSPHNCNKR29gCoaEUr8
itnuJ2IkONK5TabNvSME5zGu/nqCm5ugwPZt7VVaMee5wA==,9i4BKtkgUSuAPTi1DtfWr8+oxyis8fFe7a2JGdi2H1TBxr1kew==,q3HmPrhY0968wVM/gTX9kta8eqqcpS55qmrw0d32yOE/EYFzZ+ZOGLxD0TSZ6w4=,e17a+g9v1vVwGw8Ch0/puI34lvZ5KdAtT0XWnjhOsZw=,PCRufo3UO7vbZ49fuZqoOM/su3PfErQm7s5Ap0oCJg==,yMxv5KDU774vQsyMs0c6kGI1mgF38I+TOcvbKP8a,IWl3xrGNd93ymmyjlb0QD01w18z/TzjK6ulcx+CdR2o=,tccMSyS7PGx7rBG5RjLcZ7YAUnnlEWFV0kqDG5Z2TFY=,b6KgMdE6rG7Ck6aXcRJP750zcINp63S29bAkRH1C
/4Lv8RhYrcmyE5JwSYHjDF3UxoXMb9J5YCqulTcBbfl3Cg==,AC0gKBSJZ7UV+0f5R69rNFlZb1FQUtHzRYa1i2eLlZVyfToMjg==,NVqRboGNtySOCo5157ye3KrDi9XUZGZc1hLBPEDTjTvzQxgLn70748IDuTYmcGE=,uXLKZ09IAv1G86azKWNR8OBxlUvDdFHr142B6n65gAo=,6uhJMh9bIwRnW3EDIn5ftIlIHEVh4xGXvc9kI3XFBQ==,KfLepRozNImN+i7tBMXjz0+aPVHF66I7cVjfDMXx,nZ+xn5+UaIMNdYzb/LJtEFGBfhq/Naha4kkManrcUxg=,s21hDkktefkJTauODNVRt8wBoJ3padIPyFMBdMX86C4=,ZO2JK4ItAZgf697nf15nC/aRFRAw2jlNlapcQ2l6
I+9GcsufS37adiTLfmYxi1J7RrvVNrD8R2JMT0KizAKZWw==,QbSmvlTI8pkfkwpxBcHDVy6JdtIUfB98FW3xvPZnocvLF+MVlg==,iDS0uJ6V0+FwNrNm4HSwB3kMYM12ifLIn/Q5NU/LoaTmh38QAgafIjqV8CZrVuE=,iYXg79DSe53D8FvbG9Uj7wBGP5gK6phzq0tXNV3ggN4=,QVfgpBNlO2ECn9DXTJlHAn+pTQ7l3DpmtUB51ZqEbg==,0Ph12lMf20AaK5IVdSmGwmwhghzmniyy5M8euBLA,RtGIFsTDNs3Tql9gTzAUOvWEz7BGFNZkSIWeX+ZjjxU=,1t17uoAorXNezYoqQ03xNRlpNom/Ualw0z5lecumBiY=,lsEQO7OsmAO7dghWYUYc1p4ySxwwbi9lx89jHKYR
VSl43xYbuJ4Z1+dEoKSbIHBy/96/lGjdFM7MlCTOPcc8pg==,8I3e0LFWjbIv15ga3RNbhk0GvLy0Mez3/jBkS7r/0vTgitDhVw==,/EsCr/hqK236WlHI+5UeHJd1aT2nEAnnbO+DoYiu1gFvoGR8SqhbR8N8qZ29cPc=,GBBN2vUadczEs/4Z4qhfLuAdXOD/b1STUA+8f2mYQlQ=,WOUBsCayp5kgZPRNx7QtLW0ij6E6ajgulLfkcCQuaQ==,nxwpX5AW8BFThBHaRuOsJQeoO6rkNLGnEQgKh0KE,ZAwRMEI7yKhFn8PagV67FU3nCvtON8xBhGgZ36R/o2o=,m/XSf6/aKQhNudVIibbb8QDVtvJ2zKeM7KJ05nvCWfQ=,8yFG/I5ZCzY254ib+pCObomIDrxy9ga1AL3jQFvb
s9bxbBVixSxlnWRnSDlcihQjXwGD/qQMUD7kL5IVpJW1jg==,O0UeiYiFmQWgBeE/omBMDjyuLHaF7zOu9L9aoCZpxZrXV6KOeg==,wKnPVMUvRCeAWd6648n3KpsbyCLN8q0gkQvoSBrYS3XoFcanPDtLOGrXMbM1vMU=,xvzZtDn3kzMbfcJujdYTDOAmLCRD4vutVUWNY8q5LtI=,kc9yDs5kiIODG8Qt7Y+ML9E1o4zh59oalT0A3sgi4A==,6iGTzWTL8EmwiNyolZ9niNCQxJxuT5o7gMjcSh4K,QC6CusO5YCE1DikvPoJEiq82nz0skVnAyiHWFf2bcl8=,PH0GY7SNnNNGF/fjiCEdUcDQqbMh7n5rt3vtvx2CT1Y=,WoH5b8dknON4LWr9t/Dd9cUZ1y2XHjZGn97xmcg4
0Ve8I8kJNmIHOPkbGLwh8X1VCApNSkTvQjszmlz2Rib9KQ==,QmIBGgvOXiiI0ivOtkGH9LB0Ib66P3qDALCA0m9sJt6KsqRLqA==,ToRcbbH7f3+2EzPw1eHK1of2Yyua9the26GG1F0vY2rHIWMzgRy+h6x2g/ffhNc=,RgtBI8usQaHgb08+0aNvcJJs7g8GWnFK7fw90UM4U6Q=,otzZXH6Cqv6BgArxw46hF4s0XKFZFx4v2NoE8RiI7g==,3ZIpRg1m0zhF7QZ09WR1xVkXPytT4MdWCiGcPAVy,Oi+/OEFw2HIcOKlIVn/TyIY2ZGZXn6EpgU8EVywjWvY=,GMTFVZsS4Lw2maSOn+HaP77Tc17cN2sv/LUUN0M44iY=,k0rVmPRC79/CpVP1Aha5ih5AAu7FD7HvU+mAE/F8
ERec8NTVj585iMRGw7Mqm4vfwtE685mXKCwxlT3jQ5fzsw==,yUOXDtepN68UO9pts8aINaRQWR1R0ML8oaRYYYmaeWUI/ZSOBQ==,xY9GIghJsPuYX1qEt7azd64RGzaimuChkBUvEUiNFBkwhOP6ab7DRFo6D5qh/54=,EdKb8evz50ff76vyzNZqNc/TXIToh8wQDvErIGWk5Ug=,HMNtyPPQX5Vf1TJvyrN26q1gqruJtNhl+2my75BRnQ==,pxannJcIfE8EE85e4JsbkH3OOIB7rU+tbsRfuE/W,SxOCZIuOzHupWOgrlobikl4AAzHuAjHmvVR9/dmA5dI=,7izdnTAtxEnwrcwqV7vBzGGyUWHacTWjwUf0oNrAsBQ=,pKNlE5tvfpzdhx4NeUwI0G2/rtf91wzVNr1HW95k
QbrA6kC5ATOvDNmGvWjHWxChFIzaiWQYUQ6oTjbJcC+QSw==,XUJln9mgM1zYIGe0gV7eKH2Tf7WauTt/+4h6p8ZXcHjxzyXrsw==,lkMhB8aIVP+uJSbI6DbPZzrSvDKJGEMsA6Yvr9DyQdMGC7OxqVxDbKB9bCF9uGY=,qNrQOhxO3/2MnfGPOwv00pSb+9kltlaGz2bwD3WkhzE=,2hhjtuDZKbelXbPrOLhpcwLz42WNQIpJDpkDPRlaag==,xd8o8HDDt0UWgVxZ69z5MBNKZzFC11RLHrnA2iCG,EZ+mwzBXgeXczhAryu0PGuW8QxLiMzUrD7zNiF+B/E8=,mKh5UzM1+MdTFuaXSny4b+UQyqAiYucq+Ep++pIdtC8=,fPsCDC0rxyROVmQG0L7FGpxe0+Jdln3n6FV9u317
VkEWP/uylmiBowuPRLIuBI/TadHDeVaWzrFvApWXOOulaA==,fJGxafkzN07sHYnd426OhJgIcx0uNUvN7kkTL76wV5tZlv/4Pw==,Sg0ly7IdI4wCu9Lvj4G4Wuo7rpPtg+KZPRhU94TME972z43V6yaXB7JHxXNDkns=,LTAxbdVXBU/yw/syKp6ojaMyCRQdnO0q9FDpYJWynUQ=,D/zrpK2D2uSeuwXrJk2b3hIiOeoRgFvAJYEjypqWIA==,yV7u5Jyh95hZgZIhltWvyxaWjeryBlAkJIT6gMoX,4Fw9H84Sz9AAjJxBFHcnaTfYiv8nSDMMXu2KDh/55Jo=,wGUMVSY1rarFwdz0vqlMsEUM0lXPB3KHM8GdKriXN6s=,1ZLNxKqPZWRzpe4HHgsQ/1EkqD/S6LP0pEtewEGa
vCISrycrNKxOVpOyoOkUwn9+HGCIRfGYuOpfARR/WC97mw==,PdKRRNvYDwCMqpnxtN6FaeDQbMth8JpU9e9UA5c4zpHEjcGCoQ==,I5p7Zs2fEXnUgE8ZI+CZG27gy0eEWmVmc+THtI4LTnU6s007HBorCOqI35ks51U=,8ErFRDwjomIwfl5M3jCnopB/rRNJM3sS4xMXnw65Mho=,z9F6lxp6MEYW8Pd5Ya687zvFmk7Cz0OylAihTdf5pA==,l7S7hp1/sfWo0wbwEU9UyOQ/uLEvLvTVrsmxZMuM,IWIxgJwnxWTLGYUgwTnBzNnZOw7cxvbK3rvm4moKqU0=,l4+doONJ605JZgtUm4TTFt9D4guCLYpsFBmbIuODrug=,aEfoYZ1+Li0OIDm+uuW/lg0UdyBrpn6PttOgfwOU
XsVromlyOflPqafupCSwPHLwCeNKB2wFWuX6+OESh3WfFA==,gPqqnosHuVBFQLRX6utfx6RaLkfEQRADOPl+ByrtceqmalSdAw==,PejHadR7v9Fo+aicPWKrZPKOTNdOsz5nk7wz8Y/E5+W/bpEPjBPXd2SClZ51WhQ=,dcUTmeoxCNJ71Q76Yaj3rtAte5zY6OVQfySpCmYRh2Y=,L9kCObq/3CkzK7IovTewxV725alAhNp0lr5qRtXirg==,wLMcCOZbZ/3SEePdw3uu20VxX1B75PwBh8txWl6K,ZkcuLhddWKNvWWOzMD0S35+tfjFOrYTjpcRKiHx11sQ=,csgkXwLZXeBKe1/1DkKWflKzPXbuvK+TO/XE2VOTizA=,pKFKz1E0zwsoM1H757iEk4gGaBwDBLSUa50uFEib
cuRtUyytKUOK8bnV9jq7rc75dC5oMTnp2UlTHs8dn4gLiA==,SgP3JZN2RU2wh8yaBwd67LB6lcXZl8HEJCi6qokEq0TZG9KYxQ==,TPWl32yUuUnXQxk7J3bz9+aRH/nAcG1fpazfeLBJCOKXKTdSluchLzptrfVR1hk=,ySlzpzF9lXN817Z6I+Yt1V64nIo0/E7FYRYGCOh+OTg=,SL96SbhHCJ8Rx3+/dZJCQf+hA0wUG4FgJkDszZWKWg==,GV4TAmnXjp8f7q7Szy453EXnaSRbV8mqDW/zctXZ,TZtZuYNObSM91KAYmtD5FnUbyCv1r6q3yGwBVh/E+5c=,cw+K8Hk2d5yPvOX6+PS4C11Dkoh1AThmfZPj8g/iwUI=,aWZxHa5iAWLj5enfb2lzIwl/JNCcCFFvaK30naGN
g7evb935+MNVnHiBjOvOc0d+3kTBEIJ1pYkb8auHFvwmEg==,dTX8mVnnU2wXpXilYSpw9YxV4Y4pWwXwAmbgcmBVZPaGtgjDoQ==,NuKaVvX4rbwCHVuATMfSDGf95Q4BKEFOK39jjUCt+kAyPVbuHCu3d9ovIli4vmE=,kCgjZ6M2hdBNFKyE0HeJDKZDrRK1QJpMo5SgHvhRLmg=,y0ksEvTbfxxPn7CWQjVaIDZosXBsh0iMQ5hZMqxa3A==,hPV5aOzN+Q1YvWWn4U+y/xPPR535VyCLiZr+B9uM,YGoSmyCKem8+hxYcw26myl0mYWdJniu24d3EWmiRzgE=,ZR3hmeuvHr7h9HEmnpjgW0FDZvRxJ9St6epFgPTYYB0=,ZoSXRyoGGznMbnGNm/STku1DVhj+F5MZUe7iJQ7z
JV7zkzy+Rl/F4HOGCt64mMgFW6n20QqBbFve0Wo/wC6NoA==,6coJWcmkyvx3JzwzIqPxjfJ0iQKpz32r6u3j4pkHpUzsSIDbkA==,wCqsrM9MoCpS1pmrUxrmknUp/803J4yildKmFn0toIeidrN3yP8jOZFE9RgjAVk=,0n1ztPoyF1YazQ1/3SyBAruMDYs0d28QgVBO0opT/a4=,iuL0w+mUF01LyNKzmg4d82DW/SjqoZs8Z6ApwN7R4A==,vpPmQHipMBUTkxmrPawawB8uHhbykRb/CfQgbznz,XQRqqy2sLO97m0XaXu1kFDoca2qUEFNoQijHl5EJtd8=,BzV66mThwhiMvQ8JKu1NwlkwHBEKYR6suOAf+45zK1E=,PIfiZYlEmLFn+K4NkcHEhZ2Ju86mfsnfndWMoCQW
npJrT4J7MZhO8FJPSkacHetFERQCkSts/h9e3hTEDyNt7g==,1VX4lDxs99qAbqSZctpdnWSGz4cGExOYl8KceUrST9/jtDTDQA==,YEpxpfwjTdXs6WbaMqquVv8LUvWlDGKDYWZBX3N+W2LdObrtX6+y+WEchR7WizU=,i0lWiSfZ6QfQ3Hg+T2esNTkzl1JunOsZJkkK9A8vcFI=,TjxwLyg8s0lag1vAzq3bw4Y/arkLq0hG03xxnn3ntQ==,b+pHBd7qoeJkdHdRusbGWUc9U4z4YZpAG44H6u65,mEryl6Xq/b4z88mD6fTnm2SCUxHReN1EqwOqsIZy8lo=,wwF5cv6ERQafQrOIucH5arm87qKON2810DaPx3Qq0zA=,ox4WhyddBSBIpG2760NNWbRpSDvUZ9r3ReWg2+su
dg/RQsFN9QBobIrB2CyXzz6SPQzCK+HSm+MnwIx/mMb5ew==,YHRFxLQxbaJOKYh12IiZcd1hXMQi7QKKegNFOLIAbE18gvETtg==,Q6XGXAa0nO+Oa09kUew8UQ9kW0W4WWFrqr/gjnWhrCCYLsvrR+GNYaXnqGMLz0I=,LEI3lP45hYZ02qIDyv+PJyIVyikEcaqM/ECHcrx42Ns=,hmLy6+k83bJlsxCr0xbEXLaMegRfJ9lrt+H1u4W9HQ==,uJ5RcmFyx3vSZrQNILqfARLbQ9GOR3etzS14Gzzv,hi8f6Cc9FWsdNNw8f6EGi/Bv5GGF0xqUIaBhuzZgzQ4=,wMXjjpClcWBSpjM/gPFFpM6sdgNUFwALR24vIFNl5Jw=,FHkRMWp0FOR0S2OYbc90wS4XBIZOPowb7fdISJNB
cgnkHkSErP27MWCx+Bkwwp6CUCjDQcadv5ma4LBfQ3Is/Q==,QKLhLEWwCiG2yCm5hKJnhNNm7ED70Yf2P0iWGUi0MENk/pWhHg==,B5oZr9FfFBfgX4Est6L/ZCL7/FAr4PBJW9gHIckxqD2iceSciZLDIJ7PkUyrxBo=,m49K38lYyG5LnNenOQ8Rr4yRl7pSnE6wYjEeXLiG2+Y=,V4vMgnNr+de9k1z4hBpf8jPVZR9fjQpBzBLoespsIw==,bXQiLMXg+8ibFQy+JuzmvNinVDphCl83c+H/kjkp,IVtBn4wBpMm3mqfHz9CVIyZ99RX+yw+wb6XjpMqO0ao=,dvc//FFMYEfsjz1Kqxh+XLqncmk8Cxoq4kRm5tV2B9E=,yHru97NS88eCPsDfvlo87Vuhx1aNa8kUlfp3+5HG
uejJzWGXZk0zGAsRJwHSb+xQS9YGq7zuFMiUuV42FC4O7g==,ChAFsDm2yhqo/4L/eMx6VC9diXTMgulhtGDHaZ5ZKEfHBN96mw==,qZo648MWAtbBNsOJCJ6MoU2EoU1YWo/j/e3hI8sOPa9+cKYZGJwno8tNPoES8Sg=,QhgW9hgAGEajVJwUj8/yRQk0el928RoMgiqgxyAHsoU=,jKUYZetLVcDL/4VN+YO54D5foTZ8M1XAXAENPDVAUA==,ctt0C7Slvu58a005c0uXtK2642D/icnbz7OI9Hri,zKWvi+VkzJ+nONi7xQCl8jYZHI4TA+CXGqG5oaEQ3dw=,5NAgazLVBl2XFP5b57/rqugYhD/QceJ7FjVRzrzqcY4=,NxONAvYE4fH8O2PFPJLUzDFroGq0bW5853WLmZ1M
og2AMZtqVwZiSjaU4a7JRp35THxQYVi7lQA97vij6SKYSA==,muyDB9kaKIMJGEmhW63UO0a5R7Kk1kfUtitH+fE2ZngAxmKkUQ==,dGYDcLhhakuE4Vx5AoXC0PiUIVQKRgqPD+tm7s8zHEVSoNLxuCMbWOAEtFK0itQ=,tBMIA1R8vcDzrPY6cnxzQgRAksWGBqHRpYSk2njVns4=,F8ddswSFcersUmczJ+1rsFFz/lJhEwSXCS3ZjXBp9w==,R958HMc1V9q93xKoYY9EhwBGHFvpil/UHueDA022,1KvCi+lS4XoVignTCrm/Uh4bTQeB/Ldz9z/pLrmKXSI=,vw87MeWVP/ZaXZKEYC0Ug4EyVW+D7vOEIjPbYjWl43k=,17tjixtPo+TZVP/sHeWNy8JNMazh7Le5z4bRO/EI
4DLt5BsVQdJ/popt/j0jRZkevY7YgKcAIeFArhtuzTwrwA==,LCPQ+eUSKohiQmmMSFDTBfYpU0SzsTipd/X57edTCTw+XnAsFw==,ohbiy3pBtA3ixojYw09KNYONI9of4TeGDeBHJghDRdyRauQ3/yvFEy9QCgTBEf4=,W+ag1dju9GpEJXCeZzWsMBxl+upQ3zLhm8jQGg4xQ0s=,aoeUqNVJXAZt6xUnw5bofOEhaZqiq7WAVQSVIv+IuA==,Xu7bSUUQWNa8pO0WETOoCNr2Lk/KqBHNJWtB35lJ,yQIYZYNIdZB53qWT9bpYtNsQH2jEantboU9Z0OSgvxo=,ZZlijq6fob2C0v4bDOv1SZ/TOe1Kv/VDBC8RYbw+Ju4=,WUuE6L0ZPfDsuFzAmb4fOGVS0h6CSMuO8mzt3T9h
dYpz11gXYbZNpSXKKFPYrrnoD7NQ2JZzz7v2UcLJY6G/hg==,BPjPu8X8q83/awH9wvTP8Vtjjea5p7RnQULjjgP+8fgLpI2dQA==,T5hoBY7we4BNSe1HpI5HFp+EZxCtMX503NTa3uV1XmqElBzHtde5OYO4Gjd8Ptg=,Ad7uwpYZxioEtNXo/wJrLJAEQ+9eVBpj4oa1GWoMIPw=,UDi0vx5/7a3vruj/CHPDoh34vUT/zjXlVEcUve5Byw==,9cN3Pjp3D//DZAMbvGfWFp+stt8wgFeMINCyCuPP,xSZqMZVvVEyqD8jjwHLT0q27OYPjc3aUgS2fNsrDRNc=,otVz5s4OPRwQ0jiQSOLK1xk9BXnDGw4f3v7Y4HN2rMY=,yHuGd2bNY+m50dsBtIR099HW5NJp5GhgdJ2ikIQn
ou+DO0u/aYMVQc5xBP4RVVZoBFxwnPltWOMn1Kt3jJfwyA==,70TvvNf5pWE2+i/VTDZCwLZDxv8qcWYxLfZ+w5y8Onqla6NdMg==,RenakVDHT6SWnvOeHqppvsAy9BBuRr7KXi/+nCeaoP8J1pXSENcIE/wjeqkib64=,3GnWupFCOnYHggKjk7LIYmKeE08SrXhK1fbGxH8rD+Y=,FOOX4XxbQ9sQ5uCM0XaHnW0EbCF87bNeFBEmuv4XJg==,P6bP9l3irHemFvwLkDCAxqyYuGB9SRsVqnoKMcB8,oHDYNMThMbnaoOdiMKyXntW0vty5lmbERl37DQLVAMk=,pzvrm1e1vOG/zjFpG6t2sgXDUYu3/cyiKmTzyjIB574=,4BHt2CvTG6LKzdVNGHG3L+hIf+9yyqTNDBiV6n80
7Kqn32tq/3pYFH5ehdVftr9kB3inZ5ihxeN9SQQGZHPjDQ==,BnKEEg5bxrPjm4U3gMD9q8bEU0C2Vd/x0svjqpAs+s+uOWVRFg==,cgjVa2l0L0sngMxBpP/+VEp9suCXhzyC/o8po1oI+rbbC2pHrDbkgJ18MIC6CXE=,YF2NPtEYHL0Naydg4JMHBuUmLS0/QVW8B2qMmgkx7Mc=,O/EALyA5d5jyle/PlvR6Q8P261ceerWvKLpVbWeRkg==,si31EEeM0OPqAPzOumnErHBVeCmCRK3+HX7B6MDP,V81lMa1exAp7Mh5MYaNWIlYWBM1QgwjK/8wUm/pzKMY=,mdhdaZMTJlYCfhB0Ddv4eU/E7TLuxCHMAEN8MinneLU=,BZ48p336qdIEhq26GJ4gsKaFhsoTfUYf1u9QnaXS
UizQdcbjxvJFE0hpqivXQzKd2GlPr3Wi5DGiFSJ7jloASQ==,B1ciEsKkJ/m38Xd4o9q9QM2zeOAgXsgX01TtmIokC8lw49X0Tw==,uV4eE/aGYNRz+Pi1lL9mvZtiJv3q7uj0f+ZUxLi1KcXLhLEhfejjGHXGc4z1bz0=,W5LlGiUrX/o1e1DI3xAwDrhI3i7vn49vW9zsjfM/MSI=,VUWxR8bo5Ow0DmiKCmwP7i+pvc+uIDySuAtJTshfwA==,G4WClhjFGilyPnAnwjE8Nb4BXdgRpcU5X9VliMwY,4BfHgDMwc//oafjZrR8qQ3SNWfv5qN3S+D9kYBHqOG+P,nCBV/5senv0RYAkJHUOXWfavUzMehDH1MtMbGY7783E=,e5dRvkHi/XZKWKW3Ki75fDf9Y5Mw3zeDUepF7HI4
ZSciCmWTscvQHekzb+DdR3kM5ecByqvVS77QxY8zlUZ5rQ==,Hedi8+TzyO02np2WkqF+FSco95zqF97f3HN3aipAKOMSstmRlg==,ytmyVyw4+xZGXERYt83sN4oEvEyombpbIRJCCXuBqdp4/NhUYqEDXe+Qvf/iZck=,VI8AAuaoC8EXLmwD2hMf0VkERqVCsJG+5psl1JE4Ih8=,R6IgV7qBSPOKtFJ+oZANOQgCvi9qypgsUMVpafoO5g==,Z/SK3Wg+HvLdCRVniftc4Ickfw/rqzmonleBi12A,BcQcoHlVnrmVf0YQI8AHmdXJYOA6wWGzg1YZ2ysI5V2Z,3yVqn8RmAcnw/7LXshja9P9HbhOTo4F9Zlg5FH7OMbA=,GqNgAq6aaQJBr6c1tZahjtdKTQTTSjpWXXVWrxbs
gwPHEBuTUhJ+/+6rKl5hCyLsIwtBR5qnczdaINtLC8d42Q==,Qbu2QBkfrajXnOFzQYFHMgxNVe/q6RgokmOStpIp9BUcDbwfWw==,KabYkBlByp/pPn0MXen3qLyxkSEcJZVANK+e96spWfWLWL/Ex9aI6ofAGa/PbgQ=,s0KPiJxgVChsyHKC1sThF1FBh/BrarP1Dg76QJorYeE=,8wsXB6PYYmh3pnC+BMTpDkAaU7UYspMb1GmLkDbagw==,PjMxG1j81HSo+tvYjNoNj4E6rckhbhRRHlSZJPK9,P8Envkp5YHGhKnKidmHjmcRdZdIyZuuBd2zNw0DHMsI=,cUruR1Ncooiq4yQ0SLjkBKH0RQ4CPth5U8cvxO5q69c=,yUVQL1G3nUIW2HcrZHgIn0LnDSXLgW/zRkElv92a
i3Kon08jkluMOFJKgby8jGi4rX3UXj6fsrxASekvAPNhDA==,SQfOO9w0dQoBWdwcECzgSc1cTQFGtGKD2IQeLRVa+mSnQm5OlA==,k+NcoLbbOjd5W/Bgc9y8FsG8Fg0vqgNM15KmRFtKlcsKOmKfbq+0AEgaRkAdGjo=,D6ndrfErjfcRQitpB4+dXba861pSHU2mcd5MQCogxR0=,z4vILlKhRMg/bXwFggG4JIY9D4J9IaLZnYPJo37+Xg==,hdF6wECzhWgAwWutDheXw9oS5TfCy/PLKn82RuW8,btCZsF7tMRgnnbgxKtzHEJsn0IrnPEBp1Kb9F2/ZdXQ=,grzPH3g5TkeMgtDpeBF2L1qCm6b5yne7e/UKFFMdX7o=,y3myIT5G0/c+rdRSaT/S1DjO+ycrK50QOp7WiSUA
CyRODlcjkWXnEjoNSxFuZmb+DMNQZ1mJ1CgtWhK84wxrjQ==,ZrcU2+8u34jqCibGA+Rn1Jdv2nFjmmdNRZJpbkVe9jklZHjVmw==,ulB2vdL82aHw2rJlJpTRh9S8TuiM7II/Rr7fMzH1mzg5kccFYqGGkO55wT5FLQg=,Fjfrsg8b2fYExEJkM437OOfJ2b/jBKYvAOKVfesBvXU=,mfbSO6bLddnMF2fKnp7GBVYFZOYSMX96vPR25aHvbg==,K/40wzu0NF8MUTxv64DntIVuXb4NJYrJNhnOdBGp,CpnpYTacWGZfdQC7AmaUq/2mQ6owAqGM0JI2eqb4NrA=,lY3pCk1etYhjzvUApXwK/U+slsZp9EZnMywjTNA84Iw=,y+crXvxbojvJ+KI4Ma+GAKT1a9hGKDfCqM7lSX7G
XL05fa/Uylht5iIGQA7aWyMgkpoNlL34pJxHXjOBGbk7kQ==,vLsF9Wi1MLYh6TG+zaTknPSk54LTT42YYLh7QmlbWwUgWI1mrg==,oNUcCM4ytNsg8j+DMkJJnZaMY2JFQntYC+kujy9TBSxwVk3/9NW30ChraS5Ihqw=,P9Ppe3hgvErmoK9QBeCLxspZZh0frpXAXS72yyXhfk4=,cK1neMYwsG0C0AUZ2UW196vWmNZebdzQVyJ6IsdgWg==,DAUDPLsQrIcpmxJLjDN8CiWGWHVQMqBD0mrTWN5V,fTLIpknQb4LfvbZvRe11bfN9z2FOhBNF2cfJpRD5RYk=,+AmGdBY79McGa5m9NwemVGuxFCxIqCKr7zStk7iaeqc=,7CEe98L7i1kdxcpp+fOXyDBvKstBKCTuXPek+fjb
uVbhIGXT9CH3LFitbXoHSr1pejE3QGnD+pQ5h8wscxo8Iw==,PQ0LFUOQnFqo7l4twcWvMSuMr7wIP/lf4tDBBpQVJvxkKicmew==,ziSocA7PckCdGifcA69fCL2VXLwwLlIkXe8aig9fOBlwOVmmUUwxPojbMbsRQiY=,q658Z/Gt5W93BdeVeuHzqqs73FBRhW7ojJ8yNeKc1Lw=,J3SEyfLuQU5u6w0p+L32a7tGIWtwRTBMe2hKUC+PqA==,BrN0BxAphIvEtn55nXgrWrA/wLD2MlpRl3btEIJG,x0bdxJHzkZawKhtQvT67Ynioy7Tu92XdhCGVGYvgQWs=,/j3JxvZh5GbC8BYusd04Kkuo768Cv6wpkkaK5LDY4l4=,ObUqOb9kwVyjcn1t9MZJ6cN2klpRLIDvb6dX35p7
2RkQo2Q88pGot1Y5CxdkHTsSLSoPzgm+Zi1WtiXcPXUB1Q==,zI4UN8+4T0hLaNYGESmssCUxZQ0H8tWu4MG464P/5kp7hQ08qQ==,IdtR/gLlUerfpXAhfAhC3EiWYUefU0WFO5EqTHUzKkA93p4xqt0XvjlKxUfiYSQ=,Sr/H6KPhLTjFoUD2cCtxTUme7b8JgqTg319BjOgDzDA=,+wKslfTr1bHbaL+HHUZS8ZsZHikkMTjvwWkN/CL66Q==,pD2dSNSULxUr8OunRxek5Nh/kNmg52kTNv8ywdSX,iLngTL5qTgHF+xTgOf4vHd7Tx3fQz3QIOwGmOQvNzR0=,NW9mz/wA83j6ivQ4cE5oUGQPzCAJOOLNVHJyrCZTnGk=,4hRcVAnNZNcnSKYDo9/Quyvoeb0tF0X5fnewtHyk
terhQ1YUu4aEUhmYsjmDeqnAdfR1LWlWR7iyQoQqijJXLA==,o0yCLFhm203STy/Bo6wx5nA5Bps/p7vec6DXqeJaUckX3psXLg==,99UXh+E5/8gHpmj1y2NyT8GxavYIhYziGpVYt6pRwkOhODvD7QAbSJzXr8JSjvc=,ShsEbLK62WQgITNDUPYX65haqnXDNIGPOiDhOXlNMJ4=,ZDFvttEfOGi1mVg2q8Ge67L8V1Bi3Rx99/fVbDx8dA==,wkXmpl016biYyJ4xdudyQFENJwVVzGhNmvgnuBBM,AHUjpPuZ+tYrfWQA0mCe+kMcMGU4WlD0n5TIvVAIM7E=,nwRU+noK9ZgURTHsfLPJwKGj5yd9WUW2ochJYAFfHhw=,nZOT3q6e3k5dqNfbhMNRBW8kIeSrpyKIuEXnYW9Z
gCmi09ex/uYfLX0VDQjOuO6eNPwjaIYUuzV/Ywr5pOZUjw==,byInyUP3HtSzo5TYnp9tHsgbEoaaQxqJUjX/XOmaphmq+asNzQ==,SGK/UETOuZX7c/d4x7FFf64jIz/UamECzTkkGwIOWZf+oghhp/jxt/gfhc2VEdQ=,ihEcYsO3ABXnhS5inHiSpQlt7ild8hGHR1MtBWxNhKA=,HVJJVXOXw7esU3BM/B7DvgLdO7dg3m4x3Xehm2niLQ==,ALnoi3wFlyvKmIKZyrmqg0ft4Kf11aECkFDSu/pv,8rrTqUe0yLFawkzJkXBASfYXtW2Hqf0QEUajWoZoxPE=,aoPa7uVeoWwwWN6SwOFpKk5EJW52khLLg5QTFoBSxs4=,y/dcXH9690xGj/YXOikHaNq8r63axYUFr5nKOqDW
3vb48VEY+szyDe2Z2TO4qRyIGd/XSZb83TC/K78V4AGBfg==,XwQmPrC+eKZLAxKUzR+fzkXIBHFQlF4310Q6gdVZ2mHN5B34bg==,ApmAB5TpMQonOQxFfwfcndJDKqcnOXCqgzmXHTK48YqoUunuZMiwJySR/U9QSV0=,44lxwZev8Y6kWzEQidY3EDv/u1ieLeaIczcgxL2gkVY=,jAuxrzKR8Y1+T/PXfRYXSLZaH4YM5AFfwzqr96bsog==,CgGdgi3YYu5uPMH0SBhtDn7RF9n5XljYHVXwcK6X,yZBSUnlo+kJGWHDmcJ6s7+jdC0UbMWZbnDW1nzZWJ+I=,lZPGnH1j3OJ/1cyNwH2BKV4BYWdf8efWMb75NXjmXZ0=,mokKsQrXOcSpbjgWwgTKSmPFYFFyo3C3fES4StXM
H4sAai/nlcnxsfsIVfyqHdn4CliLEflyumHdU+8POxGDeA==,eb+/8mSrAkyOtddUzLYSdISN95QHSV4oUUmfzfUaY71h1LrVMA==,Xf+mRMuioEFUx0Pwa8ewPQJWqslnlgdQkisUiOaL5Ywv0PNMgoc+ESG9bP40fQI=,OYBKql21H98A/QCszkGd9iZEBrFlhW+hzaXUtwBufSo=,RYkOQp+8MaS9vZIGgdGMhr0rBxW7+d8WSVyOsJRl9Q==,RMNvrlzoXZ4jfdjYh1vPAur6KSf6wdnLVf6mnU5M,TJW2P4vS8zxLUktRlg749zVpfZ9++xXENjmyyZzwqMU=,eVK6C9pQWaIb/dqgBqjmYNMZrmk8XSIxvBcV/syLpSE=,RIl4VZNcPeshIdUI0JJzZ86UcToTvpRqr/+tP9av
JWUI3OTTMECUAPf+DKeTLT6qxqYmwKFHylnnr++9aAaolw==,3JaLZfpMCqYMMoycDvYukH3m8o2MjHwaAtXCI6pIncQeiKLFcg==,mMdxWtNsPojeGdjf1j6INpwCj62dZqWPkRS4GW3rwFREFpSAtRTYNocKO0vDhBo=,ASKNxez21VhAffE7fDhD75qvnzlDKqLCNsRhzVNr3ic=,StbIGuCv9LElu/zaX/JyQRMiOVsO9jDzVQxLQu8oEw==,tINSPv0eJ5x1km9kxjyEjjZ1elMcwS5msUECp5dP,RIPln2S0YcDhkii8/e51VgRJen7uezmuLUCups90Cy0=,zxTAjinoy4N0FT8BRXAysRdWXREihpwSbPsHG3L4lfM=,uW6v3I0XwiJpJ/nKre8qnOHTMb3KyzwZLH8Tox+U
ymKkZhAaUuo6S7WnqufOF0X2fQ9yedC+KG8BQsxLbNlIoQ==,zp58ZWF+Fae314efByZP85bg56RMJgNlHS4oB/Grv6lIVc0Vsg==,HsANn1e1oMSJySYRqBb4xSAcUvWw3e7/kiEvEEQR/7mMHgTUAscDuvr5VkOp7pI=,q2FfteQiltrQqIrgiUNDBUoDnuMclLtTuo2bF2e8MT4=,5RXN3kh3tHaZCIEWqXqa/DZRLzMBMYy/30AlwGR2bw==,ZrRCN4Fp9DEpiQvBuv6qVe9ZizMnJwDZfuxP76r3,FweeMozsm3E2xmIfSRYGD/0hXNroI7ia5U1Jy6vkJJg=,yJwbdhQ/YGebq2fFnPLOzaB/LIK2edrRzc0cwLafink=,Fpy7WhH+LlzbtdGNqyVJm4mMV4W8ts+z5ETWkB+J
jZWl9Xcph2J3xb8CACZVEorVR7Hlpxemhui9yUOnb8L+Bg==,AvbXqe7mPbjnQ1Zv2kQuedrGy/lh32CO94oAAJqed9NQ5US+Sw==,Ktgj8eKao6zBT+p2AJApCXMs+YAmGbnNcBfF0K/A5AvwmLQ9u/Jjdy7Dni6J6dA=,thdR1HlU7+P2SAE1rINGPj1TxkiiS9ZSTPT59hg7jpk=,7ywX4f6fqJUAzgV7hho/+Dsau2httyf3SejSrAfZjA==,In+ya7l17ua1ncrrYALhlJ+Db9BW4YmEKS9/N6zL,Z1GU4cwfnsdI4nLUvDB4wCkA5anWfSTVMcJGUp0g1CI=,ecxkhEuO+BizAsEnUJ8LzcK/YEIK1MOi8P9UpmUHREU=,puJ1mSPzWYE0E3oog3PqgyAsMhafMEMib7XNx6t/
VpxDl6/XdTCywZS3nNFv1YUNkAIJgY25P4+AzdvnrevvAw==,Sf9+jgfcbBpxAFUAP88ryasTa/FVPuxmEgEjsIAUeQl2ZqoiQg==,JjPDTAoMr0GWONhYpRew7fCg3DNm0jkbkiOlv9RM3X+btrHNVxycCUoTIoYq+78=,8bYY+uwr7/1Os/ZCWtfL73PBCb/djuv0l3UQxu9vfzQ=,ITBPGI1KZyEDUaqg2BFx01VTWR4RGT1vrJOakVvhWg==,aurH8qQEXgDCg89g27YR/TZrAwVlnW1xZkmTH06B,uKsr7y2mjySj+ijmI5ZJEfcBKSEO/kUxU84YlBQZ5Fo=,3P7C+/UKEBIEAF0z3hMYkIrW0ecqSSf2Rw8f6/tq8Ew=,oNbykVvUrT57ZZtgCVvX1TYkBv6GdwfNkzfYIHlW
WYhLWNwwPsjOcnYmnVz68IPZAR5/wz5mBX7VKCrjuvzxwA==,7WpBKagxXDAZ2miipdRgAG34z0N1VjN3Lwpm/Xrg8G5PXxU7fA==,CD8bQranwHaOlzG0uyLQX5MwIoA7cSgl0S94CZ42NtNUA8T5NtiSeV3M9Owm8YM=,twUkpOC/e2vxdc0nfhZUtju1Z5AO2VuGeXKQU4rWx1A=,A91Z7h3YlSc/ELk86J/VI4lc3Gvr2aAcP97zdBoadA==,KccudFVlnFHlaTTZJ75aVmJMWfmIa/P4bSQe5Bc+,ADq9QD3kumvLpY0vDmQ7F/EABREblxhgbUKQOwcak2M=,lK1ic9t62s7rcHUgITxBvyQixFmlYJ3P6aOP/8jbQf4=,060Y+6TlmkbUTyr1BN8cZxrAptEmYDh2MD+CQUvq
iIDExiFGLfaJ/sPEzcvABMbyrXCknZqxbC2tuvuoDkit3g==,E6mZzW+cSTK/9K8b7vV63AiL6ZJRAuwbC2EI6oBGqopS4ZUz4Q==,3LlRSmli99mmtvN4stuINaaHBv1vWojjo7aaT1TJIhn9YCWt7d7zK+/YM7T2ITs=,HMNLwOq2qtOjuizCH/VWj0rl5TQRmC3uZv9qb0Z8ulw=,A0TCC/myn5R+jijF2JC61gBamgXCsw4bG3LKLc2Ocw==,zXtztNFS+TlyqYHNX2fTzMDKvwk/sz3SEm283mzr,1U4affj17ooXWI7k/8GB44X65XR36sQJw/OiQw6gFyc=,toYj66NiOssxq7Cg+Tsy8CqS4M78agA4LgzaooJBKHE=,8TqJXag02kGUGt5BUCrMuWvpi7AZJikcabiRxn4U
N2YadGorYSFECFWXqjrYIjTfgtcg8uY3iT4bkimMekDe4g==,PAICdjs05k0ANesVCHNlLKXrcKWCuF/bbckA64qbdqY+atnLCA==,3jZZi/WQctIRBaj074t9U1TvgDO02KDg+5cxsqUySli3f9TS1g5xdte2XQVMav4=,OJR/rlY6Q+sTNpz51FnjPEnZyQwfr7cT5ct539jsOvo=,YlG7O2A2oyEgA6QA2kdC9zFwebHMk7bPbL99LFnZdQ==,2LTmygU3MY9HPkXEIKLx77RFeb2KK3qzgFTvLyag,w7/gFJpBKjcyt4WF7kJlQFXBXw74MsFtLcK5KMbGR60=,uyR6l5cp1V6YYqxQeA0VX1bQzSyvBLXRi0V19VBwPCM=,dySCy3C8LYw4MKg1tQ3k/JdAgkQxwcLz9qG1nwZ+
gtpWbPzva6dY0P9fKuWUndVd7VbNr3rPlt889UvzSHW5Ew==,BiBFda/Aa1LmgAn0sPn6dFL4cQt5lUQT3GQYjuRSKoGj9Tg6kA==,PAEDkSO1l7qtyx3Vm7IakTuxnOZqFH7tf/pOMAYPby5CWqD/33Fj3Mx3sYZdf9U=,kAWj6PxP661ePg7/Fmz0LG8Wjj673vqushTy8eVLzdw=,Y+Da4nELWEF5RUyNvP98Sc9R4avhW21PpVDNggcpXw==,0Lt7Me/TVADOQXPe1IMB+OxbxIQ6XE5/AafGMyjY,gi9R05TOta/QlXnkfiBPcnV9Fo2bj9aYQXl2wCCufXs=,JiYDyzYUt60vCENsm05nwO5pchBxye6CVj+j/EWCB44=,6qxdh9BkeBZR/M5XquRYsyzZ5Nq+o7RYJdMuoZFC
UhH8nVmjq9osceCa+cHRqbZhHDj1LUI/I2pHhwVu6zSp0g==,rrjLap98EmDTuOEGhLYGRITyi/I5Ik9haV6+8a3gdlNlPdVewA==,FkcXY9J+1sbEQxK8AJQ5mGUAX91abn7DINCw+WjkYW3f8ezjlN3ZdefYVsiz1wE=,2E4TID2glc+Cvz/hDTI1h6L3TLS7CoV8jf0Tk2bATHs=,l/7mZEPq5boBt8FjhhuSkyM0s1zwdOb93uMbbUmv5g==,pF5PqzGCdwWiO/iTV2hSfemRyudTaux+RdlWM13Y,j27JnBWR4BkUJdoLxfeudVqVl4+E/LAtSTBR+Cf0FuQ=,idoIAYwTH4ca0ejRSp22GfkjniG8/0zB/qoCfFLIRec=,LibL0h+tBZzq32KfVquyno+K7H8y67TL9Em2fc4b
h+I7fL34ETVztcHlunGIeHZjiUDm97haLxiNTvPfsGD78w==,pLRNMqSB3NGAEFq4xXTKRwpNAI0R6pEpgp+xQ/bZYw2jC2QURw==,ap0rVRgs6v71/GD3FmETkdCPQDpywwEvGgz9mD8UHZ5o93eOpRj7lpRVkg0FlF8=,sRdnEQYFPgDE1Ghb0JNHL5zWXdrS0HXYd5ZW3SnSWYk=,JbcX7OlPUT757uhD6aUvTGB58Zm8euF3iEyR5i62qQ==,4fOvYyQTFO4a3FDEUnq+v9l68b3uy+HzUU0+UKOi,Fr1ZQ44EwTRnNzJI1oxxxZp/Mn8ox8nHxXTSiPevTF8=,L2UqI8NEhOHGMzB6xKp1JzK2oNVuWxQKKWP3t2VSlzg=,ina1KeDnjPAufSClabUvcDlvOcWqoSAEGua+WO5x
FvI2JAgTm+Jy0YhKSlVXGiGfVsSAKHJSeJijNwCcq3DkKg==,LQ6bpqIMRSVcmW1sd5ZVGMmwzeJF0IFG/jkuoz26kN+b6Am4hg==,u9CdwwD6ji73Yee4QOGm2wIft2DQ+Szbmw60wjcBCkFh6fC7IWXgRofc8v07054=,npgr3YhBHwZwLE+H/MFFT+a86YIwwQRuXV8Nk0IOD4s=,V36EMP4N/NzmZ5Dt6d3ORfFKOxjiLkvgD+s05MIuPw==,s01gKiK1L2vW164qOLegr2Jvnw7/NcsBp9UQXVET,0SEcEgdjiDffmMZ+9locmogYEGWJ0tFK7/k/uc20C/M=,zFvgn6F47gti+LSeEIYkA/TabASSZ4eVCZzKzJ4Fllc=,TY0h61JC73ZVn4AKyOjj6+U95fx8iD75T5rNooCo
bgpLRQtp+kA8tZaXniFiF5zlhUMEbjyFQVZty5u428K6Og==,DHSrKhn3SOT4zMNIQ3nFIPIaa+zUim8wK5IMjgWTI+rI4i69kw==,pTJDm9xIi/1qmRDNqU4kYTRCX/iD0Vu6woOBEqMA0lP+MZPFQ8OoiJoM1B0hKKw=,3DygDvOBMlxqRp0NSJfbXO8RGM6w32ZS4zP7EtJo9Lo=,acyFOP+DI0xkdbQ0pWdlcnYWSYOa8SRu3/0j/NpLkA==,9nnyO62AxOjWDBeQrCDguMj4IV4VWzCdmdpqTOs3,BDgGUhCixHcIW5BSxqI3+Hj3DKREcQ0yRxmSTOqdBG4=,L2kUhoJdAcOEUdFluccxTG0YeHcayQXeje1C6JvZKo0=,q1Yznr28HvGBix+eCVKsXAIQ2csa8MRX0EIV7llz
SB4ktESbnIzFyAePiSsgwltklMjXTuW+0IJA7t73FWyFLA==,mgyifNIcjCHJy7KJO7Z9/nmSO7xvX9a4jOzzFGXj2ClryjHkmw==,1lu5ZWsda23Zlqw8C7hf/d0YYXY675J8OtfqLvdGQZy5xHIN7mBNqoQ4XxjfCW0=,GvER145SDnNIi55OSk6t6gAtd1hxERI46ZuCRJQUtsk=,WiIy+Ja/6/T6KP8q/ZubPylZob2Fjs/fmbpe8QD2vw==,eALXutT5PsaOOnbnFiIjWUiqjjdR1C9loCq9MoRd,XP2EZBa2r+Y7abdsin+Mr/7p3arQS6TRDRihI8scbrk=,7WDv0O+IqfsbWLa6P5StRMNU+vtrEpa54DzBI6YqO7o=,tnp3IkgZm9TC/O8CFAyYuuTtwcs9iWM0GfqV5Cfo
qTtFMn4Fn2Vo1bGM5dW/JnHTKOKQx7/0tpRkfshe9prhdA==,sr4FYHh8Dadd9tik2JoaIBiN4JDKwmTxK4HdveEUITz+S64Lzg==,/xL+8/gVh9VOl4zZTBQtalqMiqzRUXiMrL5bZ5WgttR1pMlK7etunBiaMANfuOE=,B3w3+CZy+mhmY7l/9gDuDicPJdfnqKEzThC14Jh7TrQ=,yFyHCNUppAnAOXPydjjeUIr2klR7j1ceaBk73hvbMw==,QF3xgqMULiMLETxwVubC1IQKpH7c9PHes5R9GKjM,/5u2iwdswauP1Ct/cHzorljc3fcWSR4UfRoQmXhvkVA=,Xmxim+/vfvonWyQvgFzcH9hSjNrAqSFo7TSiin7umaY=,0AA3zzg5vBnmFQC35oo5IEiBrf5LXigIwpSopSlH
3PJVZqRJ0yvpblWMFUjd2xS2S7qV5mYa+btDxZ1fzk07Tw==,MAI5z5vIv6xUJuGS8JOwa5VnDBTfrjXyDudZwDQfNQUChpQWWg==,BaQb7YaIhhVQBo70sOgJT6nSRCciiTLOfG4igzqIcGj/55/xSz5pw8s6iYA1f8o=,jYPmc0XswIrZXHSZArdvDH9XLBOAAA7DZw9g+ugD4/Y=,KszhT1nm+0qbqy/ErbeCCTH23UGt0emjDBvBthM0yA==,Hcey/DxLdRxSLVar9lotF2UYwNJzTnIxmTxB9gwV,iZXy1DS/hJK2hY22iRd84jYzJafgMjYopMezsN94a9I=,M3+CRZw9bzcsoJxYgfyxFHAcjKL0CVjBNJNORHMBwXM=,mnDhiuhvUJhyn/f+beTXaVoiPi31aOUjc0WAt6ZY
5vsqnrJ+bGmPxzLir5j/IN+OxgPckMf2ouDLXndFCF/7Pw==,aP3rgKSWqQIN4B4p0vj8akPxKiqHNmjLkY5+DSf52PaEr9FEsQ==,17XuJMZ6DFgF4ypY715HXqU6F0bAzl1z05EQzhDGer2f32kp3KnBxliBPG5vHWw=,jk2pkq+VogZFIRc3LvWvXAzKr5pce2KLZoR+N9D0CfQ=,gw7U/MB26JCaRKjSAo/6hNSwOmlpOvENV0XthmVsVw==,Iyu54SuGZkLhr11bKtfmE8My0Xqabvid4p7Tmuuz,9OEf0QdQEOgRXYupaE13+VMeeu/RMCClasmdPBOEmG0=,E7Y0KvS6Wy6Pu4GPD46mdIn6XnOc7UKarOq2vrYIpr4=,cyHc7AG2YaDCGeaqlo1LqUiipn0TL1BtN7Q91rUj
tm2K+TSqS2GChghmhEayhAgL8wWsezj/si68cb2UxLycWA==,G8x0qno2W094/jE78kHew+DsvnP9/t02ueEh+/MrdAf7WltPog==,fNgY5YHxEJeVDOTyM3WKrYEV0MXfIkOvWS8moXgjMw3GogyLx5UUYFVGJgtZ5Dk=,AQaTEsFDEz8CdfECX+wBjQaITqgfVzxNQKuyyn/93Fc=,xJ39qUspcysXbvZWuWKO+12nck08ytgJe13NZGTLIg==,iog0vph0bFies15Ty9NdslUDzCDwGOpdQgMegAJR,nUsz1xxbNJW3n5/a8JwrwsaJaAcEJ8MGDXQvZEm1JAo=,HbSTC4RJKljpS4K2j3Ccsnz5kQOpv18AlHU4VO2kg+k=,wim60fFNJGu1VHiiUfomUsd/hDzk5pDbd4ZVlpVH
4+LNt17JsM9YOtwUNPY/9ws2eQ6/hkzwdgVkUuVQHEmJMA==,CYGvpPIGxpx6YazLhX/TBiyGKNp6o5ZeZ4Hf/uTYMWeSjchRvA==,oCLinSbmjZ39pm/bgOA8Piy+WNsLZMhY1LZfl53h2b9aJXgi2m7PpL1sn27nqQE=,QSvnqahbS4k6Yij9oeMMEZR6+t8ZTLVH8XwsWFKKs7c=,R1ki63H+Vzh6QnWugO2F8xhc5Mj1ThjkXlX/nUZt+w==,wAoyhuUdlfsjpaKnp/xS0cDZ1irTaUTR5WJuLZr6,SFGwAEGr7K0IpA4cLybiqVYf5BWgi5LiiBG5BEDvw1E=,7uLh1OxRCDTibZ3Vqa/tB6otJIg1zAp6+p0okuHR3pw=,8/5FrWOsDeteEVyM0zA0m8TsggwIpR1I1ym5NTG3
YxchMkpy00jANbuuzmpdy58xFe1eRKEYV9hIB22V0hBtjg==,JPFuuTWPMboiNQpaULb3PkqhcVVcH5NLOiaWlB544Mr4IZxbHA==,wGRmA6WKLAHWnMg99nic6N5Lxis3LsFtkUm8R2RPAJl+AGhgqycOOeFnbEWFfOY=,efdk68rKLyf98bXzAaCptf7/mRkMoIIzcl1MxxdaPss=,sdgckskncEWGD4OS2962kUEKmzoidcq/fiXefVay1w==,uDlWq+08ZVZJqPD/3EQRG9396/LISiE2UZP3JUIj,dafl5FBdBau31LFwKUkkNMpbOIaJe4fpnu+GhkcD/NQ=,3b38gtRYstXw6lgaGAd+s1BAUXuWEu0OdE+yGGuTmWg=,meJcLvcauh/bTk1xBnHTkvd3kcmZKyzYMjQtU7Jy
U3cPhQ9DuEtvSNPf6NVLZRxY/MpyAs9gW3yZqsTcZAjsLg==,6TV3+KZQsu1lDCWC26+ckiNJmJzpSaBvQM7i4kqgAbEcw+OTQg==,Wb9vtn0MOFWwqNLluxoQekrHQJ3lqK5Wgy9mZ/IXhv6X40XOb8a27SaFZxPqEcA=,KDkD9BLiY2t5Y89OvkfvQgGhFQWxx9i4CH2a/K1kGtk=,MNVn6JunddOQEVf5hv3fzNwqwaTaaomcUdA0dvCCUQ==,eqMYJdLcsKG22KJk7uSV16CjMnx0HT2EDxwAWWeW,evRAi0fuzvZFHlJpKJrizY43dXCRjVW+Ez5H0DVwFOM=,ZgVHOo6fi3mEGOUCiO9aLjMEy1kDEzEoSuPAsZ/B5qI=,QKftJirifb+4r8Quf4JRPfAEs5VtIhpFPJozTPJx
PZcu3rnF4zq5FOCJACRLhyN+KrlWsU+nQ5TqXM/zR3GudA==,y+AjvLVJCpIJD2Oj8hkVGwkefPAoEGdf3YN+7s6uoXgqA1zKtg==,XoleY2GO57RyG6hxGL7vLNdGl7N2NmWSU4gHH74KrRTkOVWPo6JoyhpdqUdgU4E=,GvJ2zbxlsUjhkNgxfQz+8a2HSbEHo5dL+CX159UvrbU=,pKWkZCB80d8GDGQl936z4MYklbnfLLhJHdNNEOz5aA==,vvrfgnI08A4E9k1U5B4X/ke6T6i0uWCIuW9jCgiO,p1eHSieQypys/1I1Lo99J0lwdI2OunSuqSO5Q+qsFFo=,CJ48PNPQlFbo6k+69GC/Unzi0kr/QrSn/cLZu3oVbnQ=,4KmNAKKkzQuxFwjDSzwHdQvULqXeVlquXJfPp+Qy
o9vuk2TT80lGArMAb6a2yppxovTVPQ6/ylg9T884j46W5w==,X+IoHyzkRicjysXXJTN3a5fXEK2/yXcXZIEfsWPqHGJnfb9wCg==,TEBAiqOEGBCyj/pTlzaCv5qplFBG5KqjfaDEzGGM7PK9rAxVhLnDj8AAWIUTaDg=,ZvTS02YCmKGo/KhdooLvZx03uQn4P971yAw1wHjtDHk=,okpOHIeEUdeagEr1cw19h81MMBld9Va0Ho99JNbStA==,H2uKr2EuxBfXGUmanA/fswFHYDkPZsDZD2lgcvqY,ZdzHQcPApUJeSa7GOIzfCSb9O1JlULOwFpEOiZzP7Ein,9MopGZ8oAXL0dMeN0Gtau3wm6lqlL7bhst2J6fMox/c=,PltjIlTQ1Gv5OkJR31VWLnGkuCAtfiO0f+od44xr
ScS1eoW3EPs49rL6hxw6QO7Awm3D+NCfzIWVIepJLrY1LA==,uvsNq6vA86AWrUcjzhh/BGtTms4V+5HonCVu8eqKF2hKqSI3wQ==,KSmlNQcQMWPzluXTUHQcOOQTCL8tgYXaJKn/9Mz8ZepiHoV7HkF4P+IiLToKOV4=,BoiLlHygo2zuVgnfwADIMmFL3JWtR7m1XLd9YNTbc/g=,mjmdk+Ft20K9BhqcnREu+lmpdw80jjHGCxq3ylHrxA==,7mcCrBRG0wRuq0LOyOv+CBlyo+47ZRvo/yMoMhnk,PFuTWV7TNcaRDsw8xujw+Pi4CP+wIjwgavaUykAHSTk=,utQutiy/VFuY4UkUjOrc+r7uTnsNba9Bjyhd812Ris8=,J50ST1eWDJb/KUeGWL7OV9pL+1NohxU7GZ+Jlx81
3Kewd7YqD7U3T7jNUcp8B93xWOFaZx4Yen4++skacducXw==,9sHufmkoOyfB7TCf/NNFmR24GPlt0euN+s7JZXrnI8fSO6I4zw==,+lqACo0/MBT2NGKfOMKHAMTV7h/2srkjGEdigx2/nk3hbVYV0ONtlDIUVREJP3g=,VXKqiOI7ttHPMXCIErelN2tiQIj6COzn4XvNFqhOfrw=,2mBljmX5W6CCAqFb2F74iH/I5nPcUd+aKHz2fMtgYw==,553yVM9wAI7BYVHfT5cfpLajzI1Tj0Et1uf/TGtP,1M3nf4t1tIlkdbaL9mESuzma/mErHQtR86LDaMNFGmQ=,6AQ8NydnFccY7Vy0mNGM3a7Klx0giQn2rjRGtBWz+Og=,vytS2XAPIPSFHMFp2kgd+hfcSzhscxaNZmB+z4Gb
8PmJBUHk5B5SdbJwwmjwnypfjYz1bRL7B2ngj7KHggZ0vA==,yS35gbt4m/BGpuBwuJkjRbbibEAgnu/cJNXOdjNNh4IG2urm3g==,rCx5KxFM3YGH+DQfdWYiKpdDNcYSN78EpBTrG8SIBehH+mCmVr977KLHH2Bszvk=,tHUiTSJ4wRxQGsMBRRfGUh7S2+4Ph8xuEnV4/MpGW04=,3+WhRXWTcq5TIkk/XLgGNEtfiH6HgbPCdNYs8wD5uQ==,yXwMq2iPOGqSSOb2zo6HmCicu/+k6F6nGwvHHlta,dMz8QjiDDN9o4ZutowmLDaR8ZqaB8Na8RSj6TaWnQuI=,ip0FKFW6CjdpFGvsvnsZCF1fpLFX8ZnluW5UYnRYRaA=,T5jHvU1K8YfsQYo7FD+0uWDYE7zkJXiVxywu2R9J
XcdgIlf9mb9aqLrCSBNFK7B5pJPkM3S6LhPcd6Fp2SW9fA==,Y3zBJeWlDFtBeQvRsu5jlsHC2uxcenRZq61Fq2OMCbXIBxu7iw==,QCtT3jdXmFaePkgsB7CT6m6RU5Pv8Hh3xwIXPUZR6o3rIIBtvxzpjttPq+19bbY=,fPsWNX+4m0S6k97Vm1y4E/05fxTTfzFuzmLqaYbx9Wc=,dC6pFXM7X8/S2Tmsp50vt6RIaS3fY3k5p+QNKVx9HA==,qZOlE5ahQ397l2iO8qblfEa58MK+Pm2qBOCtyUOV,FcJyqSI8b81r1T5NEE9t/8KruG9egnuIuqaeYMXeSdc=,3aGvsKzfLY87BIeedg/zcfEmvUCYaEnkHIbaXSuhL+k=,RL71gyXaTPsmb+PJ1JEs10WKXwARauylS8Q//B4d
Vagh+HQQabNSU9W63m+871N+iMMuEw+WDYauMdgW1hGiKg==,zWYEYPZL3c0ykyhO7bUkgV8KWNUE4XFDWEYdhseddohNLBn7VQ==,4pFC+q+YPGRkNAbkyJzteCEg/tK2myGARV7DthVJuBdAk8Xg7P6vPMkKQ28Qhk4=,U0Nqotd+9XZ75yd6l1lHCqw6je+ww3fJ4hnQoGKbMGo=,rLwylt2YKaUbkAGPEedXFv5suebG3leH/j73eb9Jhg==,AAgWz/SI8F0NAOjeLtoTO2aUbKfwW6RcLyV8ePvf,ynZ9Ygik6DdEFhdQ1gmlPa57mhAFBCmS9qDnUJz5oJw=,mWVtGpVg+w/2cG4FLHxdDk5MsrV+pu5zhXQGbeM6Ync=,5zJ2b0kWgK9UVpO85wuyW8x9MKqmqwgzd5/QDMM6
6d78zZ8WwmngPcrscYgXR1ks7TAvHvlwu6a+Xf0OTP+zkA==,z8HO2RnAKkPYMffW3twDq22EEUmZ6QjZyGhQHN1Ijlmt9vWcyg==,rNFq3bJdxPnklfdEZeg0B+WioIU+hX70VUl1cs87IAaX9XQDkPxSqkrnkYEeVe0=,f2Q6I1rcxtOlcsxPJbWSz8HOhEckmQ/NwSTL1wLV19k=,W/InmT+rLHKAfcog8MybxdhM0gIw7F7Xbk3SQnmiYA==,jgawRj+I7ljVRptEDxfn2cmi5LSV7aFbgUBSdjRT,6dnIvWnYBQWzIzwZ3OC/lQL1f0HnszvyIyW7tc/oObA=,ATwxLhCC5p526T4qV63syBJr6pU47bWJdzOes5j5Jw0=,U01MwMtj7zdYy6LqlaPSb09eZBslBOJDOoDR3pMR
0Q8Bv0rJ2CgVSFeXo5bSJTcrnBLP0oNmpboyQn3lNnwLNQ==,f1LdEPP0tnas5Vy0JlqAfCm6TdgWfUKa2aCp9Ap+Tbn3DNbGmg==,esZ8rM+re+vTWOSOOrO2K8CwE+wnm94Eh2ccYIM9SZIrTLwr8d8ix6m9JJAtYtg=,DQDO3W9EDwgvWDmMOERoNtnEphgymiAtfk5/l012J5w=,Nlil2lb7fsO4XTH+MIlOq4zcMQ5lGbMz0NrwAevhcA==,mhT4cLwAYi78BBap60YlFWAg965eLwuCSBSqbS9i,qjxtTK78+7UqcELume0pD5mOsOsiDuWNnEd3oLmq8cI=,eVwsM85XV7MhoqCW5eepl0G0H1aIn2BMsIInldixm4k=,91lqGA5tChRgCpGwcCd8rx4u8nrDAlgP6K7v7N9s
6dDO6c1u2qVBdRNL/TwJv7/Hn+f/B1/gMUIV1S9mZeUSFA==,Bq58+1dhWhDW7ABONwCuuGrWXoXAtp2v+erwBm5V9lPgGxukiA==,KY9yTH4Qhe34PJ2Da7s9smVd6EyPa3b7qs7x4kxhw02aLeqtSPka8M/nv3XvGgg=,ndIcU1wlbLbFm5aa8hyIqVxOS5M1TUbWjfYnIsj21ck=,X7Ajdpt3v539F9vzmLktdbjsofzKzHmNxrW5RWeK7A==,VgbO1WsZhhELFfOo8ugEYsmpKYxTVO33+VjK2Pt7,OPTh6HYfOysSWU1LOZ96EPhpLEfNDhbZxOE1SGk2WVA=,7zXuuCpCUNI+Q0JVlpwYmZzrwY06zdxPg1TlI4Gz/Ss=,PG40E5cSZb+OD+DgqRhoVWfW8dQ8qb+ke0/oC92Z
AAGZvo3BJ/PiGc21upaTFHnwlHtarIIwlMOOiT0j8L95DA==,3EESh2h1K/m/DcK9BKw+p2inAkXyxiYS5J2XVxxdOLk+4b8mKw==,sVTidNGuYbrEv9CcqxWUGpTS4vhkVOkCcC9bce9EJFEjCxdbW+H9RbzbybpI6Jw=,nykROX9SldE8L+eRhb8FUvAIcvH5Me4XBHU4oxg7Rzo=,Ik1Fsy3qGYbPfLEUIg+r4wRlgVwTY6usrKHwDekGTw==,ym3NT6hdQbuKDRqXulrBm3NFHahsSNlArm+p0K53,PBD1kO1ByGFSC68xcbHGU0r49mK4CH9bpc2NHf+dcZs=,aHVa/oWlCugWmrVT78kse1Y3bY3XaEoTYxKlPhfPtdQ=,annJ8jN/NltfLY1YtpZoRqHR3CsDPQg07FNri6m6
uSyMSbZfoE8eTUdUZQKTknLcvX6K/vXDQtzK0L3t43PDgQ==,Duk2xiL92fGoS2QXogOJt+6RUGOxcLpnS7PkcgYwkBOOD0e35w==,6CX9zmILu1dyjJQslav1IckiM0Rsf5zX/rjg9w6ym1z19YvCaGeEtTObhYUF0wk=,Nh3lvzXv1qx3Txzz+2TDDs+s4vZQDmN+4Y4y4d4MKwM=,ivXEd0Ix+bKFk0cIuoSrnspUHeAuR6+c1aD4Nboobw==,yyKU28mJPF4WqgtFnUHspQ4+4F6tCTovEiqZGZ1l,G18VhSngBh84UUfLdt5LFfRs6XnqrJvaFn+f8r/gvBM=,zNIyAdJZIcwEtqY/jlfVrJ1ldox4XpR3tO/8yTY2Q7c=,xzVg7IldBJ8i2iZCxXrQ93T1PsexcEXqsZQHXeuc
tuELPZoDoZQ8R5mpwJjVmIJbP+jKLFHz14MQzLb4J0i47Q==,tfLBreBtQenegf4B7QRukX/xMMM8zObe9HBSP2BrTlexo9q9cw==,U1MkbZ0ymjRKrNZKLDGpl/tTm5ur57UlDw9t65GnGPotsPqobe0P5VpSf5W8KtM=,UuTnfDF0KZ1uQKG14iktbWmeXbn2Q9g55Mm6WVdWQNo=,n1clOoDrq9KGI630iXpBqhL8c3slwQDEe9YT2tK3lw==,dwUpqPRkx2tkg1YlXK1pkk//PLTMc5BFQg2XUzg3,jsVxZu39dmOgsbkFrm6tlp8Fsy6KYig4hIYbRv+1QCI=,fSOT6kz7QXdpULPWu5OhuqWozo0HgKxWvwNJYqFcVIk=,2ye9B9YP3AwW4dgpxTLK1esWSm1Y8IMv5Qy6/Czm
kFcdWWbMpbEoDG85vTl0Q+WIHoFqxyA9dhRhKFRlqG4A/w==,JRwxdmL1Z7+zhamDYxhSUvM/RoR1lswcLfW8Hoe5X/j5BL2uNw==,a15xPFZc4hrjCH8hYQGXOtOfeqEj6zQwL6bTy6LxMMsSGEVKxJEH5FA+CQaDnKc=,RXSdgg7g9IMovm9ZCogy5bUEcSnWzqKMJWA6o3OGK+E=,sM1etmMcSlWYmajPgCXTM1HESSPPf0D+OiV+R4GX3A==,9UEqtbxseGf53cCwxXFkqg2KEr1Xl8rjnZU2YVpA,pYu3PKeFLDnXVM2vY8r9ENjba0lMsfvvAxUq4oGrc50=,eeJgcSK9EcWPw4IltKm+87MNXobdo5+I7Sheh5ejL2Y=,m/hNgoRgFCog0Ph0ByAxn7t5g9ljmHNGzsO3Br3K
6nQ9XXM92EyuNyhwUry2raJeLIHXDQKvrhjvnWbGCSiboA==,6c7QATw40cNngLoSbD8m58sN2uTqHteqJplaHTZm6ScCiNFmkg==,kFJAx0KhJheO0/jCbA+mQ64GOgnzAtyXT+DemYkCTjttf55CBByevJKA68YKf+k=,GpGqoZHJHOa2z2dcqbVNvtjS2eKdxPElm8YWf6trWOs=,KZMthXjTaJDPhBOq6gumFPqNEvelS4oU9zZj6raKVQ==,N7XGrDNSzRG/NueIqeJV/rXO/B85VtSj7XTR9HsI,oHZDv4IH+4eEpiQOD6pH9PyICK31rqZkYaLt9Qa1C2w=,vHilAPlpdmIGrOWmFmF81Yo3OdS1DRZHrJLdMWgaCCk=,9H5hlj47lOVSLY+vf8/ND+VLVS3AMpxDmpTFjBRW
tltRBnChL00zrEmGU3vvr4hgHV5l9DpaYFxpX2v1v5l1Cg==,bdVOED4cURv8k+Vtu+X2lJYLu3HOrbKRL8V11zkGt+qWHFYb5g==,PG6L7rxCnPAvTXMTTsSpRJjoglBpquzSgsCkWdgyEGnYdFueSJk4K98OdTjryV0=,eB9iA7JsPORQSX/SwxIQf8r3y/E3IJh6B9dngyo83Gs=,m+60qaTBtx+/Mxiyi4x3+zCH5Lafw+SNQVOFTaGqNg==,2GWETPH5s1/+JOK485tDOvSR5VvgS/ef0xOaqmud,rl2PexILMcKwF+EubasW9fTTIFnqoFyWxrxAlOpwmZw=,Km6hCsY3f04FMvY6krxijcdvu093w69TAJ9EKvgKta4=,3C7bnDvjqtxwd7gSSvb30rPRoaA3FYkM6Oh/fuN2
NYae6pZXgjaoXJCUV0MQiTcPO9alJM4t/8+J333GGKkvxQ==,HRWU2rIimoZBhxRrNzjwLkZiJ6zbYDVwIQtc0S0XeQ5ZJqntiA==,w2dysykHGPwB3L1gVl4cXJ6jlmbK+jxZDmRS9AHKacP6viIiY35iNUMW13nl1kM=,q4BE3ft9yL3pCpEQ4aokG8c3CTe2ezoanrz3UVq2cuA=,0cdGJZorDg0b5UWguPAEkyi8LNmpWC/gn2jYewBtsA==,OFCqxVsGlfmt78nKVrPSil/RE/3B46/BBCQ4Ofk1,hAW5ePvWMxNOsQiCjwvYb8UzPE9muRXFHk2uv/kHNQc=,UeBt51XJNsKP0PpsJiA+1BupyxcaX9vIZxIfLRX1Gqg=,x47a8eOw95DPPkeJrDhCg5IY58yBQwufGne4toan
A3ijYROgRRoR9X9nXIaoTllDCgbhfwqQV2Dzg0pdMEFR2g==,tcXhSIb+TZsBka4Hy57OYsopIGr9nox3Fm/Ga2BSrtGA53j+iA==,jJVjtOOJL/a8VPnivzGw/nB/EYFOnXt7jVNwkUIuIMQcFAsJYGy7E55/+BMt27Y=,J6eJvIxrYkCppaFB1QLHImgheZRZfxyJYzeNlSlBE2w=,++VNnJarc+T4C+K/9xAw7trE9njG6FIszlEQhb0DfA==,hBYlAS+qsxJB0BQVBJuCWzmSYYlAwMown+u81RCU,FARL7oaN+9Ofntcc8DOWVh/U0U8mZHJ25dgFphi5EFQ=,FNWcy7WzYCKc/p43SjORu4S22qYwAa/NwGjZlbuF8Pk=,kjDIb0W0eWl0KrnCjH59mNnQaEcqAJ0UEhQUtVWr
pUwYrGv4H9jjnkUZU1/t2nVd2y3Yr56bK+2J5JM7Eyg7mw==,j3qzh4uaqdeHwA7/5Kr6vJTS4w6syWOtaL3lainuu/U8eO6CCA==,ky7+hUzleptHShoIybfSfSyP9UDeVytwzVmHkrX8Yl6z/09LKmn0UV3JpeO41tE=,1l1DPEVTms98PnKhOw/x2/8vXdiJRJCeXujoNYf7c/Y=,FlBtOC0IFj1owLTKn4Em/xDtVBgXGUnKL5T5uHRSGg==,AJljyESxr9Qb8qPQ17Eee9WZIIBehubZH0Ipps95,vxsHq/ydNWU2SBHf3Nf5m7lu8Q4ynDPdGX/S9IgEuHw=,bIK2Nsgn6xQmZwLxmkHtCDzCKhNIBYGyHPd2J2rw/FI=,ATHFoOYqlp+szeIBMeR97XAXtie8U/aDac+0Lkfx
Eo4qLoOgA0BwhzfTdZIMIQp6ykgZi642kL6AnAZ32dvS0Q==,sVJmN7RlGUb8rOl/2kXCnelZpdxwDPI05pSmQOW8AfyPeLyzjA==,wlAA+g9ew962980dDtM1ZcSZXIOK9E4UxGLX0MWwlCv6a7EfOhOowU+MNvKEcSU=,9dvbkWqo2ct/jmdJX0gvud5e9US/4K5a5ehpg/h/qMI=,FqvoncLLd6SKzXTbPNTWs0PMOVCVccSzSyjHOnpGQg==,mudAsZymS5Wx2cCk8Rv5f189xw6OEOrQrrSBHfka,YwcFi2Ipa1pzrFPSr3HkuSk1OlKzc4Yt0EnZ8bCQFb8=,XsBz2c0K9Y/CRn1FE0vtT0VBCHTWVxiAbx5mu+IfkX8=,1kmhDjBzJ/f3jpKUR4hX7x12puZmfJOYeQjhQgzO
qmhZSXYbhNwHyVwtqClwfzJRNkX2vGhpe73RYnFA4L9xxA==,d7CQPt6QhccgC6mhYtYlOcFUOG4jHNUBlrQqvZxENkVIZQpBCg==,qHVR62dFxEeUabBum4ewMYlwARHoikB5ni3lVwCMuC9tFQbjLhW7XuWkHp1Z8T0=,rOhhx37+38lS7fS6rZg8pcMGIUrbzQvKo9sm0HihSw8=,sBcC3HP+z/VMQV5wwXIzO4GkqKyF5803tRlzNBQ1lw==,OOO8LYgslFqXzl2zzdmLBk+/ZlzBWJoIzglzCpQq,aa3L8jyBEFJ1KLnzXBh6j43uNv+Xya0L8Tkw7XYYRvQ=,f1kVOhLdRMAcEsyqJMTqwvBrztoiGautCj8UFUlnt6M=,XmGXuFu1h/aO3GCUrDCFg6xFZxBhzLXloAciAZ1x
8i8foVEGd4iZsOm1mMsLWMXJcGTzAZKSN+9LXZHyaVnevQ==,6jiYRZiBnrZwn8LwSe752NfGkT/Lm+l5RZSyW60frDoLEoJwuw==,W0e8m1674Mx4BxBHD2nuvUM6hu52w/noxIZZT/N3evD1X9KXuP+4sLQb7VMysvc=,uXmUn1VBDkNS+IQgVXgLoBrakxqSfNAjZHzS2avxJYU=,JaFURJdXViEJMLdPxwfAuceXNkNaAklxstQLaZh3DQ==,Q0zHFFvfTQjnEL1tPwVNZLpTqs6nMUBP3GC3JS6+,ya8xEpsg2UJwQGpWOi0jmmVok8oioEVWRrluEJedMP4=,CHqFVoLpotEmsDMek4R2ZUCY2SEiSJQWXjmfKK8sNJ8=,vr2kC/egsXn0BCUdpcfye7B1J8S14T61p6XqAbW5
+vmRJsm3/uK18ClVzhHpK0n8rOoXdntN8lpOBOqNijZxzw==,E4EzIeb0fMUH/lCRC2Zx61pjp3cO2fqlsf+FBM4byf+AMg0txg==,go6cwcdDACcpc1bzPW9Pgpx9AqRYRFwtktQ9qBeRToq9+9DXbf+wEaGsifRn7sY=,QUb4JaPK199wwLcQcoGcUtlPo03q68jBwG3O2eFLlXE=,328ojjJPY488sauKImNDY2HkDJgREIrv1lMb0B7bGg==,+0pmVH0PogHX8S6bTQgfCdBJi/8CWp9nGNzW+VD0,H/ea+a+Bugf5+j2VKGRkvkxtP0bpWWmndD/W667sYvs=,WH4+cDeGvto81hGMWeGzRBVBBFn9qjstqqv0WLz7ttw=,r/Kq0BVvNyOwfbkFeaw7eHQpQg+RKtUpNZGhxwXH
SHqNamzpGE+lg3RX4VOEjV3WfOFgRpgsRC1vRfdQdv3I2g==,PUXYEsQcl85yk82wbTPDvD6Hdvgmgw1pH/4lAGcG75C7fM8kFA==,pp5hs15efcpelwB8P+29h29AcIBclFU7S2AEnrLp4VAGEZYXEPy1rnlKxnMS5FU=,9ndpngexhgqy4Ivm5tExi2PDjGQvb5RGika/jP1482E=,Ce06Aq2OxpGOeBo5XEcWgHd/j0Qp1xQGKaiyLJ5nVw==,DgB/ozFHXj6kBlXh3naJCDBQjJg1lt+V3JqYYMPG,rpR4esBxnioXhADyITaxmAXhBSCRqhELpWj7Zp3VrmA=,aYGWh1TIWrXOzXCCtX85+30TzDJ5nAqZRtCxIoaC0SI=,T+XSDNpqr17kfJ/FZCajoa10P4qL2vz0WPwJYvWy
lJdaCmvXn87i5joj8n0zQP30z/EPXFFZxfZ13YzFmi09xg==,1hmaayr1xZ58L3S9+xZDVIwpEWRZaMhDPVoy/SHNMOW7HJRWyw==,GQb+Iv3MyEf6SqSPXJXlXk/2MU9cHE+/MXOTut2Bzs6RdnsP/Z2r1bWj+wd/B+g=,lrEF6qHL6Y5z+7spGvA/VI7lMmVDDP9YliRHGostRJ4=,XmWTWMrjPWTUGYpuue6xahtqO/h/x2G6fd5UkxFl1A==,uPSeChJNbsYcYf+W3bXoxWO9L+QnyeSBI/reqjXy,rMl8Au+UCtnOuKipfMbexNpgyvvRkgdxLT6KYdjHADk=,SSphw/4nLoTmlc47RBbmNKUatA1D9t1tFmxrBl7fN+k=,RN0jWwYhcVB7a8xBNsu06KN1+MnGBJMwrs2++qYV
2Bwblac0f8EMEx4/ggjr30hiEGBDqmuVam40rUs/hxvQWg==,9Y4WrzgthwiJ/L3Nv5iqpELoUhjjUSpsVFvI63P9ARZ4YX4uNw==,qnb60k0BdRoGzHka7au25OPi0n09qBplXUArOhmcQnUNJfTNhD7lOKzr5c0p3kE=,KHQgRZdWl/4YyE9PPSwVpCxiVHaO+h9h43yXn1cB0qU=,AMRKHduAatQZDrGW1yCntHs3TWBrkwLlameN/PHEfA==,3HCpB2M2eDHGuOaoBJ12Zhux1EaDUYDc/cPETei6,gqy25T+SC3BshXIsqic60DIeXEDjWzMXJr86JJ3618Q=,Z5DXet/PhAKU8U3LC2ADp3U0YRdmzz0gqugPHrXA5dY=,pG8W+JKpzr89nUSh2cdxb38lzqlSApazDm8jlfy+
EAs6N8iXXkxQtZ5DIQgsvbtk5fWEfz8qF6OekdgB1hGTDw==,Jr4atHfEzbzMe4y5ndJwBg6szYlog6yjpmC9/Kf9npiiBPYO3Q==,WoxkbrtJry9t4Eoo2y8OGaQr4bGCsEeVMrczEZ4vM5jutthyfy7dmzzElaJiVzs=,Au+qwOV4SxpW6xwher2ozBBiccAROY5g5WUutx/95X4=,IH7dOvh4frJv7lLMFX49CznwYBUj3a/zha9yJAYu9Q==,rGSYtr4gWB/0OKZQxfJXh7r5RJfocGyt++bWs0ut,pnWP8pxpgBoM9qqekJEgt7ccyLhxuRz83F/wkCT8QlI=,BMHbcNoqNhyRjkfji+zUmVaSV3B96j43C0QeMcdAVlU=,B/02lcE2Wf1Mk/fjBHOMkppeChHFyA/IawXw0dfz
wU5rV6Wv3azrZtoBhnGRbQLLxORQ+pAL4lm3oF2uXw88fQ==,Abe0+j2g3UHJ3A5EoG4jmmZ1clu7Xj4UUyKtyJ4sAiezl16+hQ==,FTlJfNhwEJK7pE2f3Az1sDJD40DPPnSMZOh2v7N3fdp4P2BGNyjF2VHIo8tDnH8=,1f2ngTv0tfoJQ8iWedMTeTe8ljS+03hn2Iw0eYj2DTk=,EfFLRbi/fhba1IlPmxTE584H92aIfOlkbCf9C7L2fQ==,IiAoBB0MOMSWcCVJwnFBCFxbFQD+MpDnu00wov0A,crCQsLdRcYoYSBz7e8/vTwkMHOFDLp1wbAetofF3lNs=,updcpH77jctCW9JQn4cAdQQOvEH+WjKmTeQwVj08OGY=,S1FUsuxoWh3Wwae7E1do9/U2hUeuSX2+N7r+lT4+
kpa/Fn7/i3CmKSeLVfmZfCF78z7s3yOMdQ/efF+oZh1v3A==,3NbdxkcZ5i29z1/oWEAkS2+RNNpNVW0KakN0RbDxzgZkZtVpNw==,LANyLjU0xJaX4fyPJZZXmnFlid5KO0zPWQ5UGUuB26KrgtDrBRfl3TG6k1vw2Fs=,PufpoyNdft7B3fkPdJchRCoWpsQVBXFjT2UkvB8L0Bc=,xpNq2nhQghAN+tCR19w/nIWmqJ3e8TbpZ7w8W/6Z5g==,wWqPQKo6XFfHi1XgrRWb6P/MVicrrbcabijdmmzo,mDcdPmTU3nacozzfHMMPgIBhE9d1WRA2xtK4IcNEnSw=,pZoZBa/vcLspHdSK44zwAyAnhhiDtP+qrXLIvtFdOgo=,OLRXPl/iO46AQDo57hKYtPeMgxEyH458E0w8y9lV
vdEGEvyNDG4Sv3Inw+oTWj1oueR6rQkD6cVdpSpLKFFI2g==,3o2s76p5qk29EUluCCteXl5jaKQ57Auk+gSobkWqhS7Y5DYT4g==,EAPIkYMUn0WUtQXZiKF4zvjR0g5iPTa0v7OssTCNgLby/xPNvpig6coBaot1m0U=,+FR7/zCuBWKJCxR6BtWyMdtrJ8miQ562hSBQU2+9tWA=,wdZ6ncJeWSfzFBmj1Nl4i4LHWGKc5xVpl69gjChrjg==,b2eYX9VYrxx6eez7PMSjL1XSEREgW7YTThHN3jfe,FwxttVXSW7Rr4sThtuXx9NlAE2Gjxz7kp9wWBonVqxg=,wfcy9fycV9UwJsE6onQhCjjb1NnwLB1Ke1N8MRelcAU=,KZkZFhsAI1VFlEZXdIGFKFR5pwVGGkpAUeg5gzX1
KIe8r0CO4hxvRZcusLWeujOfjB3fl3+wup8FGgYZP6FdLA==,XE2mc3lEuYV7qEJm0NFd0GGJThDO6c7m4z3zhinw86gocvo1Qg==,DIKJSh/ZWLm7jtfKm6ctq9Ss5UOrDo4WVgbI2vu+GKNKFU+R7nhrj6OQ3piZPs8=,Xhe4NYczELWGryafkMu39ICO086iwTznrMhE6F76jfY=,NwM2/iR0M6JKKZaCu6T1DEPG3uAyps5zgpCTf5OSpQ==,1KNRw/vM0F7nvyGiE7wnAZCHUjlTWQG+zut6i8WD,5PovJiuh6H/UUTFUuYDZs0H45Q9hyX18ArWyeZckmT4=,DFBkYkmQrsQBx0WLyXKfTHsIfYuHBjBiCxmpJFt/7wY=,MgU6Tf066yOYENn8H9thsIg0vpHk4n++lgOhI57Q
6p7XU3McTJyRnnGQl3iSfdk3W/kzGVPxnUwUAEdodYwQdw==,bJAzrEkT8wNBwP5k1cPEVy/PjfgOqYVjRi1wOKzXeJHrUbWTjw==,8ndWWU4EEMcrKu2/vnay4ZACS94CPi+LIsdI6xLmQx5vpu61DYsOWCW0vqgoGOA=,mDbc/zcHRxbNPyGijfk16Ga4drHmCmcmLB37GeAMIyE=,dUfOOBuaLn1n/IqZG2qLKqckSYvVRHK1EvE/WUCouA==,msAuFll56OYmKMzZ6W6F/EMWTEVwUCyjhHH1fA1p,nb2t9lbRfHIuMXX1xK+oMM6dbaHGWewvqIunE8cocBg=,rk0zVKgAZsiRadr4ukKoAg0tdSc/XF9DZYwfwPoFK0c=,k0xt9cO/CRjr+fXCFi9Mk+uZEcOpjIhUJz6SYC3m
s6ve0XxEfnjGQslcb5S0h+ULNxRfkyDDPA/EJo6PgZmFGw==,ljB+UlyDo23zDrBOeYfao78/OdagyDrww6uNstKwhzego9f6fQ==,ISwLz8Gm0iPfTJfjwYVwZHGy5T8QJLRgJAmS7Wl5Ca3rmHcTht+MNQqwVvoHD0Y=,6rSNgo3oCQJcaneC8js2jKy0MijDAkcPPBrETJfSz8g=,b+yHVzK3vI0gJZ4LiK9scD3kIpMgUsWHV2rfz90dxw==,g3BpR6yxaGU6JMzwAs/GA+JXp2o0mAAvOB4770io,7S3t7R1F+V2f/W8TFH6itPC4LTVoCGq9rPnXLFv1NQI=,Sa13FmpyGbFh0C8nhiqqcrVC39X2SN6xNX1TReRWznI=,sz1JXoK+wxybQ/2uPwFkasgUfrUeYvBEZQQf31TL
QBU09ihSzk0A9nNFCNYwfroq7y0Y1d9SfVMjylDB0dOHpg==,Wq+88q2eCM+bzk1NS7wbQTKnBa9+VXEbiJ64bgbdVHNawQmvsA==,8R7cFRVEP+Gu1QAe4iLBzqLT26LBI/ITpdcUz/6dk56EFKTuOT+ciP6M1pKi9nY=,pmNdkOyy24nqdQ3fBjsG8dP+MXCazL1YYvKbtbr3ch0=,0WRmZzZcUa0rJp14aCVudQG9I+b7jciJQZIv7kcBaQ==,XWqyC1A8Z2/p5CTOO9RVWVUsyJ0jqDprmlwV9eUQ,QSpBK1cfwwCGWgtkLSWP4bcZJH1K0D2FL8oeVRld300=,iE8Jx2g2gXzddRL6BURDOV8aBzDMkdw7KoOQSxTy+Eg=,8VGj9lxg5sYzRn7sBYm3VRpiVJ4NbpOZ/rvC1yaK
clCqViSKCNCzAzR2qlPRegg4ktbk284Mt3ou9AR3unjBsA==,517YdwNyPff6vY2kvexC2PjFTl5PLkQKcG99yVj5s8kRpFY6/A==,06b3WeJkU08UkUVxUhZ63Ib8XzfsqMr0clhCxYMGe+3tRsbw8FojrSUrfU41akg=,BWF/K7p4AHjTaVKmwOWiYxENBPKGAUTdcdS8xogTffU=,7c4hgd9squbHOatSTcZobYsu3OZfT15LLuquq8Dk+A==,KbGrQ14Jf+/+DGlMIn24kzmPHui+UjUeAIHBQkDe,zFpO9XjgnpmYsUpI1I62DiQSkoVru+7EPjCjrJ78fl0=,a0uTxPrspp7/ojzBSwW5PneReEXspFxd6klPPOUM07I=,VTJQJZA5lC79ZzUR2cbirnEz+kcBFdbnDd8kmBze
XA9DFaSV/nr+5uZXItjiX5hpZ9xKOka25Rb3BlNZ0i4Iyg==,Acrp5j4PgIUquOGm8Is9akQj2U9bpsW942tplPWz8oyyZRdZnA==,PYnhDsL8WjRKBmMCClmeUeWqNMrrp5rqg/Q+IA9AUN6wX0tgoXPj01Sdlz76lJA=,45J5NWMyR7+rZE6/sU6Eu7vD05It0L8VpgctbuD/xIs=,tBvEwhIjHnu2WTjjDylgu0RHQ/Q6/Njo41pyOXHCnw==,qJozAzuO4L1SvjXSPyKBGHZIh0eg1WBMGZiMjnLV,Oq0y7LWLXbLYUgW9J5T0ps96TmijpGT0rL0tQJq4Ni4=,SxwpZM+agiaWs9BT8vno4vSM3Fl3GgYK6jmCsXMtqso=,uJ7Xi7n7ixGDgE+/IzE6wNnwBO/Zsis0o9ytQs2g
S4OpJxZMoYxh0FJDl8+w7fsMQNGnDl7fSHjR8z7ihTfkgw==,qVE44nluW2v0uD+jqqPD1wOQrMJqqA4g3Zhi6iwo3PEl3QFtsw==,67sUqboScwz/PIbdKvlYralal3P180FbJhdbMlWBSds21Eigf1gf78rFUzGnV04=,MP31xscQy1YTnzaAZGbXqOHf/poBz8sEpz3DMxRCEXo=,VFGp7l7DQiWUuUlqWYWpxny/ArE/WXDMeO9arZCp7w==,z9oc8CFdZPuaHnvcCUoaCYi5PPD8sKG5yC46ZZiW,FXSD9kWu/En+SuMLh6OD4Lb0BhuP/yx7h7gDBMJaR4A=,dAo/YsJaJxb3qW6zkxybHzNPBj80fb5eNHmy/tj1BpQ=,nUbA+8dt5s8ccK2z6soWOEZKso5fjugRLABtSiqT
pkVwIFHkiCVHPpbQ3ccr1lU5xubN12Mqe0NFZwVe5p/bXQ==,R1v3vf2eXnxYI3BnDFViMpMCCukmh7jc6T9gGxWuH5rtoT8URQ==,CgiRJ9MK6BFCMtWEK8AaZaK4dpCRVan2OVy1+FptqXUj5yFxkN9rVg1epTN0QmA=,/oOV03TEvg4ATRUPMT+ptnfY0hHN2i+Fy7cgAZAGmkE=,9Jgr3DdaJXph/rVu+m0oO25KF29QZglgmQysXHrZNg==,tfDO0p//11zmdLTAevdOm4hsPVmi0LczwftlG/B4,/g1env3N0zLpbp+dF8dyPKRv+TXUTbfdnXNKWLAI1VQ=,HCjMup07yM/ZqcUGPBZK9iqAHa2HhXSg9aTkLx9cbP0=,0altvobzzUhAOK5CQFkZIsE9Hk2QkoE/5cqbassz
y7FMfRKnBKjSNgBJookvPkmFiqzQc1SyxWNyG3EPWeyGcw==,C8sx+yeAJ0kqS5dmIXS6XvkYAEy+AewMxkIF1q+/6j7mnQUhJw==,hVx5LOyS32HL/3BvnpsY4A+Y97KE0foxR8ck4lXF8CTTfO0LUEhIc+RHx7gse5s=,rRa518x1fXc8H7Zmv0cTMlp3gkxNqlCKCZ2fvnydfu8=,BY4ZVPONjE6usk7ch3+D6BhEgtnd7tCRyuOfiv7eTA==,SWxoavCTMhJ9tgA7OE3ycmph79YG7NmIXPj4Ja8m,JuL9HcLjihKAZH5toEDcRnHnpdFaqRaxianc1H1iViQ=,WTejMHCh1HiN0MQUwLn35W9OFm8GWU4R/FJSJYl87uI=,be/nOq0X5pk1WFbNGBGeluf9AkE3GWBoNgycW2Qy
ziI0M+aRgKOa382JlbjPn1f+Pda1bE5oYddKmbHAw8VGyA==,pKa7mGTkTbKWskwe4PBWK/0piu154cp2tkjRe3Joibh7eWKW6w==,27EpVGnwjVaVZzUAThUpTHWPJWI8wUWP4JF2LepbtN/QaD83FdQvL94UdzoTBbo=,8Zgts0uTxFWmcef3Bs0Ro+z8wbacPyt6/j0e8cuJ9Go=,+3XAiuC2Z6S/KXEAMCttIMckyTYQ+kC6glbQeXiT6A==,wM7lFLCTPmIDFL9g93rj3ttkytqc3N6+XdqeehZv,h6w+lJHDVpQWFm5RQCToKaegE26PQhkfAqCC9HbFviI=,lB6xNdkIY9yDG+pNag2j/29C7j46cGy7pnHFMVQuTb4=,A8EoHFDl0MDFWr4wXfGWFiMeJlMi0a/T5QJ99dfF
TVhlITyNXH0IorwSLgtemIxR4qQyynTFFuFOYdcyVO9zsg==,5u0iNda0/upLrB1XDrUwio1USvlnkkWGNC0WtLqCrzR2GHt/Jg==,hXhNZ8reBwC6UGTdb27pxj7B5iJEXTWHQDJu5oRg/AxkWIZ6Jfs0jm8Km9Hjd4I=,T2mnCXPloejVbcijwBh3S06TlYmzLGVt4G7tUKldeNI=,2xvujPTcjUQ39JfNB9oRPR+baLgmJ7ml/XBJubbxOw==,zIMtFRaDX+aklERKo7L3NgwpJhtNB6D06itEbqWa,4X9HqEpJqB7HszzxHgC7rFd2u6GQ45hYRWpEPOffUVU=,JF81Za4Kb4eDMNg9eDLOqRjltSJkpF2AAY06L0EKJJ8=,ghK3CPJ9At69PwbV6NDj7OOLh5csVuoEPsKQ5dt3
JNoUM43qkxZ38NdaOkBk6ZBUYHiFTNhJ+MOvD1O9UTdWDA==,R1022nJraCUUZkro9v229WSVujpeETGnsr9E+hOt2CVLzydM5g==,YjYt+rncc6nbDIVcYfUKwvAN/6a/wEakpb0RpSIDMuvzqZ527G4utOaKXVrPE44=,/jFtY/dTgEq0tIPnLh2KSjC/qeL69fC4ap8YeXtyyoc=,EcRadHheSzCDmVakq4KqT5Bc40uktIoT+PeawWj8oA==,p9OH4G/SzAY48l56ztVjmsbPv8r55QC6IjEkS71z,jGOhtTWbbUrm+SFzRA7JGZhbUGNcpURldEdvBMvoiBk=,L5ugUKTE1AZwxM1DkK3GER/NCfc8+xznOqV8Rb2rEFA=,7EiWz3sExbMdcUwn7PsYBjnakRWDZJ0Ckib6mvaL
Av84WnDh8G2eWVO6Ld4l5ZO4JThRtsEG2onXNWgBTcDmqw==,sExf7gzDXLhb2I2RvevtXlGfqCrqruso74YBJh/sd+XloFPcFQ==,f2CYO8Qq5dqvDRjehEVT+7bCLRf87qp32B4ntmWTw20Ur9DBA3gfuXhekVJ/QGI=,8/fk7mKU8yElqlssJDPFPHg9fTI7i8vrKT2yXpLgphg=,PAMJIrWDk3ZaysEK7ffbbZbTG6KgWUuQyWG/lTh7UA==,l4aBtQhr/TfNsCR9IfV0Hdx8M7Wi22wJptHgiOZW,pRbks9oP+L38v1m/r9pGskE30JgziduEybFaiiFWoCU=,B51958uNJoIefzNSX2CpThIyNqHe7GDBnWbnagMtmxU=,3wN7JUtbOmichlsFLPBpVTb5OAEEItDb7dsyBMW4
FX0cIgdV3j14MvlX41GOZ8m1FhUMbcZK/v/gKnnAWn943g==,LfyCO5d6PHCjYGhuTufPKao7mYs2s2+81pzZQJCw1y5PF/hzuA==,RabB1KEvFTsQMGhdavd3FDIex2ITEzob9VKYrZCMwIwpm7sKhnr4lpvcbmaBGJ0=,JzwdIcZjWuMxETQgCr9VWiSCKsMw7j66ayn95X9IDxk=,Wx/15H/T7SBRnrQexQu5BskPkdD5tDE6W3Gzt87Qcw==,iA0vxDwJD1Tn1wT5uFiw0N3F+ew+rBQsOKffW42U,FAfehG6f0/cWUN+Fw/Fko0DrdW2oT3bRPJo9pi4G6A0=,TF84322eHaHFF+0LKIrxMBxDpGjWm+SJrNK6F/Mm1wE=,OqSoeX9cjgNrBvEwxWNB7vAJzpVVIjh5CXU3NqIs
NjxaOh+0GV3/1kbqXH6mXbdRJhemGj4prqTC9pYz78rkBA==,mgSzH/pAN6YJjYH+ZwKno9mjbLypu2DTSp+ZXBurZqRl5rv6GA==,qt4oiECmXTTYQtCOc9GL+vpi7ZxUPUmNKa1P8F1QbiyoO7lR4wEVeAlxGPSxSwo=,s1npgHojAqDBFhUQtBlDiOLcfU5o6crxZhTTlw+a/mo=,kWx9jgyrC2cgOaCFGmEq3UoRKRS39lutRXJQRGBTJQ==,sROYMZ5gqYIz7kmUMyGxDTEL6sed98EDMPkSZ3vq,e0dz8DUmFrAgV7ZSvcjaSj4hKps35EkUvOs/XxyW8PM=,+25clumRPw0sdsXd0ZV0Rk+aLTafNc5i/jG52AxTn8w=,K/Fq01DFJHgW3xAGGG0QO0aQxq5UFCjVJp2LZkf9
7VK9J0o1Jdyn+KefjHmVdkFJVpa82ttm9bHuOkwtZr1Vgw==,xMI7Jerrf96dV54QCN3vg0hMzosiAw0Dmo3AVz1lIGCeXzhXUg==,q8jYggUyiFjmj5MjysKko1JE7X/KY4noLhfEb9vISA6Wtpo/zhXLP3MWi4ZaTMk=,8pGoYwPkfw23QzgZNbKxz3BXLPmqTnAXnCYoEquLaj8=,jldYULnmaVgYipefOEMd6FGDqtxqE+zO1Gxi3dUzBA==,qaVeqWSw14wMMfCX9q1El/HYNmTYj8xZyYU8pyVN,Y17KyWjwA9F/v+dBGFeQqk5vJ2Y1Yp2tgd3WpaReMNc=,VrKyXLz7rncqJLLcxA9ETs5llOUAXyYQZOwD23az+uQ=,VudkxkcR0YfJT3F6M5LwYrA4YQlZFheHmF32d4L/
76qitd5cFikokgbvg3dpWxp+bMQ5EgAMukyvco+7he0jYw==,LThSMtwxqak/xjdpPLMpyJSBUaQeFHt3qKx39LSk3I9BxqHI2A==,ghNlNiThnap3RA067x/W7dYtDfitizyiWNvHlcaHr+CAa+ECnn29AbNcgtB5wHk=,ZrmJHK0XitQDWWS0p9KUNihQABKH3P7x4K2f9txkqTc=,VHEw9rMiplbOy9UDapk59D8+Of3lT9PWRMQYmg1jJA==,LngoaBdO9s26TzfJlLUg0bj8FbugQCYytoJTMocO,xFiJTUQP6KmTSg8laOQ6C8EUjhrFspd/L0FyoV/CmyA=,e+dgFaJXW51hfnBXudYL4UQK+TiIcq/UhBGn3ygj+G8=,AQ5hJLlYTy8ymiGiL4SxQUmU23IBI2mvoQXQWpn4
DrfCYHs6uXq4E5HWHw/4vJ24NcjYYPq2WQpaUf5WLiqMJQ==,v2QatUqF4LDgxEWrf8re1qG3pQU6mFJgT11+gcWD7L5kBnnb3Q==,uSMN9eb9qMsfm3V5pfnq4ryYBNuMQGGM0MxALud7Jz2KOSiil4MyKmcs71hg//U=,NScRQ5fc7gmhtwowEWQM2AYBYv2L4xXlvnPqyFv0iEc=,rkR+q4I2pMT+hYi4bOWYZoioCCwazDzNyTIa/Qu23g==,NJDhHe14Gn0E7PR8oEqjjbGCK7+baUFttzFQ55uK,5Xgcmhs+duFbHL4C5VFnMNElCYZRKXpNPBbF8vTPNzs=,30iU6jqyHgjG5xiD7mfq7MmP9RIsuDuUaV8m5S4ipf4=,eI3MmBlxqUPcMd7fIbSL23CXVpWW0nuWUdofFhrR
iLHjD7bHY40qv2IIZbnVRNx30ABrDqc2JzHhOz/u4F4JTw==,+BxKPoyz8AD5BpiwgakJRd6sHX0gIS9BjdovAcpgCXWF8Gugpw==,WzR0VWAnTmz4InDXWthsO7BVK6ei/wAr0k1O6XVLJ/9TV+5r8YXq9TKwzzwVnxw=,EGFOXyr3osm0lez3zrbHS55WeQv275857O6V4Ugwr7c=,4CHaTOdVqmmndnga023z918DwhykSnatPovoAHrdJg==,KGgVffYfVhLPiKtQuU+MmAsc5MRj/CeH7BqFESHV,Cgp8ADzn9WW/QQ8DP3bR7Uf4aFPioSRU6i/ugRLzdnw=,+L+wrW61O0+IDTfZ3dRnw0fgR8rH3sb5amNGPIJPr8U=,Mb4zv4m2gvo/bKHdfqcENzgPW4cB20Oqz6kF3sqv
izG3//7own4C5e/yZwbftiXevNujp5v8yhACOk6iTj5+Zw==,Buv/SfKbYtB9+yiXhAoexe9Bm9B0Gr7m2oTWNr+BjPkm7pp4kQ==,uL8LBqkZE589jqLcxN6qdQY0gTQyx1xAdOtVt+RrIiAdLe/qAEXPpcCmJvuI9SI=,eWM2ZrUg6mhgDBdIBEsvHTNU+o7xa4BiFOQk7erzaak=,s62sw+yYGKhxRybGppivZ3YdWeS/equRKJ2qva4tXg==,qhboXxfQMZs1ZtBSY3YvtbyVwTUgs1jJoWKdL1SI,L5+/EL12yo0X6P8/FFzL1kjSO4tLSoahXrKVWZSzwnM=,tBVGI/rvZs07FmG2hbtpaDb6k56tT57mxACgIl4o1oI=,JQDhD26O/LB3N2FgQyrG79FMfte//Py01Z22uhJ2
Dtufon0K9U1xHdj4jewMzofXPpYk3wvQeSRMP/ygVh0CTg==,Pm7ZyLK0taVAtIORRIfkASqDQsQOFe/RFVvSfC4f1kRlkkENUw==,dYC6psDTEQhvYBE/b+IELg19F8XPLxs8zljqCRUqPe60hGmZiZbVAPHVk6XUGFk=,4spk1UhCXfT6Vcra4k8+hewIRVtDLTUBXqmirNNQiVI=,7xB1jbbI9AIFMqUATK39ft87sMZSwdXat3dmfl3SGw==,SzVgIV7oN8608LGkFSBCgaSYnWXBAopKWUWFxgxj,7sGbT7qGd8kOdJ7ceqIY3bVj8eHMN0h1RuP2YkkRXLk=,s+KVaxIYz+fohIPiW8A0+Ogy0AxDRU6+YqAM4H23Onw=,U30dDXaDZ6qzbHR9smtEWMQa9tmvgIkDdt9AQoKA
8fVEeUB4EOSxBFDF6ojt89tHwt5A0wEHYW1y2pcTD4HUNg==,2Flq2ax6q+TRj93q7b8pkmdEOHP8YmK9TchhKkVK8Mj9roJAGA==,ob25amq6g9Hw+kLNhIoX916476TcYY4fK7jWTQpziKtQlqfEM3GykCVoIHYB9x8=,YiagevDkvOkzUZ+sPKimlB1jvs6X8U2W81zwpw8B2x4=,kGIntlTF9LqBWZHWNLFwFZY3iJ4/19QPbj7J57xbuQ==,1RInGjFAL5+1Ss2tm/4okctpfM9f77ajUWl/kC6T,/WW2aVix3REHEmLxhQHADW9jOF7tIjziF3Zd02PT/3k=,LnRv5QJQpkpCQ09B4/oHMslHROj6S202+y6tJ9Lt3WU=,CWbElb5FaV2nMXvgNMyIRct4YrWs0S1d94ClGdoN
8X+tGuv2S8nUwJRMh6Fh3GS4p89WZbkhDf0PsVCb3JHcmQ==,vMq/5tbDYyoFTOtTe0/979idujsknGyMbY4WuWwakyJt4O6/qA==,V8zAkp3M3t6sGnMAJOA4sdUm8jmqVXweI5Jiwnnpoi9+m3sTvePllYiwbfPa0Y8=,t+61JmrUsaxKezEMtK52O18TtyojGV259flyqmhCYZs=,p400HvpCwm/DTaaAtIPm+Q2EFRrNGi4eenOiczpJMA==,+wHmPLdLCm3jLlszgEqJemVwEDhvhMHPeoVIIxTo,kgoX86UOhbCBPy+ThyjyqbAX0e/IWeirs3HJhbyV+ks=,EEBtwDGCONEDqhUBfTPzz06oyjwJTl7OQC/QqU1RY8M=,vBIRjJPAidB/Not1ESuk0V6sMgPF4Ko+FpxoBAX6
sgG9rnfaA+rqY1Oz7EyLGlR1ITUy/ok2ZipcgxdlUKPusQ==,etMS/pAqmZHJMVvVsx7MK6EkOdwUy8wIaqgpjVcUureg5yXqkg==,CzbJVHS1raByvxrXROVXtYaX7hOMQ3ufOPeaR5aKNN7ALqdkcvvONCH0kkeOm6o=,zEXarL5KTaX+8Mf/bfyvATMBzPOTxLxA1WuVDVn8L2U=,ktqCTEDLWssYznl9ArRO4/v2ApnPPP5S5Ta/rmpYfQ==,mk5iG+shOl1HwkNeRRtrpoz+mKF57PPiVDWquShm,ZtnPtfY3ixJiCFTZa69idIwRXkidmtHYD8F4c1spU/8=,bdC2/T6lm8twyWgS72pM6b2ZMqPftTpj1PyBaecpQwQ=,FXNqBTQYR89P9YD4wA633F1ljlhjUZWhGEyFT6Iv
CSRb3ZjT2CHB0lILeS8wXDaswgE2fzUDfx5Q8Njh4uOPOw==,1fF0kDBVurzrejSG7So2X4YS2kFLtiVW8jbgU+uFJ22rDhiXrA==,SWEUEHsH0hSPzKA5ydAf/2OJeiXwj5Cvvml+/f/zVsrQxocNPNKj3iaHvxyMzVs=,+FyG0HCuF+PZ6SwqR4bqkQEQa0rZJkOT4f9lT0G6vII=,LILlLPfZaAgs3kV/wngFDnZ6ELrnrKiyXvjcA0Ra2A==,c8drmijI3unh3TTFOuPsRokJdA81K9Ru5DQ6aKry,aIGZCxqO/YPYKmnKZHJf87MWmBrEdMva6Z3/xfYKNPM=,dpqtL5MutyDbnnq7juaB0Wr3Q/3Z8v92B/+cB7VuPQ0=,PRXPsMWKdGcDEKJvKfDkHrBEF8gSKytAB2VVzjFA
3U9ZrbEGndo2d/ZiN5KSnGTVHlxXByemOm4+BEX4JWvCZw==,ShtwnMeDQUHYSwCcmdYV6Umct0m7w0IQkprQvV+ouORyk04pdw==,5X6xb30XEiB73ZTHzrYJ7tkzAYcRwDaFEMyAgfiQWIEScMCCPV1XangQgCeUkGE=,4nlxbBkoNkNrrwfq6UJcooxDiDR8H8nURCX69h4j2dk=,sWHLgZKo69TKBj4+Dw7Hu4v2GKjUQq0BaNLidiMi4Q==,+gkU4dWs1ySkzBNkRoPk66EBLT+xUv+bz/4DhTsf,ZBHlWvk7CN6IVcbyrT1ToRMBxEpGeybVtTLe4h+Nv8c=,iE3mv2iJy4qnUlWg52BmYGTp2F2G2y7Ma6alzqEsxOI=,zalA1lMUbX/XfxIhUKecwyC9Z7VjOHXeQjROwSrw
W/6casLLHCxZULQc3qMpEidupuhCAzgO6mp+Hj+JX4CW3Q==,72OLAKksjf162lRHTg4kjkDI5V1XtRqWIswhgMhbiYdNP65KfA==,xSkbMxLyx9q9Y3YKHj2JHvRE9ZaCkFOQkAdhqV28dTGwq0eesrdFBG7Vq/LTBBc=,LMp494vU6zW11GQERRGIRxbL0LecDvPP38Rie+5wU/E=,i07UEpYe3RivLulqsCd/HwH9iXkqpyXZcL8I2hvgDQ==,vlgffwF0ofVHRcmVKyAmXmL/x4gzxqLcmAVkB7fx,I4+csK21MnIvEA4CSqKYnP9zOTMkuTPip7Lth0Mh7Bk=,QSDatIhMbA6bLhaALisCO9cAl7gRUP1mPrWCqdmFyx4=,2AB/mszDN6qEi+IWyP7ejp56bzW0MbE2Rp5oZ7Md
4wStmQ9Nm5kXLZiblUUCqinP5AcZNgOytSKIaOi2X1iHbQ==,y6GvCo8uKC1sfKCuL3G+MUD0eWLYzSq2XpcuTwX1SMxZcVHgEA==,NEGRolqrYxW91EBSQQuRkVjP5ugr4KYGW7GR/tRlSthcGKGgp8dh6vp2u7FQWBQ=,+VbRj/sGrZNYxizLNOz1/4oVEde/M7PO+qe+N4OUVXU=,MDfLk3r8NpHO3W+E9Ut9xCU2JC4+6K63hl2ZAsHYbg==,RrRFtb8h4Glqw3KVtSSvOj/Hl4c9k5kjcyaXwxGd,nuwac7lVRfJKEsZeW6ftLOrdAJRtlh7PboQnAg/onrI=,/tVUSpO+uyPZ7ma1KcEnvNyYsWls/zRUffFiGHRUB1M=,ntWoU1ZLKn8v60v9lyAmqT6ebaE5NguwTgZQ6YAE
1yHEUCTel7xtNg8kyXkGufZOcP15x6w9tztX+qGGnpoKBw==,1n3eW2R+UtJnm2hGzDQI9NNSEjOhyTJSEFybgds2acsPJkN6XQ==,2iwzZn3KWLU1uRtlQkRj7xGRaWm1Wuq5KahnQi+KajRxXbstE3ftl4CyhmTEetM=,FCm2QV4WHZQ+t5JhuUsShB7hIXPJF1j0BiTx5QlCf04=,6J8DCALvPq2INRytNIKl9wOTcCtNHgSQSSdqGLxCpg==,5IdP9i5snzEsmLbNnlrmKf95d4tl91Xwlf9eHHHb,yFoYjYjkiaAsX1G/uVyWfTqVMAYKEEDxWcYaXStBuVQ=,oNfdAbcC8GE2/GhJienuIYEq5NqDob5RfOFLjb9Pqhc=,KaPrnYE0TJ+X/5wdCIxD6zO8o/382yq3/tMzqeb5
pS1VZk0raucZVHm7pkbbFJ1c9/faZyK+huWKBO5IEWrPnA==,qN+zFH6QCwmJIARAQzqwjmYpGnhQH16bI5MpSv1PBD5lDUJu2g==,+lOmx0iXsYKm7+2KkwSj6wjmedAZSeYUsIqNYDd+YqKZkoRKjEaqgDQIOcjh/oE=,0h+GaFQZ4Hncywbbg3ml+HSbXAP1xrY/OAVoub2ydBo=,jttnruT30DaUtAucIUtmz9BoCVyG3ufENH11XL1lFQ==,LBZo43hzSHwp9K/9dFQJZ3ls317NT6YQ/6n7C4CX,5w6/DxXSzxb0D9X+4/S6jqd+mCBABhGTKOHB2gfyAkA=,iwt/XoHJSUReh6tm948HI9QhxgBJmae1FjmCxy+eIEc=,c0jrzc4owZNrqhZUwh1TMypZ6BeCqimmrGJ/bC+a
VoaRyllFHpq+sqhEzEQxmrApRrFeUCScwxXS4nmQ1KzTFg==,2EnEEgDWGxMkoKQtFnPG1Wo3t6/1wQq2R1DG/v9CBrSbjPtp9Q==,WdYAxwK4wpHuazODD6btLuFAJ4wN52KJGhSoGI/DrlCLrs5AuB+7N51/hVYMzMA=,LJWVK9nAqnNUi/+PIG4HZK0o30qe4w4sRRBhJnUO0Z8=,4hPsq8KYtV9FA/O8gCk5UUleA6VWIKpDJcPxFFRrvA==,qDOm5qRQKmLscrshsf7pG1SnaL0h6rIGEBE8cFAp,qEJr9ATcYw9RqC1FheIk9Lp5JNKV4atBScMYAJqtkhQ=,Oujyiv0DgmtXR4L1J0ySHQibGCtMN7c8ST1tMkJuMyo=,IlkKUSP4JoAiBGkktWXcYxIHigwRIt5snY4gLu97
qW0jrSkq0MpEE0sehD/d6SF2VZEhH0gznE3jC1weOfJRWQ==,JLXOMgwran5Y7zPTHfQblUZoX+Kw/8MjS1aTaiFiCCDjLMk7Pg==,6Y1eYXW+WJ9yo2odGVLr7yNpa/DTglCTwGYI9yNO1ahEWPiCr38j2KCc2Kb8jEs=,fcdRAYQdkN5+8XZPwipVe17Y8hrbZ6zToDJ8kW7FUHE=,Q5MS6Vf/iMBLbmbUmi8Vl3QxJlFtFvUGvR+PS2CxMA==,20+IEIPhiXO8zYRIQZwEku35PsGCpq5WZeTU8k7m,p8G3a0G7g5DX+Kapw5jpSri/Ytiq42LTEuF2uDanYBE=,gHWTnbs6kwr69HxKBtMGx1owVXNgUUcIIfLMVRmlakc=,FmIi+MqCpPSis2DVACVPknXjEdd8FaFaAVSJlP67
zq0xVNOAqJhPqBDAV4C66wptnNHQF+WJ33OcV3uddlNkRg==,AkWI6EM0Fzi2qVU0KkCh6V8UccG5odc41/gAUu0wN26c8N0Qjg==,4WzKAnc9/N3xQqT/4R4aCuqcEJXSyM4XU+Lg1xIo4cyFno06XdqXmyvCkLg3xl8=,IvZKAc7jp6ZAkpYIcLphZrS0fq8KGvkuBOTeis14kKg=,1nAUVKpA0+snWE6/PzJ0n3FnVFprFJ7j3vze6c2IWQ==,k8YU/81J7x6pJLvZ2AOGXGBIGjHzTlPiwYhSR+ev,6TfBP10uHeKVojEv7sUsByeMjh6UuTVfKBP+maQ1WYU=,UqsneuRPID6K0RNU3cILy+JLYIJYGN92rRijQ0pgF8Q=,CHLgo2q9Wz9nmAyQg7iLYvW/kbKDCh9alJW4FIq4
QQ9wuCVFioi4T/We03Yt17HZdMYAA62S02UXojfLZTuPpQ==,UdQToJ6za0xh5p6HzangY47nerhRtXdAg2GXx9hpIGSnwVXkbw==,oV690a8h6IYg+nMxXcStcWaEWpb9vqA3o4UoTzm53Y4HtDo7OSRgSxdokgl1VUQ=,vpC+1sbM02Drcjg8tn7+Z0PKhLcaqC6hyWMdq7iQELI=,5tsjcLG4lWranIzJhTbs7C/Xt1MHJOrNhilofM44TQ==,odjJ5qKa4gHL9yLrtQW6Yzdnx9sHe8XXCJhhHLjC,iLp3pxcJ85yuolOFHvqAe3rCrI7GZe2n26Um72uivk0=,z+gbu2m07hNcj+uBpEZ4Yxnkg9kgaVk4xSrMDcYbIS0=,XZJmuZJbMxTWg4VoXCEM3L0PZtFT/R/uOnoM1bWj
A+rSdZBqGuJhh1Wir4/2Pd1/8BOAFXhZWKcnQivTcFA/AA==,Ys7NWvXPEWkp1ZT+mWiYwmbzloMyB7r1Dyeipy2n7ZKbL0JKSQ==,M8R7p/eeVAyKIShSJALLFaMNNg2Ns0nbjSGa7Y2R9GO1s1dfS1moUs0m9bFylDY=,g7bF5ie0PGHRpsZNh67mSL3qs2D0fhBcePZyYjb/PUw=,npbqqniEnvfiU+K4vTWqNylplPEDFiORwYcFvWeo9w==,vJRwhYEnn7QvHKhTePVd/MFFHEtTdcmk9qPYKv1a,2QFObhuELx+AYETNGQdTXvewdbYPaBs8ByUwSLxkSoQ=,VXFzYzeKZwArFyFH4BeQ9SYZs+U6K0/ggufA0ouJoyc=,Mjwp3IDNeKy7D0OfEo8ktr5zWI+VeMH2kaMvF1mC
J1j3Pt4W78Sf1HER0nPsQHI+tSkp29fqYJO7Ni0WO8OrNw==,/HeQ3zdfoGSbadA+c9sNbVdCK3mOzDW9ovpyB5Pfqt+PvOMrvg==,9XcC+tZo0M3PovUZSBDBDv2t6CGyWZC2vKR1P0NenFCLVLZYAwRJ5MUQTzcCFbg=,mqbjahV7pY60shO7Aa2y6sSpr3SJSB3vr7hnCH5V7oc=,GLq1sBBC6rWKiDT9EABrbHqHwAtl1+BLkIz550K/9A==,fZdxfA91kku80NVULTDa5HB82tyB+ONC5k/8v4ig,+bw0in46Twv1G+5JkpOijHS572ogEO24wFF0bh+oEtY=,2826XdXr7Az2x5PVGxmFQLom6hI77Hf6wLky6UHZgos=,5pU0lhKQCjx7gcEw9918nIW1Qjmfw0aAPnsvlyiq
HiVsrbs1PlZ6Cy9z9QWURGuXVfvDqkb8UFXFBHhgkWxQTA==,ephqgfv6MrFE+8zElNNsDZFsUB8kJ4myRNtDUzpDds/IeQsFtQ==,5hygQmBDUCgBZeBhuVUQm653p/F0QySGqoQXHknwlWp8F1oPDDqGNXMknN9aX7c=,OVbLe9ILSD6IVinbEbHwCoZ/YM4l0hDxw1pMiCOX9kA=,q9AJdG9GTuh+gDUT7NfFCDfql03oxUiWd4gOEbbCvw==,DK4JVNH3F+mNn7ZgPX9BMlbNF+mu4wG+gpaDq0H1,IT29ATAYWPZ4k6Fyv7KFLhc1Tu4YtAeXClkGar66KhA=,paV46YAOOkuz3wsKip6Qkh/JfpxFpSykGhHXvnTMWto=,K2elPBrKnPyxrxIBKw/O00RHdulN+po2amU+ABP9
+fX+VWMHDxIeqKOy1Ca2k9m8QtmDdTsSTWa8hsSP9dZlZA==,GXUWBnVTNbarZJzyPS7fTJ4Ph0kGL/+NeMsKEdBzvdXVZ0SWpA==,BEEj53yB5T3v+ygxblPg3jrl/3lxJsdg0x24sSnemI/vUB2mKOYqZEGpd+Ip6dA=,80trSBhYXhIf7kZmeSRuD53pvM6g2zcP5h8jn8R/9xI=,aGstcpsUJN3vdq0Qphqps23Ct+ep2DTGDuDMOCxmMw==,yALfdDMThNpBPNZCssW4JBGC+0uuXJSvH+Z6mMp8,TdNnmQCLwZRxnnjuIHNJzQWYsSwBWkLYEX4uLgEan54=,sCl5JI3Ym0I/WYAVObSI9Dh77Ih+Z991iDqU1uYmhnE=,Pgpv0TuJCXAedQXA/+8zKDW9pAbGUYwvYzz+uZDw
+1S2IzePXEVFlRxwjsk3wfAub7iVp/SJ2pGAduHhc8VljA==,1y1ezurYobX10gIuI9NyV3xRGnj6YLxK5DOODs0ma8xsI0vPdg==,RruDoyjwFgLvRhPFbWA8BLAcqWvSMFPgZPkQuwx9QvTnhpIIC7Oq4OuprbovX/0=,uWrzaRMPFsRFkYTi/zOIqyfZAc8gaCyDVhEr8AOYdao=,HmsvtiSAwxVvxD3cmlDSqj3uf5C2HRLj66k/rX0GHQ==,+Hc2wpah2LZc+ILV1K1cCkOc3bVjXqUsclwA9FK+,YNhyJt8ZHq8tc5G0lFEa+/+LMhrZS3WiYrIgF3I/+jw=,TGmt5iDyMDHuS2NkfcZRv7vJN2HyNY2OxVwpZkyxMa0=,SBB7cAqPJShUdNR7Ih0wF/q0/xu/pppdDs3TI1aX
sdXeKVaOtfhzhi0J48Ue28rvH6NTu9KFLv5XN8yyDCmEsw==,xAi7yuiN6Oy73e0E3HdlMnSocpbXjpCi+zTxvi0XFvVlQCjxZg==,dtyYQCuL0yc2CUx+SQa2/6sleilQ97Vl6yM6WT6odDv45AxcFveXUglnMyR9Dz8=,HLpOghfIvNgkLQ+nXXbwJLzK4FtdeX3u5YjAukKfQQ4=,CVpwXga5z37EgOkoSkXELWySOlz5IfguNUmjG3/7cw==,pAlg7CClViqK4LBRXhBzu5bJIFQYxThqaJZeFc+S,7CgIpMXTGBgSo1hoTDKEPj6fVFqDF/OkWuHsuaSLjow=,M4CteBUX2RmyAMqe0gf4V9qKCADPdWxPpEO2hoYRCgo=,p5O9XGwcD+F1eDx2I6oPNY9Hq03RKp2Gz4yMZkfH
nCqWjV0OBdzN6F8wxTgTd8drsmpA9/P9K0+Zvpp5lLBc/A==,S1qLoEZcVIo6cHdAE4dPNDTJZc0CYYD9vgVjl/Q3P43YMGe9aQ==,IWqDAjZhUaMSmjIeXFNHS/TJrZ6T9Fz42BMgM4FIOrpcJX9FY0ru/cWXFy0uOPQ=,cCiFAJQpYtDsQ7Ki4/1fCU3MA03ADo0BpdfOD4eCy1s=,xd+dTjwyG7e4EAP1aAdBtfOAFiWW6wiRNtmEDDMebA==,QQXfyHw/yeHJbgRqKop/oD+fsURi4vXNrSQQ+wxp,qCu21byg9BmYicm4YSXJe1yWSXrSJFW+s1Q2Ldl9eSw=,s0n+zLcPr7ywgvB7shJdjhPvvC5ovUqGHIaZRSSoNiY=,7lezgBL1jSyLEguWmqfQmAoBA5EA1vGo4kuP7H5Z
NyupIlCCSFi69ZYCKLNDG0a/mrIE1QP7Efc+lurI2rPpzA==,ntDvU87lJ6egPAj9M91ffZCkscDmiNeveA3ZJHPqjh/UEo9gqg==,Io4iVwaA1COKDalbQxXdTt8FCBkmVrEXwpztj78S6E5I+AjPttSOjl4EVdExVps=,OqnnyMsbcM1LIdoaIWbSi+sMZPwHhBfMUKKYgAiMtCs=,8vmqeDj/ZLC0OvR67AvrJ95k3aRznvlhtTum8zae7w==,RcOQmLhDLGBVWzpJJv8J69abTFvaYelWvvBMsHGS,ToV9vSCoWNO14bt/vQTTbO+Rw05NAyjqg1QMbBGoLcs=,hzgv/uSkkEmdqRx5no8e190Db2tb/1+6n7g6mevY0ks=,XS5Kuq1Fm2HB9oC+TfkdP7zRUkYRZUPf8ycLJVqy
5CViUAZZ3A0WQdRhTxfl+3XockRQuH41nJSYpTVgYh6Xrg==,welQizCcB9LohYZ1yXLuPol1V4dErRFr1iUAWInX3lebFnnYEQ==,AGpCFdH1cnyTpl3vDPFB+1Hkr2wFzmADGeeEgWV9NzA7jeI/JiNsEBcQVl4l/mU=,Ff04xwK1Og5+AYgg2fOuVhb4wayppIi0jAnxn0jvlok=,DPlrza2FdRcVEXyNnnIJYKU6yhh29nKQUwv07kvR9Q==,yUROhNSnPrN8r9YwrrqmtgzDLZ6nmEbYsujK2hOL,tn2/qrpQF2pU7F3V5XZYxm7VuvvNExMn0HukV1d1a1g=,XYPDbXq+mDST/UWIHZGOHIm70FxShqzn3o4DlTYAbZY=,BXee4NJS8y+tuGBA1L2t8k913nGGJj5VsQ/VL8K6
dHAw7BpnCH2uYnXEjxHzrEhfGSTqh9ZTzT8xfOUXA+x3Yw==,yppI3QM6/HR+wGNw/dAP0FFspH+M3ZNdOb+11T0Dcm0hpyHQAg==,JVvhBlMdvr/uoRhsd3RGxbx3lJ3u5QLM27/Yf7lw/Hkc3SsDAoJlyqmmhDnhRMM=,fi6R9zHDW2yAwe1BxzuKO6jd1/Y7EMgK3Al8ermtt+M=,Lpioq6fFOYBxJVccN/682SQU8+4HpqYtCo3+pI1SSQ==,sS4gVddM5WxaZOcBmjrdLJZYbVnb5kGi2p4mSf5v,6+rcv/A7CxIfbXc2lpmi0FrCzOjaZtqYs6Cab+570kg=,H3RskchjVNd5rvoJ1E//KDzelnU2V86fkorobCkFqzM=,3Y5sJbidIKFtZ1gUdLuwqSpItseQ8DaNc+qn0Drq
T5A/etYyPw3lkXPfMpaLXehnHilqiSqkbR2WFfNVO6OzNw==,BvmvRWozUab5+BKjCT+BjFLhILShEle81NS8UczS3AvykLHUDQ==,LYAJb622qpu8e7aG3u4bVywIKm0dSdyJPJnxn1brNqeIDvi52zyXkor5YnkCCUE=,5s085U3CaCLMBHStt/5ytt8MIxD8/UjCkip/d3NfVjQ=,1GD6pxCG17D5vuALTS/WUDV6CzuySNApIVNM83aHow==,Jv9cUVVk9403Jg6E54e12YAtlUwo0VOjYcCNleNE,H1DyfGD/N76FaguHtzKGUsSoAnqJvYimjvMDtQZUE3g=,sB4caajh5yinTioJSbVfBbGkirR1E85RpUEG2qbV+E4=,vT2Kf4eP+ii0v0L/TJhRdtCCFhCktpcM3DPgAya1
vboql9zX5V7ubev8qkOOr3cfXyga+8AhEfo5a07q5N+69w==,oEmtuluDAoHOdUrHT3uOlFB13ZYNEl51Kjpk3PubhFV7jSPxVQ==,wn7xPXSijLyCH9144cDYN20aC2PkZUFHBCRKmtevuNrgmF/BjBbuHcuWn2BDLfk=,VcLwT2XkMEJCg2BpjnpXXri0jGoPkrilOW5DBQxNf+E=,E0K1nsShcRWq6FjeFw1oTaynilaAB7zSfnGVfrEsIw==,8OOAtBUXT/3jPARhmd0Fvdcuun4fVjBp65j3JoDQ,EX2mbEL3/epqsnviYDEDBhuaLlpb8v7XQQYni+0dAIg=,eoarUIJzZVWxpSa8FdnYJOTVNgcdRSDrI1C83irTXFs=,vkOdbSsWIxh1Xow1RlVwp5JtnsV4rxQ/KXnuSECs
lq3RKVvInI+fKdvi7FPzRQzAMtqQXPyX4Box11kB9HtLEA==,eCUkftl1V1iFokZ4imQOnkwsCkzT0c7nLVvS0XmdPL/smdbOVw==,qIHxTRaxk9wX5AjU7hx62EIDl0OpQGdbRt7namt9BgBcUPrKMOB+bQBoYm8sGuw=,3MiCV7bPpBX0rPjHlCpJqpmItRnpWUlDkYoWPCGhzdU=,I4M1olqW/P5mUQcUIvD+Xvn5Ql6BS4PCSIppEawZPw==,yqHBPxIXDEwlUpsrnVFWb4oWEh+/SYvcBtm6ogk6,3jr8OA/OwxHaSubFOtznIOjm1yiWgiqJJ96kkUchqtI=,mbPEQnO2HEUhpJQWDpkHDBjmdt348flfJ1c1NDSxW+I=,lw685CHw09P9IWMb51KNoFLdo8mlPJom9Yt8441J
38FH4v8/3ovfy2Qt2b1FXgvueZT6wYIgiSYsZ8x6XrW0zg==,NllcOsgrbYPg2lMDl0uoHoJKI9oF2PKcub5Xp/7vYlzw6wm7wA==,AGO6fgj8pKcEqdlL28WptJEvtK1NOOm0KzZOVbkAG57OneGLFbbrRJnkm8dUGv0=,+gCOD6EjWSfCkuTtUUZTFgbxcF2qL/6gsczQmEPD+R4=,PnYwV1vXO6Q+atkBEtjL/T5VwdcDkJvrY8+uBcAMSw==,evFjYKRjQD2NBH3XSYAQrOM24vkbqdDTmFAyildu,qFfyBFVD3QyhTI9kJSh6YSLFAhZd877yjJ2aDFJHI4E=,XUCQQ3S5m6Grgi4Kb9mpmaTV3p75Ro/R8F962o9+mCw=,LRRH7dlYmNf5VnsdF9MBULa6eXuM4k1r386e7oi3
5qOoXU07Qx+dySwbHFmKJ9oT3pruyG77L+LjMKSeW7cLqA==,vhy+b8PmiND3p5hhoTfHkt4UNiRPYs/D4q1fN11M6diuDRUw3A==,+tJYiMJiMw4mRWCnbF5MCrAi7A3xrPG0s4rfOw8Ab20lqr7v9AfyC2bqwsE8EUY=,naZWGNP/K9UZkgo/JuIBtRGrpVsW9EZxgvfpwip04LQ=,EygRQqROJZCVgSoWAyr1sCdMLaJNq5KqlmxhRVBGHw==,OC378FGRlylcmv2nY5IgS/SCvkdh24aqbIbaHmnQ,1oOMDGXmAifwEQJnhKVHnoBufZP62Lw7m6dG6PIpkaM=,zaRrL9x7vdTV+CNjVJXdP72N92w+5AsiJ5USn2jFS4w=,MYny+iWW+BUrgPfBakS5kdr9PsHdfRspiNIW07eB
Zcbv0xVjeOhEyjlxGSEgUxrlPB/PULoVWTCaFtqxfVIeMw==,OGWRGNOT8WzhyDQhrnf+n0VwqKZlVRXitofqOXJxYY9htTkIHg==,cWjX83VYRcu4Js+YVj6SQm2Dc+TmqmkD/vBVP1E+yHYn2Kc2+k5A2vbqj5Wgf+0=,TF8pT9Nydc420lCR8ZgVR9hHMD7mSyyyneCN0GrYuCk=,ptVX3rTMoPHfHutRHc6hYOv3UmeP/xgTDW17M4lubQ==,TVz5vTmhK0OIH6V45jEJQcMzebmblfVHE9KVjO9p,Nww5HubVpjqriXxPslR31PR3UC7bTQ6pX3LDFk+fxz8=,AQREpkihXBoXGim2zfqregYU36oN6U6E7yLvDEuZHFI=,KycsHHr0wIzGdGUTjppBIfMQoIcO24IVoDlcuhNN
zgIGEqWf2g2ctvQG2iBaVGvJt42lFazlDBlFoqmoYGEa6g==,8tcddfEUK/ofTvrgCnis5cweifSumLQGZd/BXQsuKij80g2L4g==,c8L/tiJVkFbRRz2BqqLKDeEj+woTtgnMg68KO0swTYu8WHKeBXykcuB7zIoD7Ss=,Z2h7OH25uBB653dS19rNJWs+G4zLJnWvvWLqQ1ySjkM=,tRYYM5PoDOUEyCdzwvVZR8eUMJ7UxDEWk6WqhmD90g==,miWdn9iYcn0hbBXsNmGZLSjb3zqcmGDnupNQ5nmi,BdwalL5jHiMdafOj29dLZ4Pyape5hiI+YrTPlUsaVGY=,2bO8jfpiQDpcViadonBAJ2a6NdPKtYgpKzKuA6ZO7ak=,QTJKkxLqcSlnVX0jEz+ujA4RNCKCVbm4QLgf0HX8
EPjYVGkHy4dRwlQI/YD0/Kn1mMW24uoQwDOSPeRyWAt47A==,52+uwaSiQdx93CaC5weqUtKLcWqhGWZ79QVDpCvKe76FLA+/JA==,/oV4RY2tcZfMCwLtvB66H6mHu13gDuSI6d+41NA3XKMiYsHIR53yMDTQIGxHOAA=,UQZA2jzFO8D5GKs3SCN/xcQLG/rup7YzIjIpyklbnDQ=,KpChXIz/CcMf8MszGCxF75MxaWijAmlu1V0EPM2zFg==,ZRhPIDVv1uiTz1cf/G4zbhKTYqX7Mu993LTVIVjl,CHo+6zmLhnEOMgJ3KCh7+5KUIlVmR/1SND/a4eTbhfY=,AV3Gjq6q0ttItEwYNyqlixtZRpCZDOYSHU6/GyNZM+E=,4vIdWrGiVRlocCzXCNKWyGaumU//fZ6Y5EKhdrIt
Ps8jV1oUpXUxpt1XqXLD5rDLlJljZw5B1LGjoT9io51a0A==,kETPbCq27RduDdvsR2+fRgyh+DPDsJUomunFiOnt15lWt/wQig==,el3S0MSQjdeBh0UdHhys6tGPmodZLKrIG8uCeQElnw5cv4a0VHQ8o9BS1pcnKOw=,xbc9ElFKiW04Dv6+xenXQtFbLzKJCXPI1UhuV3SAW0Y=,2pltuE0MiOGX8zTax9uCFPN3vX6VTXHqtE7D8ZaXPA==,CG3SQ1p1X3ydqwN2+bYM8fBeKH1xZLRqeQ7G83ba,ovUqzCxo9curQKKKn3NiFj2mT6eyphWshtX4cIj83yM=,xrAhT9FK2J9ptj1/ogtb+eerJ/W5t7IJjA1dRfGchDY=,BrGgJlGfnHg1OWpJwypTbO/MKbndGlpVLvb4obT2
GwxofVpS/qdikRVwgebe6UiAXRpu4F7K5J/5DMsRu0Mzvg==,XeX6CGjlnnlU3hX1zTpmOolXmj3fU8l3BaQLAqilWIHaOvQUVQ==,55SM3d347rT+DPxSzch4LyRrYtA0LfQUlkDVUtycePjtDd5tH1Q+UqHcm+EdZzc=,fjIJ93N07tsBrcq06qx/A6UubzZ8Ba7Yz64RSBeh/5Y=,d5GOZ7OGCkIkcoG0cNCM1aQNFf9cNjTjSiVSMAwNpg==,S0FjSoOV8u8ZUnkgVk4U2vfYvi83oG6Hd/aojo11,l4pST6ha2nU9DCF+Ta7ZXGH8eoiE+5wcv1wjUyp6F9I=,t+a4G42WtPob3RRzhWBdEycgm7lppXeNDyEdaDX08QQ=,PsQbhQlrIbLRNpWONSKddYOqIh+s8UTAbNxac0ST
IlQ9Hs+v8wmXwz0m/s4Z9nl8NkplQNAzH72oI/jfYt0Hfg==,VsiYqipNDuM8dnAK+bqkQgVba3wL6PGOJRjY3ZrAjBLRBq06Nw==,AmW3afIGTlWeyqVUiD/fypEo6On3OhkXv4Yhimm3xuml82zQJxkwr658sEADs6E=,P4Um8b2ptFLDF1L695JUEK7ah2DsuGLZW8s/PRBtDfs=,8k7EEMkSTO72zUQaGK9B222qeZTyb8MC8j8NHaGFDQ==,LBHG6Z23P07VrLQzFJFrZ9oNM6nZYe96Q24jVbkh,YKZ0n6Jq1fbKl5jwUdDL7j2rY3rrUlDKbgaDDGvdzHM=,iV0t8PgetCTjssCwwiPueIlCytH9QTeNkLFVxrVU7TE=,mx035GgjoKqjj00C8TOa4VWnn953bDDESCniSozo
iJMA/N3cZKlOEucOBehnp/dCy+h6aU4jzXShcEfDCZa4ag==,SLpC+tvoovYRo5WNTZWcOIfBP5tyvFPNSJCs+yAaZjrYXgNZ8A==,b8shsW7pK37SULkPyAJZ0E6k30Ip6ASDjNn3r4nfNbJCRuIMMZAmoKnATjOUWis=,Y+GCMWmD4zvRG1DfAVr41XribGZTd2Vq2xh5dkYMMfM=,xDhoUMbMaE1OIY8r8pVtGszomPUqekrRDZg0Mc/w4g==,i8fgOzjypceDjmOGqyqoR80+Xg83DQx+89jPPaAI,pTzOVzJBIgLENOrT2R9PlDq2PIVaF0VyUDKgv1UZadI=,92Bo+S+mn33ExaKrhzdXB9vvs8YCqXG82r233TZZTZY=,Hhk79YZtJjW+0VLqvhdFY5D6utQw6m/CJ8UNDH/V
/ERE0a5Dha0q/gMahogU3tEc5EiRhtI5SB+WKO1kTGll5A==,SN33KUPdkgthPZM/uBUxyaZDBiuRgThQl4KrqFcBYg5rlC9ifg==,qtIgabdFAh6+0gigKyMfleQcfkoUc0SImT7HvvB08OYt5z/noNUHNtOzAtPUJ7E=,QnPyZcHL3xILOu0Y/Y2dr/ZwaicDOJBTVq6gMbOsx1o=,pMrxsx0P1ydcBU/+kdI+nt4Bhi/QtJxF/2pUISR6xA==,0N0MZhli+cPCYF8GlnOo+/8ioOefyaROQ2tC4zLK,JtUD+H4YGyTumRo8qjD1nHaKc8FcHk7bT8mudNAvENk=,Dme3+RohkvWFhQy8CI8iDfgMiSB1pwAmPeB6TX1IRgI=,PnUv+3EiHBXZP15gYzXCb9h3EXDkay/CYQr+HWZN
fjRibK2wynz9h6D3uZCNPGmjqd2Mzeu5ZYmLm4q8A9lA8w==,r9jnXyiAxLrtS6jic2IrdOf3RVNlTP1uV24wfEafEcw6PM9KeQ==,sde0jZxFk3X9O8HPPeW/6gF75NpBZpS/qZm4Pqj8vT2QQs/AzCOkVFnXoCgzPrw=,NRfKTJ1gAG/JYRU09J+bjQ0s/AS/tVx1YokPrnDSJGI=,l0CyTcLIqSnWx2GwxE2YglH4lYKj0U7+YSa2QP9jDQ==,rO6zDixl2fdEmwgzdczcogrti/PEbdBD9N0jwMvk,QSfyJmwVhXhrauGj2zRkXO4vEEe+tN5RCaiMk7P+opQ=,yVTmBSBrfWIeHMH5dW07yvKJ7hZrFqBNJJ7cEfEQxoE=,IvT5U5WDHwNf5WCqQT0UPUckFl+SFeiuRgaVjSKd
ftKEOOOsJd5KOydan56TnqlQfzKda5ajj5TUXUXGi9zIOA==,TJHIMwBI08Zjmv9akResBWYZORWqHwPbic727PmiKIseBhk0Ug==,p53O0aFsJh97FeQUZ+12Mh1lZTb6x/BOe2PhlBvFghM/LVj8s/O2ubWNHsJU5Hs=,qm7jWpof6bE2D1qiMoiFWJes46X1Lwq7REIn/Cbef+I=,q61ETSZK1miofX+3IZhoiJhVllrQgY0LGAdqabRYVQ==,T0wja5A8LJXqe9cJq+AbgZvU0lGmG07ssjD2JiWJ,uMCVIW40XMgfxd1R2lZyiWhYjemqazxqusucxCze2eo=,V/yu2WzQU4OIGL7YEZsrimKazPa9iaSz0HWOZrkA3BQ=,XzFsaswmXXO2UTxT1kkVTtIvhJKa/qYWIwMXGI27
zLgI0uOA1AnNd+clt/sB3S2q3QJ1/UkDURM797Eaes754w==,/WjoK8owrdL4aBPx1z/OHcjgergYsQXrhG/EBu6nOPe8NgRSsw==,oHlyesaHOV5uOC/6hGpjrUL0/WX7Vhiq5+eLcZuA/Ikdhuuz4OFkssalt3sD9I0=,zI3M3TVqSMeASbrq15B49oNv8DZojODfwfqCbFgOt3Y=,CLL1eluuONZcQXpQ3xusNGAmCMMeWEE8gGaHZSzwXg==,iLiDJorzs/HVGAlWZUev6USSjkLwrq8POjovpDPH,eGC33UgxEcdy+Q/J79dk3Ic+VwCSALOQeUxx4G2lvUk=,Niwb3/kmdJoJXEQ4M1ZlD+CHZzXl+YjbtxCDi8KenI4=,iYQRNo3SMEC4DFClaXIJc2KwJq4tudN8RZ0upyPd
XxJ+0z7umg6KeVN7izaIdbJ+a8RwQxMyDa9Ma204WZydDw==,+4V03eT2FPEBiYgzCzfx769ciLwabcBS4o0g9FtQiHw9nCR0jw==,IM8CGkw2QB4EbDTmjVp4SbjTHmatvN2Ajj+pcHCxCXaB5q+nzNfYwBRstF3Yr3c=,XPL8ktUeEq7rAnsg3WE+538VmHwyMBUtMPYOS7mbwL8=,KGRbybhqp4eAuWB83RiHUUOpp6IfEYx5pFkz9ma/ew==,FLsgVivc2F20JqsW7GQYohxIqOKIF5skKcexduaN,PWtfb1TcVhtXwpuHXfRZykAa6QiPt73rMffXAMuikAg=,g5rjA9kYrfjMf3HkZAtww/yY+zFPFW/yRoZhNqqtp7g=,eQWybUeZZ1vQlGwiOXyBtZa/gjUOAxG//DgubvW8
b2VUH3bn/K/ZOBM+hG9hbUSLffhh57ZITlcOwVi4op1ybQ==,INiHiY/P2Z3MKhUQrYGHxJk/Y0ugrM/Fg4iYC2wOyLcdfDp78Q==,UinTFWq3BTy/XnG+Q3d5mziOu/8y2HO1KmJPAQGPgnBP6wARfg07UPVzEsD2p8E=,bnToNO1LLJgnLwziKdCPjL9cd/Ynv4REkc/EZ+4V5eg=,myGNbvZQOVFztWYew6IoO1sk/hEjg4L91LegISXhbg==,6jVg4vRkOTJ7LxMfeLP2AuroapN7ID2WDey/s9ah,4L5lxETUhhbOGsHPxrJsl/32odZquBfnNmYrU5h7L6A=,H8tYWyipmKezVEbP2FPaCmClkWVfo91+Jq4tNdsO6NE=,LcQ8uK4C/CDe5ji9j4J5wJAzO2ij4UcZk79tbNRI
tejjuPCh8HHiIeoe8xapJ5xkXb5giAcJeVJcNQu4/WToGQ==,qFJNkPJkqVlj2wPIL5sAcm++ENQ0nC7HxsQeKUbTIHDZxJP3vA==,uxTrke+kayuoE3/ps0L1kQWxmWsr1h/S1qU3htxNgtZ9BU3jQiKGFvByGjFMToE=,sFPwbz1oUOclmpIezWHZdx2InDW9ySWQJffxLM1t/A4=,RiEVjiiMwo1iTL0W7D401YhSpWm1xlGM29PUrBhefA==,c6sq0pQPtU0veWjQjHNVChelBCJdiXhREwDpU3Mm,7IfEOd5nipBLVllIgJTEqetGFzBk8KXguVXJdvsV/xU=,7bC08cBqcra1ZD7mQJwgXLqYPZXmgTLjOO17jriLPZ0=,6sxLhYgOKY0FCqzoJGARjzxe95xnU2XHIy2XeYRA
A9Hvr5dNlIDE7oE7fPQJRquDV9V3/+4W+9XBBSGuqIhA1A==,JVj+lSaDH7zQwDgaQqWgLMRd6t5B/HTUtxa8tE4/Ast8DyFeCQ==,n5Oe2Glh1/w9xwAQKiArJSJOdahZBGnJgyTDKPN2YGd/lvFAiVCRDXzll+rvLzc=,5/3FBLj6NtRrVMG8bvBsZTAESzPdxB4vZQzHymm5Xwg=,ed/SETrDaOIwWi30VOkOh0eyrBkWRFTmo2/fnbcBHQ==,D3Z9sPMVIX3wvry/u5R0i0N74jRN32oeKqvWm54v,BNsy3n2Hw1f1yN/zKb7YxfP/iq2TjcN5au7SJLSupOY=,VRVXcioRIE9DOnJAFhmBHGPPdwm8nIeqRzsovsawzP0=,Yst+PJqfQST2hAtKibQ3a5dqDJQ2CUyWn1xj2qal
1RbOFqh9wDhscRHxAVgPZZ1lO7NU4x48WoSLNjt6Nqtyxw==,uOOoMzvlkutWwsQmCqGdlSsuR1TTwPjyAFb7hicc0RvyAfkTlw==,ax0wM6Ej0hhccEWMZWe3Nis13dkHfXqC3HrlYrbhiHhdL0U0R9Rz0dUqcWzAkwg=,bmFy+k8Eb8aGRDXPSEI2PSK/nbnfcuSoj6whZMbKYgc=,OG0SCR5E6pbpqavrvwbGftsXMPLmP9yAH8kh2OLcPw==,eR1qXUmYyU+y2VrhYdMwTh5Fm60VrPLntEvrawh7,K3Y+Akpbwvbz8kWgyb0+uE3yfB3JNHn9+CU12aUf+9I/,FKAzFAsagjzN5gXpHS3IK3tQerHrB2t9/5l9hnBgOxU=,dfPZYTz16N54lkbN9ttQsecU0r/FwPTgkQq2hwnh
C8eZSPj6z+lhmy96YUwbdw+GVQC+unS3NYtUk9OjQ6U1Sg==,Ui8eimx8J4Hd3XS/mlb9i8HcUlJsR547U0xc80znNMPYVES4ZQ==,q7+nYtIH7YYcgpLBswGvxb8gvizVrcmlyMOp0SYnYCkkJKzES7iW6d1YbrOumYo=,qdIPfs0eQDXM0lDJU5CZAXSVeHQNZZs5Pmx705uCcH8=,EdrL64GedNUkq0PZCOHtFsuE3MuvRPFUP06HjwGfJA==,PF/k1daHqzeeqrlov15XNtQHGbTzr6mxsSIA3uMz,KwQJCkRpYpzYVbAIHisIecLxtTqzwECB4Lq8EHnTx+0=,CpfpXKYTubpuqYvEl2/FZvjbLd4oQ9hoDj4HPs0O2XI=,cg7pywhW3pxPR23DXP+FzJ+dcSuTVO+93RAD4m+J
3yUvZn8oQDu5SHOT0Qv53Hpt9RgQwd7ABMrzdEaWMt2bSg==,YDLxNLvqW5DYBg+v9ScXwbkOIevuQjrkecwVT4AjIzzENw1UgQ==,KdVM5a27gSM/2bvJQa0mh8WZp6j5K6WLYufOohykH5t6C+JFUpVrZVasBZLUPak=,7X82eQ3bienUQZqo8yvlxp0xLo1D8unm9xVkrgzxUGI=,VP1AdklkNES5sxiuv7at+3H1Ymr9F5dGuVhoBvmi3A==,OA3fVQvuttxMR80aJtdcwOZsVu24x0ydmf7UT1iC,WhZjsyRQVrJdGiYeXHM/Fu8MT2r3sYDAoItmG7PvwWk=,NCdi6GYybZ1DIwpDXpOk6IH6u+771MJJSWPArORJgYQ=,tVRc0Hb1z6lQgrQENKUKGxF9Ifvaj7cAXFTZJXIy
RZ7oqYXS7xyWyj+PZSVYJrYZ+JiVC+ERZxqUlCtko8ND9w==,DREKLQ/W0KhWGngZaezaC13d3NRNDHsmNOQ7beqPMSK0eQt55Q==,MKP7l4c2aaOJWtXYPcdb3rAS4aj2w2uwWVjS1Zp8dUtnY7/l0oLCmwVqITClzqQ=,0vOkYhJ32WMe9WWSjrwWnaxQUBUTe3iFX5TKgBAQxAo=,lzwUQJtx0/xhyaNLDW9fCV+/UdgxsMXHkyIFICizyw==,xyk12xFUhzQSls7WplZ+dKc30Bu1yz0VAqJ7f2tC,TohwxAtEPsIMAw1rOepupWR0wHKAmTGfq7tdd7/MyVE=,4PNxka2Eb7QPKKj8ODRsUPcrIsTOMdRB6W7P5k3tVP0=,ym3cBLv72BlE5TP/gAMbEb/05w2Hg+vqp2Tklqfu
I/eYQuMCcf1u/XRD/xnVP0k2l6UI0Z+5BHbnbhWX8erjkg==,LNxwP7LTurCgqPY2gMcK8rD6n9vUfTwohFWLDj2KB5XNW0tC5g==,DS0V2IuIpO+eZICatL/wHmAVgQyzAXvVRPedQkCOUXLw3L7sgL5MaJuhUSIQnuY=,k7Js2I4EgBmLzwjlN8+d37jVe3CQCTwcJw+rgA2ZDfI=,O1D26rw+JX9ny87yQwskPDJaWQ5N4xOU32O5IUj9aA==,rtYn1EPgPvZ4UzwM3a79d4ZnAxmulVwBzN2DH3mV,LFSFFKKuvWQELVFMPYabuy3qJosgn0jg75RioQF8PNY=,JbvXgSpj3bgEXv0Cx7hTB7XXzt64Lv3fArXUOSsCtzY=,v3S+c3fHFH4k+qdEzcjfXs9e1Tg0qJerFKwG2ypQ
PYiMUTOUVKlrtLGhHP/FlI2uGCFqdDoMuhNykV6hd0SbMA==,RgjG+P28vbsshBe/SiHlX0ErDt21GTGh/2WNU2VukhXnjYvdtw==,OnTZ520L5O7Wx9JsHGCblkY/3WMH4S4SGVfA1VcRovBHWshPcf9K/UjLaO8o4rE=,uB8X05nGSO8CNGHxKJjvCMD72Io+HIHokujk+9lkWyk=,NXRNvvUrxoZAuUJz8MZRuQ0MDcLAodcUZnDxuR14nw==,VFnGkSpVpQolSCDyGi85rMsIaYoSSRy8dNkGYwcB,uMFSzzOmdr7RjPnHE9ZSFgGE0QJsPun36mEUN2Gd0sA=,LAO+22FmgumDCwaVHhuRW545XnvaaYrnG/NgkfoGltM=,Xot/EZC3NDPVAWkbqfpWCv66/Oy8FWbg/MqFgQ6o
dVmq8gznOvJoCmHCRpGm9nMFhpcUIt0vgQxVW52ZHYoKmw==,LYGxgDGpO4QOepLL9Q7LbWB8D0id21eS9e5dNDsPtVNTFLg4gA==,g1vg5UxiQ5ysOWMBRRrgn8y76n0nrl3NSr415xTzp17nRiMOLx/RUHYN5MbFlME=,X+/zhtqtCa9hm6XpRCD6Bev6Rxzvq83X2Woo19Guf6I=,0wyGdE4DUTdMRiHHhTE5H1ZHUvkGiN07ocJhsFy2jQ==,fUE8wGbp2PbdWbERsP838yjWv0ABZvCGg+iDs1ND,fdFteo8DM7Nq926N+rWTbgRJMk3plnWwRpsnhRBR1JQ=,FYswI0HcEKCBWxkA0IxzU7oLYLAK/17S+C6MejIZW3o=,M3dwNdZx/bZd+bbaw5L7QyvfxKvS1MszENEqk0Wu
5nBTWXItIwpL5/0IxdVCneuIT4ahtPyHG//ZU8UCezU7zA==,wQKBjFE/OtI7gmXyjgQh8QONSUEjhpjnwIDB7T6jsLXigfDz+w==,h0KycqftUUAPdYb6z4CfdoDTebdHCiQom5SseTNigDVU6BEEtDI5mpG9nCRLcMU=,4Fh697QJ11/qsfxNvbsJzA3T4KJGmfLQcGw4PAjZPfQ=,SqwsLycBoFixBuWm1mz3NNHDD1Od+kmq8P+AD0m2Ww==,J8G2PD+CcqY63A3G6/58MWybIXsHadGnmov1vXV7,tM3J+qg9ZjH7q3ODUT7KUWZ3Vud8gvcgYIDYWOv3XQc=,KkFPXzsitAyX82jjms58ZTLwWtd5n02ZGB3rJZq1lf4=,ysIntWRIyx9iMb3792c3szop9okPPFOLy8Rjp1nE
jmT9H2AgVW4nDfEs8ztv22to46MYQoWoJlo9fpSGLXcbhg==,B/b1cCqOaH6enorFOr34EMZUytS6jLdJd/j7sVZjdl03wBMmRA==,b1wb7///cQLLr025+jpcyGYALrecG0DXwm59UfGWDWdPQBiO1/CLoprSyABPVJ4=,11JrCQ4kj5ZOIp7nVdq8Nvgp7A9i94INw1IZ5UfgLQ0=,kYIGkuzX5jW053Yv7om3kLsYHfuo1my7rekZU3hU2A==,+l5+wm7PZBEt5NVPML3TtYuI71p+ooNKJ1QGFOnu,Q9TZ60UIiOZfD9ahQLkBom59Lm/JZCX2oKtXge2PaBg=,ZH+Dn7S0W53TcoeHqg4db4wOtFN0IfPsr7kYLtwj8bc=,WW2qpXfl+3v/ICgYLNf8tjOtgAhZZtojw/7L2KJ9
5Noy2zncgeK2E8L9vboJ75gr7YWrexiwZA/IhXobCVZttQ==,BdphYKsfYVqJZT28SuIkHHfcIZlZRQPJ2rCtTq+LvOFgk/b9cQ==,903f4JlM5Uzu759nhgCLa19J/W3InfVWJHoV/0S8ydKdK5jpEq9ix2MVsPoJfLg=,Yu/EBHQrRA1xny83dvnoP5HcjjG1Cs9PpMixjP1Zo1o=,nB4WRtlrnY6VX4c57o3X7GCM4k+FDo5LVKHacece8Q==,lOtB0UGvUIQAOauCDXb/Vxs2NA4eSGM0hqRdcY0j,EhJelha1Iw7La8vCOsTXYA8ktLwKpUrUR+mk2GuBDmk=,BtePFTB+PBCZ7PLSQ628IAt1cpfE7qaMvM/aV3GjFuk=,VqrAWJitYfk4AykinbhMx94/bLbP9aSbOoNfMR5R
xcZgSqHua9K7F1jgx1j54ozFu6LI/2of57RAUPvH2Yhp8w==,jn3kxUCp1oGtdHPSbOmh+chhFGgvufzKkSkapwOugeb8Mqd1cw==,tI775M6ZWrP1u8pQUe4souuZjqu2PK28i34frtzF/faEhbuMYApz5JTpZ1VwpS0=,MNpCbGIRMStcHUPq2Km03nYWH0YDRfMhBDSa6ahgPSg=,Ac5hIW/rn7v4DKNvMonnFn43uHJbyY7PNURcXp8GBA==,VUzVtWhyT+7QWWJqU8c+PVhAZ0wbLCb6tneB6aAw,hwMnNgvzjZ+AJJdCNtrhpiucNgUfR35S6bdprumEhOs=,n0chO1/+NJeNHp2yiTFwUjRzREREwGFMoOsehFrA9zg=,sprByMSbwt6UNs+ZVXlduZ5alV4ptb8LxfDloU+N
aVyCr1q12zv+nChNqlFYpNf0BOwgThhfegpX+BWmlrTycg==,GFAryRT6MSyw2mfllIwaj+zYLKaL01j0ErgB2AdI7Xe0e0PTVA==,mKKsmi8YzI/2pJpRRTzzkR3JCGYlN53MJOti4makHEEshpqak9wrNNR5tXEn384=,HAgP0hmj6hNw8pSeIR90b3M5HtGqpAPuEN7mirVbV+M=,yyUnbVZXn6E1LJAR1g5IDlFhyF3puyXGMXrheBZqCQ==,70Rgn3HA3UdZKw9LZ4SrSJCqaMFeRzusCdDqkn5N,yTAXUKMf/ivPHGXhuCgFydXkC53v2IxU1R8PyE3pm5A=,jR9PLN9hGvyStmRl4HyxpC/xyy+XC6NU0OcwXvl22YU=,q1hQ0qsbww7YXjzJt3c3kKjBpN27ZCIcRRZxTBLU
uHXUan2zUyp6CMztvq5hmfTnjECFOnQ1aFGu81DhI8EjPw==,CacBrfwHRylmixhAPJ/qZ6MDXOuYn3P2o3xSglAuUl0G52I/Gg==,NvcyPf1wH8YUlJ2ZH+SQqCvkU9R+4xf97KX+rGK01N5v9OY5HGScrZZ3VgaGtKw=,cv607RTjhlL8QNweHYL/aHOCUuopfVthWLG8pi/QWsY=,fTHGkGPQxNvvFoL5T5LduIFy2IQIF24zg0/F+X/x3g==,mRK5jgUFWBT6WyCGp55HdmwGay5C083C9AkTEQrm,8tUVVaHrhpRcOvVolYZVbtNsrx7FHMONE8vfG7C1vm4=,7wuHXcSDmDQP/KsSGdmI/PIq8uHZXPdI/YNpxT3CiMI=,778KR9Y4jpS2tfMMjvOBixi2KK3NuWm1QCZUHCSc
j3wtivaE29IaR5QjmvDSHKhkzs/IzPTIX17K1oq6TqL+aA==,LUpvM1fe84V53/KqxghXi1M3T6YSu6CTmD+WSMQMtM454Gv2lA==,ttqDxK6mzpCRsH+k6Yvr79nHoFPPvIvsPxHCIIa1FZ8wms8SujZpkDU+j8Fm1Rk=,1RDxUfcp/UNDjbZTieomUhUWm/Ld693yRHr3Dt71flw=,Sij44H1UKWryrl/0VhYO9alxnPgnxpE+UqBsT1hcOQ==,PE54quLcI+QAvy1TTvvOq8FQMPRbR7gKr5FHW8yM,QwXjs+0/LYgW78ty2bU88ShNqCQ8mEJg1Ac4yyoxR+g=,ufX00Q3F/QX+PglcuN4uvytTBIb+W+g8GQraYukX7+o=,Fgl8pFewusj6124KzkD2tJAIfSMVaVYjuTugwIlf
Gr1m3KU1JiIeGgnpWOc7hTAo2Soj4Tz6afjVFuj4ERjDhA==,j5RM8con3RhIZwlX7iQ3PChK1S0NVrO2VdhjGuh9RZug8ej9Uw==,wZ0T+Ixfo4lmdyLzvusU01LEieGtw8XPLuHgofmLNx7KqWc+oWQalFuZTO8fhdQ=,YTisMPh8Btrzq8QaH5C+dLaG8uOfvy2EZgVeVi9NjJA=,tTeO7gmkdHenCAqQMPT7lgaMtkg3woo1lVo08/FAMQ==,o3DbpM+pM9Gw9kima953k9v/APB+qVlGeTA30gbp,GnzZQJYuPil9GRZix5Xn3Lko8mFkwtDpFenFbdhl8/s=,Rlx4ZSiZAhVABLyEl+a3D0kvY13jmh3U0uo5ZRtW/9g=,5RgsYHCmNWuMOomfty2MgPeH9aVqJM4DzfwiZhvJ
n+2onY+lRRzs1Khesl7cMOKQjdjK2JwTMOW6IoY3j4hiUg==,cYvhs7NPKQw6qgWnePa9raqs2cMQ2+k0JPOhpUu3X80v4MgRjA==,rL32lYvG32BElBl5MYONzA9Kot3GUR62KnrYrwxYAsbTzkczJ1PQF7irE/VKhiY=,MUE4evpZMar4lIZjSuNSRdbwP+8RXwDnmZlLriGhnCA=,pLfcv2gC2Yc+y/U41GON8afmC4djonzzC0QA+54SPA==,DPh2oo3etqeMuByYj7bTYcI2LPiRQ82RvOhfpnWU,o6xneFn7vUzsWieKgfUPnQ7kLQ77fzyjND315KZ3M6M=,7wBQRWh0iwbKmxpwAC63s7+A3q6DxyTvv5AtB1zjmtQ=,750GnFS4Zc8t3Gl2oEc2LBtpWKxnHuN0cql9dLkz
eLq88AteSLMA0PFda7hAN4yXrujtKumRKOX7E9zfyj2FUw==,FUpScK6eW1Vr51je/SjSfXffXxNfxtLr6RWeXalbJT3Xi1y5Rw==,0Fl7ek34KgWz0uoFXQtLTZQ7S3IBlrSZz5AtE6A5jwrax7gyNGuDCF4AeHfFiMI=,BKiVaqI/y9POBO9+4WrhUiqSmBanLCkS1kv8B9Spv/A=,goUBke40MRgVlZVsizWCsnl7qxvkUMDnUGLpS7IM6g==,sNSJWJayVkUufVVDF3GQFJwNrZ25l3bpSM900R/I,LABWwau/ktb7S4RZRwY1f2M5gcGO/Z6nKTyOKubIhqo=,wYlnKR6KWk27li0K4mNdhuk1nko9uA05k6pItQQzOOc=,6GP2dF44PqZ1qGwwtXmbq7H8q0u6GmrGzK+5R8/k
r6mWxog/gXKW5q+M4VyWSoYAsIUfHAHQ9vJF2b/tnEsnuw==,CLTMeRJLOayrjWnEIL92yTLPzZgN0wMvfhS5Q/o3YWDp10vbnA==,5dimoBCQ5KOfLf7tBeJHKJlpZCppWQ8BS/joEEU/N0StfrvUoXGqHO1DacvlbYY=,MwyIOHuXVzwBuWOii/giLaK5KbpdOZ58aXcHvPKzB2M=,r4bsSFzhX6fdhpPUAXlCIDSvOsupliYxOocjSOEpiA==,ebp2xZne+RGi9BRJ8biOh3vqo524UJKtLqx6bTJP,jGCHOZ2Rg1NqSJJwXrjRdvisJQdVtEznhk+MJ7UtpJw=,4Wdq8DEYsB6Itlu0aw/Z1L8t/6LatcS7CY6QunDWaSw=,AF7lep1nD/hg7B4YCgxscXtCiZkGnmG/OPvm1v5N
MyN4N61Ge1ev8fYVVtILx4aUT2IjnEaAxJmqK1BUK6WQiQ==,Psx/TcpfN86x5hodCXAkhrAjoGEkA8Okr2Bkj6oS8/9zgPfn6g==,8qJ6/pFU1tHcDssY56lM7njrlWu9I+LYRQ7m9Ku+lUapP/kk9BdnXCEBXiUe+Hc=,o5tJC69P+q9uSuIcY9nueRljRS4458ZI8sgDAMEIMNw=,vNYlkrgqgVSbnrrq3XyVF9FhdU45pBxqYVpsBnJ9Ng==,hwiUA/E6QsoJ3i2B3fUW3mNJYg9NK5wMI/TSnl1P,cvPokaARJbnxoOcb564+XWpFfmAtIY98ks3TchOLhTE=,ihTCHSgskPZzOasrWc2o/U4y5JpWObE596eHM49vtNE=,fm+ZJJbhQdmWqNBIoJyTHnsLJ82WTXXFgBl2rYEh
Ilrjx2pf9S+K739ufYmCiIN2bQio2FIDT4cye4Lu+l65QQ==,uMqhzsfzGvgMkBnHGLlscZqe3a85FBgIlci40m/ZO2LxpI7Tmw==,s7Ir5t47brBqt/vi1A2HB6DMyY0ub/J5vFi68SnuHP6JNlbj7IIYKukZr+oGjpE=,tIvLHh+u8VDeZ6PWswDGK9y0K7MWH60WQyPuVxmaoxc=,tMPAdkbjg/+X2N5i4sSarcG3/ymVw7lkbNRsJdsbqw==,jkuRLteHnlbxL1DS2bvHqrjTf+gQ25Xv7p4qETVt,FqbGiGLQnnMvOUcDNDbfx4U9LVBLIQfcp6KIn+sDwKc=,7qWY36Teh01rAhrxfWZ362zfJVQzWObfLR+PKTFfGp8=,LfCq8UpG2DE51p4jmYJ0XPUkxdv8Drn8QyWS6d8C
x2ooMzKX977GUdCK3MIp+zOXjq7/uC7NsFiEPX9dVnLwtQ==,LLI8P9o0HiWLd/AOZuENZzWUnXI68Pr0LvkAd4cpMjLgBst1uw==,u37DBRY5NtHfuHkkpNxTPUfiuRysMaWJoKZpf5n3zj2R9w1I7En6bVU2JwGR+f0=,vW383XUa3nN+ngkskCKriy6uKg8syZabJBMtYr3fGTk=,ucoosE2MH/M6yCpv0+2aTXRqIuAacoBCK/lKfAnjng==,/7Vs2aWAxsKjiC4UFtNndkhfap3eiwiSqkRxFu1W,j30+Qyy3dWnW0YorpAnerAPE2MnI38v7cyLfVrImqcU=,i2i0XENT14a04HwiPdS/91UZ24iG81sqy6IspJgrAko=,Bi8dG4zxCrgCcQGgY6APgIAgpZhzmlUgsB8nOb/6
FZWs/FdH8qdWXbD8g1g2KIogFdtAd7yAbxpVKkZM8RPeCQ==,xAy2kkoOPiQGDAfMTH0RLg2j5vNja+CVsRhUv5Xp9NAUi0S+dA==,Y1kVh4KAo9lGJdrqb/DN0IvjN48QmH6kl7krAA6UHWHMr8hOsunwVB95oMdNS2w=,R11U5SOhrgGOapjl2BzHZ4F3jJY6ND2farxMpe0l/oM=,VZiKUjFL6mS0t+hPxdElUD/nnSzN0rSoiMYKDD24Cw==,3RTILNg1kmzDo+Wmzj3h/0IOnCo8RqfdMn/B6+tw,6Ls1duaf6BGFEKj5hufk4/ExklYXMw6jDpKczrSwIQc=,OP4ZgvKd8k2GR4SWP/HLouOIqz7nDpX9RYUMiOu7Bro=,usxXhi9EZZvPg02/pAoAo389z642aDfPE8Tv6/05
XU6/JbhRo48PF06SgFCwphY7FP6yPHnpRHzkZAZwZV0woQ==,em9In+jnWseiWsVlpffrp5z+tW6kw2wUUc+I+iAeeEXwrx+hHw==,KaNGPWSqdAIb7LeC+J1xNhkjk+gIIxkxRVInsVYn7L1FGLKQ+M/4yZmsTDjrGR4=,kcOCsLI8Rzq22NXTgbWEIEjcgxSUVS0EPP3Ew+S4JBo=,YSvs5CdYXM1m/v2tMfMxCgncb2+Ya4wLAxX+gtN4Lg==,n6rtwuXpaw/n009A+7FvKDbecn339zGXUmtPR6xU,WQySV+YnmEGjSsUXexwHT2vKCXknm8xxQD+21zEx64c=,4jM/u2Rdso+tlAlD7Khz1j44R06LA5R5xo0SlwmdL8M=,YAJqsb1Wdprpf3y39OWhXIZVzGpB5VILvIkF4nrx
jkkJfdK0IxMEJAbLrVFu9hVWnNAf8WyYrVaF3FPjJ+E/Cg==,KpsrPJ1HpcQs8yX5B6ELC99qsfP3FEPSezofH5bU4uIb9ff2EQ==,91Cj4PCNwuHVldDTCT1LJiaV/sNlvXcfYVRUIeADnnkeB8Gj0NQYIXvq3GNWffg=,pb8DAVERxtOWLYJ2mxsgwYq8NhNmSNO/9BzBSslfZYU=,9UdL3d/LtqDYUwTuBlOhvdAIlzleic/eqrk4Dx7zLQ==,+vIoJgAXE8sIJJ4YIh2I1FLzENzs31mtyaCYvQA9,pLJiDN7AYCI+ZSWSbARUkhcEgCPfXLOXttitY+MXCbE=,RaNrPdrcDZw2E1HRYGS4As8HZU+SRdWTfuYEorTVne8=,RwHipFJ4PT+5K07oCQtFHM2hm+FWuDXzGGiBlCsC
f3vWQ1XroPEiLTEwAtAA06/TjxSCahtoVx6twxTIxy61iQ==,sBTi9ExvW9UnacdRA9EQA+uTS87Nt7aG6o5CCxYTMF9DLk5h2w==,bQbohZ5msOrf9HVh9CdIg6n8uMnJpW4LCWnsgueESdjeepicP8LYI6iuV/1zvsg=,v5TlO3lu/ESMWvabRvBqceiCRoIh6AK1SmJzHHH7s0Q=,CJFGJ+Vt70z6BTSoNDxgvqncGECU51nlO78T6aGTuA==,75ZhxHaFjIhevX8jTRJeydLRyjfxPO4VjEfgzeqI,Fm4N3UgZGPtG5HuArBwmZIn1I/Mg3LZ6JQB9S+xgFbY=,of6smjvAwlWKOF5pPjPltLt1dYb5E3+VFuBwM8CqE4M=,2RdHAjqCohi8xoxKzdtRug7baRnWTsA4VBg3XbUo
Cbq3m1iDvVYvKQyBEswvZaX+k3RZhgXgWTcND3d9uXF8qg==,S11k5YyNURqauDvncBWbS7WiD9daxZEooh5Ur7YvUX9JBE8z9Q==,G167Emop+GUZU6ZP4HD4FMVoE8Zankp9cOAnchN2Z8LIpAx9bnW7ohgzBQDsUrU=,/+3mM+y8sHGgejqZwvCn7e96sahVsCUpZ/lHnoe5sSk=,e51+MtJLUo2hebz0vMyCN/glndf8nlAmIWBjFB/U1A==,4VtxN0ZL6++owrObOOmxfZd46ay3t6x0H982JO9R,pvCyYaqxNygBfU3tY3qsLPor5mc4kh93FqcYHJ0iMuw=,QabbqGeOYOL72I7INes2Il5CbNFwoouDFaCUXuRiXLE=,HCjLT+ZkNrJSOv8WlzXCt17bmMkIZGrhnZWvQYr8
OE5jl+8S8gTPc/LbcBP2GZpduk2itDrMvIXs3mMmoRefIQ==,B0I54NkzgSr7JkTTllEEQ7AOFNZMjB+Vd0WGi7RX/oFLGDURHA==,vUk0lDavypvUx2s4kXqBNcLuBd6Zj/G7GksR7UWd3Inr7hIx4PbsXSp1OZ9iNBg=,QYRqDspnder8y8UKTVrglF/d2YwERwpzD55gA/UCH90=,38EDh0px0E1JTUDnC74/ozzI5sLcJKIHlAlc1BjrOw==,XLK654n1jc4GBjbKcEe/KCRtm0+iq+G/0iPQ3LE/,cNTmYL3X07ORYiTxF3AxpoSi5BsJVOmSkLlnMvS5FiI=,T6Gcp/YM9fJsePZ+ZsZQNR4G5MPOVQ/GaBi/Lsl10Ts=,pmQSDaSuXbC/6UZ5/x+eO9dpfDL5ttxXmJaqA/LR
WEpwrBL+sYp1OoJtS9M+krLyQBKHyM1XZP/1byLYY/a5GA==,p525b6FNfo0LV5ZvtjQNXU+Ea0d+bUw6h8kHHiUNEgtNbuWF+g==,NoiYnjaFUayurxYhOdFp6u3et93D0jPAf8cqoPclyg8jOu7ginUvqwLAu5zmEqw=,5G5KyaV14T2+VblwWq+DWL7HsjmFbuFCfaVNDyYaJDo=,cSJrbZWX4UWMPNwP2IUJhHP8avYyS7Dc+0dYpxVNaA==,8hWkvqXMiMphMR/bRbt59zILEu4agIZJWI76qEVX,aOuUOynZRHimLoRdWT4KR2IyGnoPo025QKHPW84FV0Q=,+qnomumO90mEnzKL8mBm+GbaTkJnOJF/iivEKcRVqsQ=,1cSyL5qtZH/Q4TihjXX7TLh1jTZW4xkPuAwVgvSo
tvG0Sw+8AI2paEzenrcOJn81arP0l2tJeqq4vgQLPP0LmA==,MUuCO3KTJFWRkBh1TnAdeIe2uxY3dIcJPsIXwjXUfTlVYugEcw==,hGyx/nq13wdD2H6P6kZqvkE0GFBs7uIPGTz9CzfCfe2rc9JE78tpnBgIH04KXIg=,2qnlfO8ftHcy/m9hEFJG/DQ5HR7ghI4qz2s54PAgC1E=,JEJNS1CRbXJVBmKj8xFEc6Fgx4OKsDShiEegS4Ov4A==,PpnlHpHtLNfo1h87MsBQsa+xIIHWDBguNzQ8VEUp,y7ybdku99GhEfyp7Mg/mDfPrn2PMYsbXmmrU4cBw5Jg=,2erfyJaLlrZNUwOdWAuRLXuAySCUeMBWX1XW1v9yRFM=,GKqx1PWfVtZ60yqYCWHpEg24QZ25YztikMGGgP5E
XHAimJaoPRreYb60bXCJy6s/+S6SZmX0Oom3i1Tq89mt/Q==,GSTzOfOF0fFrXKdITc49QRhs17UPYBi/+3/JldxiQsru0Z8aMQ==,x2zHJG3ZXyRpjWSF8V9vMOPV86X22bnaXpcQ+x+Xx8/TznxW3crSDLFI2bid0tQ=,rB4ZLAx28VHZKkp24oP9DDBHICxiFlU0ScA3Qq7r9NI=,NDhMz30MPOGbtYDlXdaVADiDQhceIytwkeVIZLta0w==,6p9f9nzRDEmngi3tn2f/qxpw9PT64srTp556UOjT,4EqkXhQmuGJCni3FkAsknkWKvGtRtD/yoqTomdHH+Qg=,2KoWfsIR5DTNl8RokgaKcgNGAjp8FNV1IZzUYXbVK94=,2zqwXe4QMO69H1pw4S8jY6b/PNrEFnnyuvhlYZCH
HiiFjSV8Eglu7Ai2U50qxp/Z6ZcQuWbwLktRM5Fr1Rsa0A==,WqXpwz7gjEUzjstq07KuujmqFZIaJwQ7regTiXndmNJq7rteew==,ntu8MxiDc1Zknd0tYQfFWHhtGDvCOf5fhdEeaZVe4q79tY9lPghNSeS/Xa1D//M=,9tWakIYG6i+haFjyoKzJIWYEjJT2iv6O58Zp6uCw69E=,Lo688O58k8gCAozAWoR+ADJJWUyYMXHfDzSc/GdUwQ==,32ITZACpOZAz6pggsHNIi8YZOrAK6+azr/5qQGZZ,3kRyUzS5pnp4mYaIS5ExxXyGO66pqfApHYzgfFWSjsM=,QbOcD3lvJa0NFvGrh6gzJ4hyne60yD9nq0wGLbavCCo=,NQOWaKyMa7tZEltlJCrG2tsow8tUK4U8ZvXwRBcc
dGdVTaNuczvQ/AUVVPTaXhnSh2RprHaSGa+2tZXEV5DaMA==,UhPeSSlkTfobdEO8/NbHcma5kYVW0rU2NAi3jqoc6wufsLFdaA==,3VWEQEDPQ33RC005UFYEvOtFXKGl7nznGUXsBB+8E599GPw3UYW9hH+cQFKRp3E=,Rb3m4y4fLNKYUkLfXvCz1bgu/9pgBpg7Vtif+v3L4Ro=,iB7METOS//OoY/Eb7Ab2dXNpJ+LqAdBHAySvIVjmCw==,B+BHgt3rSweDnF0WnYpV/avoye+QTd8bKOwsfkS8,U+QhGPwW65X2n48rM61RGZRR7+VSVDa8G/DVAm+l178=,scszKh10i9OKPsXXjKejV7uvLQoHiM6rcCSZ4caxg+w=,VDXsDTnEyvKweJxMlKogevAcaqiOZg9qCZXHsISh
3FIt/2i0lruPdX6r6ZiRRKDgrR2HHHl59ISxUwTLSZFAqg==,NRlk3WGhqcHt/RE/bttoa6rl53fl2YzwcAfYtQL/KjfZnxcZMA==,GXEmxGLs1M2hb8Z8JXW1zkShgaCWHvXjWm6Jyq39N3whiWQhSbxZSTRO2feP6uQ=,ZtUwXZRaaBlTTD9ZI5mVOmlkbutO48IXHAAJDhCCC10=,+QwQXhnV5i3TmJj4EsF3Ocgl1WhGWgpvX3Dzz1HUGQ==,L1jdeU4HHSEhCCA3qmrnoTnSMbWcBu+QRIBw4ys6,2a8vpqOFUh8H7RWE41MhCwYCn0zSl53ADn6XJ7wwHec=,fwdcUeVdQ3GZvtHsIbck6nSQ7IEVLU7xBXbUIO1IqcE=,VpVlcyl6HXxH4DBjgZatUNluku8cUqoxUaret7jv
M0cAhAgw+u6i5khcRdICEecqQknPZsKwRJs/KxU+MfYDFQ==,aRLqEDC0nHgTjhhL5FvnDzKUqGtIpBCkhVP9uGef5+0CUyBltQ==,sfAyv7gBISwB2+BEhHdvwzSDER5ROPam5MGBEvrpiBDMxyeQ7yZqenRiDCIdOOs=,P6t8UL4AD8aAw80LFJsVpLypYQvwpvQT0jSDfIza1bg=,5k0raNOsHxwheBOW1F4/lp6O5dWzmyqMiUAbugiRPg==,pf2338ziu6ich9gUILDRnr68CcQAjYyFPyLX3cR7,2GBbEmJbIOjeADrRd8nZ9u23pH011ps/fatTjEN6oCc=,swrT7mS08tdhUQITaJBt5QJQgZFnZVUcOCHqtnGeEvU=,LJ7nU/cKfSDvbnsOZowljmskprYIYc+4J6LB19QQ
MfyNeK0j1gtbT/r044yD9zuspmUDD/klGCRcit11Ts25gg==,umHt0FQ7MPyqMLXMfcMiemmtOpqGKUbvDNgZYdo+Dj/VKXGLNw==,i+4LGrRXwgbGiWWJ3KPOqfwylXIRpojy47EqaaUfkB02J1dKRgZQFNnByzEiydA=,XbGsQdD2DespQmfxpf8hoWuMH4re8TUlpmUqnVD4XOs=,p+VZTr1BrokuNnvOUZ8pDl4ZqHKy6xMGgZSBm59Kug==,cn4fUQa56skydtz0x5Xu2UzFxbgQlJOXGXP/0a4L,ywsQkLr3v5c50BDlwTHXHaZuqOZ0GbI7XkF3V6eHH2U=,UIXN6HcCFXA/PKl925fHsJaMqPkCT2XQ2pfRkTuep+o=,We69383C+Qff1HxLhEUM/wJ5ciWVAmN/V/8Wf1tN
GJ1fg8On+iZGnLWWLgeyIoiI8UtyzF4p/R+mVI3zDSTj4w==,kRcVfyA12HxhBySVJMC+d8lcL2U7QK5IPTRhaMqPBhFm49lbNQ==,7n/6C5aSQFGFh2t5efc6j2utS382BguIYdNvYy4Fo8AVzcZgzqCJDCTkr5+l9Ac=,XnBTi9PVxj41tt5LXAyo9+e7huaoQxwSFqECtS5TRO8=,ZMeJXuY7VYQ0OdHeFwu9Iu58yS7o6eISf56xqV7lUg==,oIlyLZcLB5SFtLtJ5BVaE9ZZGb9ewfUlTVDphBn+,NN2NdBh3CAOSAnSC3TS+QHTGBReQ31B8hYvFBhLxjNY=,vl3BzRmKkVu18Kml2lwp0tAu+4PmjX0fBH3fyJ1neiY=,GAx+73icLE7vtcdR3mU/xrZoPSfoZiiC07l2Fi4e
E0rA0zQbdPAPYUvbjQhbyuz/rHBTKsEKk7wfBBqg2mRkOQ==,zkTySTdxXA2OBmj6pMLeoo8P9dsOZhInfbLKujX30UxSd81BXw==,ZBXEA0KClO4eGNGULZyXBMTh27zlYr7nPju5MKbAzBdlTRpzr11RJjdEMoDh+yI=,TsW4igXi1ZIcYti46M7jQIWlxP01Cagw3X4N/fnZMMs=,w+/6thTVKbnZnNk+2zcBIbaB6/CtXt9RVLji9iIREA==,aUaF0CYhOWVMTBnWIsxfs3NFWnU1S7oQb9MvlSGr,uYraA7m3LoQRahVo4VYaTQTs9Rj2zhCY6qzInaUTFJo=,jtW3TIB9Fjh94VAQFjDscfTO9sllFora2fYSHi+9XMI=,bq3uSSOPoon4FkfPzwuz2e8vjHYN9yEbvhpXNUt+
7+RcWBIIbrxfpAG/rcdDMfrFjQNMP6WIw5at6TJLukRPGg==,ikif15NMoeJy9ky5mrj/5PpK0ZdPmiO11Wk5WLCQY7x7VXjddQ==,hR1sS/lHaNT2pq+rzlK2qOWgnCNi04xNuL6+bMnVcLtYgf10Gbdg4mje1dI4/yI=,EGYjHtqFCKFSGZrSyBUoSKKkfbQDLcnHKHSL0zbHmKI=,VHJ2mxT3pBsIE/4Sd4cpcpo6h2k50JPysi2weJxX2Q==,XxYcfSpOgNdwbfm2dNhsxOfxtMit6fVYZJw9iRKD,3ZJsibi7wslQjdwuJ/i5H+ksJjFu0uVYsF30VwsE+C0=,vXCJzdNQubEO3WsDiyVvAraUPesH1MxOxfevM4fTv2E=,TsdrsA2RZ39fjMFicZSfvEe7e7TxNWUq6tilJmlf
Q0K7Z0PGa3ScXKjeQrIpSQta7oANmgPbdDAaW0Kv6EcfLw==,zQFxaWUbuJBtky/OzXufYeovGHnnPg7XuVP37qk3yZOG0+RC2A==,UqdJgHACUq2R8RQxC59YuTgQsBTb6V4FQUusc3E7aTBpA0RbXI1qCSDyOcFPHkg=,+qp3fK4N+zsJqQ5dxWzVtQoEZeNMdKA+JawxK0+JYBw=,S49jgz+hhDPeBX20UthLRSwnAkdsSEkyiEu+wcDqDA==,FVepQ3smGY/qoNELQEjrXDj4UqVYWPzqSkoSg8W6,TNpxI0XkMQHtJAXS+yTsadnfvycT7NjZVSYj/Pb5P6Y=,9JO14aIiO+b2Eh9ww7eAXXggMtrxENzMbEiYUXc3jhA=,qB9IoX7rMcsByaHdVQu6rXvbPM3HuC29EtIcmfEr
IaTV1aSV1AmRGQ3O3VqWzYTNPxBZanEWjhTat/PpH2z6VQ==,9wTWh+f0ligi2+63S45uhF2MNLku9ij897cFMr38d45vIZXQ7w==,b9uml3ZznBMuDVW3XWIEyWSlMWiJLF6GlQ09teGVwGpp6qokbwi9sREflusrwOU=,BO47viYDsUfLSQJf1V28J+GMD6sdUOqhWX/z8M5Vuuc=,sc16T+PBJJFmIAQ44mhbQ0K92DbPQciJUijOrMpVRw==,5ZYjkLzA483ka9wzSBpV+wMu8dpC/XxkZDOsWf1g,Fe/0kIL39Uz+oKKJaWy8byP73cTdJJ5m8alrSCwzMB8=,o1bDLrzzXUCWmAurGRcIIip9OyL+Z3pHmVB/sP51GYw=,j7UuFN7oy+s2KbUNUF/ku/GH+HiSXiBQToaiOdn3
FQAxWgc4pNyYxfMC1BdGLzbNosqBvVeqqTtu5RlEsdtSZQ==,Y4r71EWVjvA3GKtYy7DYX+nkZj5OhoL2SAg1TJjRcj7lkRIfmQ==,2jrukrFnCjh9jTMxeCqWXzGWGFe2IfRUgT6TqI5qEF88AxZwc7lnTf7LAw5lP5s=,PNN+ti+RDQ8WFxGKkBO+2IxyKK7baZJpHz+ZNrE3jbo=,GJUf0MAZxZGrkh8iwkDqndC9AAcNvocwlLJEkK7vmA==,tJzZF4fB0gSZrFor3oNQKfvQmTHK9DG2UZMxP0nG,Igr1PzcIYcVt4X+VP5RrMKU24jf+m0VaeMHM7aCPeMU=,SA7U7B7Reirshue1U6zvCutzF0SndycTDETXuUiN43o=,DDaBAnac2qQ4bXYJ08X/ZltDQ4tzx1BggQyXhlS9
eWSXwRoW8oUkNuG/jNPZo44OIIKUOueGWb2ZJlscNqdExQ==,SJwUQvvI9osI4Sgh/m2bHSXpa94aOXFQvByQj5NfSH+zTcuaxw==,Yxao8vnyLaeZATJPmu94OjtUMqNoKBBowWGBzC2v5aAditJLOwnWLqDZeUgpO+E=,QC1aynxTG8qTCwKOnEKecL3KWATQCSVTCEmcMHHxIJo=,8Cip5ugQNVUxo2qIVdgcyJ4RkFmXbSxn4PkV7dOwbg==,V771eyJTmvXoZmDNOtFuHeSNkMrqkRIkZcjLxQAp,7RCteHaPPx1xqOLCe7nXMMP86UvZ20DXivVBNd4TcGw=,zNfsrKHDE7EQd/+C4jRAkCVgVSkavqs1SWxSWCgQRmY=,IJy27J3gNU1rHfLlY/pYmq8h/uyp1Rr0cZ3p8hdV
6kxRSz6Zrwy+LwBM6/Lr8tFkXAMak6UnJVsrZaZMXJtJlg==,7ZQIu0xMkEF5FypSEL6JwaOzHjiejvsOeA5G/VNzyc0Eq3Btxg==,968Ti8KYtAmqe0U18rzIuqDD6Q7fdq99gAB1yM4HAW5bqI3FH+JE/J9rG4UDBhI=,bMGPaekpyd+3behzgItXL3eGT4t/GK8fBvMQe1YSzMo=,9gS8M+EWU5g5J6Z8iBwSzeP9ibGuvbC4FQSM7WvU9w==,UGDBYFY1wCrJnwSctLKSFxptMikbsZBGA2te9s0+,AuEsPwg/lwpSkWzOG3zTWqBoPFoBPLdWOTkXOzWWwWo=,xYVpiCAyfU1fEngSqtFvz20d41ft7Iki6/7y4ne00hE=,byf7ijqJjwGdfWMU4vA2GEL+ipBoh+gNJwD4KjxB
LxlR7meUgTDxVAVf7D8ehvQRP26yMcG6KabHU9gKtGx+cQ==,8xxPOUfIiaxeMydgmT+FZiwtUidFaRnbdNetqBO+Z3HGLtz/rA==,kX8VcKPxJyjAfpEoEvTYdiLYZ1VtWmCcwA/4RBR0U9OPFSkJEbE31x622/rmYNU=,a8OX6qJrAUO2GoXR4MTeJ1V4xXCLkivwboVxIzMWo5o=,bIDcUQr2z2rl669UH6cGYErZV9fy8hpi+qQHv4hqCQ==,aCaA/FnHxQ8XVaiqRMgzc7eMJr4UuNAXhp+Eexza,1qaQQEAit2HAt4rmXzfPCmDt0JRaoPMbTLjuhvSygAU=,J4pl6BEIo04u2wmjnod2uG+x8L3jCuHECKFhvtVBus8=,6VJmivQrOioVm9GxTSZbSK3YVue8DQ75puQYl420
PB6XGO8B6WJBQrxZWluGIodmO4Z17ERNnWfVwLZ11C3bkQ==,gWpibchd0KZOfUmstUuBEK7cxCIzyKBYFy7NvqnoF2t2zHL2YQ==,9D5e7D8j+/EW7FJXsePuJ//6qEC4nGSLXpZB1as83RdXZdyU0KcSSZccD5J31hA=,FAeaMpGrJGVmoDol4thqoQJl5osrYQ6d/Q3mC6DcNQo=,ibYXhTbeoH989U129oaHsXZBByXieN3vX6EbT7f91g==,R6Pwc3RTSfHBAHJs7ZPX2l5L1BGNy8LTL2CO3pub,eYotW629jT2SmBnhahByOkiVO8dfDN9u56sqH66g4wI=,LS12jdolLbirUbyxaseo58xwnphFVrwfU4nH9j74LhQ=,OtORjFc6M/1CLU5dSPpzH/5mBEWZgHPGVum31QEV
OI31nuJJ9u63PshqTMLLdlFcPA8OHroa//HYdMf4n7qrOw==,hRWYboXy5NyCyQ70OxZiPoEteGGwbZr1NOfjwmZ1FmNJexXkQA==,EJ5JKoLYBG5PFT6EVyl9bo81xWvz+uHN2uPNDvaSQ6SsNlAfFcdNuTF1qNART2Y=,RmNic/gjHPfdYA4gfFonejawicRJn3nqYIwnY9THzF8=,Y/33wlQn45Xdx6uHxhpcBtjI3xUN3hkqJyiB92lrvQ==,8aO6iSxxY++7UGNikgPX98cD4oaurp3mR32c3H81,9HtbzK7VqhibM2Q2uc4ODk02zcawsOSvhPKy5Ng3N7o=,EHoTKCo6KRXJvxoCujzxGyG6z6B50H7HvLcUb+MI3IM=,3KBW57yleJ4Bgez6NzROrgyR577e9/2+reiGSMlU
NLFmyoqnUcsV4kZakwid/1G9dLTNTUVJdbzS5kCL2Fr/+g==,OocvJdUjbt0hNCTi9Gq/jQ3cfVBqHN6yvGEN6Hvehs363pxlbg==,rAh78ct3Aumuic/Cjusyv/Q/HPDo0TR5tA+UQLXCIKg0AtXOGEVM8omnegvGvhM=,SE5vljf2GNCr5ThwRhSaffni9fJcaSJGPmDIhl6qsq4=,Qv5juHxL6zCi4AQnXv/Jxdvz05+TFuYYklB0whpWYA==,XFBP/cmo7CnZq1hZ1q9TZO5qmv7BI6fBIMsdJKlM,WndfGRYHK8XwMxtDfErigF6pq000e2y/XcDB6qghE3k=,J+OXmNytK6038Nmn6m5lf1r5KF+40fwVNKoISdBIYj8=,fRxUKLH4pw/d+H6DaxBSpRHBQs6xk4sCbtsLd9BO
fy0UCuZzt2Lh1b53kiYmp+MvQeWpxZqgGwf/U6IClzW/hA==,ZLn+Nub5xFcyQbiYQpbZe5rTfCOnToomCR62w3f3h5DHA3bC6Q==,scs4Vcz4guk4HPOfeLp7//a6mvBU0f15TO29q53VqO+iSnhdER1++GBOkCreIkA=,eRdi5dJjWHc4U2HzRKmoo8xI1jOZyw993aLrSaIgY/Q=,CrPVgeI/CpaJzvox3Mj7veZ8A7GXB2iouF+1EaZrKw==,LJokp8J4c36HUeAFVigRc2kIos8MjoRgbGySq7uE,rDqdYs5gOkD6JBFPJ0dPwlw3be3Caj51OYFNBLw1Mfk=,mIxxrTzUuP/bcQEVjYi1W5di5WrxwvucRGOyv8WvG50=,kP3qq0SUYvD00cKV/8O3x9rQXnVAUkl9eAIik+5W
wyphvxQIFLgYLSwXw0rmo9q7kuJutUZlYFitSjZ3sBtytw==,NQH1RoOnQBHGzfScW1Q7Oi24A+Sao+VKfnrIIOdL8a/tJ5ksbA==,SIMqC2nsf1dQRa+YmLHBub1TB9s6+0B/NKn/1dkinMohhWjjcO5rLmw4lQOdL18=,mBJnHlw7BI0f9U0adtkDPC0A9hrUUoQ0XgM1LCrYB6Y=,M9szFlr7tDCi6U32W+1Xuyur5jh+V9zU/Y0PI/a89w==,BevOE0Q8YmLdo6dKiV314riPI4maoebMvcBg8l8G,S2KRVUn/vV2G9eBSsCVqu2ysCwPTdSsqfOtCpfQjNMQ=,sqEAftOwrOTnTOVG5LB9aWMWZLbb9B9wljODnq3mZsQ=,TbdKMyQ7o8BVm87aCM5j/0Tp1A/i8Hp6Ud6PZ3sZ
KMehBibQnlpdUREXqbd6Rn8IZxgyRshzgCkJ4oTrWqAYOw==,2SbBoHEDZa+8qLnGj8yFVWMNZgChK15uydyEbPD2zcJJPVTj0A==,T+vBn/+Bie4qbhIm2OmF/esOYYfGS2+PFhqXvg37fWNT6NP5yj5a5JUYVKypuXw=,vFGW5bBqReHprLJLzlRiIypxhDMtKFu+qcqcZJgxGdo=,PFJMlXe0gozlu6odqF7gTt9J0yOzQWS69h5kt3n8Vg==,9kVZRq6HwnOGl4lLqw+UTlO4CSGp0OlIWV5yQPFL,hSir1ZQHPFF1ZymRgigKXgwq2XJWn7fe6pa+c5TihEM=,SXTcRFo7XyJjZjbJkTQjAYpd2I/qjjFyujfmlNWtnyw=,0oCPov150eImV2MU7qfi73EH+l96lGKX5JydNrjn
ghBhfW107qH2YYBi2dY+u9cFj33zSHsN8h0y+UsAZHysbg==,fUx8Be6Fdq7d4X3yWa44d5/vBFRhyTAIA2FLaG3RxHhMeRUFzQ==,GIOvSskl6P78x92pvSSItNuf1b6MNIkRiwMeKW++eVEbrbNKK34YIyDhbhUdrbU=,LyOUtY/FcODGpQWQFEDFk9a9je8j4RKe2I3YolHJxWM=,SvQY3fAQYMS9KqV1aFpC7xMhDaHFGzHzWhYxwvQbOQ==,MnJCRvoVOC/X/jig5K1p4YXCAqwv+IslvPq9Wn1/,OExmgHhytRr+5k/HShgz1TSu5XKcfufKK7r29Q89L1o=,r3sdW0QA8QXix3WG+W4laofbikDjSwz9uZMZiDjp28I=,vcPT/EzhBo0FULppdFXZsqAQkdlt6lGukQl3+Qme
yXyvYQfg8S90p5gmV37dd6CRIybP0/Pja1l//eESVJ6IQg==,j+q1RMYqeuZl+4a7UWJwT+s6Eax/xPRTzvOduMWoobetdwOFDA==,3oorc0MfJPsolCMwHTEidW4x6OekdbSsGP2Zg62PktT1I6/3D9GmwmN/o/xSIFk=,39UsJlAhrEJ3PsgV4tmeAMVaXAMqVHL7QTqU9Y1Hx5E=,DGih8DfAVLvJsirYBIARvb+0AeCiRj9ghzSmMiUn9A==,rAWxXzwTjChqm691fTQZNFiOyYYLT9Tka/4K3tdM,81hdDyNAH9jGCtveLdOMx/wlCkwbrB8Um55Dks2nHW8=,OWFzqFa6V/iSA0fIiKvYNF+cNxKTUCfLdPuDmiNCKZw=,++i+EQoD4kZB2VmIubTlUMnDoM93bpptKw8VuPaB
D74oNzOqLVVjyN9u4Ln8W+YqFwlAqtgvataib5TA1roRlA==,pk/GBTM+IspIoEgAi+eD+g/CpcPbOomp+FjDbukeuySN5FGqvQ==,Z8Ym7azgfr46GjXeScfd6DNItIiD4MLMNP+z4029LLFZoCjD9QJoqRQBXl+bNBc=,D2PwclG7uUclthfXEtr32tVZBu5fRnsk7FTHvXGba4w=,B7TOTTFNgKfY/6mORxmQt16S/mcS5vPP8Y2zO7N4pw==,STXmruW0lGH6dVbo+c/unNBsaUjY5M0OPVrj5PWW,lFTs1ZAJGxzuaxSDuuC9SBC0zSlIoM8njIcnZalTG6c=,QWnu2Kh2I7GvwMxCjg2hiRu6+h/sBwhJK3FclNdOb68=,ADm6rGwy7Mt5Fd0e6hgNdG2DCAIUVlgYr3BOrl28
ppU3m7rSTtFUi4snSYvFTpgqppPRwBI9/aFrTw7VqrT6GA==,17QToJwwsrgyY0EYDBV/zrXXeWPM35BONzX8N3RbrXulDIpXpw==,KWbtA9lkhmEB/eex8x9RGtYqQpkSt3uIk9GmAA8TE1IyMK4W3FJR70J5ynWIvPM=,nDIO4EEWAgTutYhTcfCwXDr/st8d8J0ff9JOWCko7vA=,BM0G0/Yk8+JD0281QqitZ0R/cNJUeGsA+CoySHhC8w==,GAe+RBYMcv7H0/uFp+qox8XEUP9IELIRc8zICoem,RNEeTJFVwaWlN4Ry9vkN4juITCd7MKwtj4aSDxntz8I=,wYt0kpapCX19I4Y99xcIgoYaNu/3n4Ker0ttvgTn7RM=,WirpruQDlcpVIf2EU+vqhtbsuIpCLokIQ7JwS2En
ZnPuiWd0mCsXmq4uJ5HpA4YyOeXngvEc6eLV0jIt2cxl3w==,zz7OtfALc1nRqYMSjM1nJJ0fnezO2Win+1HvMuK2f/HYBhS/RA==,XbBtezGuHhGQwMtUfjvGBJfq7fzccydng2G06IdXxNizn9ObYR+tKbYQedB3Vqw=,t+RN5571TkAgJTZ2JQlYGpTc6HgB/hQELXvt1qE5EEQ=,hJDWSF5BdIJlW+3k+GIjF3ucipOhzFW4gjVA9a+d8Q==,DVCFLwCnO3qa+VG0leIBhKKWNslaMVQ3X2qMhqew,6zotb2LoclMtVShhPTKmlwWVQXxe1D+Q2aeNoaTtT14=,e0wOZLtzbV1UrJsT1lL/eCwSl3kIuLbeBwC1UqaecLU=,Lat1PQnOMUVfcMWhAw3qORwbuyXyvp45Kug7eBUF
gFiCWnRI9Z8gd2wYyx0o2+t8unHdJEyMTOZJR5/gJAXQXA==,hGT86ZWZBhYcQP9G9axRqX5E/yFGIttyE0F+Ev8xIEzZrK4A0w==,n8U+NwRPaIcE22PfXHfP8tQ+CHkAMQlriFxHbwTlr3oAB/adgEGqSEduIBLh9IM=,5bRhBRqIdi5gH4rKVVb33W2FKSi0FWtc1tMi6Lq2q0w=,tHn7ugLgD6tagUs5IlYp8vaKH9rRg60uunjNThMRKQ==,lgfJbLGhHOXnf2lig3hqfZOsM0VueOAu/8t09ulo,l3nRm/BfzHzP6N+/smVVthwg9ioEe7/pNjwYfEIKJqQ=,/gVlQAODinaVbf2Yw2vZ7IzLakRJaJ0sjOtDDj1kxV4=,ako84Hm3lainnKmJsAzgwxju28ZNVJA9pMwz+imV
6c+rcaXnTFqrNrIcGrR7fmXdIp7dFIOz0ntfycX93iDQyA==,czZz7e59ARBZmrIVpVY6RFnaxyVoNR6HLHy7LcpFttVAR2FQZg==,90E7KlBww1yreMEQJXBR6MmggO3t/TI4xvP1Ng8UfiQIAMz7UqjCdbrAK4zPsIo=,eP2nzuIzMv29BX6ZQ4ukaqvMZjAET7uxKdRGmF1E8eE=,ocwGGbgXEWM0fVTt4EhrWQ02f0JQ49EZkQQTA2aK8Q==,EquSAI/OWWYJ07Kwj+vRCg6/2DoGXXyciLq8+OlX,QjDuVCMNqXsYQ4/AHmKSEi9fN1uWq6+HNav2/ZBXysA=,Y09sUCL6/sug40Tm1m/3pBoWVXJTDtRTPvyHKYByBqs=,pXBTyv7N08StS6XHT70x4TPpYuMfpgt5lNqeVuz4
ksx9/Jp7ErsgLamV6FxQwWPriKLL6JAfvhOsD0LZVzcrhQ==,Wlz1uvA59Ro89g/ev8s5PCQfS63EAWbEh3gC7WtxQKoPx5Hzeg==,XeWZ4hqqiouJjcyAoXorprKXUY6TJXA3R+Yjfx4RHpCI5P0wAETdYrcziKF2ZB4=,lYEUicuwayiK0AckuV56/bX+foaMyxprBp0c1VcUPa0=,OYLXpm4zTH0ZsJB34bB4npW+BKDxMKLoXNpByv3hOg==,nXydO/vMipP7caBh7IREYPNkUKpgelRvbvM9KGHd,icWF/0egDzMwvWCweY3Q37PbtAReyDB+x5M+Iyz+W8U=,CSBXEjk9ESwoLQBCKXjfm5KSxbD4zbJvLhfnhtOtzDk=,utw1/BU8e+g766rnuHSR3slzi5kZlHCtha4HF/qH
linzJQx1U2/AyetgrTBTTfcs5QlGS6eUKBJy8/4zRHi9+Q==,Yg+SgvtUTqOM9tINjrRFiMmQT1edj7pTE5JrKt8nLI3/thu5gQ==,iMe34M9bcKBF/t0LZfShfIpjk58GaL82R+lKm/NwPCmpKGuNVKhg/0q8XMRoB5c=,bR6NMLotpv2K4am86FWwkWG5NifR/UYje1sRiWwJi8g=,AB097mPf/U7xH8upl7GIbTn/JT4DMpy1wwXXb2WU5A==,lU9f9RY1Wnw6nVLf6+N0X7lgKpz0D3Zv8oJSUQ5n,UOEK0+J2yZOdO0InB9knOu/XR6wgsXrhntT2lsOa8gk=,GkRj62FgenKLblhwd2HjUz/N4A47zVE2NtCT+1MqM20=,p3yMvrtLuro1j1nSQ3R/nyXM5fdOeOvCE3pTwqlx
CuSBl+kqVFsc9V1M4WsMuXHxmbbeV7eKpF9hhRJRTwdtkA==,zKXnCGK4xQ4PD+WXE+nIlpi1n814rXt3FjP46UkWD5oVWZVtTQ==,6R6YUGtMQtdkv2XCuUEfLiioirrHcvNfeGheGc0dXiunY9S0oDLRmQEeIsXiDTY=,INL08nmRKft5JyK4Ms/fzQKBuH8W714XPU2Ugtbt5CA=,BS5eq+/71zNRAVF39sJ1ECqP1DrJZpBRluJho5ZKCQ==,eNluWCTefbEWmlWATgrXt5EU+acBekRpCycvcfdx,SpXG8ErsNgtiX+hf76mFsd9QDSMH/FLSW1VbZyiKMO4=,kfm873JcYB3OAQhcG965BEisxMoQe8/Tf29zEX1ZKMM=,3AtkmFJmuxpT69whndCV4aZcTgiksW5cNv4eC+qD
cUulWGDvS4KBczMXbG2WgHS3hrlamSDLks7XTPaSTSBaLQ==,lWhNm1mcRv3qeajuksr7HYNU1jPI/aKWUyUNA+QJUbeHhbf6Eg==,rsRrLge9S3peHx/bjqb0mMosr38rcRXgoFsk041hXNO9mJBAgDwCbA8rq4bSelE=,5XrYyQSyTWhrTk1kxoyPUp51xbOK1Br6qB4iE/oGq+8=,Iyc1UpyhKU66zvgB4XWgCy3HWlvkfjZSxiogzoMeKg==,8hBS1ZcmpGT+LyYzwsirOCkuEOoHDQHmZVGfDfKg,y3q4Gd1xefS62P/KsquIIVfihZP5vR0++UOqrGCecjo=,QbYhsqKhmgDItbKIbO5oWIL1uQ1oRpQ/022AfqgxxEU=,b9D5dO8jCDAfHK12cb5/uVGjC3yksM+QxzgXm0Lu
S60TFJue+7kNetmADnXR63oLnIILb2oxckfoQ2Tpg87ycg==,gIt205yzDatPr9qRM9OnY6WZsyJlcLLLa8YYJJbLXGMH9kDw6A==,HhCVZxMRJd5lfNeW55ZH0Nh0soJF2N8SstrCjCtGCBTr3nHjDLxaYQKpqLdMiCg=,cPc4xUSsbzVp2P2vHvtMzvklWftfe6niDHQ9krg1bWU=,0oxfNVYYEskLpB3zgyJBCP+fUg2vuVrg2Z6f1ts86w==,6YMDeEXtuVtpAvHj3NxuRJqAP6DpqJyKf7o4Clph,QbPQcsUF7C8uMbZullYwjLZYotMZqNmZn2JBFugrCkg=,z4kE2K8LzjbE9gt/O6K7LtO71j/hWFNN0eccCY+IblQ=,YGKDrlzD4FL19k44y5H1DgP2JeYADjnLVEMRpVgi
9VfiVOQnZFNxYSgdcjXxdtxSlxBJaPnExkV9qspuAn4Xuw==,PgdLCj+opU4dOJpEKHONYm7VTn6qWwCixamefMn/gHKODNshFA==,1Sum9Nvs5Nz8d8QKNWOq1QMGbjfu5RDMr4WrwoyMfkwICTXFDzclNgdYgbzhuuM=,N+s0dSU/lXoU49/SJ7/3wl+0iSVYQ5bZdRAHHK2iTd0=,ddMM8vhR2ssKvc+sT+BcvGS5Rh/f98JDXJXHRVPXyQ==,ZIF5wBxnfqLkjdGpN3QCCxEOUW1J5sBV3O9QNwHF,R4suFmRDbgqr/I3bQyhnWKaT1QKUkI8ZTPDo1b5V+No=,Y3XJQkmHiQ1Fi6xKjCe2fPwLRU/AB8u7PQ0Nqb/0oL8=,av2tdVTPICPvbN8aQlsCIeNPtRAya1ZZgAR0SD0E
gl16xlks6VzlCHsXCiy775ZGjBeudSVm8WDzKjGGibx6Bg==,41B4ZqDHs2YJioQELbFSdp6r+0ugHXrWVZpnez74IPzTwBh6Qg==,igUmoNr7tF+y88kznPuN1IOAmWxVC6+8P6lduE5EQWXy5Aw8ZZjqnAV8m6TgFE4=,3pSm39y/8He/NWdGvRx+2OEH0xy1Qvrhr79v+7Vkfl0=,bxlci39/DaAJ5tQcN7c5L2JfefWYxW/Tob8G/x315w==,ZmH3roWhkg/i9JzsgLqlzBXNqxDPuqGk3gD8ysE0,mHa5cOIo9jzChDn+xIYq74nKnA8DyibiG1aB+2gg83I=,ZGiB9Qvo1b0oEgg8GSNBNjkTNeOPX7XPBtQ4rwwPBJM=,+ZTTzzEYOXD07iSCKJ1AD/nkfC2bL1Zc3XyHKcHg
gT23qwl37DMyrT0kD03yCj3rzVuBTudo/09FmcYcUvo21Q==,rr8djACCQzb/UKqUIgU6GOqydJ38P4Zr25C1ItwEbSdaQQWgHw==,oOm8bxSnfsi9HhAkZ92ntQKw9hVt0MqfrqfPymSprvT+MopOOA1r5iTCRUGCa2Q=,QaobSUOvhm9S141nHmWsg6eck0JmMpFk2GbkCLamzew=,svqJ1NishP3SIrXZql86FHUWz2GEizPZA8OfVhi/dA==,0hzOatoazVbsw1SOlaKDHeSDIdMolZfulNmnvF4X,ITs37YR81uZza78o75qVWFaT1yz+wypqzdbyvF+d6is=,e1EPiJOxr5NHKb0Ex9P92NBawqrEl3em5vPXQHVbHaU=,QaS5mPY7dJBqGG73EAHSKpb5swhGFgP2MLqali6k
nEw09VxH0hm9xxz3Z5OubYdwwBKcmv0rUeZL4qaSYHu3vw==,oToxOVErJXzVm0FD8nRsk9s8fS8zaIGUYy2SBGBnSQUrLeYjcw==,0iNoPf8/g+GJMkcHat0JNG3ZxVNzUiTr+YIrsRJWGoTMEqv1CTPR9cbF5o0yqfs=,oBSqo1QdJRGcakMONFdz0Hn3pvndhy1/iXSCkNGWH7k=,gW089GgffRVoAkqjzYlRSMk0+3LdPfi5esI32P7GVw==,yIcp1cyxowQDDdujTrbszXy5iTQoBHu3namcGNOQ,xr1KxSCLlSue09cQJGfcjxNlYXriIwCc7Vp4KAcBCzM=,qaOG7tuagACR2Yva9WnbJNY0zmaLnv5FBjGwIGy10hg=,oQxmBgW02CKITihYZQ2dnBaiKJV4FURHtNXuVUdA
pX5svtyj4uasJrIB7Wtoz/6xHhrKYbxgmrHax1+WhNjheQ==,9AAf2HPw/HkOh3BxKM/eVN5CporsF4BHJ8atnbp7mID/KC3DRw==,7ktAc5Do2Yh7OhSypbadVfcR0OnSdKfYIL/YW+EiPDTDCKEyg8cxYC31icWBWxc=,FWR7YChcCZZ2NyqT4FaG5R8jY2TU2lNQXVpIx+UV0NQ=,mOVQsbA4sH2BHWT9wy1G9zMWiVrWbd4npmlCZKtCOA==,p+WZ3BVkxRuCqDM6ezS8nr5RXEQrljdkDWKEmnUw,L/aldDkjqXfHtEqQW5e7O3O4BhfOeubIScauwEN3lJk=,2rNu6DwEi4Wv7a+HbriLVC26DVV5xfsT8QUzFNGFxr0=,uLkwgYArmsogOnZtNPvDZ9z1R/Eo03o+YKXl7PJq
JZRFOKBKFoCPxWM3jT+c0ASZUmntE8F3HuZoigRkDfs8yA==,A9Duafalk1b2bnRnIN6inHGcSaw7N0euB+pUMPe1PXQqkY2caA==,VmXSa+EkewNwAkMsf09Iw/dC9YxhNUIZCT4BXYNnxDS0OsjD31+V758SmZ4N9Cw=,+RsLlTsbtA/+xvfjoVI9amN3I2XHaeG4MFyR1raU9Dc=,NsAmJ6buJKM2YO76KxJQOLgzcB2OTiFJDOcU5A6OfA==,9ftkq2m4hzeebDKGukLP8p1a7jU5f64TYivoc9BV,p9tI5cZs9Fry42w2tGLu5GP+Trnl7zdXF1J9DQZ3Uqg=,rvAdltIlVk3DEyB6eK8rureVpXB34DFAnHB67PfvlMw=,mWTXR1tq1XR02kKyVI2v0BaW4oeCPBDH1xCqx0wR
XnakOnYLSLB1567ONOcwnceUe4B3ktIG/AgsTwOYrwR/0w==,WfrochkisqYma4dWcfLvkaGGfLMovciOWg5AE46uHhvMVyVYeg==,LZZdXJgLicX4jW0E2p0WnqBboG5HORdcaiSNAi5NJdJLg9W7SeHxpdxw3owGjYc=,XrZnznv6hJzkj9m5wFMrQWnlHsyT+yiyXJ5UWR0PCOM=,3pP/R5tNT6dVSElS1RAPNbqs14k+Sk7TW8zKI4k56g==,cPFFtnJ9ZVyzdrbqIRfLt4LqFJyE3ulkMVaY6IhQ,ZmSTYzo9RnV02YAieuvErOb5bYC0ZYsooO43oSyuIUA=,7EKqeSDDdG2Dhjg7vl2B73O4nA4+Pk4s5QPba7lXLLk=,OBh9e9il9e3K7BQw1J55oXGLXTN3WMCZiwj8BG1H
8e7SZ7Rk2DZxc/hSt5nsgNPe6wgMiOlYiqAcD8ezqPPxpQ==,S0G05L/qojibxTOSyQJphRqm6Za780pvH8nNUI6xj3xRhhWCDA==,CaJbI/qAIoyRYkdu4d6bNcjo9HckBOxCBTrNrlNHHGeiY0SeK6GACOiGvifKbb8=,CXD9tHBKWs2TQ0rAnIUfPD/W4+Jfdt/m+jhMZFIY3M0=,0gXuHmNTeuYAmZX0Z9gqIS3SsWwQPqAkb/jLAbgr4g==,6qBPOek7PB3V+8tWJhNUGukxr2AC5YB1XZIvN73e,4gsMG2iJqoAoFRcvFbugbxjat6Bef4dG5rEzOu4hUm0=,NCG9PbFyhi4i9IRDiQQIkO+i9QXUlRbo/WKYlxm/fSU=,y17zC86Fg0CobVzu4ils0RIj3gKLIpawSeNoL/XT
zdtr2R4iBGDphFrblJ2utryrQHSQpt0VF8/B+Sn+jxKG0g==,YIug1SYhCYMHtaFkr5OARfWAN8N0MPzWfP9qTI5Hj3pSzJzFgA==,JiBzINjlCRDbRyL0d53Z0qgZPv6YmaBUghEHG29nq+V3s9Z4BtAB9XX/hkQqtlU=,b9FcseVeiZ6DrQKRKqZBfB//OH8ftFbfr2v+7ol/TyU=,5yi8lUIY+8V0sICXdYAX7JKk5BBK6j+IPjGWeDU1/w==,LOOmDxim0P0ITB9okg5UAbZJH9XzOkpqZuZOiA5y,OecIbv91l81tjrtXoIckAovQwQFLTfap4Ywn3fjKXR0=,qLkPBa95spSUUcTALvFYQU93rF+AW8sMvCbVY+1yxL8=,a3vjJig58q0LSsqqJOhBPDpI9tPhneJZIg/xIvr9
h4lyRbw1M4vA4JEdkdO8FJ9dSD9S8uOwAHsjf/9dIz8rjA==,gu1CLj+bPr812yQWWYl/jJa7hJXzdIsIEHlhLgE6C/zDZnnNww==,kvA2f+Hy3n0Rg8c6UIfp6gEUt/LxtZM2B+Zm96QfKw+aeDDFN0EIwLlxkHuyKgk=,lD2XNcdvkWhycG9l1d1Otua9CcX2N4pDnyONNV8fpxM=,TRxEWxHQ+3dzJCE03GVKYYTDoX76kD7pdfnLVZB9Zg==,OLRtx9SVta6n8ntfc9+GylvK2A60H5KNxTOvHUVy,2w++QazuH6/hfo0mtTLjm6VdwbqEEFPJITgkqaUBhb8=,2M2gU8g8ybfClChO92y5R78ENf6I/i6JE34TtFdDPho=,XClZm8A7gq3/3LnZxXZH6r1N8MH0PErdFu6I1tGF
/GDkqcYwNOobdxEIO3/sPR3q4z49CJqowywu7Qv9L+WZYQ==,1HYoLY+hnr+FK9m0R6e5im/ziz1DSFSP6l0qvTcpTqpn5bVxdg==,xFcPr2lUYQGtc5eiU9FYYcuYI8xX6aQInwJtuyq0LH3ei+cf0qGzvwf2THIi5wk=,SFXUyDrC45gpIt1IQAiOARICiM4CXtoFoJZ4hnP4Wv4=,ww6AoDBxoo635kZ5TgvB22Eeo9DLA5NFsc4S2hVtbg==,OwJl6/B+dXAp8ZjRlP1wp5ZEeRoAsqy53wWxEEJ3,zm9iTXAP22nfv48kWCDjmo0balgYIEvmClxgcSCWdas=,EzSLeJDjyxzMgp5r8h70HxyzHknYkE/9987XjViRbn4=,q0S12XyVBSDE8dWLxzqhF7YZaF8r+2FxtrgH1lcf
Ib8FbnO6v6q9TqPn30ZJnvIf5T1B/nXZ26a0Y5FUymssvg==,llHGtHE3mVtmzmYWgqkwT9mHL1iUggbrqfL+4zvlMnloPGzESw==,KswsXU/v9EbyTSSklStb3zvZO5z4GN+wWWU8IQYTzacTkXGEaZVdnn1bEU4TKPA=,fWcrcCooAAmIa36b8cF+ZS82SZn5PM/+o43hFWDUVdA=,AxworzSaGtKMU3Astxqb4bv+EgzbNm+TNP2SAyI08w==,SCiyhFd2XKHUz1bGZ7frTD0bD86cOhYJPLqdpa/A,PRIBbmiBWlzoyNQtDSQgb5EwmbQtD/ZbxbSP7e2Azag=,S5ZYuMKIt2fl/VXps2cs1ocof8BQ0VHwo36ynnCTzw8=,wsb2zWPTRFGcvVE3HpF8M5yp5RZ7YpqkswInjoPm
BGN/s9fBuZT/QHPIjl8Lq3WlACK+QLCj/dktUWN6IUPVhw==,wKl9KWg5ElJ0zLgWyhcSminwPHjAyOhdeGO5h08zdQgRRcJA4g==,Q8kEiFboJZmLY6AMfBFFtK+w5SVLLi2BqgBlryzbYk9pOEXQFHmQqTXB6u2kK2Y=,gHe4Zz+vzEdAskdEIZe3rN1ZJ4BxQhcdzpSfhHkfItY=,fDENoQJhsVxeq3N1iy5eOJCXv0KTkEe8SxmZmHwRaw==,8Scy8VVZSGYevObdlixspVjQt7JY64KzxapX11Or,e18xXPBXsSw2ivAMwsbZRzCDv2C/zQ/lDIjwHMCLoIg=,Me2ri7SUwRKRWOWvEuxwQeeekzLf/46OT0CzItaN1es=,G2NszBIgMd0T6gZGJ+sydNQoLtlhoM9IpjOJC2Gn
VMQTcXkP84qcZZ8zDBxi++VHF1EdSywFuLeYlgVnavpYcg==,gdgP8cy+0LmlWBq0vuHnB4tiNBvNzYOGROiX03XBY01C4/IrNQ==,zmmlVeXKMpjeyBeAWWsjDwotCjrmQAi+Gpnn9OIiJojrlySkt7aZ3EgQ4rjfVr0=,ZCGVo3bWP+342TrKFVE8WDTqzS3NeYrUO3eOOMUyvZ0=,tst5qVjjki/JbgoaU1liRvVgnmlfGd257/rduaOGrQ==,PAVMX1tgvwRUpi6XRLe6QL/RjKPgrSIve+iCrPi+,JFf8vXY/4zMTL7LkXmeGuYz0+WoouYRw6E1ZQw7f5Lo=,cSMIpeCKUJrcaRejt2P5WkjaSWAIC/49H/eivmoLaTs=,n3CSHrRAoA11Gc2MuQYmXwX0zQk+8ekiVvtbeVex
kYr8K3MK/DkcH0x4I/SxXHMCLQG0NOyE5LHOSTfGp/rAOg==,VOHDbIPdDocgY/KxQTz363SdOwfhqZQ4z5eD68zPVpMMk5P4lw==,Ea3+pxwrjUUrK+thTkrgfrM6e5VJ6kWRfCebvUzUI3xGtIXMsaAqFPKkv04ESaE=,CcocgN0yYVlEYyoEJLqSRjiZBW267JbghGRUGoGrtMo=,G8XDwO4aEjKgtsAYxhUU2g1hc90DmYsSXMPRQGywBQ==,BAJPId71JgSNZq6HYP+MUiP4WWe7VxRo+qKr4P+8,ZbCCc7fAYP49juraOwWzNbjybotYl2FjINNX9PrERYQ=,A/tGvgVG7LlQT+1sFxgHHP19T4CyCLcvWru3P/5BI/8=,/MoipJqSbPGNH3tuL44H0/HAC8IlZMCk4nk1/kUR
14Rk0UeiYTjgpJxMQL2psxaGOYqqmEgMO0YE8Zz7knGcJA==,6zcIkNd6YzIiYpc7Ay2Z47MuPCLw+RXNOz/ussKTLOQNfoNc3Q==,NkhoZ8oIMx6MVWNMWsZMm8DC+TcY8VNTpYuvwm1ywEzqulp2phm8TPuyX8kD2jA=,XS1RN7GcruQzCDWiGYXQe2sa/HxD9QRNN5j32JhgChk=,/X5Md1Fr49wXe6Xri5ibWQPPYQa3M/0XRyZy4yptkA==,bJnXJlU3aHE47eed3lpeQljwfvGyuiEP3/hvbHrJ,02i2tgwjl9NIu9Wuysmw3jtmm6LwcvnJ3nzqy8OQR0k=,o15rEOH37lsN/zFBkQw5Z04ec5sybe/riFJcRM2pD+U=,Gf6KpBszIv6fhpWbDLAeZhjGqAn1ksiQdUvEDNNi
nHlVpdAsYLDGEHxk/yXjuGPdKUhbw06aioEsHWOTtqEWuQ==,/Ahf3ijjvPmEp5rmaPTbmOe7TuN4QtRROu9akGMOL1bXeSwY+Q==,j4JybRCHxBfX+5WuTWxnBB5bc/gfkzabcnk8hlqrv2/dyldopNL5BBqwI1wYZo4=,49tPLNhKtGc1QYh+ZUMHIuZLkNPWlpgKkyrfIZoSIA0=,8yXqEwYHak8+EhnZIyD/BERlcnqO9LOzYTkbJv+p2A==,jcPFurVWc+nEnKGNBxIjmLxt57kQDJaBKjj9ttLR,y97RU+s7jSloeWPZPp4pCSiGobDU+INiyU2PyqDMndE=,goP3sP0xA1Xa9QPmNZ0cZwbjR+A8ptS1NqZtdXKTJHA=,bEHCb/gs/uvxEzDf5ehaw7xEXLl98lySLOIOw8GJ
n/qySYJnUN2CxOrW2iW8sIJoihcWs+tyuZR6JHg1HA1wYQ==,1A7VqUcU55sNKE6Vo1v/3hWBr6MpE20oECQJPkYqpyUqawlAPw==,AETi67S3oPlwCJPL5UEOHAXtMNB0wysQCF3+mUikJO5k+l8MAnTVETNRQr3bzco=,0y3E3FDzHs/MJd1vVv9G7xZqNVqy29Ncer0wg66XjtI=,Yl+dJPsn9rUZiqgE6YmsT7F7EDPXIiAX0p18PwpoUA==,guxEhbgHvLoP3Ld9m4u0j6RrH3jwNctzKB2YLl7J,NWOFm+fCSODjVCcQSCM0NTlnkp/EnvVc7xDKtIFED40=,1kHsLEnG5fvnh2n3cdnOlP9RB7dDEm0Xf2OwBe+EUNo=,uZIOOP/P8b6+NqVyiIobPkjdpzdPoAxbUK+qL/ie
SxllEaTwMjDMUY15Qc8W08mTrC4R/Wlskd7rPPmtxn/ZnA==,U19wLQwn04S9oQ2VBiExae7E8Vq5vFnuWA86VBjzsLTJ+62hsg==,6bUeLhprlHHxIHIsueO8QkTr7+XnbdoJY0ZOfjfhGeaMH56M4n4F+YisYMSPGi8=,WqfdjyRjv+1kCJvMH42jMh2Kt4m8lsCkG8xqPZsMxxA=,qUJDyxJjh+KsEm+FqDZIzCOm7WxlXJbk/jIlJrszAw==,w/chncwH1OYjqwkyGdrj3m7d7RBHkMiJJoPPxT4C,Z0MWSMfim/hm7xLSl4fBcvfMEm2Ypo4HTzlCcyhhZ24=,6LJSxPVxAoMOTTjPKMRd80EnsVMndQQR/k3nfuvHxVE=,21VTtfLtSgr7yAk7tEx10vPRBN/cWfCqqVOfvpSm
yE01fNAtSbMh7gJGB8bjBdEfsKeONLPNiP2YODu9gGe5Qw==,oLJcm8mDdBi/aO7PGLBnNO2TFnt4y8IFFjB0lbXc9wE48pjz6w==,+Kaz5uCVakillnTYtmwrZHqmkKmqgvLcBjH2W24CeXLC7ehKJfRHmtwON/q/Wp0=,SRWHaHmLdQo/YATX7ke+LCKn9aXten2SfLv9J9FMXdQ=,qgvwUXfmES/WaGzSNe4VGqh5pD7ltztmZSZ0ys5hkQ==,lSiCD8d9FoLyG0wobIOFa8wq5hP7nXzr0yjC2iQQ,+lIb9FbbTMZAUm+KH2CtklXfNcDcGtu4VI9ubjd/39s=,MWK9GLhE6a6O9Ec07bG5jIdySFeEguUTg+E3HelcEik=,F+OIiyRcz9RGH0p5ZJ/nxrMFGllWBz76LUI6WwRd
t41DNR9cXlzK16l1vEd3RmA5L2wJZ3vS0r8zlyp7EsJWpw==,GBa89xNyQsTfMAfEw5uDx+faeldxA/GnfQkA+LjhM4DPuaomjA==,7hnSQ0o8l6uhwxuW7pm+RkNfZ+c5H3T/2E86Si5EvX96tFVjp6W3cn0iu79VNpc=,4emMv1YlD+jPDXpiWI+TyA+w2yniVQ3lLbZmjhQTn/c=,3VrOK9PF23COBzFBAfxcnDEnYifDG0+gf+1gR9ws2w==,XRsuqnyRXBTWBxzuPIygoH/S3tJ1BZtHAxphvssO,22538E0V4NQruIOy1DaOUCExJbVXpL6KZpzmTgHZfM4=,iH6dj/wyZMcJtQBKceT9HMjKrJEgpCe3lr4XsRTwrWI=,kpVAEaqaUDgVjQj2fT8B2IKGU5HkSsl7RsP3bOv7
BEl6KoCXQwPrnMbX1tr2/QN/Z6tODVfQiI2K1LhI9cKsEA==,BQ34EXFUBCPHFE7MCMiYPnCxWmiBpPZO2uSzxo3380mmkLDD+w==,wMNOCjytiVfR3ce17vZXlefn3kay3r1OxjheLGE6fIk0MbEPUPpF7lAhsKq0laQ=,LUjMeeMzKMiIQwUhTZ9jc0UrJaxqeT0BdtM0XJLovVQ=,OK17jaNyj2l6mXx82XeM6XZYIJ5AgNKRKU/J6fudWw==,1BQRLpBQhvfx0xT6Wh/LXk+jO9RuXt7kQtG+Grgy,UINFblSX7fa19ZXgnBtOUp+WqhAIML14Kgg/jF08NkU=,gzgpJXWXLnV68Nb2S2IU76A93sBqURnE7s7oDbAsVzc=,KlSxWTBiXUdaF2NpzgSCFcm4OivycXHFMLYAlhaP
rJfA5zSap8ej5g3lmNXVeHrBwVoR9fdoprDwqfM+5/dvXQ==,uJXzAluPd0h1zFzyBh7CQGCUlgpMk7dLhmZo0DSUcObGhxeKQA==,vOZikDwM7reVOwmPZWg/w2o0CqaPWFQx9pFkG1sFbwvDxZJLoRgexq+Zci6qggk=,y3uZG/1s31iwccN8Y1cOW87Ck7R0DP7svqyzPSD0cNI=,gZKNwmtzNw68lr0PCgBIPsxDV1y6HTFii8T4Lt6qMw==,EAlcfzsbqEVW+1jYyv2uJ6I8C4wPoxeNRnwuh+Aw,p7uruNdgY4J5qyNLS4iDCVUXYYjHKmmsBdfmJy0VqoM=,qvvSzyBM0CNb45d+ZfotVbfj9JeCqry0p+wbU/7qtSM=,bFVD56AnGfFg+G9G7V4qJDX6PrgB2tEGZnjLzTOh
+RAsQ9NM95ThrFRPOAlCPEAfFbOUV5QRByFLOuiqGWTxyQ==,Ns50sBTeUBeQsPA/tDhuzU2lEOefuSoV12HLi5NitSaRjqRAQw==,pg62EnGyBO7pb+9G24OGC4wRYzPLaE6xrmqcOPhOAmuJnGA9Jwev4KVvlLX53Kk=,Rti1jY3O/cwisHs7y4ZmiUqvSevWb0L1juGrodCAqZY=,NOK7Vhhb5L5mFtpcd+fLRbKQwwU6l1altTGeO+LO0Q==,Y6HLrz3P6pNz9LpY7euUjesPQpgtD31GSS0WXhDT,/DykDzaOgP9N6CpAFDBCUdu7b/oft503wo6AwY8IMiI=,mJipeJ+Z4pdC1I+ixrbgr/I9YSKokcc2QPA0805C74A=,iuNX90WeHrECamxw24h5deF9eQW7y14d5poRWrlg
7xkyycAFRVYkiXtAPAbNFlRvefyJMHcoRPj553bI+YDy3g==,6bIlGaCiF396llXFnEQwAFuRD5k7u9qgY3YzBdBXkTMzCm9MDQ==,gsOlK5B/PL/nyi35LXQJVC/q2Qer2/5II8WXw8LOj4dFAcAclQyQPjZIsLDpyV8=,6NKZjvfvNCyU+Vm57EmKTbLCQXr9FUwgtyYgx+5VabA=,aCJQJ3ejFKKh0Q+oMcjXwgl2lKmjgLxZqRrJ8L4PWg==,rvBYV1n9WVDPjt7s7RyzoApae4bWl5yxqg7PTrYQ,z1VDfYVTAodtGPAUvCNev0VPRVCI+vLEzs8f+MmD20k=,F6h8JIRlbbKvmRVbC4zlQyx7xaMEg/t8kDfDq9a0cFQ=,ezorjBFP7fsRliqgAHJRAw/DQ4G/CQxlKFzAo7Yy
RQNe+m/FlTnKQNtHwcbodj3hxFFD5HyN8jYgVYlMl1xbeg==,g884oodX65QPiFC4G4X+S7ENlDd1QJGB9bX5+sxsdEU0mFEjyA==,KrSiZZJdkAcGAf6dmUuyG0+/qIotGKhx2DbnkpW7mA/cmLORFHQC/pEm5oTA58Y=,xoj+0GXZPjzWMV15jfGnG2StvVDAHS50R2/0EZr68fY=,tU3ilSoyYmums8/ZLZSaU7kbRvVa4Kdp0Yh49abRZg==,LTselbL862C43UMGw+lemQRoU6BJh13EfV5QF+lW,TLfbQf/5pHtVhHrlIRBgleJwzOawjIQFYboz1AjrOlM=,vUrXZUJYufc3TXDhzhYc3U8wtmf0tj+hfLEI6JFm3/Y=,m7zYwqw92zaCG7OmaXJTnkkQyDWgVwqfJ2jDQz+Y
zMjNAo9kW4mzsocXU26/55WPpOAA3Pu3VxtScLFJ8Q7bjg==,ZDJ75VxnMfPkN/iND60HIM6jsNsdJfPN9NYsKtM4j0pnmutRMA==,IAcRjS6J2nhjAaCfmfMs5Ar9rh23dusIIHczKt7R3QwZ1eYG1UkhmNk5XtNtNqU=,zexqTGyZyuOGpy6IHOZxc87kn5uGWz79UrY6t6g5pQI=,TkVvwha9WysXEE6MSnl3LsuFmGKV0AA2sw5oWaQYWw==,IZ6QkHqJ74+dxcZIhxZ33d9pWcCcAx1DnSzKGmg+,l1TCwW4UaRBP4D5vXAEkZez/9/kqa44EWxnYI3Qk9+U=,OxfXzJQ7XbwZ37JR2PFr3MZyI5RE+Q5U4xlPaBSwRgg=,sTl6kkEGoblJlIV5voxi16LtbiucRKGtsiLc3m+S
bLV72Ho6XMRcG2To/D0U6HkkdGumbWGANX8IVFxSBoBHSw==,S8uH+FHXTYA3FG3PTgwgrFlHhvnh5/ztf2p7fhX/Z7aLFm53Vg==,PFMIRGBgCwvirjmAKr+ZGC1CHPpMFLwaavqp9akqi8/zq1sHQAp3ERgHSRwgUbE=,Qg/d5MnmGeGK9XkUuG54ClS2/+vMGKZtYUyKDjBgBKA=,wVPTwAqHcgKgedcG1Fh2iMnHHC1Caa8qgJoKND7Ffg==,wepjsE0FQpdicvZlQuXuN4jkHS3qZh1CXZMZHhcG,g+xOXodycKiL6hRxMtd611OFOi0oIKcxTCdMIbMUCpw=,E3/kVMhxF6BSh522vpbe89U6QKnfvy1RdPhNygaT8Rs=,wRrBRp8QZbYCtJDrpZAh2JWG6fss/wVcerrS8EJ1
JfHcR7nVHBVE+vU0Eka4dQGxayGJzSBgyfUEl52+OPHZRA==,4vzb/5fMyQLmYX0LllMGydDdZgBFZ9tPHfB73L5/BZFspbu42w==,rD1celYhAK8aJ4fzdVB/UAjeip4+jqPNCM4xqkGZVaavGjbDiuU5uCKLPjyLREE=,F2M7LnAIW9QT8n2fzD8kzBk0EODbxlUQPfmkM3skQPA=,CEhCd6sk0brG625Yk97xZvmcogCDttknc4h2CyTW1Q==,01SGFy6IYwaQP12Dkvi99v8zqtwZ7lyDmdmHztCe,VH/hI8iFnaXvORn6RDa0ZlgBjwpSFdjd6eLrK++J4KY=,VjOJslAeknO2HFeNfjUqd1C1bCStyQfuSBAwmLEfX74=,Ozh5deccs3QWaM8iQOGxL7efWHT1y4NwZFdFph24
y2ICCxbmZu5xFmqThqg3OnNY+ksGVKkWkSYbWWpA0VRFdg==,ZrV5v5aj8jBdyNlV0qRBO9cgUoE/lcstW3LnN/r+8qOliL8osA==,1ICyrdNe52d98jJJyyrCLbphL+cS78AKdSrw9dSX7SrwxPtfbyZEgLf9ZaDttKI=,c/soZHSTVuZsvA6xr24vHM7BNv9VpylsWvGWnEyx7RA=,DF802EtE8u7NZyjeEeVy3BnWeWy8G6fWkZObYIvXog==,n/MUHerueAWlHKtqFerM4Z9na3pqcZTr8i9GBe61,pU6/g5YHn+458mO3zDiltOsC4VcRZUmxu0AtqvB2lho=,2nYGztk8elLsTrTyOAljrmNpTaI/gS68XfgDGLXyKqc=,ZSLUqAy2vTEgikJH29TIWGUgNqQ8CjvJvGjXX4Uf
p0C83SK7wzwuqiHLfIAYW+tLmW8XkIuqjSXENTMAUNBpQQ==,QwycK5YAFZIx+hAqkcLThnIpJhFTeLdo4eNi4UNn1n8k7+B3Gg==,MoKHLxhsHNQTXY2nco+YeLoHdcGNvtzwcn3IEWvz17ffrRflzaFWI+OWVI9KPtI=,+UG/ZTe8KzeuURswt+JU7EEl71MNHG21HcAXqYrKJVw=,snX3IgMagwYICL4zWVNnBvTwa6t8qsIEACHBepHXAw==,3boTpdtEN++CitoJU5XgwClp8HZQSo5zJNJ/cTZf,hiWMc96pRWn2KE9N7HloD01jh4MzVLHWmJQlaGviJX0=,gwZccBKPxesDmVxdssyGpNQ3W2UCIFNnstwqcv8/h0s=,CNlcYaOe5CFdJPccHTJH+ElY864v2GXCWwfwi05e
KernrNqL+ENaR9QqB3Eacz7MZ6pkTil4mIH2jvVEfkYKaw==,VnEd4T4Q9ORe4KvC6jhjYyROfVGNnpsT6AzUEdMnyihRgTiheQ==,Fu5VseGEQUjuqVAxTUiRSGNqBn7G8gRo5HbGc3SorlXUaax9mUtru7yUdzjunp0=,g1aNda/inmTnPloVKLy+P1UpWxbi2u/wf8+8EMP/574=,/0wph2zBhAEqntPcaOkRGYpZkqxOJOla5Vn0e4gyag==,OxTXUqeU93HmwiUlrAzzUKd1UndGwcdyGCuHHKsc,1BzYJWdRWwjpG9owEOvhY1qVzDp0cQeEZzdkfc+BJOE=,pLrU5UufK/jbOYKulWuYGsn9Gaa4eKUNJmTqUsSbF14=,MjNmm3MFto0OvWCQFozQib/ERsD3/gKH3HkKWkiL
dfO7Ss00m/2XfGSYzVBZ8bPWfp0pPN/qTUk/5Hfa5/gdww==,A20i6Hw3EVv2z4DbgQGwNfB/DxpcfM0dAjICpJY4gNlg9uxJrQ==,iF2P6rMtQhWrPrgBrK4XbjPhnpCFxP/1G6MJ26zUzVm8dsQ2+gHN/xdpFPN+LYw=,FvtzdHgQ9nfRn/tJrx8dZ4iYPpGeegNiGwT9FzLG4k8=,sRDvk8fdqy8/StP1xxJG4Eb36nEzJiYAQYLBD86cvg==,ryoNKHf2M0Fr1as+m0BAdhOm19b8GSrtQAgEQ7ll,l+SWUMV/9t3v2EwpF0ikcM7RndXyzmIOyYV5CRsgSRk=,6l7MxsY5y22dGojPUgst6czTFtij9z79HfkKWAbDDyA=,oU6dQj6MqZGRwWw8KUQQ/uVnErziDeYL71aTJeJk
zZgjbIkf2LKFPmu5WyPwNmfazmdn+BxOnWamaJ/s9PiyGA==,A64l0nJC4qXGXe4U24KaybvHTq6jaNf5nyUTnSTrDJZWyWU18Q==,ef6U9hy/Ze+XUT2mpSmmhLGa+eTJlPok/EnStIZFhlmivpD5/ae9IX9SmjF1QMk=,01mF69E+k8tdvkhl6yFhLE+RPsnmoQMKScuVaxK4a+4=,+/PRXXTPUWiIva4Lc4svWHG4xKffJ4jIyv/BCw59uw==,l4y9P/AaiHvwXf/AeMS6+fb+dwDbfSm6QQd20rQ8,TVv7Hl8xOsmL1n6WHs5Zz5uNDs8f5pbToiEfj8o/gTY=,Gr3QcGNJjVvxyrx6ADHQX9nViReAQKJzdUCBxW5u8h8=,F/TW4LniZCabI14dUkppk97nEdxn19aYWz57u56O
dYg+34VevHGmNlhADvYQ0KAzCOqM7xNxkCLXFqs+QtiIGw==,ymD2jkC0U5+c5TcUB6lJGnPpv7uHBS3YaFwBL1Q1ESMdf/3FMw==,kC4jk3FAMtlMKtCPrZNWODmvTENWmu9QHeeCNtzz6MFJHGkRULTOBmFAX4BCI/E=,WSZhFTocETfCJB4Ms5KU9c7d2d/2jtF3UigLe3bMxCE=,B6YxulOGuqbz9uXL8883F8ZZeT1bpwV2P6sRHHQj0Q==,SfAiFPJ+nyzfXIVUUiSbeAp8r9yM4gF0mlIVF5v8,KTTyvWpL7IPtlEphvrVxAqfDe9R+wlKbSlbob9yjq+o=,SgkzFfApCwG4D31XBRpRjZgJs2EXQMvEwiYlTV9rT1E=,xflMfqs+pG+z+NnJC6rJGUNqb/t9P7+DgYxHSrrR
yx11ecKvcA2StvxrlLNsLIi8n5kJd5BeMmfJKVAWElnJRQ==,oPhYNsdTnaBU5dKSL6X9fv7u/xpZloBd783aHYH5KlA3cgqS1g==,BuP/jXxx9AD/hA+WdTWg6rO3ulwm0ny6QWoc4FwECSUycEm9RdHAOGHS7NCeKlc=,GRxAX+wtb1kaHH3ApC2BHhpMFcnHVplQD6SLXrtM8Ys=,ST9ZMbxNQi9NX9f33EmqYVtcPK3wgycSd4l2camk6Q==,LinwFNk727MTRJAS5utz+azzNAFnKhBj+xLndYzE,7bssmlnqF5R8LaRHUyVVUJ4u/dqqn3S6tCZgfo59zAo=,16Y8vU4GF045GW5cJo5GYasnaje/F4MSzlqibBL4p48=,5XHKs/gPw5wSdCG67YgxqsFDj9EWXB9qt1tOwpoW
Sx5YVsUIB+qW9LY5aY6DvMkDk5mbaPpSshk0uZzGr9aJTA==,C29drjEN18/x6vlOd6yloaPz7u82SID3zaPK08ifyMP1I0iEaA==,jlfbDK11jjCX0WmetbEH+ryfaWHWVVr6ItmPW9cgXDdGCGEJ4+K3d7L9yCbcCLY=,8YpH6MJ3paf4bWXOmtsfJ96Ux0WtZV0sd1nws15tayI=,Vf/CtMs5SROzMrnL2tcTriF9hhmZeN9T/Ca59f9KdQ==,4zi331QRe6zfbypVsTMFMlX4ghM/spc4gHOGzirM,cti4nv8+zBv5WD5TGAOMUHHeAwvQ/9TQgScAsEubxRA=,IVLRgXm1r9uX6cZyc9+jkjbDRqrwmFbbH2o3AcP3GCE=,DGq8AjJJPPthe5Mqrq1jzfhnxckthNKWwssGSDO8
fyV0yAaSdl2nSOgc0iZjqNsjBRy7PSH/xDeIlVN36hTXYQ==,b1GTANCojs1i6qW7oZ3Ma5DnTsdSBHsU5YcvbfFQGWq4JqF+SQ==,2+TvL46RNmaLAB88apNrND4MTSJFhVlqyPvqSkD8DultfU6nLLbdhcme9lKzkl8=,Qh1DfIQBroJlgh8CpLiskmUxSQRSSLEMOgp23ImVZV4=,TL40YexmxVDxyWCQlOyeCBAdui9nOy03PThqpfF8Lw==,CrjKQ5NaIKYTWVDoNHRDnaxUgZLTfeXjiKxu3ZHl,kQHgtrUbOjLCXT7n+WRUCAYmQxnQwvClTq5wlKrVnhc=,ix7kzYP+0xSif4b3dnQiBrX4Fac2483FbdNyQ1EpBLc=,2s7wQr97SxSfKI9Z6flEvgtIKgEcfh9d/u23ZvWt
ae2P3Qk03A2dbgpLy4b0Vz0gmu3WbTbmRYMavycKn4sKHQ==,VFmLguzruMljdQlKXySkFLGeiHUCZ3sKEKo5lADuB2HrSpWavQ==,cP5KcduovpU/fvUzhlzT02j4jKrpmns7qG4bST40Vqgf9pjS2UJJvLOS2FnoUhM=,PCDekG44FRyIGMTzx7OrwzDMuB3tB8FciEpVZSfr8Eg=,zQGqh7+3P6l1pHIRGu03dYvKw5i8RVIU6iNd35Ipog==,Pht2kK4wUcVJ6RNEjeZeJTTl35i5W1v4wt4UiXgY,mtwFvsem83JK2ZSAHL7k8Q0bNiy4Z6br/vnsKxs5rO4=,XpBlYsBaezO3VzaroxV2H+l7yPpZ96B0XACV7ijxoPk=,qA2iKVmcwRLuIWvHIyjXFtw+QghOXasJ8G5UmH73
rXCLJd/KRaBmmDJ+JMXJeG7K5e8W4QMEgUDzMVcFEu7fhA==,5gbOqyV0sQ3ilia5XU2eywpfY48/QkdeRj1FjMxuHJtc2xtpDA==,Eax0cvsyZAGlb7BR5tYfrCC+F6Yd6X5SDlUHfzqmBvaLIe+Q3dDLoiQUJExQiP8=,v3syZEqFES4TuU1SoZZeUdQmRbeYh6p9O3dgBnww6Ao=,2ZQwQL0iIKRz5bcKN7aAZF9qXptOB/58RKWWeP4maw==,gUPozhTXVSzXHkH0hs5aVw80YdqPDQsY3ik9VPDu,4ngBtZBzIvG2TVmHveW5MfqXpg0yvj9jccanQqXE3y4=,02wZOsj/btQTki1K6oBd6HbMnfJA2RZR8PbFYIWYmtU=,qDQDEBTuibT7s7ZwvX12wicwqX8CkjUUnP7Uvbw7
Y/BeKk0mEIpKsH63xGfABwfJHJc2sDrdg2JVQ7fM+MO8kQ==,2Nxivh2rIZeSo/nS6ukmzcZalU1gDc26oxYliFtkp/rynPyk2g==,NB/aqz46rpy++4MlWGdD82kjZ/3J9u9N7d+noxgiLuKJ73dHV0IFQdN2FEzzeCs=,uF2zlQECNsr5KDVg/0j89yAiAQCYHFFrg1J7OhANLiM=,r7ppRwQsCNziXDil2QCO6+cYU0dYEuzklpaj9ORC/Q==,T7LQ9J0p6tOjeBgA2+Q4m6iwJXMIeTD3ti3gcrqG,xD6Ba9XXBUpzo9CGFvM+ZzmiGydnVS35LnFIfti6xSI=,B1E6PCqPNDWjsGJZ8adauKeBTJH0cbzH8HfIM5sbSmc=,eYknj7IG7LSv13B+ioBGk2hD2g80qqJ7HSrBfiAs
HxcZ1ct+p2Boku/cvEDtAwRhdYFApZ9SNs6LX1ZV9JlEPw==,oDaL0fX3mNBW9fj0ezNR12+wU2uos9kJWwey9wTGlycvRoj08g==,80nu7dxvTHA5M3xo4xQK7mzzubpuUdAgjovnlTVo8vR8vogMJ50vNRJlO+o3dQE=,7mV2kcDrgFjcfKmI4peP1rbE+SVZ2F4+2TalzITb574=,/iB4To3KmtJEvoPzJqX0dfZc0rCIogkt8BrkomCt4w==,dTH0bc/WFMIuFz6sJjyDlbabjMWxP+aK9yVm6nOH,rKzrqhMDiWbRZAwz1gAV1MycAdxnwmiEFzrXRgP1K9U=,4vw9KBtD9FRssGbHW2/0KwXbP8ymIAMuqd2J4N8A/T4=,WgLkMZVulApBbU0p3lE8mW72q4VDjfCZvkp/aPDq
uK3CR3fJlEMoG/hQRlB+M02KqIBIAq+VfsP7aOG6hd/j3w==,ENiFu/EBrqrno018IApSpEO1N57uBuGiHuqDD70rNKSPBhxg4Q==,OTx3K9JdUYEW16ihRPgG+5KTLu52RPQivOSvLjtnzg+cYzTwJPvbJOkbKzWuRY8=,teDUr2bVYelKXCnODEmev2VZXg2Pl+QaAsS04BCoOOY=,u1kRY7NT5UqnI8KOqQmLYypX+cC1R5j/gVYh5cCHOQ==,uxMLUmHqjWhTsuQwoMymuZqCp/0L8G8rS0WYHvJS,PdxybUpLxTvWaY8c8X4I02EKqA9zUY8yLd6NakgzrfA=,eeEj1/94PKB3e5k2LHzDgKl0aR+n12IYMWLOCF6CR0s=,2DhohXdMCPSineWGju9xFvHY2Q+UzNzkxMH0Nvyp
6SuyD5jtcVcJFQRNdDLDwPeqbv95rkDFa00RQv1sIzsmdw==,HOvX2BFbpvensHuDpncdGZu4hzdZ01VRP4Ckzsmngo2qNkIlGg==,p0cdOYLD6ECUfpIYgBoq7ckqHrwllH377ZuNT/2gfPSUO+Sjy+7v2qx1Kk202BI=,4KKUx+cTykJ79hAZ+2aSfGiMXLUfrT5FSWYTBIF++hk=,4FDj4oqZFHju8hFMcatjwYHN64vw2+gfba1c+o0GeA==,4W1y9z9hoVhZt8ttesHCUk2VncDqFJCiumUH8kju,8lChvjwnk650/Th9LgSgl4AB52C4pDiVlsJds2k6KhY=,yjj+fr695j29r28qotPuLNIWgr5qEHEjuDoHUfDTM8o=,oZl1uHd2hM7Qm6m5K5FoiLw9toswlOjiqEBBgKns
JscewtE3lWjowY9rugbdlYAj9+HBaIJbVe4p4DAkVbf4kA==,ADc0f4twTs367OR8H/90Bu104g1czEsb4NhJGWXzRr/MtYZ3Kg==,C6ZIsRKn61RfediLHe5ArVbcyRIUJCuJkYsDX3SZf2XOT92TRUqZ8Isnz/i4ZxU=,pqQXBdsg5zKCd94CD8gd0XJggMfsTKQYBwIX7ck46MA=,8u2W0lSdPGylGLjGUB1SOBGmebjhvd7s2TaPsgPFnA==,k+TboLHoHtilcnu+/Q5xIiZ5wvUKTVVIryvLr3La,TmXFp+9yEpjMqZja47z2DZ2dLJCqSty3Xslkkcalvdc=,n8P+KF34q7CbESexoolhqmLUv2u1pFoKrzMuVZEn8zc=,vcDO7bJzlExTWXSXB9EZIKmdlQG5FuoaWmg7fWhD
GEfxc0YhSA/wUu64sNzhtPdeqzkA2dMNvmYD/IXdQLhO7g==,jEwF3XDYR7Rcd/LZmMgL8nyCTAO2capUN2sLnaMTORrIpq9KDw==,fejsGOjLTGKRzVSsGC2DksLUkGDo9QzOnB3yQIrEUoZbN9SnzIuwmGR1eIdDlEY=,2BO7NtTnGIDOODlZ8n05Ds/kg0cw+q4VDr9nwXNASNM=,ILglJKKyf5TYJij1RXHosgvkXShtqS6BT4EAGGhiSg==,TPJl79CrDYiquKK0glMrJRocmog0Ij11OJW7QWxc,oa866zp9xHApJFU/6h4fRZjFt2ZnvoiapBWv4pqlSUY=,Rf3EO5/dicPswOuvJp4DoRhpEYiE42CAWhWciBZz1A0=,Yx6BAmZgO1zsZsioU+nX2AmZJbvqN5k/KxcHQdCU
c72fP9TORb4+ldYYlqw2U5AcVQrSOz6/GpFjHYptjv5I6g==,f9XCQ0k8xYuROjMS4R6YHHdDtHiqOz3vFEk6AMdEI2m7DeV5Lg==,D6wzstp2+f0VGF9VN5WMgSixBGvUNPXeYpThAMn+3ZvP2aNcNDFokHqDt9UKoXQ=,GcsxVxbC5SFlntjVJHs6dLz2QLr+wh4+PonP3HH0/YQ=,/YC/SKlEqsQSpnylCBJL6aHXWOpRs5L1n6EGLXjuQQ==,SEb+WQyXLwzNiHAtfN/3OtfRskHRakP2sNMg1H9/,giyqUNTgr0P2x9iOcLjjiyrzCNod8sbTrCmB1WbLtus=,q7GjmV1b0KlWyZ8EoZNuMfmWBn6opn4de0Dw9eo2/3M=,f7zLGcMv1PeftG7QyfUj4MNMlZWoLMvHw7OMtSHz
ZZCwUEUbJ8uzDLWLkHsZHCakojI1TUjVXRAvDOgR5g0hoQ==,m5+6lj9E81UiDL4BMlmZgsjqR3Cymu+jwZ4KCdNI+xbjKHAoNw==,WzWF6+y0fgINioVgYI6CICit6uI5zLpEYFMcVwWomCY80PQ7SLae4uomOLzNyYg=,1JQwWORXl0o0SUsoNIlhmEPT5SpFCvJHV+HURgvCMxg=,S9dnyfpBxSBlb4coZttt10MZqbwxHvMJfqZtYBFt4g==,rRrFotnzCUGdRCJLWB3O1tUYRn7uaKkwcwCYuQUX,SBuV1kTFCgubOO6ZnyikzYk6zxJfPIDjy+eo2ABaCMs=,rODyi9wI6YMPsPHefzc82tGBHtMzganwYbhCaURdDs8=,0aS9bFQWhFIRJt9duqdeW19K7SSDyfCl+JSQZ4jy
EMWSu2IydhHJp2EnP738y9R6dtrdJFGmX6FQ59fAiyNqbA==,J+ovlVpETRz6Rprsz+4mND1gn5mdsLYOUQrbTFFeAITu23iiOQ==,x7xmzHyxXOU+sCDR0+OgrfwvO6geGDjN6GD3cNTYCJb9/XuhjKXptszhrhDPujM=,Y+F37guoe7wp/TH9FacmskwTEfCMRzbkYgnlG8Cpwmg=,CoQotw45mPkqfRxiaW+YfRbo3l6el98usKnvj4uEgA==,uEB+7WgmdrlLGBy74vE9WOsCFf1uA+CNa68W7izC,NwCDFvZsoE4M0ilnUFNly/1wiVazwjWeIs/Vt/04ZHI=,uOBBcT1X5paoO0B1VndSBU3uTfOVAEd8h6VaYME5XuA=,VAJXVMRq0UpNZrxSQXwBVHXeE8kiFawlhjLO1U8M
roTvF2QZf0mu2e+FdwVAhS3wCFpcvw2XYnMfaQT4c4nIzA==,rp0eaCmuwQ4ZPUVUqbCkmJYFks5j1wkGWld4TnGRAKO2d+YL8w==,HrxUUnykPxVVuTyoO4T3LZCLV38Ph9KvRf+Bnbl0WWeLv8yuZCCHJ4lZmSABRVc=,0Z6k9vLDcnv2992JOW/hGHyp7086hNRmMzACbxPWfIs=,KuJDjYo2fF97qTmeTxle5wwqCKmKoSB4hxky3jFjHw==,n6F7XaYphx6BP3eSsvFoy+U/OEjAJT54g2aHq+Gs,aoFrjNAvXvp0LLcNPXpSwvrKZbI9P8VCHMadQAz5j94=,XvvPARdv3Xt4WB8YDMk0bDPMafl6hiX3O4bKmQBOITs=,QxXAmWUlGhJjmGLP0oVsC0HBhvWDgNBEBUqiG73F
/ZkvrImBH8Ox/4ib4q251FNPxnuQ875vdcSvfvn8o3qOgg==,2PvcPRitViX3a/OA6mBskeXqFPwySs1jGWBmhWv8RFqmGG6VcQ==,Uo+jF9gAv9DIXTdt3TnrOj8qf4btXSx/5M/ECu1LzbbSEM+u1VfnkFLjkSB4QVA=,GB2fqwNZw6L578i0KnhK1gYOllACXbmUA9Yubwv1VT0=,JH9rEBvaATBJtEU9FQH+RESaBKa+CtjdSsd/9dh2FA==,mzvn/E/WdVZ3ODgvBFsyzw7hthUnyivheHP9mTfV,tZa60oFhIKrQtgLa+flHVpgzxqkPGiGdhOSCtg5NDXM=,DHOvLARVaccdMbgnUbVp1wxc4Zg35K8bddVtAOc1l38=,sZ4jIvbDyOuKVvTQR9cpjmKSPxRKYIz+zlnLH/sA
X0pjHi+PtlrdK3BkxbaAsxKvy/8MwG5mDkoTrRG5kgD/yQ==,tgdrFB8ntn2hf39NmJZzneZIqXbDcUGMxcXkWTS/ADpxkFwAjw==,o2AA+O/ajeH2h2ySs9yEChB+B0RHks8awD2ifpv+Dsj5godfggJYAPjRzVEZ54s=,E4OBVqy4GHLoKbpyec1ljXUVJUbwF1sBywLkh0mtxfI=,1ihxeSYGWddYezIk+YT1d6PaZ7PhvqlTV3LGWv+2gA==,AhWpwmMyuZxKlo5oUN2wxU2kTPEaqCzYwduW/Zn9,a0M8S473yDt6Dl3nVOz7nPWuviRF1Qgo2qYAI/h4Ddw=,/qJ1olAe5T/+dxCWM7WQp4EHwmnThzjNttEMuTBVXHk=,XLehDvnzjzz2e1uWeG5IHF34oW+I8J84wQZuysRO
sWHMj3U+hGhD3D2Cn8gr42FhbIVvVhAfH06O1Y5Gh5am1Q==,osRgvUe+d6at6/iJHRd1xTKNIXf96W6Y2Eb65ehrJAT535KCJA==,kYi7NF2wx2emyq28WNwl0V5PNbld62Rr7Utg0LMlUrtblA7Li5dE6WHNOBxr7og=,wQTFkK386MIS/pnaSbBG4MA8IlbFYyZUPCofADQw0u0=,OYJJPVPS6MsHu87RHp5qSfBPp19+VTi7GgHEmtYaNg==,SNvS8xh9RU+qdKD0wDmD8LRYYLrlQ8aTGU1sNGD4,pfzT/feWI4chvFPHARJBOjzyz4LZf3CV2FCXbgqO1fg=,fNZV/EM4hGSHLgiWAFGmZuntNWniUHii7Ib8FKnGWvo=,vQFk2uFf1I16mmBaZWy4/f+ItlKL/9/dmbA2uEpg
AirEDaRTP40jGzoEl7QDl6BDRdFVE7uNIE4CdcN4XC3xLg==,0nF3hojTWCfC3qRYeODNCUz04+O/mlqbJLHmbktUtIhS6t0kHg==,gbDxca28jLIhNqKdJ5K9qOCdb5bcqZxqC2nNVA/6tpLk9mSgIwfQjcN1rAb3fq0=,xowg+3uEvLEv6aFUmt2eqId5Cy/12KsCjttXEPQvU9o=,5m7LC8KrG8WxghhtoUJUNyOqNtPYkdytlTLX0v5NWg==,8DjCjdOb4Ynqka8QEicEbByFX2A080IalF4nw9GZ,uuZtIKXIPJ6UECwi36ud4MZ9HaKgspBbu6MLEst2zJY=,CQyKYtui4lzI23eFRBogeRNZhlb9gby9uJVPXFGIwZw=,mCt6R9vK4Lw/ejNAD73ENfixa+0vN6JhhWLQ2OFN
N0cn5yteMmKe2i+jHdlrl4j9rnKBgwPjqhAvgi51O86Eyg==,AESJZXqKr1d4vBhjn7D5/40cer8OCzAgV/ecCJ85D2HrOFADGg==,9eDFiTbreZljZnndRvBl4y5vBdiJoXuItr68cDkx5aL3xNPYjwMKWt1uSyvz7EI=,bXNdm4rOy8yUggs26L4EWaWoxdIMT0ZI/P/lxfUi3Rk=,uq22VoBGeMqUBI+lqrN2bkxrMuqTtgkUdCiNcJN07g==,ZAKwaR6jnFi9w9ZkmnZwuAGh0mUym3qalfA1pxKY,AVH9xXwdPdBX5rLDDOUIFwRMvGOI2a8O8eNxdqRE090=,diPpC8x4FojVc20q3sb6+2EFA/3tHwHuF3VPXWqmOPU=,c/H1MC0SHZkhdiqm931IDhJIoovbiT/iXkSzlnjU
/Cic1gGp/VMtjdhlyJBokAejbFXeU05pd2sEWOiot0dicw==,qkHY7n95uYxTWYG52UvEKVnXb7QHb6sYNQW+9l+gr5ecJEK78w==,zaTZjBuqsZI7rbwG8/fYV/PkMbCIoRHX549i6eGmJv1wixRxgaE9M7SA1oFIBdo=,Afq+Ca0Y/Eq7/SiCXLpFI5tkJQh7R9JXMkbo1cgzhV8=,U6XYavfLxwzeQYKGsAQv83Der6bH4Sv/EXubIS1SFQ==,lTvzTjRCy6yxYSBmlMLOLH7Khv7eZ+bqStyYyHYs,11K3RTRSRWLYvO69PYz4o865lfvggnrAGypBAsyrukc=,qt/do5ZNieIrl4xKo0gQ++eAZMAOcFuF8C7SyICtkU0=,WIUfep1EQead2iheGEEsJEYKasxFvEkYCLkAKq8R
18xLYVJZ59ChfVPvaHCDBiLwd9t8m3MPjKXYDxmbqDSWuA==,jRV6ARlx5FlXGttmWdaRUS4KeWNYD9qtyDk0pM6UCP+NfF8X6A==,eqKAAozwpkjm3+66lcY8JkT2bXfNro17kaO8HE+tgatntHIzEJPuO7KZ+M3tD/Q=,LohexJ+UAiJD50vt9S1usolGOVJ2sjss/AUv6dB3Uos=,zFVsAzbdSGrepSY8SwgK7COQkeTOQ6kSsANuA973pQ==,T9e3mLhLsVHtZil3oj8Iiy0yEMuGgbvuZ09z7s3N,3CyPpRtAER/sAWEc0vHuhy2y8X0rzuuXFsK0nF8QDy0=,C98jrv5kDYEvVUKV1DNkIX/sa84ZIs5IIIQGm3Ix/6c=,/aqO1uEY/rUGgI8f8LVkyk6r4y1lMqKwhiltEkzJ
NU4Tyw+MZsNCpC6ntffZq2bZMEegOXu31q2gIE6kxMojbQ==,R2uzWa8WY9g7dg7g8hajlsHRpQxk32MSEbRZ3PCTOvSEWDnUkA==,gfIP+MfO3CkVv6XaG+VghFbhUlqTDFF9wFCDnD0jNyraar9X+0FQroXV6aPYUvo=,2Anwd7YeRXbK7INC4lNjYqElvy4p2BirA5m/CVgBFS0=,oQzfct9hN2US9EyTAbiTMIhGgU//u+PbxaO0pYwd2g==,ruincW+X3HOFvk6yF5xpB3izNUB3KgYm+YtIwtxH,8SdhT1bMClLoF32+fScKE3eNF7VRnh+JZsjZCbF+81g=,AX+79rvOpe6QvYrsPcEYzAw9urOaJYzhk5TGmspVoPg=,Az/bubx7ktIH8hGAlaWhS2kSC4HozsKpUJezZvYu
mkx731yDZ7oAyrK66HN6Ljte08SpznvtTLJuYftAdCDvig==,WTPK3D6Cu+ZfoJRDAN+FXGMXisg2OLD8wO0F3+WSVkX1mwYvag==,X8MpxS+IDIPSU+NJlneZpFZX5AltzNjvrACE+AenHsj1T0id47FEMXqojzCFB5c=,cikLJLxhg5NbgxBtwDbHWoKsKBt99q/IxdO5OCS0NYk=,ONnS4iUePYxzMntqAjRESq1FgqKQZ1HoloJZjmVx6g==,VftmRF8xF1vrVikkWQ2kLweW0xOwrGSxg2Vdf1cE,TTuDPmwuKA5+e2UPiYJj2iChWeXKzVIwsAjcmLpfbIU=,iysIzpZclRJ9Ue7F5nOdZMOMZUClPiIqRQ6Yxw/E9c0=,cSstXGl3ZKzKzVRpKcQEkGVbp8GRyQXvY2PjCejn
LaWwjb7WpLDF5dZVQXiz3zm2DgvaxqjD/fmWvd1reL3nlg==,iMch1/mSb6ixOYGIUy3QYNE7MWKhmoBQ7JM2Pq7oObRgNJdEDg==,KsPGkpb5qVD4UGzNus4IWhv3TjKxjeIeJMxW5RjuPfMiXMQSo4MegSfLq2vVz88=,NBSXvpA3tc6f1+hUpSeoMlGC4G3O30hqYU+RafhK3g8=,0l21BE0OOcN254ZoU2ryze39YlGA8QZrFnESn7kVZw==,U9d+KlZFUQyY+Dk4tmxSJ1KYPoI55XWx4drTSAjJ,6pbmcleCKyPQGDNTRZE8ZZgkY/Caa7AzhbhPldf+aM0=,YOom6A1S4Gd9o64L9EMjyLE2l2JuBaIYbOOnK0U1Bbo=,l+DN9pUR/XvCNQD0KETbV2RKfQsf6poMu6Ulfozl
XnWychxWq2B4VwTHPHBcCO0TO1l7Zs4zkZEXnWPI1Zitug==,W9nmDh7423rvZC5ZYQHYSB92I0bzyFoOKwojzA8IBWcoz3nvyA==,QM1oXtO3ja8qGW94eXCg5llb7XJl18wobaaDFyjnhT4WBqTxyJ7+I22XpeMRnBs=,V6M6hEdep0Vq5LMaKkeaXqPd60gH7oMDoL/AGvb/4QU=,bpUKga48gACbRVEYzBpQImkkc+uv4kiEuByztVwLSg==,2MTWdahn5iggxprReBZ39A8PBnrrN4EqNfZ08EHb,yx1XHEYc04/y3sc5XvOmuZbU9lUUtig4qP7O55GtmceH,7SM24yVqi7dzK5cvP/pINSqQoqzM7hJPzBUfDZLQFUw=,eViWEuESCPjZI4/PGNE77X6rz2V5jBJfnEINs34E
d/VH2B0d2lHa10SQ6w30KVgxS12749WVzPNLKDKUEBMjaA==,wCyT8XnTVycPSlMnAsQaAsDDLUJoP9HljEvyImweVc24vOrCZQ==,m8Bhs7RTq1sRJ/RqlsYFMqYtYRJc1AJeFVLH+L0bwRJKSEpNeM7XH/G2q4KaadY=,SIHHOvgzpMp4ClOwUKoxNCxGNjTdGUN1Bcux+dbbMmQ=,kZSqKm7UXNzuKKPhndPUmZFV7CtGlLBA/SK4Om36Zg==,tTNPp+pzYGfFD2jPmk3olPOXBVhO87O4C+9xf6nS,VyUk/CWSt77RX2/8nYu+SLCu0oAwPEZaAIKSlr/sT/0=,fjtsabZcXFGTB4F+akkJ83F1JD6aReqzR5dIzlKdbx0=,OZPc7uyT5peIyn2gbuQnOThjCtqiy7E/9z2JOkTM
hOMuas1ID/md0q5+URM0M748AT67ZqctbrYKU9vc/yA5UQ==,zQI3yGPDlpFb+dcVBEivfDXLdVyEFwJfybkUntYvcCI0qYz4Tw==,gkSV0vFszSIBNvmxzt6iJr3D7aZKUUwiuIz1UqkqnLzE6qSbQoDPYHtmDgjeiwg=,M5/xdgemmf6OuaKBC7YO8N5NiTpf6m9jmWCPDJajac0=,SHtZwll9drbvrPPgEL9eJiLmZoyCSraeGB0b/f4yMQ==,nPBrm8ibFZOP0SjJDZ1TmkNWA4ruECkl55dQx7G8,cWR9YCHAxruoW+sVqXMfInFKrjlClfIRvpMxcNbMD+E=,Aifu1JtgygX9gTGvzR+lK15tMD2vvCJBM4pp79ZkE8A=,uwIo1ACiL19tATvdHMmZWSk2/527LG5qVM72Wfib
qhyeeFzyNLIS89rN0jmPNSqqiZ4GiX25eYnXmczfRTWHFQ==,KpMkbIT1UEK9ORegsIxIYhbtx6mr/hscMBx1ySND6U5Jgc2TCQ==,k7rxeOGj1XJlG3iH5zXJ1ajsG8qRXrlviTGL+bjw58f5E8eSPQvn+BOt0qmHfg8=,kyuArwBhaBV23e1v6tw6uQ+ijq9jjhTacwZTNV7Bbh4=,RV+cK++kXIiNZwzBO8Eci2I3LpLU5l+O6OsILEpZrw==,PUeaLWx0RtxWUsJgBtt1KmkgvStwUXIzvu67H4na,ZPMcbgM9d2nHkxt3YdBQRPsQ8CKuGrlsLyUBqhmikRc=,Nf+SlcCdtvRKY77YOJTJzCAa4UMYH9usKBDiI+ijy6g=,WesgJ9y9WG1uAdIkspsGdvRKv0OoC7ZO4FkpEZIK
0ePHxx1PXnbum9Fv90FkH5LOeGu33iZ0M2fOLsXJPewGWg==,h+TSm7KflswJA77/H3zQWXl3x+gYvjz7jQk2MUYfWlZ+GqM5Kw==,DcBvtPhY/GohEyZR9SaHU+1pibg725y6F/g77gx+nhQWPN3BY/+mQJC32/f3vHU=,jzfcMFFEeS5qViRLwr1ZK5S19a8bV1HzrBNhSy1Z1rc=,gdCMMo4cuQ/GXvg08Q7schiKU0P3PzvB0E8NKgoJRw==,fsKn2T5wSC1WpBYN0aciEpABAGrscI6Hio7eSs4+,rgC/StaI6tBKk1lbBE7lQfd4sEuW2njivrsVNMrOT48=,rhP6IG5NOCRAFwPd549gY+bTO+VIgW0mpXjxOsba41Q=,1YUlRs5k8E7o5yeXRR2hDp1uz/wNnetKp+YMz+Sz
/+3e/SCLGeWavkqFlm+AgepaJiJwfCWd8PaykgjGdKbrSQ==,1tCc65Zk0IxXexRaSSm0IJ4rG9hPzWcE3I1DDvBXM83UYuqcGA==,qf9QTkEuOiAHmz3Y3pge961BrebTEQ2Cdt2116gWUGlpMU9QDNVn/eSRe5J7xAg=,4yoTm8n53EL0v294/KxipofTj+8hq8/tzQMgl1fhKNw=,StpabiHu0UupmWKa7G1tvvXL3rEdm2G3KcQY/WdQNQ==,p7a7lIf6MI7CzKkwqEyF50asZnwXjEtuW++1giBw,f3YPh3Ulj0Uk39yEn6JMd5YbTNf9bv4qR4tnlZJwhgs=,CGHcYTXn9hwycUCMqA47FqoQi6HIdHggyNPriS+/O80=,KAso/WvFLGHOtQYf8G1AQoMExhPbHIbdtbUHOG1G
lr5OdDwaf1eRubGMaJOZCFat0M9t6qKf48usfHpb7VydTw==,KBI7ZkNc+c4AN7ptMKewsanSTiizGlvk9/Y1HqZv9ik/k0B+DQ==,2tsBFV4OM/SR2d789aPBlReK+13LCCW7yCps+i5j6S8wEyY6IXT86to+LvzMGXE=,I4+f4QdW4jrdOtbOhuQQhLJk70aq8i6MS5ie9G8WRMY=,mii5j3fYS6H04qrIWe9QY0ZQQaG+WGYx5z0qqvHeOQ==,BrBvkPA16rDF5kEVkrMW6T+FYxxSG3cSpnZwHCvH,3Y2vbodu0k+7Fj+4nLGVSu4Te6vDJ4/+9qVFq9C+HC4=,BsZu2EHhbYpKh3HQad7dGL68vQlf7HhY+jM5DtYbPkY=,I1q3M+BYrxQPLrVWEpxWGspueH1IVKPeazFhB3rg
ISVVt4mZSL1QYUh9c5bXOGDQHpkdqqz30rXmcTJi6uzR9Q==,Jl8NBj8AFMQriyme4Y96gLbFDX1WUxilVkjtSTZaHyxtwEWxgQ==,MpUN7UahOym0kk8E0NF/obT+y3ixTPVEnyxyS5pj4JrXVk1ssXMkkY4/YSiorWo=,LpUYqcTlIw1cAiPZKsfJSBGJAIzYIqMhlvi3zn2khXs=,iYnchnkNYueh6EF/SMq6xSOGHuVISxydbbE8sz8OrQ==,42+CGiOFXje0sDlBv/xpXkKNiEC9H4QEWyRlLfkW,wCPKmKCkgGw8b+0sR2qI+JhokQBsFVRstmUJsutTyfI=,I1+7E7QWyMOhuQCbhvxaSDJbInNyty7lw+gYLm1jEWo=,ro/XGbT0Sm4fpwB6JAK6Or7Zgg/X99uzIDRXjfNF
sdlXF85y43MQYZWdHU/I3CyX2MTtBHnPZKRoeupA7oMSOQ==,gpyW1a6egD0OXZQc6Jq2RyUlmLRx1AHmkIaGnyTtJuiu9u+0oA==,ac96X7XcvQZAfUyxlQDVv0tAATc4yuDqRrPfUrlxXGupv/h2EP0YcAD6m4wi5pY=,EXNPzdtSC2K+5K+pvBNQCTSq12gLWfu6kQrjZ+AK/M0=,VTM47TqD7KyA/rhjMNfO/tyclxIx+tNpIS0uMsdp5g==,HV19IeJy56HiBGJaBMDO9gWtyG1UYVhTZWqQmh3f,fLdA/cwl/gs6n4tTZrtNAFwDkPcbfKCgrnGlOUUxckc=,syjYqmw/3FmqfmBeCMUVQFP7dHdtzl2iUutpTpTKHeo=,OKXN6/3iaDxjfb/mlogUpvJS9wQb23/iM4NyGD2e
MyLhKTuZ+MMocJExt8bPYO9+l6aI37FerKtsukpVitXMtA==,TB2WCBFC8PWmb38eAgsbLI/DUJAw5Y7BK54/WwLZpAQOnM9FNA==,Yp21VoJ8BdbfD8LyEvQ2+8F6OLWtt0yfGBcX6agmRFWpU7SX6RPeHLpz0RLAyXs=,kT7GaGgLLvD2WP4tVF25sE4T8b3r/ewJV5ti2/O4quQ=,LMbGh5falgh88BpCfa+xeJGPf3iE5cIfK2Mrwh3H5w==,1rxDFhcxR4fMiZmGM0tgRSEnmvxz+jflGp33tIDE,ioCAZraTImQw11LEgtHchvXnuooVvwR4GrY0P+U/9W8=,UibzS/lkTWFfUZYszxQ9bobZztJ6TEC+mms4KWhMDSE=,KlApbGklCl8oZ3XBInxRu35CsftclEUpVG06cFid
lxN9f0tHxdysD9jWkClfcvq4x6metdTWuHGW4jqoj3mIbg==,m8X0CY3IytaHCvwg6ZH8GNCApua7PPJ5mta2Up2GEGLoAUn3NA==,0UKB9F6xfGUXtJM3a8rKeJnGt84Sq1mCjKyjbASS37DGlzlCwk3LE+XVseJhmjY=,ROsCBId+Q60bphhnR+l1wEzBT1bY5smwJZzN9Ahuamw=,2nbUefeDRrKAp2ZVSoGPmr89KL2NoaRmaaaG6u0K9w==,aR2Whihtyl9vT9F7y4rhQ2BkuSVxJKxnZzoKQ3jX,xYa6i+AjMunSa3qwfV3Zm6T13jammepIQ4vlaowA6hU=,AGpfsEFrRltLAQ0v6QMVIR+T0nt1LUvAjrS8WRs7vbk=,cYpRcYKI7TTKiyXEY6nPm/ePRFjMSc+sxy89tfT3
i4H1DvrW0xCtUyLg1StPt90bU56CXFy3FsL+O1W+UI6shw==,4tsEIV7Qf6y+Nuz+Ry8P3O+g8oU0F2ZFlwNdpeh6jZDOT0LNvQ==,soT2i/2ez8VXkyZKjvTGDfM6UiTyueUa3CFeJysqilCKeGZX53Ziv4Z3egXgXiM=,wWH/WC7gm4mind0GYcHODs1ZYWVWnTz/3ABunrtrLBA=,jl6WLSvOb/TUVTUVLj3fmqd1vCHwEV5GLh/z2I9hwA==,x3xX7lzDchFtPU7lEKZBOdvYdRgGxkf88To7WASl,ovEF9pQScWfx8W0NSzaBzGrceMd86ap4y8vNLwWWlvY=,0Y9fTM8rjLcvC5rmhchTos7xDKezzG1eYjSYI9UxEjY=,g4S9kbjFi17kz06GLG58Xza3Yg0cHgGa90ybe+xo
AhM9lBiRb1rwhhO1I8FMd9zWh+ePxJwKAjENFkEfV7Hong==,AwJ4OncZhau8kB2qaLT0mG999vahhW2hn6G0rJeWdrjSSBIlBg==,NJbss3KTzP10i7iM5wvZAgquxK1mvxZe2DSLL5VlFSzwp+Qa0tXh8Z/f+zQzYpY=,fuBCvbhQvwbikrypGGFkMf1ddgYM27WmDe08L9YI8hM=,vtboU0c019X0q+jS9AOwEo+2OTO3CHTNLp2lPGfRTA==,OhLeUZC1b3DDnTkzcN6MO05xbCpIB3Nr0P5p77xX,mVNhDgV5nbl0NM/TbEJo5HZoDggALeHBi0e68gdEgUo=,BWYSIBpkEYMshTroEHweGZN6oumzeKn/swtmpJqDVdU=,Ypa0dzJkkjjwQPO5VfhF9bIKJDnKAYm2NXdp+hGM
GCHa+djzMa0DSKqomU4aBxuedBKY1LADKaswRyEcdHyGIw==,7UtpXm65lFijLZDfjdtRawtHkRZL+E88pMW6C0H5gXhasaI48A==,MiKyBpsxf+XaPTNPDW9mMEwblcLSE4XcIOyHmZhaQU5BstH4oB4LZ8vbuxb9Pqs=,lqNlSr/ItZTp5jjtTWu5HkcdSYrnFaAigCeTR4l5HgQ=,hTorpJmIlmqaNc252gamz9FxlEtHTQUXe2vqPrvPsA==,5/os2nahb19qoIHZxWYjVNR6nAUHMm0eTmTStRTK,h3YWPz7IY8ZG+MM4mJlefo/f9QUue2P0dTPZtYFT6sw=,THT1y7vXwy+kMHZiKyaBgdRqKWkziqHmSeJpS9mZFHU=,9Hte08b943jyk7Y+BnKDl3vB6qnNqM5ysFWc6q4y
bhhI4YS3DFN3V6BawF1p3lX9yn4phnRBvRfkpn7FQU8n1g==,zkVaESWnAd28SuaktEW+y3r6x0ns26B3kQPbDMw4EnXEIwzwTQ==,zvj5cyIOzhzFTAMR0jkh2IlRbQwP68LAPVfFlHiMQ7udeWIuJHEf5rGSPTcW7vk=,UZaxFJyZyjvq8jbyJpmFF9TH/5x7IZoUE8w/f1v6yEM=,I6LCjJdwLibZ/Wc/sGsAZgXP7ORkL+WELkHdsmoEtg==,vuqMj/CjsEdInUQInKSeD1rl2vilGUj5VYLSEkMI,JmdX0FoKcXkVr6xG2rwiQBZQcrw2w6Xpds/M60ymMcA=,ZbjO6n3ctxgW/c+yO5xfXzv7PUvLVZJ7F9dLmMQrrIo=,zDjLVPuq9wl5u1vaCBenOLo72fhuMjAoypw/ORlb
J66jm2tqACwGM+tQ6QsruDEyvDPKk4BrPRIvSqZwytOG7g==,NM13j6vw1RiuH3GfzEgFKc6vBM1BCxKcNMe6l58odVCeTA4l/Q==,/xi4pjOgSZHFYvyk7DDWmajMfbkCC+Ugy+3plWqUtNhVSEV1j+dbpCKpThW9xMA=,JSeuvuGFGizvSFwGKO671IubcRLJw+ekJ1BWvJjSJO8=,7NBBcsnmW4uE/BqqicfxR9wmX9hwv4xlss+6Q4EW9w==,YY1MOTDSSEdTEd9tGCItAW5F7+DHPuApbvH5vAav,2840/BfGd7+kJQUyWUC6KDkx+PlDUJACceiq71w031A=,YmfUdsx/tC7chy/6HpLwFn/fQfoN72U18SeUjZpy/8Y=,txTIvDfOpff50KfqrqICvjbTLPyVupWK0B46H/J6
qbV81UR6OQPKnKqtZsh103gYDrN/E1TlyWmIHjxChkjrRA==,vctL7e8Sx5666wUJZwoe8EzhZV33SaI+28tfH7GD+5DVSJYFUw==,txB3dqysg9V276qFAyfUMZ6s1/pADpj3nqpDFSXwxcc/RjaTFQx2NpM6QQB28dg=,LiTknBB/Wllpg7Jr5Li48uiWMgs/aNVZCcXFvzJ80PM=,L1B83cTMSskCu+W7s+QZo/LwFeiaw0sPqxXmXIBw+A==,zhoahFjm2T8HDxTEjp4xWzWup3Kj7gVJO7NrbGAx,XKQc2KJ97+qfBrrq7MKfobFAv0pmAQvs/5tVgDPUDZ0=,Y+8yOk6dAySe8SXrBukOGIxLfvdCOZDEaSYF4TfEUxA=,lXXHyoXfiI1zWwmkFc2pHkyWDttXQQ0b05F4wKQw
2nHHMFMXqBjj1T77lv+K+LOSrpmv0W95PMS3HniK9XT9dg==,jOEKUAGtxkGpyu+4vkrFjiHqMHghMEN9rGaVa2BO2Y5CtKXh3Q==,CenAD8QmKLh/1qKfPjIbH0HKQapqACf6XY4GgPgozwWa1eKp+bcww5ow5eNnjYI=,yHeHCkyF+gToon+nlRx9YVcvdLeXI7IbWcWlsbU/9Tk=,0Ou31nLisHTC1ult34U4w/UGIyG+ore2ncMrppMQTw==,NGOGb5YO6dVLvr4IpidVS6AYykEFF/9Rc8EC48qM,Z/O0x8uQ+mtXS9Qgj/IN3H73mamxnKNpigEeAN+CRUY=,8YbvFEQtVqcAM1jrC+jYPJYpV2jU9NY2ROgaYjyu2no=,tkWPOSjWwOK90+gfuFZbf5DglYXeradzXE38P+PS
03dDQn8rSts8krnaE/+HXNwC1NSTJxAUY2tQbSEQWRg8Lg==,KNlpLO0qNMM+YNI61X3DQfySPvxmlduO7ozDUXvqnMbLWJ6TQg==,V8AN3Su+tz1Jnm8fHb8Xv3jKlKbqpXNplQjSTwjGQvMbQV8/NFMZ4kh5O1fpEqg=,HpoPpzwt5UM9Wx8gBwk1Z00pHC7KrnVSZsvS/aWUYDs=,Bzb96yxY2UasjhlvWYV9WhgOvWCAMusvN/qiP5AE1A==,mHNZF5Iy9PlCoIsAjlu7U40OAi2t9pob/H0ufNx1,J/0+5SQtjBHeRXmnRYkaDrJeroT2qVMNqnl4Xm/EKRM=,CzsRUnSWtxKMj6KAZCYce6K+yUtGsPnnovVJQfPT+Kg=,jP9V8le3qOrruyaaRLiF8ww/LHGAYiHNmSUYpab9
fkZt9f07a0Lguyg3GDPtwPquKtSKryhkDWWhDXfwjRc8Xw==,TelkkmGKWpgAAJK5Y9yLmkN0wYDHZLAoVZvHyPQHcini3AJ/9w==,rEFtXX5gxSQuzdVQUL0K/eAaUTttUCPr26gAH1ry2H+dj48OA2G2nmrBKGxXXYk=,XQI+kz0SbwtwTO3DJgrdSS2ah7NcA55SWu4KNyAktsI=,Ukj+I2ZSujV9NThz/IFmN3+W/t/k8wPDi22yR/8R+Q==,pcOJrolU108pSiWhbJDvPn2KwpMaS4jvbnv7R9HK,oOntmHVYe+eMVW92gih+5dCQtVJt6oOCuIzo72lHV9s=,OIx6JL7F+dNIEqZaYO82M5EeNQ+p8z4ea9BIO99QCs8=,BT3B8P4b4JAlP0LFcULGk7tCr7KM6yUOJ8WK1QWw
y9EtwUW+IDaEEAkngmJbjGWoz+oAB0QPnq6vkd5nUt5zhQ==,p/k/kPqoC1rGDyOeApkZJHHpRSxjDnP1jYRx3u3QG8x/K3DeLQ==,u5kcyju99S2R0P++dnNZ1xAFDHqlzBWNcPmGyBcJJdMaYBDs/j3B6/Izr3wEZL8=,/COBTMZqWbYqHEthsGunc3qZX34V+Rcdg/CC1deHS8k=,YYQNhHhJj03LASpEQmaVlMrqdEp+TNMjmM7nhPlcxg==,bklWRHwWntiHLcwiGLjWxUkIKJoWdVS/nAxW3JXF,2u6gAL0GXG+JLZGOYKp9Y3Hdlam0O08CYLZga7phebM=,CvXNp582uPsoGKba0cu0tmEjhm/XlXIuUraAo9TV4Jk=,oDfL9TYrOs6tzkj/tHZ3XuxQX47xy5AzHIwd6KGH
/eIQqiHv8hQZWCXJx/PfVuPCJj5GTnTC4dlew+52DdZ0aw==,5f/M5xpQJBZ3C11GmGog2Weh5FrhwyF/LR7YsoLiYmLhcOsNGQ==,/DdCKqNdzpVjQOCIazYc8DjLdnIcv9efj0ErQ5WpHuDuNKPM69vlPrfEtwbf+Vs=,Vdu0M1YfKx/k28ZEGQU+5ZvvgPf6qProY5oG/t3+PUU=,W8ZyBZtOJKSNX+/0Ckp/KM+Ge18aemDFfJGJC5OktA==,r4ejSeOjSpEiDNVJaoHPbb2fhk0vUSpS/562SGy3,ewfVRhOs1XCymZ+GYCwd87RdQAXrxZCl6CytqBDpKeg=,pMyubSPB/JpeytgQYZp0BgIbPc/9zozVmqxrT2jcCh0=,VWIpbuxX7UWDheHujCyz45dKZUtW0ikpEq2ON0d6
eyP6jWpq4TR4nwPApDUm8o8lzWUUqWeQXIO1QEPYpimIAw==,kjxdVbur3H19EcaxjL5POCGWiLbyItXLhNlXFSLJS3xJ6j80Ow==,mANPZ7dR0NZlEru1G+KxOYBE073KCp11DQ23vfDM/9SYwFGVXFU9iTXMwduyCr0=,RkI0nIfM98bf5NyDDuwjBQlDFk/xNQ2vZbgjGoPfTz0=,Sui65bKumRjm1roiMWT3qjpObKzbR2NVJbdCwP8cjA==,VQVT7M3wb17BSIabs43/z6ua3ilAMEuP1IMlwPAp,q/tQ+9SU4yqgASblgsgZK5HMkNN0ZyerNICu0ox+DVY=,BVR7hKDCw6teemBebm6Zbk3ysYmkiGIR842RV/JVJoY=,Yugpd6W4Nmb6B/HEfixxLT/QtkK9aGCW5t7eTumM
UQ73FPUB8PfWsGhjCQMFUb+804+Qlt/nUp9SaGmkNZnwcA==,XITlDVPRM8wfIooUbUrNFztuiXYiXoVmbVXySPfFWss2EGBMFQ==,vWB4lZ33FMcZcF0LD7tWhMnLbJASkWZRJ/7LtUencZ4ynYOYof80VtDfbE9Xd2U=,0cDgoRVwi4o8sxKlxhb3bctwEz6zTmlsaRODNDSHaRM=,sEwLRrdHHSLCNAU43N68AXqf3wxXJGvusA4Jn/aNrQ==,Oq1tuwy/1CzWvypQk3GGZcikvl1aiv/FS1heVnmw,eqWV7HubLGy+M93bzGgsx9+sL36TMdEKEVcVRkepZLM=,YYqDK4xEDjkGbxHwkbNBjjoyr7EGyK/cbPL8jkQzPDM=,0+x1gnCSw/OMnA9UzU/sC1KPwR66JU53hNimnnFS
Ak5C40YldrR4RWhC1NQ8WOBXEAOejMamJGBYOk8Mcu5F+g==,qCghYCO+PMkAkHdsi/nu/DuJnWss+OjunBWjbPW5wQXtEtz6vQ==,OrUjw75HKK8F3DfDn/bo/thVECDQTuxZ6Pj4FQWQNBWCwh18zlvy/gfgx3vvYaQ=,1dI+6OM06qdkJRclNR1XsgJCPe7wSJDZSKBQNOIjwuE=,i2f2ZHPdBrVYQCRftPX/DVa9QXQpOR+MPnos7jpqKA==,K7UKw8JrBaRp5gI1zyBzuWvY5KN12b/ul82Ur+gL,pW2yzigaMuI589JwV5FqLS2Ulpyj4a3D0oQb2EaHSRU=,2NONz7I2OjaVNXr8Hy3PP19M57+pkqMi3lmk6Ij+NGI=,CFq+cB03cfdMy70TW8imIVf0HRYyvmGft6ZbcdA1
RxS521TNtIbTmKKcqkoLSEZN7LBAexG+FtoRSoIG0RLl7w==,xeokfhpMsiRQ2JLEQtgB8BAudHEQGA/qlxXA8W0Hs6zoOeI2fQ==,JO/DI84z2/2Tg0ii2wpTUPtPoMwq5TJtiEdLPIoLhKpn9lDQ8EpcMC9bJ936vBo=,xqh+2i8cNI9qqJC8rHg6Ad8YQiRSb98fMaJ2vYJ3MMc=,kqwhqANnrVrjw7DVg4wjyl8tObz/GNNd38GdOgP3AQ==,NecJ3oCB6USOXuZjrAB/YE/WlG3+heE2G75lQ0D+,2t8AWexXgaYDft7U2gS/ZA8YbptssR5InhOauqOfp2s=,Ejy8aTTSgBSJEX2XO0mhWPh4C6kq1agHVEww1kVl3v8=,SX7D3ekm0Wr27ftw40FOSEEqdawYpHb5fMIMFKd4
xGF1ozLW/FUlDI25FAgZbdoQE6lJqiVlk/e594oBXJsW2g==,FyAJTjhe5Zs/BGrP4b15OX3tJc+gnXC1bIJjfLGh54Apc7OW4A==,/OMzondTJrLXAyFL6tjFDrg78ZZNkL3dP/cC1J39iwSPMkYmtRlHZAD2c7L5i5g=,CZ5WyZ7N9Bm82M13RaNyiqrsWI85dCsloO3Ht6YHYu0=,qXax9pyDQSuPyLOHjXjKwe4TJHMFuG01kcFskDP9YQ==,ej9dV+dhjf1MfHs7VHepBa9ZMSeD5cFoVDXETSNL,kxEzN+X2l+DPkcmmWRIXrnpkQrmFeoBZ6rwIU+Ji2bw=,tWL94DG+MHAxusM4RT3dWLZ9w/AnCfvq89TOdY4Z8YU=,F4xXV9q71Wp4zKMlu7EWqUpN9hRDY5DDI17n+nBU
bgCWcjjtlfdH5z+dQz/gx6eReA9OBaHtCwlMDjimBJQmWg==,XmCTcWr9/KIirCz0l2+8nhqTvM93YrMYWha0XxTEhHk9xBa+qg==,O8/LiT2HXouTM+gG8PUmUd8waZt3EImXAiD8pjdqaYY0ZBvzJPuJyELTT/Yth6U=,dHdZdEsscK/DAYw4ZqVwm/EG35RqxlnWQjthfyANggE=,Bu7xJNQ4hKNddOdgk80+4oUD+ZNdMjyxo57j5Hf6gA==,xC4uURQ/vfiB+0tBf/YVrjUkvPqOpOXryRv5XslQ,+sM/2km3F0mVwb5EpSREmqX7g79lDfH2Ywz735MpV/g=,sVLquHOhD/Dw6QAZtg4qbqCBw7JPdAVs65ePMRbibpY=,D8gyf2VoWiNAxxLZuBb38e4iE9RyKBco/ys5Rqu2
HdxD/4iHLq8ZY7M9jt2goRVnWDzM1JLMDpBZnjHv6tgPnw==,ArOCpOnpSvXxSXkvMmvuiHZKuQfbLXLN+2HfGqxScwX7VZyEIw==,gguSNfaWJETiPTopL8uCuGINbJ9+qaa+q/PwUL1nDsRV6h6LHorvgapQpGrVP4A=,p2eyCiFqag8uZMGlm09gLGvN59qeEU718hVA0HBX8bg=,apBCrpjbU1UZiOKI2ZlpEvcJ/rWTSnaCRzwzfLEuFA==,rFYxxk9UUISCVulBde35iSVL7HrlTV5k3+V+VLn0,jS5TDOVRcLZSgl9+EFGavURg7w8HuP5v24X+hCFnWNw=,Ku5Z7pEY1KjWoWNCF05SzbmBkpNu6ihQRhFiDwtcP7g=,depLwB8AZpNjw9phogQq5Stg2r8/CGI61mo+k6xs
vQQ9uV+zLsi+Roj/kvmpN9C6eFHi1G0BsiktkGdzExWnYg==,jwZxb3joKevt/thU6Z0/D5yy7VT08KHDe0Y1IhkAmoNV1LQD0Q==,qxv7bEPX6wS8CJ1J8v4bLNusivosXrkhmuiu6IWUATks3LRekhz+iGZDflN684c=,NXLXiOpo/0KLNWKEJOwUzDhgu54J/AMoIaF9YrTbleA=,uy/TAgqzz7zWwMl0Fwz7M+a6C6SkWilLFsOtU1Y75A==,bFUjsWsNsJstaxh+7nW0LXcb9yheT1UB611JWWIC,hFofVbBjl97iS9pz1jeTAgSrkBKHmfYo8cDf5B5tjVA=,kLY/SpU7oCfgOnMXsZIEi2ET/X2nGrmGEwAk5CwYbQU=,nko5+YZjeB4zsVv5dRc2rApaRgPYPafiR4lHF7eN
Lk/7m8horNOBTB0zIfH+CWYBLQqo42LsliUfpLKZfOpVhw==,+1EUfglu9CQq1DqhuV5FH3RWapI0MxSIAPDJ9a4lyc2mCubatA==,eYQalsddpxC3uixPO88wD51TGzyevpiMmEBVpz7ooGr1HfXMdANKu3NyuiUuj+c=,gASU40vPonAf5FIciHeAWAgwAzEmo2xbW1jPKHKwU5k=,cXAd86WGthJwD0gAqAfXUconFXUzE2f66S0/gsXXtg==,drD/NngpRAivzXV6sRiWt98jQSH7hlC/ORC9lrfB,QXxLxc5TrPAenhhINTImdK5FGQyzzO231WRBXMIeztc=,i4FyII2nNNrzGPyfgG+/+hUKXR/b9A0RhdQuDf32WZc=,WEaVCIiy4lCXzA/5wRyUB9v4Ra5aef7sNs72+nHi
teu2g840N0SKLv39E4nQejW4u5/UmoGYsOm0ylOV0Lauxg==,C2KcxKxptfi97743fpv8z+RG7/H8dlK27Pi92UD/e3J3FM01gg==,t8FtCFtcz7UP+oBafVEwTMI2bXpNU3++f//GrVPDXsWl3ctp1y81c6bu/zkloaI=,pBvKYxOJ+vJp42Z9XrxkQ+XEWPmB11osjyToIY9VlaY=,3HvshMFf1UK5DVCeWrFsPccySDL2xbq760k2FS3bMA==,jmjLkdfjiIdUmrFrfYu/+1Jxv4/+PYXyYhTREwrl,wxmZbAvLDwO8q71BF0CeBCNPSJ5ZavsDXnUo+eMTZfw=,GMjFF/NdJazT6t6XmQDwxX2Jf4HZ+h45bqCqFw5oUrI=,tq9EX3U0Lypj1auSO5eT9X5/QpJaokEAFBCbyGyY
pBCzTmHmYP1RDOiQyErv8Ge3EXKOQ0fVGukjRRDa0hyrXg==,q4h8Ujv6zi/5sPKV/AcB/BLTBxi/JeKOfZNYx59KqFh8eWMtcQ==,Xzy4+IR4fNFeIcO2kGbgWikoYQ8I6YpJsFQzD3BoqoQlaqkQG6KFv96zRoUzo1E=,zCHc6joEhK5rwVfSc6VXMye73+C7CX37NrgPk4AwnNY=,cHu31kdCAox8mJJv+njpum6yZvF5ys8JYr9PUzOfpQ==,vmMH+RUgcQkHCXO+ydN6Eyll7qFGtb+3DAlj3W57,dyCdi5GhblQiwwkhbw+hH6CvSLRlzri0ummuOXPWKz0=,3SZ/JAPMq8u8LHVK0taYSecu0KPm68NNr0wb538C/yw=,j7M5eDWSJpA4MRyrerq4T0OOcpanrsL1vHTIZriL
jmG4mPtk0OQzZT5djPRZBkxNoJPu3T/XTh57gIWiiU2lhA==,c4ZNnQtIEFt4KoohvdG/FPy9qAL1GXNudO9DWi1Qqz8VRiaTIw==,lzQmM6i0dVPE+NroUv0ngUBS2SBPB4OdYlV2DtSdOw92864uCSLbMTGMDlTu77Q=,9ODxc1en9QEzweNSOibnxXxJVRtAH0KPGc7pIUrx4RE=,GsutZ89I+OT/DJWKUuCGQqZgmQx+2oqSX+AvWlDYhw==,L42+dGv9YDtO868RlcPbJ+Y4W3dpeUaViSkpKQ5+,QDPHzZrqDKkxfhN95TJlbacvNOfs1Q/vYxZCXQFcXIc=,pAxIf+lpo84QNvQ7nmRD7HKx3XfNt4gBw44WRHA7I70=,bUYrwuhIV+FqUi/a177IdFGoIZYgJYLYC3o3UzPo
UKyOcfDUbsBC3X8lXJ+zWzk/Wrc42ElbtTpATcela/HfGQ==,f3zY8AhLRtB7V3YlqIn0FcoMAwVkIM3WjEhhIO2teQxMz1pOgQ==,H1IzMIqOpZKRE5X4KTA1g32dO6uR4FWxp6s6z6nuB73InVaUtWFUYDVmVJ7B4bc=,7iW3nSSi6hOUuHDpf3pP8XD92JiOn7o2o2bV4efGxZk=,Li7hAVdzI22T4xDLFiYniOgnxcp5G+Hg7p2Dr1IhRA==,rvHRgPd4ospuwvWpUoIfNwPvkaqtAZ0koQnlTSKT,6lFP3soK4JuSQgxzJayYIBp6KU0fSoCORCvLdCng5lI=,K1fpPikefGUiUrqa/1InAr6hQ57EMrP/lLbv2TbwYJU=,CQXzXvKO3cMRU5AE3v+eatBfoNAO3JL2doGRzFn4
ZL31o7piBDhKn3bO9/ZUnH0TZ7i9XX4q64RNIafuz5eCew==,+Dhj52/nSDBEky5ZZIRu/IAh4MKm5kS6ShkjwaZ9QnfxMbs9FQ==,Az5Cpdp1gmiSfmBXLwh8ZvwUZUT1Ut/RRjgCtr2WaMSH2JRVCBMn6dgJe6s4H+c=,PaK4a5jAPMTDI2Kg2AnKQVgBvQydUUFk4gEqu6lIkXc=,+1bW0Rovk+TsnNlUbCnA0C3eWLfzqbzg/zRS3X8D7A==,nFaFlORmjYPfanL/MYIPwbXwymNhY1BByYO+CGwh,jRYKom4Oqky2oDC2fAGa66VsGGDxlmWhUjHoBu00ZXc=,I7jk6ZdoJVXKvFVcwBUKf8BDUgUSFcFHBqAjKkFEIxM=,8jIpqCQcOy7tlpkRFy8sFc9c7zTCbcbZQ3FlCsrq
3vnO0fTT5xECctfjrug8XLhzXWq4eQjusvnmuENJZya+kQ==,yEhVlmvL/iniFS1k+VP1vdOk0NpMw27ju4BNXAnwmITV2bMLpg==,0t9Eqik625C/fzMXWHc1VHmtDg6rhndqjIJLjmzj/vjuKLUGae0Oe+WCkV/+EWY=,M8ylpj1kzCUWgfcXZrNyFm3eRUli6FVwaGmdwrC6uBs=,gF16f1symOTpP9rxD75zzMLGsulOMh5485qRmNkvPA==,8fzO8L8RLQBcsyL/d6WLVgegJ7q8zQOi3GWsw3TB,xJe2nrVqp0/gWKuAtk5iftnMa4dqrzySaXdazppMC80=,dqvDpCKdVOPFu7O6o1wffdEuKF79YBGuMQ2PLvnzaOs=,2Kh8m53nBMxjE5wqGZalk2n5sdNTYOyNf19KkUr9
TVHww6wwzZwiIoWjr8y0hJAt68ilOJSCavnknoR2lVWPkw==,o7Yc6wPGvYLu0hIvknisa0Fm8NHp6BUIWxZG2lMRPes19g+3sQ==,1g8Bt6F66jRr3cHYt8LKQPTYioHfmIbEOLZToU4e6YTxU99ajzpwESsSausg+BU=,LKKosr3O5QxoH+YjadKy70MSUhgrLNnIxQXGKS0eDLU=,FK8+w06XGQF/MRqkGg1XKexlN9i3HX/nkx+u1bX0nA==,/isksx0ntRX+wwxk89+5HK9QvePx3RO38qB/LCjX,ZBwz4DCUGLJtT+GBzBqSXvMtqYRIRet99AzKucxz1ug=,JQiQXHcQJ7JPNB2BWQ3YZQVkUdxkMBI6r93DSbiqrdw=,0S7vQdkBOGDnVXGORQHNWKRB+T9KtOrJWxzkHt+z
Vv4xxveZ2kugWlQtzse/SKXa3af2onudwNA4gy/YpbQnvg==,uBOHdK4P1sWufhcrpQiMczGpdAlUPMrKcKZ/Bk29NXLaYTOFCg==,9CJB7Q8NTgcWOXYHEciwWOtXP/a8aBS7lDal2hFA9JMB8SzQ/CuykWRcDgxtqBk=,iU4yCc1bXUpX7fctabMPxnJzQjGQA7MrD7dMkD25FS8=,9kNwacyJ0obYcs3Z7VEatp9IiReHFEczUZFnywmOGg==,H7D0x7ZJbztm9DtWkc1OTLRRLy0mcYZzuljiWxEs,xTCTfcPS3+udSrY4y4mUtFd9neuoK5DL7VuVI1Bzoa4=,uhifF6a8MYJRdvwrtAAmtXykKfuZO0clSkoHHh7JdEI=,V0XMxCQvpNNubsr/GBtEB9nrN3w8BvtDAf6n7/rX
QYTosLeHJJlOtgmAdPjUVNtCuCyKXMGQCWWMs98IRgPOWQ==,eYYHdzm1cmFuwLf8AQszllM7kABmySFue0Md+B07if8isQVycQ==,zowsrdNfdjnnygz5wc+JuL8v5kLY8LHI3S9pr5sHYWZ1DQAfIDRamC0QhT6Otf0=,CaUDr1L1JIv962yW+JGhjdjEf2axy8yo9NZj/QH51Bc=,k3xu/9zulYQyLohqKBd94+GUGBPNT888v72JMje66A==,yTZLm6Qeh31VHwfNTZ+QuYFhDxc/o4i4kSnVZjib,oMPgpVd5GovMt7CIiKp8fQxs7jnebt5PcDgGo8DqLqk=,99m56eecespnbdu6QEHNGAhT7Ji8XhElFP/FueOWwH8=,trmjMNLYEnhL+aBHj21t9CHbuXjlFNqP1h1TdYaE
S95HCHvRMqw06uhebxxx/1NrmgocUQOCvYolkrZVhtl/FQ==,J9sE56sYP1Co+iFTfLxfdlS15AhdN6HC4tuxeJa8SOygrt61Ig==,4NsXAO0cj3Ql2zMXptPb0zn8G9IJE0IN80WK9zaevN4cUEFUHpYd6Si4EwWY/U8=,xwIpX3X0OJEuZt9ghtHhznxsI/19zN25EzQfadz8l2c=,gt7EnYIZ0b87pOqBdHUdH+MZnQa/6os0WkkDmWpjNw==,gJe5HFjwiY9r+/ksjvu2GS4mZ2ePsV7ZOII/GuYa,zO+jEgfIGMPSqiQQ2QDKlClz8F2Mm9pde/ta1Cn+70M=,TwE4P4LA+ChITkaALik4Zmkz7qx4jzzYFqGzCTYVDH0=,ciyuxkNlIhF54U3gntJr/J+wlqsXRhtrhGEFol5H
EB4bzRxsHbVIlva6J54AaKrDi2+hH8bgSpMgwTVTBTH9SA==,eYQE8QlnTqeyXgJtlSykot6BswiW9ZwkL+UmauwunJccwe0XxA==,0SoXxuanLtz3ERk5VvinpNVbGWIh4vPB6mARO34sXl/excj0iXH1O2FzforI5Z8=,zfSl3J+AKVwBbIl+O8PFAZgebVPC4VTEoBZHv9iKpXY=,EZjZwdv+m9pHolvc3BWc5Ccypo0mlYED2/mz5nMOBQ==,bDmaAvWUeN5Mc02UkITyeiTXFkQ7e7ZN5ezKquLm,ATHx1eXgKoHfWP+pS4NAbrGG93vkr2xJQufwvO5nNZ4=,b+vT5L1J3ZUmBMNrVGTVX2P4Zsgb6W//6mMmFwT4rxo=,mMsAHN/l9rcYieMRPojVbbQY9l/yv9EG4W38BMSO
7ho40LmcEtMnlaW9kfl0Ur8HB3tvzdj8SIfwR9rWmgWX+w==,2Hho4qqwviLSH8EanKAt0zAff+X9aJiCq5UAxszDu9aNFXUJ+Q==,g7sQsmaLEsIACMjQO+MllyhSzaekDsxSZQaBw4jaKvdvpuu2Q7Hel1mzcsQVSAA=,qkGmbxqe7Wa/sYkMB03EvRNwVXOcYoSAnDac3SmmI7A=,e7eFYpvfSfdu4Lmd8U+/avPhOdhX/NDTsd3U5MJnKg==,D6RWEpcwgzsS/wbHibsWxpHK+lw1Mcen5Lx4Rmld,Aq6HXzS7FYHk1YhFwwefm3Vz3Ocw/Y+jC1nrRX3J23E=,E0in+snwMVSFyqAww/jYiuFAYf75nzGjRmHrZrLwdtE=,jXOb0yBcdwNBNmOGDvwBCfU6zNFkPWM/T7YQIKnG
otC5/rAWSG3FRmGuFm0z09TAPKuVSWnEDFD3zM8wfOVPJQ==,d5AIJdVcd0hKEDEaVlt1SfRE6famyVFHNvrGVSrKXGRnThGXdw==,stfshSs6j8ZQGN8IZrhyYy/GEsH/gIoa8uliOn/sufSzRrYyODPzovb+ewjVFTw=,ikRRzEoulSbS1nr1VV5nRgs8usijmyLM5o+NAtWnQ7E=,pBbr7imLUHvYiiI2Nvp4bqC4AaVrBtiHfSicdnFFEA==,4kGmGt2JuXXtzJANdcGGC8hTWfqR7TpPQIlRl/hp,muB52r2EtUNlMpMYbnFXaaMeT2auH0RQL9LleqbJxSU=,N/8nf4gQGaEQTJ1vCzd8WDiFtOwUIhUQMswq3V7adJg=,4V67b0UR1/XCepLwJQcOvep9/MLAYNLzq82eE+zt
8cuezdrKu7ItMXGiwuBCZVLstcUOq3ESyF+cU+xrHQSkIA==,OSqvySCsS5FuhdvGPY61OWmWz+Cw9id9Uz34xyGntlI6+9Sh4w==,wYLQBjueMas8pRf2dGLIUDKFdrmpybpivqHjZFpTx7FsDQeBwcHHKiE7bbd/gnY=,Fzadt8SHh8xqcEvePbjUlXjl/38GTetIYVhTjko2fs8=,WbSfCMhlVzbf2Q7/xIQhBS0g5Bwe9Bs+A143hfT/Xw==,AFtrqa2dh6hdGJOnuWwAfL9+2V9cROKptrvru/HS,OZRruHqoMDANYlNX08uuE4fR549VFp4SZCaZmQMRrIUD,qC/lBn9XNYGhqmTmGNnih4e4PvU2nhDvimpSE2cvcLs=,NSOQbemd2Xa5eTGsZpEt68hFAloQPG10FnzbKEtA
sLgCKBIABaJVS0wwLPrubo9cJqh+8gKJD53IW3ffsFD0xg==,jbzsoqvUn71fDv/lI1rDCX80Rh7sivVDtiuuqAGxJiE7RXExRQ==,Jm432/L1ZRsGQ24nrgpWVcs277J+1gyg7FOwLW59D4uwCCp3kvddeEaeUIwbApo=,J61m14PjXnfqUnkO5NWZEa0mFpdWLcWYFVoezYx72BY=,pC3YpO8XecqS+DorZUoiQDPl4eu0SUWmW3i1RV/EKQ==,8YjqhJ4vWUwADAIec8NLhQjv2gwzID9iAi8gDfhK,gMC7lhJTo4kzFCleZibFWwIkAXySeg58TP54USfsY/U=,TN7YXuGEKuVuf41luStsXxCFtR398aldFKgBHxH/7PI=,l65Oq235dvCa3twb4QTugsvFAtTdqisVLrJCZ5Wo
Y/HFzHM2YMTSoISiHdjGIfFyj8nnlFBvDpSwlU89jvWfXA==,EjAT/ZKZn/afI7OZAx4zV+o/8vsi9AD04rBCeRDgF5F9hH08KA==,WLtCc4nZzVEGEfd1lO3yIHWvwisZT6nIyROfyrs+oS4724444VxLbqoD9/KGA/w=,St/jvEmC+Zq8O0dDbv23OX57r11FUIeI0nlZJEExR0Y=,faA9cYM6e29+t69Q+VB4TCUNuQrGOG0Bo46FJ4eqWg==,P1i6hNAlowRYtGJvG7Wlz5QAJkOXthCmVc44AqI8,zBNSo9oe/9j89fYlkejTyj7ok9wtZTrqHlOUxLjZu80=,bcEyXjUSS1+EENh/L7M7vPTuMzalAXYslggybXDeGoA=,Vuzn7IxGImGyWjiZNZSfyoevbNxTIdBMpvZqIYWc
ilrIJX+1NKAcySNK61NlXlL6MmpezI1biPAVcGGOgIB/Vw==,Z4f9cb5+RWyu3LMKom6L70UK9K+DBiF88sqnzHE+ntDwgfYtLA==,XWpIH3dXf2uVfAwdbAptdh3n6ACGeGYhP1ips2LqrJwo9uBxPhzv94GMZH3ApT0=,T4njXa5qSdqnbSqoKu/C2YAY9R94vb8cR2JADxw8674=,bVFtp+3O/i+tSSAueMDZkGWMWwstiPKGnbVs0Ih2Sw==,Q93Hr4sSu9pcG/47FwzKyGklEZZ+P8mQe/EfGRCh,SCSTYJsxhE9wAolrJ/3fOxbMcvZHz5rpq4+Er4Fz4oQ=,t/reTjHGLDPhpvoaWeNVZUgEBl7N7hp3VHWL6VQeOmQ=,+wqBN8ugYXlmaC4Q/qlqze6as/rx2MU4e+q/Wc1q
mDYkCxkKMyUi+gR7L3gcLbAl0sdWzToTuBxRmf6tNK7iIA==,AajL7xgDF7WTtkqEcSbsPoqXpbpc51yS8so3yYexI6VCUZTPAg==,lxnnKFeojFpsPncYNhA+sCPqoKR2o2Gjvd8IUisZbLf95BKjzlDV/Ihb99bWja0=,x/3nQFuLdJo9/0bDQC384nTuD3Mssroc+mkms3hyWaA=,v1BTKaSQLbRuD2OzGKmxra8/wTocMfjJcpFQuX6csg==,/oox08+0PmvtAP7g+1eQk1JaY63VtrlQB1z1JVK0,9sPd4JSlF8HsULcdCnqGKI0DkSiy1PCNIi9nJh/njSc=,9VEY76m+uRUXRW7CDm/2bCaFi+KxLP14jyaVgfRK6eM=,jtDj05FJxdJ20xPjIy2xr0jzda/8N745Fp0dLhXg
VL7rwmnKFxCIHDTeCu8T5zDZnakldQXKZWMNjeZ9NwfjNA==,cE1PWyHuXv8eSziMsDqTGTSRPm/yGGuxiACnlgssclNt821h9A==,tSYux+bWAsC5FgppkVs0N/4eE366F7AxHQHBsSOZcJV9Uh84HgfKCuMrwx7tFHg=,owON8cFiMIJJ0SY6/WsC9Rx7t6eXQ22R+KB8VopvotY=,SZz22fBKVJ0/8kEVJeKxj5jFB7Y6Y2X22m/2Der7wg==,oY2Ok8R1SFue5YCpJLkxqrb018tDSfMZHYSJ0YFg,5acXbcUH1plhfsPP7gW0LOxKcZWYy59bMMRfG37Pw70=,pOZGlskk8Qzm+AIUGLN3YRPMVTX+LKyNBZXqo4vmQ14=,I14c9tgQW2G1knrzMpKC2munUpVVrI3Jrl5Ye5A/
duReIM2nXuuDZzz+LSuF7UoKY0y6ocmQzxQ9DO9hQLgJNA==,WdMfqiMpMBhl8ms5aEiZ2J/DwaltIjZBoJRhPMF37kGo2xKGwA==,3pl7WZHbmgQrFomxaNXD9xI4fnhXRqniKL4HqQNb8H8Ya+04sMC289E2KVwySXg=,fDX+GVHYQN1mpudMBOKX1CY6yPIQ2hAe5XXY76nnwPQ=,FFP0XuoZemp/WdFa0fzYoBpVvqt62aX++1dtKHsI/w==,JfbFR/6B8K8quQ+r6g+JbGjFspmftHu9ZNUzcuAd,F7s3PeyZgMy5KbffRciRsH0dGjj8aqGruQBuql741sg=,7JG3pYZCL86KFazAyzEQPNSoNEwI+pqg7IqtAVoPzH0=,VeX0mpEgz5e+PO92XPS2xCBIPrC053xBHx7gkGqc
jyArj858BVDUMKdBhEDKey4vvLjh6evai8v2Ad0vMWLcYw==,wps4qv50bUMvmqhQ34p+QWAgxSoKJeBSAp2dtZHkMN/hYXGImg==,eT56aNJuPPkAwZ4zKJDU/6bKWSQICz1OgTiW2YVPbttUNVm+FU8L43NlzCV6i00=,8JZdm8Gl6u/9zdPb/ls+sBP8FzEHklkbzAUZv+TpEhY=,h3HDONW4LtyrFE70CCcQYmNz3fq/jFFe8DVyVWl2sg==,x8aHIEIlMThdaz6bX+6NjuluNeclnm8X3pMnLmCe,udFiKoXfglI0ETAw5p1yj59BzStS2hIGAAMfCOhzbxw=,FJdav9gBtNU749d3c0jdYxunwPxy7vHSLLAVNCXvQ+0=,ZlReH/S/Ocs+6ZV+ip9VN/gDtbWU3fHdFeEhJN6Q
XupDXway8LB15eAkHW4/m9quNHoFtQX+NFac74TY3NskyA==,bx0FZzv9stlO8GHgL11CVWuJ5oKaPXiL92EeptrXMFU73sau4A==,+yg+EAarXXpCcmVae0zKhXAbMPRN7tYfKRGL1qLWU5LdRcB0fGpg+rntVfGmlpQ=,6PwPpygyJrPd8V7O2nvgL7ajZvZZBm/klySgqWQEf2I=,u5mk9aeYRtS5v3vLWzW4hpZ2oVx4DKn5I1hEcqIZcg==,Ad+UDf03F9PlEm1dXPsafK9+Y/eCobJuRPK/DEL2,syE0XjaD7ShVyZstZWT36eQR1CsoCRIdcrh+rO5du2s=,tSELXfnsPhXy1c9HSH8tP7FPh1WW6xlbpLzfuVbk/yE=,2ohTObKiGRmdUPaVu+5TMNIX3JFXkmfFizuuJI8+
7If5f/hmSW4xbv6bBkcrTenLleNWG5qtxtfknFLJYRtA5Q==,Ml126YJU93SN4uMzKZuPMlG3K6EE05U8Lwn1r/mgvnhHoMI71Q==,O8jfjfaJnwdSk1/z3IvC4ofebvvNlIOJ+Lrb4SM1MyWEq1Qms1Kbdz4k6dZK+NM=,7xQlYLa/vWljVKT7183jHta+49k6P8gPKCqL1A7qwGE=,+SKntg++opmXZXd5CEDdM5gp2zyZx35GDBserTi5Qw==,EVpZjwlHOqBp0DPwMIpa/7r/IG6n6m4KThct3I+F,On8plyi/vU+9g5uPy7gOCW2Ywnwqn/RIDorZkvbdulU=,677afOH2nJcQqdIYzcT8qgRr80hcqJCwNr4D7rMTrXo=,MNKjztxttiwALvYMbCO4jf6qvpi1Pyc7KjMdZbrv
WFsJWgeKrv29+cdMy9OnUYLZ4v9a4m5Lbw5alxBVZOwuJw==,WuCo0te/GZ1vCV47Qs3TKoCAT6yTZjEvDr5HgIl6dbunVbNKig==,GoS/ktBx18EAERBtVrXl1fl+InzQeHtGJ0Wl1+P71b0f/4mm7ISyWRP8kCFNUFE=,v6zK5AzijZs4oqtyljMaWboiVee7pS51n8dm+hc1qh0=,Gw/aaM+NnESvtNVKMa4MK24Ryex3LtqxYFPkCUjRXg==,HX/odH3jDiw18wpzTbnadhJaROPZKehT0roGEaeb,mEBx7teGCbW6dvqpsblwT6+LuxTp2kCGFEqKxs7XBFE=,gL911d10zMwuyzAmwJxjaA2Pp6JvzJavoqoYHU5B/XE=,pAQNgBPt77v4uRt6d9sI9fW5CghoqDqXoWu4J88C
lKH/ktp4Szuj7hBhh8rmZjHghgIkMO2sPLkiafk4crU4RQ==,waVdvWOF+wcKcdfjlhRV63oo4R2D/Rg3nX8rrbz79BmZVquQ7g==,nAHAGHswdnAVJAgOqSH7I4gdDUVQ5L/aHlAq4g5DbhLZdxMA8sQ0MHkv42EOAkM=,7iIJipeCsA25u0f67jcVBX6qUUgeD+Qd5HfwmeWbs0c=,lRu5bpuBguv3BvMpmawJyGYAmAGagSAtnTDzEz8pbw==,fWVa5AHq9J8epFaBtOXz2z5i1u5joqJspF751MN6,AJ8p0TZ53v5vPgpwK7/yONTwCbf7jFnwK+yrZQ8qIvs=,PpdV8cO000v5LmSQ3TM9P2Ke7lZHkyOq71T8DDvWZXU=,pdTz1pn4eJ6wYSdGsG/KCeyZzQQSRiMRjoziLZGr
427re2/g2c7tu7ap+P5prpOrHupfHlC910ELIjRrz5/byw==,GQJzKobxIy/fhvaZCdWhUl+cx+3Ebpyl6iKkewQtBXFqLUiIlA==,ypvnJVe4E2hOmfyGa1mByCJWL0F9CZ9Q/1WszlUMLCE49n5hXViegoQE8izcXF0=,7TMQM1EXd1jlo7OUats3Rymb2aTdccLCVcd/CA6sJFw=,7b3yByejk3lJMk96oOsxo5YRuvBPs2egGJzdq/oGxg==,0qchbhzksI6rYOLa8sjABImdjq9dlLyzIKDe0Va3,/wiRDUAaeVIMCJj/3aCfVNJVylhIYihc0EefjF6RiQQ=,twabFHLAoj91Pk8YTerdFXBzngKUPWiqzA6OMfGRmTI=,AJA5MIXJ0OzYmxUQx+gy1ufGNtBg06BTo+Y/WvUY
zvJG+f94on3KlWnc3WDGCF6uKe05O47ZpAGdgHev1TF0JA==,pAvjXf7sbnLzLZFaZN87+9ZJvfW1KVN5JpxghSt+DtIIuKPYQQ==,85m0FYNAITztpZdhUbyxyBdC9SqPyM3mULct/h2jIA+tTtQ1n+Dxi56Q+VJ3cpQ=,hw35m/HdJvqmL1/4PTnQ9AOMczmlvdRtZlipg/jZfyQ=,fW1TwZhl/jAiqFuo7F+TdNQSkD2Wc1HAP2IAghfhTA==,+YR5kM15PoSKJo+Ij7P1nAFMC8MqrhpZX11LZ1w6,b+xuy7EuEyxd8de9NHtuBGSEacyv2eBq978iqBr+J6E=,zJYbzCowpe5XVHQcPk9Voy9TD6dHy7dAGtiwH7gkcxg=,ypZh7tj7urNCgHP+MIvIcgQUvXGS7RD4aGuu4jyB
WPmnkLMm02bkk6Yl1nx/CThdZ2XX9BmfZBvq2KXGypDsmQ==,H/KlfmuiX0yZsDimcgz7N5Ay1E4Jbpp9op0ZETLGwEP2CrVuJg==,iv7FBtP//6IeJ8e60dirpfSPrmYvN/1FwCpNjnDTW+AiIqPQtBoVZj7NajojiSM=,mgdU4rczeXkbUZe/x9xFhGyHetlesN5CDsUpPTxDld0=,kp+Ul3hh6wlbBPHpOFUpSsX48W/CE78mKRb/SD6C7A==,q8GMxmzDbjcJClaDJ0BGLODUTbSWJGxdJyADPtJN,t/zvzqdsaqEoT+nATyCpmzvC7dZrtaEOz+/IpaJyFfk=,BRx5H+DkUTYi8M5Z0TnHgH2p+0DDZuekzk2OrnQ2N/4=,kp+hsk7Mqp9xA3ZOpCZHsxssKinzT4U4PKukNa+s
iTsQbbT5oFiKE6TdxL2+JIrXKthTgmIN+3o5VrOpK0xhWQ==,jq954QFfti1JBPK9JmWdRk1mqlJ/Eb3eF0EHvuVWlpUySWd2EA==,WZbicTmA8noAoIM0V7EaRYD6D6QxJ0A3tQcwuRvIvkB+70JaJoxERSqPDeN6vxo=,ZqOH3WHY5IR3p9P651/TvPFalF2PCZz1xGv6cQ4Ga4g=,maA9UOmpsicgYURp0H9pmRzI69o2tyogMeR8BsEiIw==,cO+mjCqFD3Yy2hCRcDupS7C4XQn+jKAiM0X+I8sZ,clWV60KCg7u71VsokX0VWSn3d57Nadxfs3VLisz1YfM=,rwFp7LG2svILcSal5MnOxPypB8LUWZ2dTuCE/acWZhQ=,FG6VqhiIT3IhW+7v/f866VngZbkxCwJxxEJ4ZhoM
nyq2H5EU5ZiyvNuSaQNCOaJKwRMYLvUUbCar+/+SCCioYg==,E8AS8N+O+mrkYQui6eZdReVGerZ+bsZOQMg22tQTWWsIMJW0cQ==,o6LA4Yr4LY7o6jzZFtvujfQvVVRQJFnqrM2eruKDEyfGxn/XyzeoG2/316dWL9Y=,IZSlTVPsg7ocBr4+7H49EtqAlzrtjNuRssNUQgwebyo=,pd1r4NfcVarAKyPTQIlUJdTYtmNCAOQXjrsLBHskBQ==,TQYRj/M1Q/DrRonHSOI+CYOFh77yW5lGQhmsBSi6,4WMHpTjToxOagrlGOClCHOzbq+VsTFGRGZOQtlTAAe4=,6kZ7Baxq5byk78HBE+nSuyCblThsKzTvUDwQqmTTjCI=,eSuHfA8CXOQGMFjmaIcSEOV0S1wJ6bIlvvcGe8rD
5gMPVM47A6+vabsf7T2s/axovxRA+qTHPF6xqKCcwwd80g==,Q6zh+RlU8TsItoIOmJUim50FK76cuPuZM5DCeXeOvYM0QTZAjA==,n+MA+LRec5uX06aH0bcMIgk+UsycbNujvA6yZ7HREVeaWT0hGU7XYw4Wzrt7SsA=,o2wMuNLOEOncNEpyQl3Bg/zsrUUVIw4mEL73xMV+QkM=,oB4/FkvXbYPEiWcArHOkvRyn8YCvn9wqZiZGk2Op6g==,mH5AUMQhDJU2nxGl4/mdYBE4Bt1/HiF4r3gbfLq9,vATRt7c9VTfOc7oADkJM72Hk13VkNYeGQNHul5t+Wbw=,nwgd0iexnp8Ksrwqj2qnU5WdOl0i+a9hMTlOgtHpuvA=,rWwFioycRRdAUescVoMM7NS+S+qJb5R0Wbro7aJu
snf5r1qibG06xuD8fAL/H5oBZHh2GkYfwZNyZmogKwjKqw==,B6/XdZkvOIjzJIJZ1gHKO/nIY96vWr0mOVBAEfjGA+QtFIhubg==,wibJPKYBwsMlhuCv0JQHZx+SrGaP9wpaupZsDJNRut7z3Mmc1Wf7MjooPsCRi9c=,gcz+P/NjU1N68YZq4fMNLMXV5kzCeu/FNZR82boKXLw=,NGmllsvStMOydTHKmcNUVcZX3eguS6YgbQvBhP9u+Q==,Y6ovaNIR78CnynbovvV0qgKsgAx5jmlbP1CTWx9s,SPKgKYJ45SCgbLBrYn0H7Sdt0Q85E0aAXOQO+FQCl94=,vBg7LK7KYo6/1xdJU0MhDGGbPOZ85CqSd/uauJNBRbk=,eCNT9Gt2iB7mYDVxOyeDbR36eip3k5VAT6J+8MV+
Fs+Gp0AfibmIUI0XVB+VsvJJufO0NUbq013WxRMgNootbw==,dJA+UAGCNouusO9u1uWRssZ0g4bd4TANUQgl7VR89pQfV7ixVA==,4TZR4KdsnP30uQWctA7iBcS2uDkEY1YQRyKX6wiPgP7fdNdafJ/wkEOT5d8O7BY=,LXkngNz6JyCXf1ZFGSsMyKjp79Lx6pAgojYuv3QqyS0=,daSDq2XZwD7raNEvLwSULH8VMrYQcj7brq0hdPFPBg==,FB1M/FiBgUXWhwg+VxBPpeAn7UV2aAYKP8hF6Bug,Ttl5i4kgF/NeUhXbWAJn1/bKwuWOOx8hBQGVXVlqB8c=,HFkc73HYCPePpOvvp0aYfyVkWPSG9njGDaZj70fP9dY=,Qg0AvuXmDl1tul3vjyv/F7f0GMinIAJR8AFwT0Tz
pmi4ARturwRy91rPEbiApkkV61D9kmmmiazGpOkBRdinvA==,XaFNLpgkHedNa9nbddUyAkLKGh3goPbMMYZBnH/iEKPh+ZuhpA==,0dBpAqyuhHjVelm83ZEaBHOz5kl4oQ+cIGYAcldiWyGUAXXGwr3PnHA4XAup2LI=,YXEgMEyZT4iSVh7fhsQBbKy+JFjk5cMG6yLuumafN2A=,cY2xsTYtxSYi1XjM6ATkfGssAn0OfQzxzODfqWvx+A==,ahYn3RMGzBFhtuAu5itD5LhVqJqfcDRbxTW0XNjB,12OkOBO2z6mV863oeQfcmRinHrKatfYTMeRG40if2mc=,qCrpvo5K9xywYsycP0cSTcZcCKZR+YCAwZSqCXpCYaw=,ibbJ40xz2nmhcBC8vg6NbHy7lgX4rawfNiVnXHhr
AfwQP66JTApyJ08qsGdW0kn4SdPyN+FKAy7IFUDwyQmc/w==,YOWHm+AKFXt2pkMU0wsLrJt93GrPkHwmGreUhcB3AIboXiNvkQ==,lB/QjKHtv6UzSenyEOZ/T6fKgUHFrgg0gQx3e/mpxZSMWLbSUlNEZBhgyQTBTc0=,+vwJ1hnEWzT6QWOeQpW94pB7OOZoCB/TxlvuM93lANw=,NRuEWvErn8hiRpodoKDNt+nMI0ZJdyo0nOqnN2Ji3w==,58zBt1PwTlZkQ/Plb9HXX+gBFFfowIXibhOQUVUC,GZcP6gSF8Cxh6taG44h8B8+Tw8vnzwfv9wm8Z/Ccf9E=,RNelIAu96g9ymVWbrT+nKhF0yTEBnjo1u29MMbHiqxM=,Mzyb6V+1FGZ5XUpsYbwfCBN+gJKiGzpBExEtk8Ow
v320NwELFnvvow4c4Jr4OGoaoTaBLCdMyY14cwamzBkUpw==,bWiDaeel8A9TPRhFdtDvks6K0kw+J/Iz1b9etg2HCYme8XkO6g==,hAcVjKTAoq88IYRpODBKiWtiZCH3k+9+iBtWpLOGjt0BR1KV4IvLHetCcchNtBw=,cTnRf5j1OuidFT07xX9h/oGENkXjKWW5IkPFjrPxbg0=,jm/IlIVWkktXq/CkTNYwku8UysEPO/RiynZ2wAYWWw==,uoH7qM6JlHka8GIejsq99tIaC8aI7OEn/lGbb8+t,xHphTk3ZmWtfYxRl9xTshvNt4hRKw3Qhc4hA16i4n6Y=,q9OxYjDvh3B8NMvsUUiZyNkUYoyw7ba/o++ZJXqqNjs=,mQkc43hyw29Rnmpa74JjOS9OraakfVJAOQzyt+Co
3DR+zj62K2X345coDg04cT9eR4DvmcZKPuUNxgQRMDpDSw==,16AG161YFnj+eW4eqUhu32end4H05kTj0X/0dXeQYvhkOgCYGg==,GvP9Slyee/Ozr6hlj305YMIPDKk0jigCuK8EvM97yV17U+ZK9/OSX5XN5KMFuzM=,swt2P4M9P90Z+zAidVEre72vLthPbbSrOHkAlud4tyw=,9cjKgnG3oLQ3BBrfOuaG6l1IHbkwLQNMynWnLr6MyQ==,GcHpdGvYD2b1TWAzuKgZegqdlZTsJEK/PRCgebSq,vRCX9pM5I9tUJisQhHcJqGg2cyMtdQjZ392XhX2UzL8=,p61UXuW159XqLq6+816TlnxuyaGXyd7bvErbUu9WdGQ=,Kp1mMQGVzVf4gnQWTn+EceboUa00fUrbfz5FxPDb
3tY617JmoeB4KA3WWASYDElzVKFTxiKfFeKTH1KgUQ3UKw==,wDiFTh52pDEsROYjHtNj3TDSXNP4W1zAb1OaEsvNgLnHpX1aKg==,wy6tenasxJtspLZNkkptjjZZV2IIJqeU5k6sMoRIx3R7CML7dBeGNV97jHQ4flY=,KEIxoxPK0ZJk/rAUZqzDry9SrIoXCzpljodJWa5pD4w=,Ev2fV5mSbd5vZ4/Sil5mQpBGxwOFXvX8J6hrlzNc8w==,gp+dasyM5aJVNukrY3QSnOQ9uaOEcn4di+tCSyVg,2fhNKKc84DJTmJnzmW0mvG1ipzazNV7dImiMWG+DaK4=,Kotb4aQxV+cewbDO96oVF/BBsHL3DrJnaML8WLYjJWY=,9wUVBpjtQuaqxsbegTdhFRS5bdoWi22xcRwVt/Xz
u2JImkRw75F0MAATrDnrZ0Lyfuz7Zn3vonGuvJJcJcBRjQ==,u3F1aFpe+6XsK0vXZev3Alzj5qnyFEY66OJ/MaV6VZ1ntdcKrQ==,9dR1KimlrhT3/IVpUVxmTEheQK4TpqwIVk9ZRf3QtDchl4DpgFkVfos4OI3Kg2k=,FiqGkYILb0mfvbRAbFuS5P2LTEKKdIsi8yPrFBplOLo=,a2uFVwExoIEdYlnMGdQRvLHQr7VQAK4CFeAgrLNJeQ==,JsBElK26S4lVirqnsSh3uSefZetc+EKOBbOJrm5K,FvUdIcma0e3oE/gebDdKec3i4w9fcC0rPqHy92GOaIM=,hrrewqnuA+ntFtNekhz08yaxgFAv/dJbhYn2TG+HpTM=,kSpTHFFtTP6QunGW6Dp8QBjA4XlJUOjghTPggPpq
qedYP9sM3pzLdxVy9TktAB7Kdrublw2ehAJ1VNLjdL0GEA==,hvc+F9CicnVYrBMjAiKvIGrhtA045BCE0XYbLbD7s7a56ExLGQ==,+EVm8pH6bA1icHD14dWQFXfsoHYa3JLoVp59xW/yyuUK7cuZ83FhPFpY+JoBWvI=,TwrA91foc0dZ+evi75HLsSmn54l/HNy6y5NGjLPm78I=,8zHgUib6LjDvXnA2JJm/dwof0VlJ+Z74H9DQnB52Qg==,ZQSFYRL84mJ5oBE6v04yQ7lHEuH2KxsZIUX4VfHl,ssoPDUOHjFSQjUGHB5Udt5RISoAMb8GMQuxQKp1lgQ8=,66/Uqq0zviv7HY9bpbHEoTq2uXI0+WfzoqlF6FhXDUM=,BBy1X3vsZecaOFT62NopUD4mwMw6BDM2okEYI6WO
M2pxLGFwMDUjTxaiWjYOsseZQratonnUSBBuLMsoq2hdwA==,xzacmHM9NA663bDAGrjfWcLc0xNtn59pV8URZWHjKiKjM4wsYg==,E4RE15Hnou/rgL3DfF98jDXI+40AIaN5jhSsuiBFQAiHTIWnWVqBnQif/PeWs+Q=,rjojTA0wbooPmCWSn85eZGeL+oGfSx58daYuo+h95U8=,EFuXhnrl5ISOkOdgELSLvkt1WxeSwtVaGrNNGeINFg==,9nduIMmG7hyuROIfieMcvUAZIJpN2Pk1CyUX0Swm,En/oT3G8xe701VgWn+PoEnshahK7hvZvqlMikZLZYeI=,WIjfZe5V+g/sBd1ptW/PMAR1qWrn0Z9Avkup7i9ZEQQ=,fkqKLTjZzB0Lw148SfYKxwNRfc0gk6wBwW7/JvoU
hA+YuVI/G/dDdTw7Hw2LqP0xy+V1HiTTlrpTZP2TYpAfYg==,UxzzLPSZUSu5aAu8txuyN0u0bDSWbfsM3rvCyxgT6H9VtRSLxw==,Up8o8G2GOuLs9jJgvluCtnvYF9b/2zGYDgZRPnZCXnIuURQpcpa6+TCxsW/49NU=,RJDvH1cgk1mjs3s6AklEvnXLNmMOtrYabVf/fN4cpNM=,Mfx6wq+bGYMeZ9uYCRGzyaw0b70ValKLI/iJnqpI5w==,GgrUSdZh7F9CY2OXDD3qXazICyHr/2+lQZ8l0IBU,e/UsN/gUD+dI3fLteiypNU/rSNkPrKIqBz/9ldGLcJI=,f78ZrSpucrToOe/cTf1gsrdtkQ/ru0HKr47AhXPYiNA=,1jmP9kZMq1LN2Qq5MqwRX0ZeSwCU+5W8Muf+hV9q
l2RTKmvziMuSGOzScnakcovibIsIPLEkzQV4meC/0WqCAQ==,NRccnWbm6w8/sRlbk+4UU5jtsqjkBDFHIFk6bplzUN9Ry6hEwQ==,jpvmg6jCP34BpSResc9tB4BvSqddEIj6hMRebGZYQeUpHpPC8Lc24Lc267wuHeo=,zMvdnh+qs6LyZ0+f9IfIWIgmEgPOF2ccL/DongEEl7M=,uPcFC/E3Pqn/VgwB+6cnu3XapE514+zNyNP6Z38URQ==,Ss2oPRiJFeRvCc9mSOJvMELnJbpMhFI8pM7L6QEK,lWwO1EJE56+xVSo9Um4eSEbJT6JJEm1cQrcTVCvec1w=,23brmo7mV1A4mIHqGsD4UfiC253nJrfJBmBPjT+MxOk=,r1g7leJhqJlR+MVIzlKkazjhZYQRTwuVkNquSRCR
L5jtxBUqXido3htRqDufYFuZgPqgSYalEtcQKKZ2DFAaYQ==,f5eKRAnnc+mq62e1VcoXy/89N2jiF+zoyNHurLPLiHbWNz9UOQ==,OeYoS89z/YaYYqx0mcckHvDK0x+XBiektHUPT66Cycg6vafZXnax/N0ZvVAlI2E=,LOS3K13hPQ5fJdxsVRAWhZ8KxaI/QHObUax3q5vHGM8=,JAGGMNAmfmKMdT53XQ9RPrxHPXJPr0FqLKgESA4GLw==,/LOYxkdmaV9UoKNo8oT2BPse7st4FkGxKz362ZiS,0+tS9nAdq6kYVn+HRnFNVe3gJAEysirhCWK9qzHbgGc=,odB9uXotxdKo3v3BtuEryqDIPoQIcR4EDgnYMm1PO8M=,lMkg0OVO9Cu9al+pX/MhOGuvJyJ3wBzcVinO9uN1
826p02UqiPqPl9a8NoKTVakYANq8clVW5hJ8qeMKr+bPfA==,Ifr5Xf6RH5EdesDysiukyk7DG70TxW89VAy4NjDQOVFvjzaqCA==,MuscvY5GnOdBd1IQFDfajdT0ZjKh1/QbF28zm1tt1uB8+qZbwFBuD4OkLQ34W04=,cE+xQ0fONhVY6s3j6QtFd8b26Ue6yOVcD3CLwogB+Vg=,n8AoGE2If5aGN5bFh9skBNIgdMdKztCa61fSouycnQ==,yEkeQlflegepX0pKkN3sUB+xzoMCh6mEU8sh1Oab,3A1ZchRbGupA5LP53V83IEQ7f7+P/G25VXBnJ1AlK+M=,L++h0RBQh2nw/7rwBUSSIas/Fi+ukkZEJnnOQRY1rzw=,RmNAAtSI2Kz/ZO/hazD6KGlBsk5MLKYN9ykS4Uqu
iA0r5JRlw2lwY91QOSfKJmmYdDxDXk06o3JTWd9TsyHUjg==,Rum+pG/vhTfzKLiSOrGB7PeK1ZmpV3hfb83WETyaleV+Ekta/Q==,YH6xW0Hg5VbEoJAP148riWx+q3/Wf5cn12JvRN/iU8x21Qp73IfexKhwbm8apQ4=,SIYHnf/XV9d8g3i61CY2Vlq/71U2VvLUKOWoSai+mHk=,ft73k7ZHthjMJ27jKOw14StIRLI+qYX921SuYy0UPw==,FNNw0Bq/LuFDkFx3CVWHiNK/8YNWZDCdLQ0NVEYW,Ssyei6bitz9tQYpWO8UGl/km0MI7PWCT7Wd0gX1b/X8=,cjsXjl0bbFgV1b7VsipjWw20DRrcPrSimSXu2F0inAg=,bsMbWJek3c5Po8UKnKrYsaX+Ct92a4Dl6LyPwL9d
Lx6nu/lXDcbvRqJICD0xBVvf1JDc8Zc6l9Kq5o2bveHdcA==,2QUBDSgAGLbydFMyxdMrzeDuqcQ8OYAj/bFOYw46tIQ7ch9QqA==,QpxgQ1H1pZ85YNx31BsU6+1dEAIO19bO7rLpI1ujVeh4p6YWyAaEMP0IqwpTjGg=,QB1LJ6Ii6x9Mm87KNszzg+y3FYJ4YFx6+C/YLvNld9k=,06DEPZ2rKKhoLUI4mz7zEMq4N2UVo2HNrIHFzZtqCA==,GpJD1hoSItaR8Cvfd0/FZfZo3mGTTI90dOaca6YW,xrofF5mykI5o+3p8tJMOiK9HtKnFdm/zZF6CjtRDrcQ=,6Ty+hQbFxAEnUaEYxjbgvOiesepuVgysvGgK93GvCWA=,s+7uAVHuQC4v4cAG3bEoqHPiBYjTXOKPDioIyQe5
Eiefl7DZMr6eI6/aPNWsdKnknTWvWESwN/E8u9CBt6hBjA==,X1ynUWsBhHwS7Kn81tvnvPmKV98o1cQohlv7I3CeMSF0eqC3NA==,T1/ZUIREs2K5h+WezsTpfoMwBCVg+8DX1mViX//l4BBGRZIw5j0PyivtWUmU098=,34iD5XNFncH7/+Qju6ZFIvyWqqmgIRc8Kyxiz/vi0PU=,gNMO6+poU3oVsxR8eiDveonS++puxBRMoIc9sys7/Q==,0Kij4B203IdLESvcp5IqXvxdYfUOF0fQpImIAJzm,lR6zDVmHd/FaqVQajSJnE8BMyFl64Bd9qbfeeboMGLM=,W1/J3uPjF2e2VCWX6wm+roK7birccLU74OdbFMZuGJg=,PWEErGOXQmC7GG3a9cUxgeolcDFMXGM3kJzI2Esy
Koj5HpDMk0mAq220Gs0LhOBpEEitf3LVIAxBOy1qw3nuuQ==,5a4XysNt1m2r8ulWJXMrQ4lMu4FlP5m2mnTIY3uLu/YpNMlKFQ==,xpQXM1797qNgt/23WRDvt1ImhOvAbaRUE93uuaxe0RU4iNxJA/AnLX//pfAGcPY=,JWrUHnbCrPmDHOLR9rKMpoz3WKkUZgZyv43v/fBrKaA=,9EthRNMbvgUeiXbtCaUhYJIK8xBEm3OP3gHcMXCTAA==,lc6uayN0IQM+OTJztIKdO51jlx4p5i/8gQAWrXPR,i/iz6MR8K5ftSS5ZPFdyKGilecCqvr2UJtaI3uN4H8w=,UwHM4DoTP3zUQNzNTDa8ra53B7X9xZQmqWuDOd9aRK8=,UzvWfPigwhT3mB5sKf7L7VgAbdbcZeSZAUMK4F20
VS0kWtnQMsIx3WLRlEmdG1TpMhFGAE8rod2vqzNfxux/PA==,ul3NfuVFMKF1/AuEF78lLiVahhjbpEWpccM0SDLJ6ktRxKI1pA==,Zcsua3rqJClK5QmVTjdtNnQhDfI5dP6MvE03yEPXi6KV6eqYq5HYouiHrE5WLSQ=,GMw2qwakx7+LnUhRBzN/Khg5PQ62gMMep6xyA5dfwjk=,dsQxIeBM9X/ZAh2f2KoigeYwoHkhKIRpyGIiu4uhsQ==,3+6423+i/4R2XECk3EEdcQkyY64W9JhaOPw5aMuN,HsxapoZxdUu52aJ3C9PdGklSlkEMwB2PnLIZdWXK0sg=,6iOkVObQ+zUJw3Jzfh4KWSase+3l4YjLU95ejuMuzpw=,J+BXdSONcTyZ2TIaAmfICOn4Gsh0d4ix4jQYUZjZ
0bNxaZ/d0pY48lBoCbY9gezGfApGY7dTd1qFK7gpmezzfg==,60Ws/u6lJERIiLwX4smxFN0vebKV8bzi0x8FT345VFI3mEyklQ==,7uexGThDEGlykGLnMXDL9JcqyWAHxau1N//XdREmgW1WEvzwsiHNaemPVVt5rZE=,T0N+dX1YPvin+EKqmsfIEJGLIH8QjkHwspTQYSQlsgA=,8I3tA6FUAxzMEBy/Z6PlDK2wVsDOuuaswNdYdqjHQQ==,MWtF2OPrBHPTUwg6GdAMeq36i/m+umNzkbKmpk/4,XUf/6GCMQ/duJlH5PQS4S83dKtgn1oNxcvLgRrX/7zk=,Ubi6W6uuVJNfZsoF3NE7/rCgrg/ZzMXbI50ghfstY9I=,C80A7lhXv4HpfJG8ow6RZmPshNpMUXkzHrptn0ea
hUJ/KrcAJJY+mVLcvtMzMU5KqgYDfeDKPBjI3/3ip1ObFQ==,NxVfKS0ykXFe8Xi5fcHdeskwyokhk2FHneZjD3xdGCUdQXwDWg==,QiJkf67I8lVb4LDnCoZKG6fnwtRlKbwLJMq0B53ZNDR8N/bjLdoE1qQbrvSz2bA=,1jRHNr3+q9pGrxjh+39VOQYiBn+/AzlAnPNsc35AZR4=,+GsdmYqsGYY1U2PdtmHjxicFU8QbaUaHfTrv4RRjrw==,aYn645mPihGxx1pibobbQa1f4p2ctmgefVylZIVN,C6lzoI1d4Hb6VU5lg4Y05jc5Y4keM0tCZNfpwd2HH4M=,c34caIxlfDvhMeg0CSRWfeZOYP5Htdwi4hRTKvyBSPc=,gcgBdU7UjxQ9PFUBAvf8Y9PDswKw9fn+PsS0Sg+r
EQuA1pjERWAaaErZIry6xazMFScsQlKWS8ZzfQ0d1NWg3A==,mM2abWnA8x+Ee2BLUxhIEu+Rb1BoEdb5+ZuAe2oWKro7vpz7/w==,GjGZ5LhrJh8ZpSbSSZyCeDDjX69aIIaNyIJ7kjEQJKbxJ7IWdhToqEAiBpovkhU=,fcyMCmsxq7tKUKKI5rp/I72H8GacQV8k03mBpGnjSV8=,KqBbNImcYO5uIGPXrFE85wnMj7MCa0Rz86JcQ/2C+w==,uYPDvpcA2IL9WNWZxEv9sCnOpN0XIdZz2kjO6AXV,ic4c4SHFI98FfedDaWt+KfRHJ8sM9a8g5Dve2cvPocY=,Be+36mwVl14qQzvRAGHJ7AGovH7BSIvuiv6L3buO4jk=,vcaLX1mTEELCGPoUISAWf9KQWHIQ6p8jGVdxp9gz
dRbpixLOAt27y+REhVhyTy2RcGZQl0EoncoHXYzMTnAQPQ==,jggknjddkNqDINCeQNKzvm+Iou5l5U5GxyYYMNN8VFIenPrjmw==,1KgHmedLUXy5X9qNfJX+wxNxnbKUeT8z07kiOGuSwtju2P+HQutOXuzS3QY60AY=,aVJwER+9F2tTcrHNhIZZh78U5NTaaePXVkq2F1PrRzo=,/HqP3u23LFdY2idelBH8JIs7/CyqxA8CUzrCec3ZEA==,JOwuCLOL3dk0Ms+ynMeB3/aLFZh/a6J9ZuubquBt,tKpiwY8dMNxC+GNVOFZhdm5rfbjthXlq588K1NEQamQ=,7J8TOHj+2SNWc21LkdZKH0O/FblJhhBaDt+pCPXl50U=,uO+wY3V6j+c2QYMh4FQVq+209Oua3fHyoFB8xRrO
/5QRNYZNq74Ufs1/9ssCqJd/e5xO7HcIZtrDSYdA8QC3iQ==,gmrSAokVVMpyrq544FGjk2S3OSqBFIX9jfuYLXeYeIDL6pMvZQ==,ZdkZpkby0O3C7mL8Vt4WFDz7b6b7oA2ihdHT4URk4qs+bsVJV6dV1cePaN89Jng=,lIllVNZqLOErqSsK0792jZq3rTq0Kkce2U9R68uWEYA=,R7oNqOqE8NZHNgpdG0gs0FEs/nNzAdH4kOhyXlb+Ag==,6a/wGq+kr+E3bkL2Vs+kJrvIDbTgQaR8ij8i8hpH,cjCNbFkuE+Jd871ZbW6Gx/THRbQxe6mYLjL92n2Yyto=,Zbo0E68XK9MuxsxCTwmDbZ8RWSexW1zZEcwadyA6lCQ=,rV7cU/71w+M3rhV2ab36ottNKudyx5iRLVDT3YBh
Nje6hxwJZExVlZdXw7MFG7qW2Chh8qubSYNdYsVd3kGp+Q==,ncRA6A1HHDawBusIlJCqq9tk3uov+uxpV/XE7WkiDvwsrjfSnQ==,4TFjIt5/MU8oc9gcgXOvQVBN3QiGeZqtXaGOEhiwGxsC9zHrMccLCTgRjmiXgMQ=,wkFt99lXWVs/oAq/uLawsanjtXj9AYIEF2ToIYL3kU4=,N4+hW5PJXla3wH1Hu2tZZMjk4+cSdSeXncWhvo42UA==,Oj51iYW1Ht5V7tzwcvCQFvJq+vSMHT3vHUppjxtE,0nDN3xdILgRWuC6+8LZjLxJcpvuVZAxlXL6Wqi/PvY4=,LyVnismPE3mbivKkgVuNO+yhDnDzPfPFOG2ECLmwOgQ=,JpcbsaOXBlGB+ZK9TkOr6hakXrQ4bhF4hXvrPlVJ
r12w5DYESeh7EYc2XePrrQlR8MlMl6pBAqHJM10nBQ7a/A==,FhWNi1vnzvFU15Aug4OSVBL6XFo7WTUGDBIOD6lFiK3saJRyNQ==,IV7unxfCqVIS+WOpqLIR0drI/V85lzxx36YGpTCfTV1y2quYpFne/tgT3/E3614=,XrNDnDWjSSelvrEpRddour4FgCz+1iv6Il7Ve+03pwY=,nMtyA+2C+6SLHHbWfkNPYNrng4klAqUBbZqSNz11Mw==,Y2NEzPEwfo4tK5OKygOSXqbCdVqa+SmdrXTvhFM7,5af7Y5JVvWxcix2do0sBcVSPohwS8aBx++RvV29gdEA=,xDVw9wmBn4o1Mdp3p81ceENXviEBpjQPBqfm9iKg5Ik=,Ud0+q25cdJqktMtRWH+oaWumqQ1DJBTmSQb99y7s
S5nwWAsqzvQ/4UCPMZArwQ1Ro7gUSBSylHgUBeX/Ug+OqA==,fmDr7M50O4RMOVEjZ86OtabwG4FmBQAoGlw3QHK1ZV3JsH3Ikg==,bm3x3AEXCv+M7NrNe+YrCnoew3Gl4QLw8S4/SbGoak6gpdgUFse8KyfbvZeheNQ=,4ga5xzBOqWCebqZTK4rAy3pLFrXT4GQ1buJxps0giII=,i/OhxmYaZ74VZNFn4AwZb4tOZKMGkoBntP81vFLSDw==,IIg/JV4IQPHIZdYxk0gAcSNO+4zUgyY+dQD7i58Q,IT2sdgMDoHTVHwRW82NAurtZGl7bAqqHCBK5ZQBqVXA=,Oh9f/cbAFB1MSzzXjet+NZLr6pHQNV1XWsNCZJl93O8=,ufspn7vN/7zbgcdly6yiMbjMlpalOwpbaeVTlV2G
KrJ/wes2rattvipq1QzFKBNE2ZklsysfGzA25Y4bp1Q2LQ==,YGn8se76slEWz7/zjnllCwRiqtCaPxRP4xUxHsojDwiQlQgENQ==,6dtj/KuJw5wBJ5TbKIj1Bb1qi0WTJZCylSueMjPov+sMWKSv1znumIJzeJbbRvg=,F7t5sOYvKpxJYXiy2uT3LWrhgMb8IAFbcMKuymaVqBE=,DpV2LRcNQN9tzk12D1YKwKLj7RzPCjLLFB2F5+KC9A==,XFTN1l2yTp6Er3OldMjmDnF1dGbafwVkg5mRky2g,wULI+jBR4Z3AJ+UpZ92k3f6h1szjHGxmCFr5FYb/OQQ=,I7HtUecELUEjsar5q7joE/prYWG7D9JMDEd+qqzK2fM=,nWTEVdWCJG5rQzetZkzy2NQfRSc7R+L3SuTmM59I
HN6ICGbWTwvFbqwXgnAgaeEfa+npqsDbpU7LErmxPfE64A==,5qRybDcsfCzPYBvuukgfQdDPqzhuXovJ7rW4IHXWOjd1k4CcdA==,Ei8rLt7tQ69HTbPWew8ACTQ5ufzOqUItCcaaTdKy2UQUlIakkKvgqXk29tmGsXw=,g/d9HoMBHS5ziegwosssxKJNuLz6kCCOYnuctu4VdQE=,aqysR/+ThsEcx0B7omtzna9iEO44pf10WE2HxFvRPg==,XwuPhSaXFCHOUPy7SJ9KTIRv+oybp8Exp6lqgAIq,wuFxG/6YGVkra6hUtrMnGEORMkITS9HB7T4E0DrgdhI=,pA+ETtVsRYqKkvpXJdwJSo2h0k+TNPqPHWk8UlDpKEQ=,l78m5kq86z4vy83XUBicJ289SwcaPoxdQ98EoHgj
L5hCoeT7zdh4kshZHhRYD/QZ4V06xP99a34RL+H2f5nkPQ==,14HLkbddks40QDLcQWizH9w1vANIjHG0E6wQ2Zw+EUFn0ozr2w==,Kx2xMpLXk6v2cUBKTJlb6VO0yEbIBFZgvqmSs0tmeha1qD8noj2m4XftQeoacfE=,ne8SBQGEyvuvwZDqhsz2Pt7DuxLxluEsytxGk/n6II8=,8hWlJ3y+pfBW45C0ZM2WBXDmvc6EZN1LizBsuHti1Q==,rMvv73g87Tf9GN9aXdAXgJwmr+tsowGdw22fX62p,Aol1DEMqV8sEvHvwX+tFn4KnRqAKz/qn+ggA+Sc7ELU=,5e6oq10Uh9Cft5gpsEA13GP30anQ+8TFHJX8TbRxivo=,FJWTAh2tT7ciG1Z4TNiwnk8awmejarDKBB7VyElD
VFzzewGvyPdZEIMPN7NAhBopUnih6O5puFENyuiGlOvEFg==,95LpfHknQJZO5fXEANzEgHYWKjwE/6GtYt+v27vkSpN/F5rNZA==,hdaQOZUdRHoi8GME2tcZSgOcNlVIABxNRxVj3p2MMikocKLydUdXqSNsXvgt7Mc=,u/J0C/vNMtN8OELhZdvED5VeGCXuK8/DTtlfexXPeKc=,CVVzU3n0nAtmERGmVFooV6IEF2NPAg7SCFrUpZkjiw==,JxMatJWm+WURzmXNYw1vQNTIpN3q4XK96JsChXfM,FdIjTi8iUnw8mU25Sno7hKA9Witp0qsj9gWHSQBBFNc=,39vt/ylTlWsKSSgLud0elB1/OjYRDS3DuaQGEdJKmZk=,mM7CgXXLNNR1f+XpxUibAYHrp3O82xb98ABND8iV
p7nkcap06fyv6XAC8AIhqVGIuv3l3NvAmnNPYDi2JfMpkQ==,wzFSWG3lATfgcDuILxG/Yjo0enlRYR/+ihWAAakGB7LW43gqAg==,zvYsVVgr7OZYVcQwegN5tB4X1q5z2vjIZj8osyY/tX/cgkqtkuP01HoaWXj0vrw=,TnVt1T90T9tzfAs/wGoCuMtdHizbgd8FrrGszJ2t7xI=,q0g5rbJN6Rzdz+D7shcWioMPYyXlHrNH3HCJovwWmA==,WQjWRqpn3Xf1L51/jrGz2oCAxeRm4GkNA0dIK8c/,MWaIXOUVieZBgns1ezAgOTi3LyV7S6rilLlXWZNNm6E=,DPQNLQktDcUFTU1jUZheMqL9UAJYDGA/WzPACYCFRQA=,YubAmAv5zIif/SLilA5HmQPzN/k0gI3eARJs1+nc
pwNpA2z7vqhoKPtHeoHmH5GJFGRpkwPJO9EFznM3MM/+OQ==,zRQfDLcM6h9V99cbv+AExflU6UQm56FNPBzxZxl3OcUAx8QjIQ==,z4lZ+WJX/mQcfKpEBp6JgVf1SjTX238gJpoCNVdFlxzLbl0LdLo+nOCue+dIUCw=,rG0l2zC7kZz77Ck1t96JEXkxMRqfJHnq14xVSM1i264=,4rlj4LgNWrCC1cieOxsTEwD4C0hwotF3Z4JZCwjlvA==,535oxlAJAyfbX9oSs2XkBUwuC1PgNB5FoRnnyXT/,4I6ppqryjR9kuPcyX7wmpofu4vvQ3m+IDD4nqxePORo=,JyltSN+/45/bwHSWSMVhdVMmG8fQEGSXHASRwnbJjK8=,w7NCIWsf2Bp6JG3Z/Dpra1Cx29zmMCnnzSzr1k/Q
odaVTHoq7McNOZBCbKMSxDqUOnRNm6vyg6MLbxiqiBC5QQ==,0mRu3CL/HHUDIxWXqKRBI6sWUyKEl/Ulbs33uvKVag2lYVRuBQ==,qvGTqAW4cLxfcsZiXnPCz3XzP8sOonTl/GCcF32V1CK6qdxjBHRtTWtTdQaUh/0=,xB7FqGQsAUORVcPFquXoBuLtHc0D13pC7efgk+jjRJ8=,pFyetnkXYoL+/bn4mbZAuMNVHvQwXVAQWlehhlgg2g==,w00DTT47GgyseA5Hzzx60Ai+9Ue68wAV49JIYq5J,7VApFjZK1A6lJIRuqnsFGcI5BqO9hNCjkoRZ4X2R8Sw=,sfhCz+H9D+T3SPLT+VrgSSW2PEtksejTLApEYLdl2Kw=,Wa7g2cd4LtNKrgU4doPr1CkkdwzvNRnWtSMEtANE
yyRckh/H0F/lq/7Xb+GyC4HABqQWAMBCjwII+Q2H8IbeiA==,PtzmROuPXB6NTKuS2BCVk5HxOB4IrnEWlFZxgMZ0ThGAjFqlGA==,hczQfUbZnRtSvfbVA+xeDkERU+jn7ccEhmiREsNGXGl5Vgw1/QLM/rOC5x64N20=,DPVMx0oMHyPZ/3HIIwZxqURht6+4T5Qd+/hVI7b/ybk=,tC3Rf1En8d+PrgpnmOp+9iLLJyGSa2CZPPoS7G4b0Q==,Xl2lSesk2Ri7o8UxJgNGKFqLgpSxVpejGSdE2AMR,cj1FeOTRgx9BEWC3t5srcqnjM0QnR45Dkk6RLYalopeG,97pKpZz+KeP5r7t7XV2lVUBdZ9v1BQF8HmfyYIaLGXE=,4UGX9W2xKd56mtJBO0SxGuf5WN+O5IOVjtS0lrq/
JmqCC02/t51/4g/d1LvQ31/rLqh3tYHNzbgjwXIbXdz6IQ==,wuEZetJ/nAsZNgm//2JGNHiX/quD0UTniRAU7lRp/RS75B2jeQ==,fT99WGyi89rtwzvZyeJXQjeP0Wk3Sap1eW7cED9GrR7kqagfJvGM6jeX/WPA4GQ=,rJ8NxakZ/OUOrKyBxQpHKeu9Cv9yvhCQYzqJ1vULP3E=,eT0Xt+OgDgkQCnwfNLK3T/RwtsdCKLdMh5RiBin0yA==,0SKkuINtsidjNm/WO5GNgPD75fCuzSvSoPU6nxPA,ivTwt6uJpKbCiptI+rDLSGbu30Yiz3LU3jUzrN45Enw=,GKDgFhgiXiH/uZN4fbBjWinjDVsxVYGqi4RUqHumZfU=,uY2GNBtnEH8OqhPERAdz3kooInxpl9DEINmC4G5K
v4oS8mqOd8Bp3R2xPsSE/hyjHuBmge4fLvVQ8R+IRTFzKA==,xlsei5NhKaONzzV3bb6OE8xnzdPIS1WQKssYIte5dWl20vS5Fg==,JwEldFgFTKuwF6TD1yliT8IcQo6EMTtEEVf/dlzeY8ioWJGN59HpbtIrHJq0eoQ=,bEJPwqhm7H2tF1cVLEAcDKIfAPRmM0E7pV4LhmLOui4=,NhV1pucnPpJ0LjR4ao+yMiWLDdLK1EqM3scNy0rUKA==,9NDTSCgCFvID0kHB1QRd6lzuhdw6+nTCcStJZMCz,zG6f4cbQ+Q86NAVgPcsAk7is9VkMEdeiT93WqGEuL9s=,L80+2lyh1BtfrtM1Y/IOr8iddBR4UjfdtGZ+O9DQOM8=,8wxfRkbgL+kmBiXOdRFJmXGAgNZ8MK0Y2Dvfl872
KJwIQM7LfKYkwZi3OJT5x42NJzPSmvTFTZAyn6QbhXKcEA==,j11Wxu0h9vYjfXLBIGPwYC1EdnN3JVOXBl5sPl9bv6nQBAhXqA==,iFSkTIMa0m7Osmqex2WTJNSDhlS/7Zc6a40xiciFK9JcsIVOAN/pUUqduv0RGeI=,G35n7kDNBjoLBn3qq1fKPQ8pMiVnSZ9rzCGYI9j7afI=,szAWc6FsTg1d4NAPKkZEQZYueGRi+uak3QegNzb4gA==,fvCeBuEqMzDpuOwy6x5kAUb9kxPkf14Tp3TpB8/Z,yoZeuRgbP997HhlqXXOisz+W3rNaF3j/l5tKITcuG5k=,iHfclzMs21Qy+QUfE/E4p48GY5Wthg2tzzNwyYFFy9E=,09HtOaCOOh3IejaN6u8lo2eJN5KVIGeogc/S5KkU
pvWdUg7pMU+EhuwznLYCLsqOmmPnr9K0D6SIrFXyVdjSXw==,6s3kHmbdVy2LPkzRX8F7QQJYgDtuGEAt30Dfw3aaMg3UJfGmsg==,NP6skt/T3+lw0k4ODYqy6rd8gMsC0DGZl6oTJNsH2CIGl0IZ6+a0ZLa8+EoHKcg=,NXS1zmuWJu1W1BpQQ2LSzBIWNwmHmoG8HUNaNP45760=,FV+2hnKK0JC9erQ/eeIbNfLOidqydsiHp2WwcJAS8g==,1FVsjN2Yga5RNeRCIUJ033sB7hZ16bsI/CLWX/de,q8KS8LENRPjed5eLiwqghlCiEuNcOZgm/q/IRSQYWp0=,iZjcAdd7BrbZ6RQZFYKkel7jfurUNworUMIQVFTCSRk=,Poovd0qhDDJxItXf+hSBFpkbCBbTIg7++SoNjFF8
fsPW6fAKF5at242OxzyXrtXhT1cvTcj+KEGBB6PCG5mU4g==,of5DcmDuuaeXY0MFidFfRu55ClBn5RiV/Yhf0l2bNtbe1zmNDA==,jCXUXMUxBWdv3+MoqnF9RHDcFx0Wki5NQpjDc5yCQ5aNVdSb2iNDg9MAdquUGwk=,IWVV0Qehq+/MEUa3gNSMN86BNvbAGK3gyCDowaahJ9E=,6K5MYaEerN2T+d1kL+Zl/BILX4poJNU9TYHMHTSc+A==,6VXJrk9F07CQtDn08TczGg+fDhxvb7vGtoL01GbU,P42whMduQvXsVr1aYmFRIDKZ55UVUEFo91oJcttjg+k=,m8Al/vF/Ww2mLgOei0FQ2rLdwllDv26MXGW8Ey2NovI=,urXqDxta1TzBdz40tS9AcAFPmiL6v8zQNmJmmQcr
Muolf3sfcrHXCruBgA/HKnmacZKJk/vncETEXKmu8xHjYw==,QpTQu6WGV/zV78L8/2pd7NWtFwvtgWqNbZME3+xaE1Kt9yikJw==,FLHOapD5yGZEJvMNcW/kSOSGPgOeGQVB2jK0lca/MqC6SEr8XXr0IJSwx9hEMCQ=,l5oOVrgtdTUrIcXRFX1Oie8bpCQaRe6nitNyZbr/XWQ=,XJAlxKdPO8g9Kv77/2hlPIR1dbq9ABTnFvhyTR6Quw==,MQKq1UXJ45qyX4lmCxechleUWw/2MbxLUqp2d76Q,tHpcYpPfsrAEvlSGUX6JymiR/3gkJdNFft4ce4/fcRs=,3cgPVifHeHw71EPslD6NqTfwlMmf3Zea+zdIiMgx6R0=,AgGJQA/73plGMUcM+iMEjn0ZGQzysxDzj18DV5m6
WqF/vQwxSVErYgWx/LPSJ6MDed3R25nVqUqxl2jkOYo5mQ==,SEn+sfg3U7zwbaZ3gtxDRwi5Y5VCDPFO17Sjjn8bABSY4UPYxg==,AAivtCtpZSG2BfMgSzXwNXe1nbHYZOOu1wpBtOUSz9PCTLTpC9Bh1iQ3ZK9I2wA=,OMcVfneqU43bpoNhNNOXIWJAYzc0p5bUzCoxlfDCDFI=,KeuzqpyMaLFt655fsKHBlPFxQgIJIXq6KgyRO60e8g==,VfsA6/GZH56vhni4PLPvaxlV6XWMPmAbW/dNHzht,OL/YYuyE1+9nqnny56I6EaGTHqor5QZhay+QqYnBFvs=,2q5dmJ/+EHO6vfmdOfPuX3Bi3k41wvOqBwH3jCOr5RI=,8vFTLYEKq9x8kdeznt5KqcPY/SJjmJ1vdfwqSpZ3
ISATL3cs4pTUd5PMkvWlWr2v0lFNvwbmLkBdYb2O/5h3ow==,PmcGG+7IPsX0EtNUk0maRHTJg9qoCjYxQaEvLDcnfL3/CMuNgw==,YYC2NMUvKqwR7q/MJD14dMlIC45iJNzvuIXHaq6ScYAwVtkOFl5ukKExzL+k8hw=,4oHSyzbCFV2vCITyHlhn7Wpb+3LinSXP4C04Xh0JUbM=,8A1Z8WwC0xen+ZSTxz3AyQh0JKfkVHDVGwKUlahtEg==,y+7MPcoyjM8g2vpnxT3zLpSU7HZlA4v0aniOwlPt,1iKY05SIg9lUAelWp8zFJ6AqaGGSyJfElLWjmU0cLNM=,IJKUvAOFhui6U0XITigmK6vC+++GqnUqZ+HiI8tFAow=,6JIeu7zJ7eysRC4FdeM2qDj1/6FpMguIJOkxy6DV
xz3E1TXofIrXpvSPqb7dPrC+ARzgmFUbTnIwo1lAhGhNVQ==,vooi+GvZ1mvg5jPmLUo5XoasVbcJ4O7SrE3DALB0aP5gRQhRLA==,6igSiQ7dPz1egxTVTyIRMeSaTrnNNfBO4SoYCwKfIHmyby8CV4tS+9rcQxj8E/g=,Gon1c6gjIF4p9iAMMu1X4nWeF+z47dhwjAev4YkICaI=,sHxNL/sWzXgMR1xLntw8W3WZwUzClOts5qCZkotDqg==,vmAMJ0etD11Uc6Ja8GnyoiLnGMOtePxbc/IzUnm+,rHzwUL5UHwaBsME0np0gP329EIsI6NlMHoJcgRrpkS4=,OtShDebpvvWDOYvbWiMiFnN55Yvmb/GnpY89prZ4uzA=,NdPv5KoWCmL2oUVCcf0OB3Yjhz0VrRPjlmTCOWWj
YzwZ8U3OuehhLaqzul8+R2k+9xdKk9ACoG9JCdHBl8UzIA==,QLr0tHsowCqm663HMMYf6bqLRZgdPXrYagRSjHUP8LgaL+Avmg==,4RvlHW0pPYJvXV6KCtWER2AfyH6ZMD8Qv0VuwOrIc2rB1BDe6QdDCOoVx2sMaKI=,rWgngh1lTP0xIz42aLsh4V3CnNmxswae6kuslCRzv8Q=,yxN11OwoAW8as6vwAgAPzjoH85GhYeiDZpaLOFmebQ==,ail6lJP6WhVj1MXJQgnRBmq85TNDF4r8fta4ai18,ZbfldnuVzyOjXzoX1BtTuWgrxTCtM6v4K7AeLL4FhfI=,Z9UsftK5pgURKH3F+xvBqMSMBGoOH5su00VEgILtp5s=,+KLR8wlF0RIC9QL6YD+On5MGSAUPf5HF8Pp9CfOT
Y3B7GaknluyaXQKsXrzy3a/+1jcT8ryAtM3YVwFkafO2vw==,mMUwTAAr3jf+RRK1EUxwhaKWaKH3AfcaaZ18kHi/cf2NVGgFbQ==,PSLcu02QvbYQaAoZ22n0b04io+xF2m1yvvY8UrtiTDdTjJI+GLG2OFHfhQi7E0g=,9u1aJ5xCiT9OYouJGDo1MYbWHMM7tawy6z56WYlCQqA=,GclwowdPNdQzaME9CJm0d+HUEKft7z3cDC1oy7CFBw==,wgnGNQogavVKNDj9UvaT1vf5bpTZkh8/itoIFcRI,hXEekeSMJVHlFrvIVBisdiJvpYMkKj4RSLdtDwOyCPM=,GhNR7JWxe6xKJYOgL6QyyOAuIYmaP1JRx5Me/mFsZnU=,NAaz8mDLUa/ZySBB19/6dOxFOx+yMQlWyxW/6V1G
heWiunTZ568oOzFZyzFVJyyTQidGvUevUogstMz36srZnQ==,PEY6BApBoUOFYtaVGHX6uIBh8EXpvR1Wgpa+WmSZItinp2fABQ==,yhUUKdO1DFFtXwLooVmWd9AMjCTvFrYrsrKwjZuWJrUa9QXfEGo8Z/WDOzNodsk=,wN1+LJo9+LRHILrxuvYewq/CR48T89p9qisTPQh6DXY=,oP+lPLLJRaiHNMPoZswRlDYPo0KduguhlBSTUZF41w==,eC48ALmU/X7+3+Tjj+MPdN8v+6PAYSUXpkX5LWQN,lQY7DqYYlmsa+ofUo3UvBiuzQ8I5Y4NRCn057gqc3dU=,ByBFu8vH/x70F3LGztDQ2o4fVX9uF2UwCJbeV8JCjgw=,1MMRzu70YcqXUCN99EVDTiik1HOzE42+7dTg2jVC
Hx84rM8SRlplcw9OThCDGPxudvr0QH73+2XGneJDsUVKgA==,xGogev9E5WeTRem129U6SPlG68XV7wV8RJuYhlN5Bt8Kw0A0gQ==,0jIy9Q/9X7bqOyEubbruLFFm9W1G/jZzpZWkaEXWjYLQt8JsVyxwLuiFrIBuIsw=,52oX5EZOB3rBFK7mg8dnELCEeQ0fCYMJ4M+L15dOkiY=,n7uT1rvdl4pl/pDdrLotXPAyF7hr/xQBCfdRrOWvNg==,zd2RNg3IFT49Fux35Vq0iCAHVWuFL6cZ6YyChT7R,c6QJMtLc9vyhmN97tV9YTQ2MQ6QGhBhvOJJkFT81imk=,ETVf5Vqs36P8XVWrQlW421V2xkxQDMCXZNI2jYcg0sk=,FY1KeYuPnlwlV1PsATvvLzAxAR1Vupb438lCBM9N
36SgLgEEh6UPSLTaOq2vu0tco/eOTlYiht/uJ1+6BPW+Fw==,dGJ00+K5XqnXzDnXz1On/dbyY/lz4uXokYLnjkvBq27ihPsHHA==,rSP8ayHSkmcYYPkjWOCNpHKO8NNGZ1LdQ9Um7onHw19Ch/bH/KkvkDynqELVUwk=,7hrLI7qMuIRzVl40iigY2FwuegGYFNH757/UrU9TmaI=,lxXIy1ajb1HIzSD4A25DfxGwwk84LhIxm4HLwzLWOw==,vKnbFCRjE62phkHHMY7+1dKCBq3uVoAL0qGxFO//,L9le3HYI4m88r1vcsO7XNnjIl/Y89ryjc2EXL8oj4fU=,3v3CiqX4xFDq1N/j3/K6kEQpQv9lbBAsruOVPe73toE=,q/lfFW9gxYhBohv5tGfMYqoEDHROYAFr+mjqpH36
wJwCvVZiQ++ItVYJybVJJBhGRTMd7fLhmYYUKhsAvFarTg==,sIgit5WdFqDol+Ku2iQyVT9WGeD9qgjybBgDLa0nWiJiAdEdvw==,XyQbum9ueCnmXbx1vwcAol3EanVVoOMr5F/6NESkyi2J/bMd8VCpFzpz58TCixQ=,+n9PsS6WRXv+zPc6/9pshzehOibvJlQNTSANSF9xBRg=,9IUadsBfobE4WJVRrYJh7Iaap1ykBR/4Sr5nYJw6rg==,opcSn8Fg0tOnzz8Rbicf4Jd1p1na1q9U8c0QEeoD,i5FnSqAjBo2CKqj6VEHcVstG7q2zTiZKDGThjRN9gJU=,/2xsrLPrWjqeWTMTEqHLIrvZb4YlnhmN74apQIeUOQ4=,qec7g5oZvzD4uAPlj3t4/MiwdSFQobe55Co/+6dq
s8JXSLcml9Om+G42/gIhysKmaKiL4lM3eYPBDG6/bAvyPg==,Q2vGlocJ8o672jQ+PhNiksOOmI9xxyVczsShiEt/CNUj98lzNQ==,1QZK1ssYyaFFJtKmVcBFJN41gH69szr86IERS9Q4keT+ABGYdZ+Og+TcqPOStp8=,jGwcw5m3Y9HSi6+WshKSAnWbYPg2NkLXMLXlNr5ThEc=,J6tsEPRbm1XVCbMi0YsZn66Uy3VTw04WgidvXzE/3Q==,JEclgiRadMate+Wf1b4mHRvgQdG63sRjixnEkBMl,dNnJDzyFD+0Aa8x04vhbyfmie4TayaiYI19yjlE4UaE=,gDUmKysUgEE/6F6D07dS5iWW9R4mxQ7uWwlS0FpPah0=,0PobjuwaOLIaDwmfWB0qo/9UzZq58S4/07YqjPla
BGWDFJok/WuzdAhwDoDib7dcbHNRuMtZhFa3iXObTR0aQA==,KdQi2o0Q27p8Up5i/ItFTjBxHxwgI3NN7BznT2P6DpewBZoZ6Q==,xViSbGrzN/pWT4I2nZxOgBAdqoHwmHT2MGOloIOUHLoWDfT3GVOb1J3Dg1de3AI=,cdmA5S+KMNBr7CuPT9BiZ0n1bxKUHWfgIecqc87Dn1E=,LoAgeoy0DjI2QyjPUaFO3W63bJjTY7ufBmAlPt73JQ==,2E/3yhlQWbS+UjyDheN9x33t2RnqjrfZG4mtBmZ/,CCxuvkSlRYPRKsWT1TlZA0m+eV5X27Y82zj1KrESUBQ=,/rPXsCfBvpLbCo9O4SaYTMHAi+bxRsrv6saNY0KYkMQ=,QbETwdk9PDi0/BOWRB733NcZU3aegcjQdNjUe3uD
fd4q19CzM/Qh6KJj0hKhdhfJIn0G+VdCBvrNXmYrrKhXfw==,z3ttQNFSmerbDSx4ggkZI/sjllSipGTPiDnEqty7o1uMXd3Ckg==,5EGwh0bbJ7rbBDYdkspJN6sYKmeSUsuf5KxSIUXgxhCdHlRxIIPB8PHogrFilz0=,3Iy7o5tK8bllRkoQarQf5BcTBfugXeuL/IgyRGbP6Ns=,4s6L9r0qF6DVtdDsXTn07MjQwpjS13SZMdXHuKxscA==,7hJ4Vb4B9kJn6syC+rJgcOP6ejkQbjrjkX3imCn2,GeBwmgSIOR8M7UxOk5gkAjXQihTK8bOPz2xLcbe+IS0=,YBIdB9nX3nl08EkCnY5wG6Ukjh4QvfVYc+6f+ljNfCk=,9/EWPOUB0TZ8dGlZWApKDdQA+YKVB9vh7frIGeHg
pPzAm+LUYLcslv54d/LrXpVWE3laAXjY+9HiUgQ1NyTKQQ==,rebNRmdLfSnHGAwgxapPHHsDf7YVtpxF5wvOe815B9/UG/4XAw==,SiebeGOulY5I9slasfm09EE0k0BeWEC77bztQhKNRANLvNJ39AmgIWRZRH1ZhUg=,Q6c1kOJ5NLUZare+irs1Pl6dcb/XAbaen/uaHw5fTA0=,o1eJcoI6ZBGloEX74g/ezai+9Fiq9CU9R/PosEAbHw==,i4AUmDUz8MJzqXF4PYxRq5wRVZUAUXwTztU3C7OW,CB7KRnz98eGIqCPLKDyqAp7qe1lg5EAyOfSY2GoeFRQ=,hLkTXrUCU4iEnGGEHA5hipF22gVboeOiWBcEmJs4SFk=,m8vNGYU+PX44DUoJJzG7YwgpSqLgzlbG8Xs48SPJ
mXrcO8McPhqUz1NKUbwQlNujJUVsqzGAnveexU3yYje7cQ==,N/VqzU/36U1an0pXDifGvd2K0Oh4IRNVXt8r2PITOoTf6m/zBg==,y+oyh3iXvRu9fPiz2Wgn9gtEoTfBE+LdB19Adar8LYi8JRYxywL9hMS/nIqZJ9E=,SCTv+fuRQXR2s5kbOz8/HS6KtbPhzRb3zD3FjM0AAkg=,kjVaPAizdDaUJj9vntM0V4rLQ0pHAL+8/OeQDCcDqA==,Ym+yN7h98pb9xWwuTnqUvsXTz9PR/ALe5oPiej93,6FP9Tu97bIOdkBDvrPbOEY/IEmHU7m/LfP2ofuhAsG4=,DqM7rSoMXpmsZfj7uMrUxMYbhW5uTL9FmaG0AQmdhPM=,tLzBzk5QO4pGk7zg0pF6KvLzyrhIdHLs/3kq/+/s
sx24wuCxIJfPqVkn70K5LT3LsxBHh5+Azjljagd/Lu6uLw==,Lwau/wiXS5ryoQhW3AGGeimTM4e5sXrLzGNdTsMyBqp6IESaTw==,Y3tyeuNxbuQ+O4B4n4sFi8fkFkxAJEdDEUbP9EgrsCoV+IlnAW/svf+HZiBYe6A=,5WGnVA+IKINPS/sUEvEnsKfqXYaTJypU//y23/71bJ0=,st3nt3afNyiqcQ7BdaoYk9897HZOZwcBMat6PFHhTw==,/fT8HW1citqrDS7V3xdKCTu9NPgZESbMpS2mm8Ie,zuWTP9ONyXG5u0d8WaLP/nBlGPQED3oOK1SCYdsSSx4=,1dIqgzS3VCkG82m+PrHxS6rh9+8FLwwVbHgDfNRSqGg=,f/ULsgx/k/tt96QolajLnqCBu0w8vxIOnLk6dwjQ
oBON0z7Bhkg4tFa0VsXuqBmXPwV9AAKOke8+aN7dResyjA==,Dd2hqewHWXC85b8KzMYcNjgq3ef77fwQnuELpUTHA5NNMXKO+w==,kqjSP05NKRLmuBalc0gjnZuWlquMbNrbm1VQrR2Yg7Pyq0dVJc025TGbeWrZflA=,S/v7NotsMPk9Q9DQPKpeLvzcfuLo11xvWruZE0JYZfg=,iiGNtQez4coTBTc5jeN1u7jhDwq1RNKyYyQqC/8ADA==,F3Xbeg+gAazHNpJqWYKWde38UrdzJGgs8PdM8Evo,4RTqHC7Alh5KMVhrzeS5+oKIk/Zv5hake8Yg+HA2Ypk=,uVt0BVB1nTT1llsJKJOw/qWvVZeadPv+UnlvQwY1z2o=,HbqO1X09vQQpi4C5hgT2sX+Qk7BsQi4nauIeDmgs
rmcQ09Wuy5Z309CaNGu8aciilYbS3qmo6Qfp32QN2UNTCA==,CUDNXUdloYcHG8xAvSwmlEaMxsiuBIETGqofQF5+shaa//8yXQ==,2sgSY+W0k83g0SfMc0ICL1zXhI1SOP7q+18RTR4M+IC9ZoVQag28l6bJbLR6WD0=,mAB84DkT9P2KTJO7Q+Yh26qGf3oi8LjOVqpFwsM9d0I=,Od3+63pwlHLJRTp91uHokQDXT3Ao1Ui/SlUbqP/XrQ==,d+9b84IrYWMdOqoYWzWXRI6llT99tbCsqRh1Lmgo,hflKBuLRYbDWNmIDx6axsuR0N6SYlq7Mz7AFinJP+BE=,OBI0cW/BsZtX+1D6wFqWpb6pnxXubsPznUk0AgzLLd4=,raLIdhM/panLOWEsvXOUxDWFDI2eE0z9Gsu5c42J
tS1n/E0l6Ik36GEq3mbIxsFjHGN7YmeWdRMJ28Pzf0VBNQ==,UHuRhz8fkZ3f4xKFlzRjwQhM/UQYQF9ogQp7h4oOORBeHreNUg==,Yabv6vxRCviCxxsFGzbuo5g8M8IfG0ctcYq89ZgRSXtGAPvu/eBxu3EkX8XH0LI=,nsz7nC3v5frtUdurhF41qQaRu1G0Qq4988vBYw59hTA=,mD2qsJzQ52C0nzAcP/vdiVZPhIHcxbg8LxEtoEE59w==,Pc+asZdbzlSeG6ueUsFugNd33SVkbBn+OLwbKgdP,2YwtTmWoeCnJMp88Q8yBzfEJe8GOXE5rOHwQ5trlojc=,+p/2UcK66zqEWyFc96uOZhXxnkbLNTwOiIdEcQoZEc0=,GV9HRq3nD3jcWozkE4O1YOtODuZb6SRneS6AESOW
Cf9xJn2QLL7MBf1BN+3MnKQS75jwSd/LXNX0A0MNuRSB+Q==,416aGOHbvIGZcq1CMppScxTf9mCEsE2Qr20WmUZEw/2Z0Hm0mQ==,r6yX0FZz001yhBUlF+kUGmqXkxyYkJIZAn5aQmVRuCWhZaCLqonJ1TzsvuVw+Mg=,Omekxzc+QA9vM0xcDkrIc872DxjBPAJeFyyMhqmEOBk=,2jWPw5JG4MuIz04/5zLmhWUdgXorEQAaJxZrtDOLlg==,JCdtjzFW5AWSUHGJ2mTSjtq6aM0IEjLkcGkiYBij,SDiT0G6uCkmXZP4e160qoQvrTZDXUglX080rXXmSDN0=,X1S+1CYkJjmGtv06rUno4un7OKvnpNLLd6pGPYGOD7Y=,jeyV7lYZxEz1Ft85oYSRGazCJPigxvBKprFVjAMv
8T6ipc+8vs0sGCjzag0LejQueRKeoYR8f5APM7pP79JPXA==,FmrWKIMRdg49IO9HO60wJPKOKmYcHs7uSk+G5iYnSFV55XyWfw==,KhQTaxEZfDwBLr3tnyyPcg4Dh5augdHilIxa8+bzCtwuaZejMlZ83WIIsB+Uj8s=,tYQHgkQ1yI9+oF9fCHBN9dEhUox+R/31QZx7pKrIKjA=,tRF2fhXTk9HgO9F4J/Pgx85mHAy6jkZD3kyIQMchFA==,HjeAqyNfz+Qsn1saCGrM1T7dpeX22iceTIKRjIga,MSRIziPADGdbqF2w1HwP+k7J31oE4lawdXaKIm3cN+8=,+VwxrIg7D9WssL1OcRAy3sBLmJJLms9D0esT36PePdw=,k01c1USyEbTjQtbRwvQBIaCya5E6lGtSbfa94toa
2GVvzfGmgF8ugCyGkPiXz20wCQpJzB1ZEzfdjb5jHh/5Fg==,pfynDANJ+rWXdRwQgCE6ZEnAXgUBExmbIUK0Em64w3SKV0JXNQ==,CBvYVWD9E1uf2X8pO8epQmKWX+H2idBaisyawFQXJcKE4nZyKaF9fLZTHcf3RGI=,DluzpD3PMvqxn4Phj11/xEdUl2mjeCF+bB2mXyGa0dc=,afaDZgPUEXMuQ/oV8manBPjXSaLiu5H1R7gVWRihgQ==,fnTmAPMUvGierb0t3RIOwF9BFo1VcpElvGIF3wjV,5yY9RLVwfq7p9rW8r5WHzLFIxuGjXKdpYQtvYYWMJpg=,XHY9Z2iJ5V0wIweKnf8GwhynZezyOcNPNk6lepD7BTU=,J458HH3a30p8jmPepNR/cpOxnT2iyOnP8N6GjsuM
4VErv20Esr1/09RwZ/5uUU8qe0ZniTTY58w1VNH8CaK6oQ==,sYC0Dl+SOSnr/VN7JoM4psGpQi//ROfe8Z4gnByjnjEYLDyvxg==,koQo9idsnFqUUqpcBzO6gGu8pWhRS4k3TwX2IJ6LT1BkS7ZodAajCyH7t/o5ay4=,QACHt96cj6z3Xyf2pBVXoOgiFKFgql39ivLgtlsmq7Y=,t2m52AVANs/Zuh9JSwHkIVbHTmjDnVmU/PAncbQtJQ==,nEA9ZWfyDxcdRx3gbr0SsvjP6JsW8z4IqV/jqzzb,Pv9zVAKFdIjp7VdS6UiojUbYDy9gjMnZbGP1QtmZqog=,ofEBoFS5NGwHkzXbQd0oyP5qXC67T1z54n3SIaZKhgk=,yJ99Z7dXxbNS4a+AgICZ8F71Ti6JvZQbG6uqDXZe
2WEZqWBcNfUkH8q5Djwgfodfy/oquW7WWBwBE6tNIGw+9Q==,d4Pjl5fHvSFNgIB/hKfNpEQetCB2sIvT78PKmR8x60mmAdJZtQ==,ITEaWRrat+LMZwxudNuCQWIBiMLdYTZSMXLSjythMfLMPJ2qh6rH4gRRtVkgrFE=,WfgJ3KJHHtPOQLhIWYO4Nl/ThnBPhDOyeYjmjALZ9jA=,s0rSf3HfLhKlBOxviIcBO+koin3YBmNcXK0Vtr1ZVw==,frYarDR0aRm9SwkjTW2vDqlZ2lgFF8a8ZmaqwgZo,4Yl+y7xjgC5Z5zoozp1zPC8ByrYPwbd13aa0hWFzhBE=,RFCuFhluCseOw/h5TqRuDscjsEJPHEEwqZoH6o9eRUA=,blsEzl4Qwyua17y3IDFugN5u9336CuUO3X5fmbB+
9nTKn32WOmb79i7yqV5IKty6Fa5vu+RxNyk7P/tJHIKfRg==,RxUQE01023Il6r1ElPbROEdOs6pghjQzWevu/zX+aXHVu6G3/w==,vttj7gBp6WgirWmZJb7H0J7U74klwD3ADxb8ITBm5Z8Dcc4V73o+5jaW06UZHME=,tcEZ5Gy5lbuio58r0kFGmGgr8swPKr8kHRQ5R7uzrt0=,AkiU62g84dNmfvz17nyU+ZmNT/qblkWsIGxIku0LGg==,f0fipzV2ZRSgra4XzH7yPjauwZt4s16rmTdCnZUN,2+iYC2CHuz6edbEHG4C2IzWUxEa3xAUCd/dlCEITrdM=,39sNx4+RFCwN3C8zAvmcNcm/Nx2YstCneM8L2DhoizQ=,X5n1gWAfjImpA/3wWx0w4STRU9LswLj2BnSwNn06
KqWHO1+ihBUj7Mpiu2f/bz6WQM3VS0Idfxd4KeoXdHDsTA==,Wni3HPRDM96EOqKtDGN024/+u45dBms6PVRVPBXbydOYeweORg==,PSoSyUrKsfhBdSx4p+ClHbwojys9T19dk4mqImqtj8IHS0hTcDjoz0CJ98Fn/UM=,9aUmPR5JiQwb7kGFeCCPjflOg0B2NMIrZyomo2uXYUI=,S9tVNb53cy8RYtMGQh0Ee0/7AMUghWVf8G/10iUtZw==,uMtOSXx57Y0E6pZsIj1wqem04Fs35a6Y+GCiyuXh,QWR4MBOHGMhow3YB9iFOYbJ8CAmRrqPcOEEJNPlbuyQ=,mvAUIjyuw8p33bDsNfFM5PKSnk6/5rUm4RH984cSqbg=,9A4lBnq24gmekYHzE97BxTWFmZzKyf6t5XspqdR8
wCzlMFq02x2PMEyepWfDtEOSVKl56RLESHCa1hpqYsKeAQ==,SRGd7uq9fQNX4HNFt3eEUvmsjXtcsY9hpXZIpo3SatK0JLocmQ==,JrT+QVJC1IB/m9Szfs2EovLhJMJeQkIWnYqQPeq+VFY30wezDDRdymjzHHKVWtI=,Qgx5SO5U0LzkNbQFG4yhn2rGa1nZzgZ1HYi9KdHQCm8=,5PhtdEO1uC2UY4vG8ehDxl2T9gknR4AwEla12nhfwg==,6OQTtAYQYjF7E3rmRK6/27ZXctOkbxSStwWSg5+y,2EA6PQuUEJ8WkSpAyf+Z7e4K8uq3ermrqWGtBJLw14Y=,dHfCdQ85rOedS8l6iMUge1+qHX0cUYAOs6e9NuS5h/0=,nuammHCgIFM0A57lwD82jtcnSYz5i+SOerPwXjFv
+VG4gAuwL98CCHMN3SgPZAqhuptOyCxlzF1NZ7fvLlk8Cw==,1bBlYJs6WJxqAQHHoVx7AQ7QiZPdN2yUA60i5DnYgor9BTEwyA==,E9jIi25pnFrqv6m3LISnD1pk0UGHHM5x0hoKsT1lJBfHMmqh83+sU6jjTEEgPwY=,MikXcosMmLD5fffWoCoPfJgdoEuIqs7E7yjTOPARdP8=,wQMy8UF9YfmCHrreIRtm94h7mQoVyk3GGds/5hYVWA==,L66sz7+tC/5J4q14FOmaJha5m9ZWnwI8lOg1tGhN,tF9yZM+GsrwGCkGVLRaKTmDkoCxZZbu0pHwnwmWuMDQ=,NjNtC4VytGfLzfltbyffSYbUmSuHzE8Trq+91QdKd94=,NLTzFOPpCwFMPvJDEG88E5JhKQBMISOZUJhv+nC8
wbHKULjGSDGkTZ0dXHQw5CK7LyAenav0KiJjEuvK4bX1lA==,lm8XEByL+0mBOEgDVcZksuOYp7KgLzmh8O5witEr6upROMyUSA==,LE+iD2GR9lI+BLz1hihNMdFok2pCKUoS6KZ26nODXavEneYfHcZ7RGVPLok6iVc=,oNeOT7pVCj/BwAtma3rvUZNv+9wrofzZ2UFOsDHx0m8=,r+/u6KyrWSssA3kH4jf6OGWyQCYvyv8aJK3fPA9UiA==,+kyk67YsR5r/foG9TLh2x/e5aOcbM1OfLAXumnQR,J5vFJMmluihHRRckPrqr3052aCtWyFfp16XSMj/IRAc=,YHQmxxOkOqotOAnEW79bsn/GA6ewzY7kEGnyP47H7iU=,oUFWge90G8yPwoQO3gqayisJVrM700XIMiRnCpuc
m4Fcuoa0bRmHWU/CReZxZ9ZqWveMHE+wMrtFQ4t4VKz5OQ==,MpDETeH0WqHk9YHbdoGUsrM40G58FFY4BV7+pdrwQZd0UM7Wpw==,6gLDvqD9yAy4SQLnu6evzo0ivU6p6OJuABfF5sueWllcy/mIozg25ABG0FXHVjY=,ahMcFtKyuOdrEV+ooFTeXkxDMLnXd7kLHQANZGVaUiY=,oBIAtTHNaieUMzEwrjvLMW0IHl61a2j5sKePMtkymQ==,F2wEU5IWQq1nXvIZWvBlwHzG/IsrpK0g6KSZ0ADe,QMJkFpvHaXcROJbBIqVd480M/Ti7XlslSsej0qnkUh0=,Cvmf8HVdh7pUHa/lvfhliwLQYY4RIKZFs6SYrTGw9i8=,tJjjlm5hkKZ+Em5oM7fs/RSKdieP9e4Jo8CYXm6T
DM7H5JYR6KAulyL1AV/tgF553f0ZujiRLrmZCGbf35t6Jw==,a+Pqz2xWMrHOID0AN+3zWTKK2T11a0QkhLQ+GrJWyqvTmJ5KbQ==,Ck5lVrINMO7W4EmqMO3ZIXKWpngWZ2EoJ1tm8HVBiNzF8R/HwQPHz8Ir1LXa0ns=,3X++AZQmHZYnszYyemD9orlsBMBYMEBTDbGJwVH32Fo=,EM2dMzD2D3pevXcYd9UroomYL3HDIrrumt3ICbtIRw==,eKD5wgQQndWzhV0KJEn3jH9vWyyAmfxcG9DMjtQ3,PQVxyrWHgenEb3GLsxrksbREaas8kIheaCC7GaK7v0o=,gH/Y0T7eWsJnZlS7zQBPbVrDqErWJu5WwVR0znOl41w=,pf2ZFliJHcsSXMuwxl/aaFRRnhKuPQouGR0ht1wV
2asG3RPT02rFn/bD2OTTwAbWBj95PPJgaELPZzCj/9GFuA==,wmch9PGdPcJSq7XHwTkbgASOQttLvCXGxij7xamAD0N2wREuxA==,UvAk7ybJIQYIGyIrCQA13fyA9PIhuwzFOIyn9LAEYWLiC3MAoO+8YnG7RhCTN0Y=,cOHs3z+emds6pABKwt5lQ1TXWk7Nz52VfFWm51FMTfw=,SdtZMqzT7HSN94b5mTGlKjx7tBNp8TzGG+zTmCoxrw==,SYIbclweTHBlJBnYhHlyT8RIupmI40KIqwiCnWvw,grtaW6eL1Ke2Mq5Y1PA75TLRYVs1Sgz9tDfKuaJIlzo=,Vpv61d5pDV5cfw1LS8BdNI0apPYXAic2TjLbpff/g4Q=,DN8CMTnESSpiUd+R9vzOd9Kaq11hKnBi0oHytIc8
3q3G8aEJCSClzZMukbIf2JMVp1OC52+GECxMU5aFcfYy8g==,XcV4SEYEjjVY+/xGUOzrqBJ1av48vz83kHQDZJDdct8jrfsNJA==,ObkhvGsZI8croOUXMnSDOD+E9ZXf9ViYWlewZT5L+F3Xr8PqQfBYuIrnZWZdI4Q=,l5D/U0uyIMAcK6m1TI5uG1YneGyMCe2wBeq2ovz3VAc=,kGYtqDEdjaSV2Z3z7Tcw8ytkmAUMvvlmu6t+0F41yw==,uKuN6CbiZSAwy7EfbcITYqGmvZa5WhvbvCJ8IIGR,ItY6KzBUXPteYGmPQcy7JQAvGKegvMkV41DMHdFFbts=,LUE6ItWhyZHP8gNo3Fjpl2LRM9v7iAENJTPnIPQ2pGE=,MPHRLLPmgoAaGp+UZMQljZpyaUwv8jmod5YA+ih2
BdD8h/XhnFCW6ZylwPKoR3PC5YAz+cN3dDmDgiGWzzTpEQ==,NyGh4n4RDEowLskOwLwaQ9d9xMK7cZzU0ZbvgJOWyK8afhkvFg==,jBN8KcA4HuOuVDb30R9oWFT8TG+uOLibkXKQTCXKoJJ5ULTCky/ZemjULkDuHRc=,2HNPbtjAnbDJlxxTCUGTm4bnckgXoG1wwpaExDdUNfc=,uGTUqgCx09K1Splfa2iaFxRd+odVR1wMxkCVNuwsVQ==,T1PE4vI6W2jExKoKj0yg+jgQYBwATvZbk7a8id3t,d0yd7XJ3fWprl1Eq090jVFz3JhU7bXo7gHjL82ca6K0=,BJY2mYjXO+pcCjN69HwqLDs0BpRBteBzQYTwxPi2r6A=,Ea6uJD0Ia2/yiswlGOVBQM8jhRJO6XrLqylb1b3J
OC63XYtwqAN35uuWOP2pMKjZOpfMD5DL8Za8uE2rMicqrw==,i2n/shetMhNElU0N+hJGs3nuIiE11tJ51mV0uvA2GSZ07/ejxw==,Bxf4wMbv2DjKiTYIj4Fnls20SRqZc2kRGHRZl9K8e2U2jMnkQzNmLMWXIf7UQxQ=,rB3kUy/Y5ODZYXDrhgsz7By5l7RHebKhUYabbZBNyBM=,jCNMjxxe9zztSpHcXusX3XIH/Rh0cpAbn37exmNxmw==,W80I/6XLNQHiKLv1Iey4c90lTb13+AA1EteWF1DG,AK6gFmOe1mI9TSP1KEZSBoGsYXqaNGvd2V9yGQzhP6M=,2XcRuErL3qJVeahSid95O0DmNr1NJTXjKOKLGeFvklQ=,FPVvlhJjhUq6Z1UruC54PzCWuDbHCgL6hGDDPMIp
iwNe1h7BzwZkc+tsvS5QTtZ9JK0Hqb+SgBgak/MaIa6gFA==,vp0B6fDOvb6fgYPxvpUyV5oass3ojWqZYQaEzVTfNzJIOuS9tw==,qk2j2IQ86pAFOQHJsUgC9ZD9MD/bRLZvMQivCAQFpG4+1DI2EDmSI/w5uc8rN0A=,ySvvPtFAk0Ie1sf8RdAEYmbCPWSmK0nshP31ES9ZAZk=,0YLt6XNJJ+H7W2OaWP8wxMeGbJbXM5Y3YSTVlsrmwg==,R0Fjs7la8V7PHH/tdTQqNVhM9+esI7n8PYdSe4qg,6CTxtpxhHRRDN/lX/TOUGkIcCKxU+7pTSnYZKevQj/U=,gQfv4hoCgjDFKSseplohpdBKgOlLyy2mx8c5zCpn/xs=,Ws12QaT6Dk9RyL1bYKttBCZmikzNj73QAcKtz9PN
kqECGQDDe6QuohM86nsVLpj8Vn3HLHRpVWTetui3ZNeI3Q==,Dot6Pwxo+1z8jRTwCcZWJhn0NCvVVu/djpgTcCOWwVpGABmi2g==,dTt81eKn0gsEujA+y4O4xyMeHgpWGpT4Rzo72JpD26jh85r0aH4B95sDBnYrkCw=,5o1KRwmHR27kccC/BduUHoazYpB8DQLev85eLjNhB8Q=,3F9RXbVdTaRrCjuA3KW388oz79wOouH5baYTb86L3w==,gneyfR8/ePW4Hi8JFPN5kunnzh5ozvDIJgMWSYqf,r+oEiYWC7Ldz60sZSBBu3yIdBKM63XCTNlOEW1Vz6js=,nLtwF1WAZyln8YGbFuWzBD63PHblQlfnyoHoO27TVRU=,h3/r5LFiv0f+g2DbetBAzeeh8rl4YI2cCoV5GdKc
9yFFDZuVmIffH8W0U5xQVf5NvwNeLMPwh19AfYsiVNxr8w==,3B1SnQWbMeABrB97Ri4SsjwnFwdqPIm26Dg5ACS9iaa42On35A==,M+SnQPYIH6VSw2FMnBq6NtyH64sbA0bJzkxQ/nNSmBNULbNpEWsAG9H+w3vE++4=,/upZVkbLR148Twm9xNuR5pVKYeq7Gecke6s16Fuyv3E=,Ja6Ubl4Qzad5SUaMeAFBeHw+wmm/9IUALjkD8lLf0A==,CHT/wP7/Ioihb8ME2hDEWGJopwknQ7Fq8JAeXtb9,MwBHnTIf7d2Q4FDD5R97TOcEj/Xc+Hk66TT8Zw+OO+I=,e37UQlsb8Ueg2KEIs72piWK6PQJN+yffBpAg0hWA5hk=,WNnxO1Mii5atE9onZHF/vdhXMLrDdV7sQdl9w4lr
NqE8av+gEfpJbRGah3XSpmknYOxdlB76yCSfoXRORaCKSQ==,tNbs8pLTnLbMB90W59hWkfbVC08smUYGnPdyLW/bwaSLBmuK/A==,sDocTw0FZD6jRDAtvRtIlJlyv28qx2H+tRxppj5z1FseaQNBEBvc/DeoNLFtVcA=,rIi+9VSDrS7Wi33gppsiLER6wZESku2edT2DJRArr5A=,KOTVJfA+hhNbpyXo+WJP34KG6igrUzTXIIiQu0t1hQ==,FDtBQW7fjmh+0/N6JZc2yGYjC9n5uOOF6daDCzMo,SCAHyf29+LECeHJGgcohCRMTtd4B9I/f7RYL9gqkd2w=,DOQf1EHZxCjuSg6Oe8foavx0PrufejCs0Zccm9PQits=,hj/rs2Ptxxuj1XG45u/BP1kMHG72ZBKxFJUuWnGC
a0/G6EA4mnKqwy1qJI5jNDsYjOx1iEi3BOLhzwC8mKLixA==,9hrrB/6y6EGwDHAxsWPt++DNwmGMZCoWNHjhxYIhcSb4i7qpVg==,zAjrtXm8+qAlNFlH5Y2clf/XxqJClkudVD/GbSC0h4I+ahrzfzURQBbexD0Q3/g=,w2oLi1VeU8wahPvRy9ADcXrf9wW3uwNDDe9eQxHT324=,y+4Xi8eU8/yuzCyHp4FTLngRmEsdTyJE7LVLlPV+GQ==,hAr0WXqu2GGEvPAJRktm9wzCc4Ny8PKoH9s87O9R,83MySKGRaGlmY7GAKKEARn/G0Njjp3HDUc1vs8EK0fo=,kgOCchOet4hnL9EWEVjo2ONGRm37JkNatDemJRZNSQI=,HKsl4+cfcCN/QtcsxiVIf3Y8rqWITRPXQER0lhSN
MsrcgpCLCXU6UBDrgkls394LDs7HgHcDz+wotcHNvk8p7A==,32Anyc6nzINJ/URp7N/83PqHHb7638dkGpWI9YcK1lclDDZvsQ==,k9VblJovW0pWl9ZxYxnTHP6V+OxQ02eY0nfbJG7QH9/1YUa38Xlwdl+39ro/wJA=,XsqAY36IynW+auUF2uPNBKuOauPYXIE4fNCtReIz52o=,yRKw4aQtO+/86N/9QY+DSkSMmc5Sv3VmLqEjP+Dxng==,Bld0KJoC9057b7taVA6ufu18Q063dX6vhgEzcbI2,D1u/TlaKHcwfd9UzlBs4xL+1OB+/qjRS4aKKxR2fSCU=,wgqG80FJ5mBd8RFS0UKdAdEKTp+7viv6DNi/fbtJ9mw=,ucu3m3ZGK8qI5T2hcuFF1n1GHlSHZ2PqUniRDewF
ao3SJxS7XJXhK9LzI9E4ZoN7qwzGpKdG8jIaxNCdi/lCIg==,XTixjo4c5Sb9jtvbeoIh94KVsJ9At5uB7vg/DwEdgxCLkZLcuw==,kvdZslLhNhDX+34A4D1mBttBwfrzzol/JHemHuyUP9uFQWXY7stH/3Z+H7K9a0Y=,U1pA7V1XbwZZYwMgcmB39Wauu3k89qz0dO603GOJuWs=,1/5oJ8kdAF0wCGk5CbD1uDZt3ZaugZSobIvD+ELa5A==,eezP/oAMdbNRSE2BFlXKIuPvWZdii8qbajBZBePn,ZIjbHbcPQzxcH91qe6QmU83cGp7SQPlGbrP/xsiGnUg=,Q33MmXBDKkAShkOHK6tjqmHGj959t/flMgS9X/yq6j4=,IGWkZTb/3wjRfZlFjqWi8Bm/U6NGJHWjUDTHh1Xo
3GmdiXUoN6/S353y4HUl/XBoXLhr/RY20TzUFN798+x5/A==,LSdZce+iyANOIWeSmGSF9LHUikYgnA1OxUL+oIic911QNZf+yA==,K3TIiaGPcqGPLJOL6SXsU3B/KcYnnZtFAxniyOKSEjoePoc8OYQXspX0GGWOwG4=,lHLmbAK+pgCos8ODnhP/CFJeKNT1gclsDi9EMub94HM=,i3GuewlNRL92Hk3ZoAk6SwxY3d5zmi7r/1yMhtqIJg==,MPaiXKNOccsMBuzrzM8GnW1ei2H4cLK5YK+ZThTT,HkfR+scm+s4qfyWuq6nRkFcgoSwiv4Jnqlt/A5stfl0=,MA/+1K+A9zkRIo2+dwrGvWAxIx7CrNWhZphi/z/o8EM=,48WHFztA96BE4m3xKcF+sqnpFa+FxfL8QmvfAWlo
wpL8fey8+3oJPQCJ5kob38dDkxoErXFsCFGiBGNEQLX4EA==,MDn3mhSFajcYMUbHXqLhdLeeJeCKTjjIQXFak7ZUffJ7bNJtiA==,g74Fc6I7hDkRvT0+5LdjDwIsL/XqnkSm+p2g1eyN4YxZfHq1S9ZP97IFSVEUdEo=,2eIMBB+/uZAHACqyB54ouHphMhe0HOytXVwt/kEEe/U=,IQPHrfxtsbncUgG+d/iGY/FiChcERu41XtKarDGCJw==,fumh5AyVbPUTyC4w2bagoC43qg6QITupuyQiqLDp,SgAIhp2yL24M5LdegTAC765uODt7Bc5pOST1qQ3NCU8=,8syNAAo/o+8T8/fWlVOGgfb2u4JIIJhJ2Qsb1N5Daik=,S/3Nu1BfR47gS35fT1ErLPrQgfBQk1dqoRFKVf8O
XoPlHD5ynFJ50jvEnaSnMQl3Ae+yp85VvlD2dOIy50+X8A==,Bfo1zZMQ9yk4DErStA+euBCOyMsFNbxKWyY5fIzikh6ueixx1w==,Qo2dIMy2wnjbt6jaYnF2cmR/QOeo/AD6IBzyYduVaWk7Lw4n/A4SOi3SehffsWY=,faSfYscghGBzzeVxWkdbJDWW8OvgSiaVIYDiUTAE1eo=,ANPolK/RrlQKC4AhYrezUA+xyeMNjSz2akFtXOMeQw==,voWl0Enstzc+QW+UdiS9iR+xvv+uBqrOi9gjUeVX,WNlLNru5PB2Yyef5H9UqXjAlH9qQ7nSl0cDcFaeqhkw=,6RiWaU3Qhj/YjH0ZMIphxNwOQxO3njd2AgItCUGgt/0=,/xOf5TVZZKktAObb5jvD7a0QS38W7h3IP7rE0hFM
ljc8ex3HqT5rxSFCZ4WAVxPKEVjBEw5mJN3SJ6htQSdkDQ==,QwL/AUYGr22hL7EJtZSMw6MEgIvjFfJB6QNj6iFV3dJ5O9COQA==,M+91nPUkNOltwSYfwllsuJiKKYf8/srFbvyXv6pFBvVl5dMnnR7Fhy/dDXmjGDQ=,rawQemIzke6oDeaUnl0c0HgcLHP4/SWcaqCvzp/z+W0=,2TGsne7Ui4WTaKeqgh922UUFyYxLKjqsGti0YLqr+g==,gLATMP4mn4VJqNfjNyGCTeVnIn9JlTFDyMWVdCX0,2FmyMeybSuk7YlmKmvdMZ3B7XsJ4ZHJntkNDFuu2eSY=,cwM3GG3u86wQwD+CeY13xA2eyD0FNaVNDK1ObBEyZeU=,gcnZDV/8piVRKdcam+3bUZXEdTzeTDt62541bVgg
beJ8BUlXR+45hl7G33crOcdhml/rPE/fwrn/j/fJifLcBQ==,Eub+K8GtruB3T4AQmtPi0sdsgIePVpKlpm3Yci8NXEIbhKjK7Q==,d6ernFUM3280WEvp3BNix8jbWfNFN9msyETJIKvRYIMItR+vQC3HRP0pVmHoP68=,YshxVSpz86OUCMYRyjG3ptmjXDiLxMMGcPjDblJ4hnI=,EGNAI6YoN0AUOBXQHoSCdgJSwhEo9nRU5+wdBsCC+g==,sJGGvjOy9LIL/N8vyqtPDRtogiyBMZS09qx1r7nD,D+HmTbw778SxlNEfd2ww07G8SOch+YJmO9a4TklC1Gs=,1YLNvCyZUla6k+ZliXu9PK3fy9B7FZ/3Fj4Z3pGxWoM=,WMo/nE/sa27Y2maHYSulbbvPWeK3gT6ONMDi7cEw
2oLJi55CJR2Xphiz3wWu6tGMBXBhKFC25FeN3+YtRBX7Ng==,wj7vvAlEkfqvBbmRgoR2lWXux5l9MsXAwTOLZNYSpTil8HtPew==,iHyNAjLPv7qqpKmf1BPu9pLO+ZizG2g29ScnwjE3QT2KykiPgNfVfqsbW3r+bNc=,LweMCfAkB7MkTPOTA1pLHewwBMrO94CKoybiJQaED5U=,n6Rr+M3XllmuFFl7HACOnk1GPt3CPrATKpGkFtyVaA==,eMXOKDFkvGJVGHSy80FbbMiappGVdk/PhNy+pw/X,bYnh+LUUGVcDrI0Mbz+F+erV4X6ekLtlElVkOqKDJEQ=,kE/pCeVEt5WTLg8O740a/1bVYcC5qErPJo5amKuiVhU=,h7ti3iO5IOSJRgIJf9ECCe5tznnuEEBHLFHr0AyK
jefHVb7QCn6F27UsFdyvViGPKiuaqnv2QzqXFXgbeItqjg==,EzVtJ/2rFbisjPR2HDVObCDR7APzGV5YDOhJ1yc841X5aNKFlg==,H2ii4hImx/48qVBbSG0FtVhYvPRnqhkTlQB+PSM0RoUdOiyVRWaCPIx/D6vcfV8=,S+kIM5Gi7TSuYG4aOUWqvsw1B/xUTh66iX1XK5GH3XY=,H0N6yGJqxslVpdBmjBI+LRjX7+3PqAmL4OtsmoW2Xw==,LRPYO7yCPTznPMlEGLlZ/ZKHP5zyK6t1dM1FLbMP,kMZi/U8f0nh4gF98KCpm/Jop+7k+L3rreMG4piK+PEc=,IuhDnl8YWf+oemIvb5m6+n6+VuVrjI5KflFxIxOiO2o=,N3Fwh7Zzh/AqArIkiAXWM9ADbRGrSo/MY9uzHxof
0ezyznExTCfJKIaMUMtOfzOBzmI6ntHWqcavIVAJ0kNnwA==,2SXoGLbp/2Z/2ku2tWjAeCnK/aVBfV42w0ORg4G5vW8Y47SjlQ==,BemXdJOoC5iTHR3mqjRqxMtO9CjkriHywDIlGTQT0M6HyLXx59uCEoUKm+MHY6Y=,0/+OtQfUaOfiHzjCt+NDf0WIxEStJYTvyldDhBsseF8=,nllWJhSyplk+MLGf4pzB/PgGiPWbMU9BNyXV/XwmgQ==,38fGTp6mPMz/7vcOIuNolGBis5+yk0JkiB3vx3mz,0IyUmLvXO0Hnc+g+pwJ/37x762wWXWBReMUcA+BP3fQ=,HGtKDi+Le39XtpZxhLGj3UJG3lDD1aPNrT2Fq3Q534I=,HSqLue+5VBh0KvNdYgFx50tJ5tzF5M//EwxMh5QA
0ZXbxXtlb87XrRXJzea735SxsroVpaOTmVZOleFC8tUVaQ==,GB2kxaPLdk9Gu8mGH+xDQYl+imLYmrU3LxsMJXVfZJKGQ91U5A==,Y8RwF9+Cmc9Llfpcxj0d8c2xquPIYux8cx1a7AM8b+8kJq7RFjQUihqVZ+0ZuqM=,c1XaY9qz3iFc2bRxTz6nkaDtHX6s1safQ6HsZkYUF4o=,aEGZ71843THTjA0spG6vFhJqP9LrsONviBKjDBIIeA==,pgwDJWbd9qeP80tcnYlJqk93QtcDb8dQMGwU/M84,gyTYjak1AigZhvA3i5KlJ7lOTk8nHt6kIKr8Ynk9V8s=,mhAwjiUa97QHzsk6geLuoibRGIQlPjYE8fo6vBGhPDk=,Ft7t2gIaKyW6Vis1HJUzNOY1p2kF7rK3KG7dFa7d
fWgBa1xPusWlsMuI1zpvWnUiig5zmskK7A8a/A7Htjru9A==,/zdABibdaGKinoYCsu9Of7OAMRw/TX/1HBFEmyiEk1f/Efnhgg==,PEiX9j/D5A66te7fV2rUwNQG29UWpO+0qNv9W+EXzH2YCxbzFQdF1BChouV6UZY=,fELiB4zZczGhAwi0O8iGjkGjRaTO3MSLWIlHR/Qio7Q=,xJ9L2Wp8Lx4tvFO5isBt0gPIjc8PMuq6ZeORXL8wCQ==,l1NLgHE1M+jzBBFn6VRWX2LaYrR8bRDc3WjTsa12,QfJ0/BqZeJ2TM10BawZoWD3e1RWGqTn0KMw4m5hpuLM=,B37mBJaaBTUeSnCc7ZtuTt2R9C8SDvUrcsPweRG2K+g=,f+/WLYKyq0zdZqvjQRl8v4rwBFicV0IREDRDJSNC
0rkyyM+TiviQJW8La+4cT+/DpgQwQ2echuTSMlJgFccY+A==,MvkfHPjeic13ovBSeuXtfPMONVtD08A2UrkSftXUiUmQ5WDqwA==,+JfDzQIhnue0XsHWIqEOYyEiuPnynYG7BK5X2rC7tQnN2Xp3uDvsESWyuxJAHTA=,EAsN0mgpQI8tkkwVVUL+Y1q6CJO9+ZlerA9mmISRSQw=,HBvU6Lj5e4FdYVZYUDSYXOMzkRWcrRFd0Fnk+8qlNA==,6H9EmWuHO6GtHQMEP3JhBeaeidsgVnzHyHxVP/wf,hx1QMRLXRkPlONLBUQGaE4Xpjh/GlO+VMRwLifByZO4=,kTWmw3GfLxIW6MA3baLvApgGLUJsp600LD4KHKJvnrg=,BEvSS5/XASmZbbX6GH5RJ05MROlrZ+3XZlCJQLX4
KOhV9i/ZXT/XdvusiOFtNyBv3sXpgn7QLOwdAJXni/Q5DQ==,BAAY3FtYj1n1sx7EMV3rSJJyUJQIGF5R2RJqBZt/b89auY3CLA==,38PuLt8d7ZpC+7gwJyXVSS6n4WJY/aS2PC+TWiHwwyRndFAIptR3awToMar6UKA=,hq/i0R6mCaJqIQVcJ/3HqJejUoAPAAoq+ihMYDQQNP4=,uqMJQM6Tx/VMprwlLrjeVTM3f2s8gVu48zOGjCP6xA==,XBZyxQit6TBzoBRsiJEf7ZKF5irck8PnAks2fO4I,+3R6+CiwQgyISQZn6aKTGjIlTlMAJgl27loEEtE7NKg=,32s9Ll3djtKDKUjtUeX//ZzQuqKwJmkFkCIiqUwbC3Y=,WkFrXAEkbbt4yYSRdvDWMIl8yIxsT3rlr14fDMuA
BZpJolMZTtJqjRKzZ6XnF9OcB8IY46SA48U3ESWeDlKu6w==,gWd8z3YDgru9fJp01qST/kVbceMAH5Hfad0VM8O5Ke9b79r2Jg==,ybOOKP790sl1KrdALLX1ZmKUYOElH3YY6WGXBlFi1tRSmvv58eN56Djf9qh9zfM=,DFckn/j1XsKivfwtwCDsAjWP9dunRml0kBJnvPDtXx8=,Ba+4vmt0RutrEM5Q6WxYvzm2YVasbalvDK/Aq4jz5Q==,AM9fwWA8lL99ZYe30gFOHxfe7zNIGJ4y2lB5+dsO,fzoBE49pq7OlkNIpStuAxGLpBvccLdj+o/3E0tfbo/0=,jBI83CfWUWtpz1nLjgWVNoTo1DXiy9rrGilDDL+CfnM=,N9/RILFEcgPrnyRDec95w10LMhUSuYzo9JAlaZh7
odk2VwWOGlrzoWYbMPCGtIscammvCCNdVgosLIHQrTUAGA==,88jLTqnCXd6cwc7gbl85Q/VCeYMtniva4EhhmuFAk1Ejqq0W/A==,fkY0YIqHqMetALqq9H1zrhkxZiAx8mePW59uSRHw2/bowYXbvQdFZ7aWzYzSc1A=,/ta6U+fokdE2UTCUGwOaux6uoxMTCXxz1cINyu1Iz1Y=,uz8eT0NpNCoaJOnR0/OlUK6E070FKZKmrxLKG2NGdQ==,6uDd24w7a+LvpaICXqldqIoO79BUWmfhyaboMA+S,l7AddtMED9PpZ1fEeHoH52BGMsWCBcK5srrVyFC5+Oc=,65zvCuSOyifN7idYpO8NlQ0V6JySHyXSZu1tW1NVaxA=,6YRnjy68lZHva82aX3Jo39XS09EbGzA7c356eZ87
Ce2xBZPUi0bDXzMM49pCTjxex5dWsWSM+E1doZKoBcL7Cw==,nQmRvuWJkh/rDmUEEn3DrMMPjLtB/KHUXjg3sI25l2GM2ek53w==,7yclSm8t1gCwXTDjeIQ7qPhfYMsVn4G5fFdwS+G7CDg1W8ezhfHn8HA9P/5AQ0I=,H9Iq6MjmkjSZHrb1ukLlgkNQfJw1vS04O6FQG3ug4bk=,d6FMAJO2pgRlD22ooBRJDZ8AbGzoZrkIUa7cLPdY6Q==,e3aL3M03byRuPH35J3jKZJQncRNGcg18jTwtKR0A,zcfV1/R1SwmnznUgY947cjDTZEZ9IW3A5OIZ1wJP0gM=,cJ3OxYaMZD0te6UVqdUWtJmV5sfpwkgqIH8kR9/QvUA=,j9yH8S7wcJCAb0+oEhfEi6gr6/LcgVdz4ADc4AxX
jxp34XiGZswsLYsdQHQytTtheaLfH48QW7QEm0EH+ndwtw==,wslgsIbFd7eqaMx6jEXu05KYiYidQ8nmd3mDwRr1zFXYKfDfBw==,LRrZsZe3mD714mZfLFlKhpiLM22eyyfx4bLF8DBRv+4OOf3HzypBLbPfZOyJCa0=,KsvIB4/cziiieWd6Tpm33Kr5Ky/l8HaGTLDQ7qxAQgY=,UeCpI8/9inC+EsZwEYLR4AheKtY1ujdku2W+lMDvpA==,zxQfXwhLArbmuDhSn4HAyEYcCS1wxf9XXM3h4F57,zDMUKX2SXiPxCJ7ESklbtIbMs/E6wsVjTOnN8H20EVQ=,+RBCSO8DOMUcTSZY8/TFrSTV9OziTievCK6n4l1CWVA=,JZbcfg2MSl3y9tDhaphprwvZzijg8PFkf8qWnnHJ
CIkeOEnOtbhXKZuCuf04CCiVeWZSe/eky3lGzaJwhMe0AA==,Fws4Hj9blBdo+SeCjI1hdlVRODvcZ7gVuHRFn+U9+Gp0KGwmIw==,UviG1ocRsBPj/JXmaCIySlaTf9qFqT2GZsAMSq/nGX3S+k8sAiesMKRt539NVv8=,5vh4V4Le5OCdO8Jlo18VERpHhizaPPWlftIDbyiMYRg=,+ZFOuxZu0U3FpPFhoAAX8aBeAyRUt20nORf2KrPmfA==,NULLSaKLcj6kXAM2wmk36WUHPXFSOL0IhamT0oNe,Fv3AZ8Su6Sqb7A4gcmfB0RbD1Qb8iMv9Uwkim2RY8WM=,ZSoPMoYhzVheSBg77a4UiOwPB6yGd7L5HnZ7aHpPShU=,tSbZ+Kz33Rqz9VGez5RkDROU8YBBevd0EnCVlobo
vF3+sy+824xhg1VlA6WObuA7LxnOWwD/4tF2MTp9S4T3QA==,7eUvug2a4U33bx1cycgTU8lfucSJYeZCnMSG+KAppuvv8RaNDQ==,eIUGYtzA7WIGLfSZ3GmBsRphzwkgyeAsgci+Gk/EJ8Zuu+CfKwMImMxvYUTEk4w=,PT+Z8wlbk2RRIV+UMte1hhocGSi6FLK2/Q0++K3Jwqc=,Ty/C2iwY7KFWr39wINkdLQXyjdzMYn6VmpjP2bYygw==,W9EVE7nDrq3QQAmuPeybc8aTiAXrSSKMGl81/0gc,o/v1xSb2DorBycoEPUfH/knHr/rdnJTjkONWFnPsmso=,nBzLjVA+d2mPhb5IYmxg6wATkqbsoQ+63LARLNNoZDI=,aMUOt2VA2cdQ4kHQBRyG5LvKWH+vE7ZVEr+WuGAP
ut2JwNr5atO1miDQ7bAwC8KjxBUzmhe0M3n33KMKrJrSTw==,hG2dFg1C+i5bYsKA0EenqV/9fDFGkQj+14zku47DCSKOg3R4CA==,ZU+D6+w6GUDhMd77/u+MbZ4sMIg+xUaiFbct+8owS7mDC+H7iYE9Ogtbuks4T10=,YzX0K/QvlWeHZ+TnB183jyaWe1+bTWQlNr8g5UD5Ze4=,t61IBYZJKM4/ZZ2oQBmwTmQlGQ6E64eNEmsrsqI6Pg==,jqcpzCL7+2gFHwI9mnZRlEYOSKrHX2YWIMGprsMo,TJbG91o12WODohl8zeUOvbhupFS5o8coJlQRQNiwpqs=,01kwfcNVdv/qRBgWa3ExYmHEzv/EuMHGNVTy/mfjmyg=,jQcZ4li6wchrA99kweX31ioiaIR9x6Ue1zuVXdQF
iTxHedaQVbCIIq3z8VC+jJFv6BYgxTJKSUDTBHj0nrIU+w==,TnIFaXgB6Z1kshTl0JkTmOQaPWpLKG/8UXR8Nw5pdPCcCLDy2A==,kI6OrpmsROCkjCMuGLu9j9yp1l2wKbZ3lfqPKbgGR96CKh2TKaiSuj/ivpx+QPc=,9uTqfvKEOC5Sa+WQJgeoZqUDJgJScKso19JUN/so2Qo=,Ukn0aryJET/nal8zmQAbT6UY7RNmWjSS21A6JFRKeQ==,OOM7tNljpSEv1js144SQy09UYkhzKRU5gakvf6xE,44xm/5V4gea/N/P8J9J1O4AQKfuII1l6m8tT2WEzxIE=,DEU97nlekUFgvncIejbmbpKDBnp8fBJ9pN3aFSgbe4c=,Q5Lj02IAmuWWb310cKqhe1bEQR3bw9YIEymjEhLM
Gshk9pyhIO+WlCJhLImWaY/MEE05dxqVquhPgJhUnftERw==,GQkKpfmx1aUQnYKBrVdinF+ekKeGzgPWsizkPBwW0hyFzsAHRQ==,QZZvOevQXLI5rtSccjL5o3HtW5NK5uGFv34rn5LxkPXxQQscHZb19x7KPrIeD7k=,MnUugs5hx5bHL0FZtMBC+B9S1jz1JWvLuzSbr9RXOf0=,0o/kMPRIygCPFJONlJAw0CXuaZRgk3C1uhQcc1666A==,Ms99J4ZQRWqgmCcBD4D5l/nAb9b1j8d/oT9tnqpa,Sr8UQtRD3Ebgl0iROFCPO/axHseXIn9EfiMNWytIo5A=,2utuEattCLYY2dRFAfeTMNU+yRODivTdF7+bMMnGlwI=,TbMGX04clWLrPk6AcELtjHTkyATiiKZD2FpkUU90
3lV8c+8EUWCSlRsHhMq3C40RKu1fJ2ZrtS/WXxLyiG7XrA==,RQNhRz+rVOfoHUfdTa2dFIO4rquxtAFUyepye7CpURrAD9pWng==,29RghalirLrCRK8gLY5gFciLWay2l3wn8KRs74+oFGf8ebeAdVYOqsMPBHk/Y6w=,6s8UEKZzcZn3s0rr808W4cj0YD2go1RlPaukbSJ04pw=,wGh7wy0/DDzE5Q/KgoQrTPgcL5v9HqgEujSJnk/ANQ==,0d7hEPTly68Byo92huObaNuwkFSXg9aMbRM6mtIr,uEx4LtQ0dzeUBEAe/dly6IJNPP2K31NA4fMoU+JKHSo=,xwJk5qamU0e/fawt3WUgUe8veufzenTlxl/QqD0gfZk=,dYmzc7sMNjkSucYaR49ka8tCN5W6o/GAJGIYMxa1
kBuLetcEZ6k6aEuquJONRVVHdHzmuzJqyUcaYIPfmAXncw==,MeNyqy6fqrTybtsRo+gBsqIrl/NayZSo8yxUtXNy58Vim94m9g==,6IGXkxEnpq1/OBw0+S0SP6ij22gigo/8kndwbHY/0PDvqYj9LiVJSx7Uy6hvQxs=,AsMH+FpkAEr1QWlf4LcvIIJbTrQrUB2nEROpwsGxAvY=,KDGzzEvLvbuuBOkLoebFP3BAJyC+oFt94WE5wxhbYQ==,3BJUeJuTqI8wQAlXQgdM91Ymq7KGqD8N6685vdQd,fULYzZHjhYO1kLUK7BPa02CCVkTzwxC/Ows6aeMw1P0=,IWSKp3YJar/9ojCmhVD/Xp9EzmvlkQlwqmORDg3mwxk=,VcrT+350AtHpOXyUwqrIVmwpWAK207VAqmJlY3gQ
S3a2yTBhnrMrgG07/aTtpw4H2OkCjCvpI4FStpZdjWQ+ng==,W6CscTCDDsPoyB/z+bKYXgNfchLFdYJaHdHOL9PK4RUEBqa96Q==,wURlBBnwkBjcS39QtdrFG/kCE7vb6OUcaDmIWh7iS8m7fJCOUKsHxy2631pToNY=,32GsuzLkwMIVgpG+SHcO8ZmyqPf2nNazvDb8rKxt8cM=,DMjIOOCirrTqrtMM0LSoX4R2/WvmvPnzHYQfjxNdkQ==,KwuSNE1eobTSQeuBcSjNLdZffWPorKuAdGWZHNZo,t1tWbpeAXFCeqc4v4Bev4lHqRjyaA6GNwzc1tUIpL1w=,6nacwB6cbUKjJbcKO+ZHE/uZa8HnJV7zzwj9OfCAzdM=,sYorf0m7fv3ZpJbGpDyRnaTPtXqnHzUJryp0K0e/
/AXbXKG9Y0lZyNITD6GeuUjx02ZbOIOGV/bKeo2CsFOYdg==,byn/ZDJ74ieipmAg1la1T5xu3WgJ6kgZahkxEd3lZtmfFVMgyw==,B4MZrCPHOdkfG1oTpCy3C0+yqUl1RC7uSK+yux150PgNICz6B8iT5xYO9fl08lw=,hL40CtH2OfWrncHJMWFGSer4IrOmBAR91XjQ9C9mfAI=,mRUKmPCsKNB6r7vKV4MSVrm/qTtWwaMhETPEP6+enw==,EfxHtlWEc/f27Xq2utGkOqmUUfQYGAAu5qOh5Qos,qPpLAh4SyHTmsyaOF04v7uCeI8hLKlMToMqJ+CPOvqE=,z7Y6ON7LfW13aAt/NkZDt81qUS3/B3A64tMoPdvikss=,Sd3UMMwlN0rQ03FPB5eT945k+he04RBZcxw47Ye0
N83IhK1T88OYSluVqLM9Q8VHewbfPZXh9uHdOCf6VrE0rg==,D3pHXYuOnYDPYkZPOZ3NGtLMLAD6vxOKbkr+UMDk0BvBbYo58Q==,vJYeDMHZ0fSsxVYgiqIXIaqLn0gxFvz3IX1pQdW3VIq0pYNxYJbih9rKoyQNLLc=,HjGxqoYgFOoSG6apx9LZuCclVCKT7CSLrURWrIgLUUs=,RwlTM3aN2t84v7fWArNnUlx552K7gXZUOt7t2Nf0iA==,i91hRkg2BcvYDjJjhNJclcYO82l8L7eFw9twXQon,7mHm2mK8V8AmOjW6wSKNPe2nE5p1nNKGELzogt6cqgo=,xvphNV2aoqdTiQj9tzd1IRgJLIV+uKrpmO1K5E9iusQ=,6uoRmj2R2TENxTp+vPJS04eagRI8rxos0RaPy7DF
pjv5e19nomMFaur15g86Q5O37AYnAobV9468o+OwTj4j9Q==,CFpM2o0OTiXJ219DXAbqLbNN5a/XNMm+79RJPewlXR0osUUX2A==,OGje74w+A5fX1rGf4wnT81k22wa1f/U0+nuOQKrEBvcLzAENh+WHpxy+f9IcK28=,kRr58lfXBwLGzCP9CVlHTmb/t+e/wcf0v9sCc9bqwvI=,VSd6O74s4QcMGp+6nNHskRr6wSWvLOvKu00H7QoLGw==,wY4/9RkttvOyv5uKrxlBdG0p9lNUj2ILrq4kkw41,DliRAVsDX6eWZzEWZr4porNqjXYxHXXODHqVC3x6Rvo=,DXfoksMRzDG4HE208xWYQOBv2uHYmN2lh4VpXnY53T4=,YGEARhcB/Sftj+OIg/roqac9RbS5LOauvRCYd94p
tmT2mlkGUqVLD5WOfK2ZjvacGQZ4RUP9dQVx6Sj1mdSnmw==,nbrbApZiiOeX471j+MFcGJLQ1mUAaT6sT6VjsC3uZGLwhPoWHg==,sn4fGaiaTNk+3N7gQ6wVhUATziqBda/y+B92SoVIXwcK+6jZdiqBZRJhOiR4xog=,7mSA+dsFmV+76XZ2StfePHO+Fr6pJQPidvx+MRq0wTk=,r3G8uMHHF8N1oUZKgsLQRCYkvW7+FwNBsTXNKqfbhg==,rA5vOx3GRpl7GbjXuQRZrbOzLrMZ9wV+iyIEO8Gv,CWIsLNK6eRHzfnjaO/g1uV17s1DlB04DESGHmGsUTDg=,+sjGVuZIyPPpfsN6mHhUCNLv0HlQVGtDge0plMU1u8g=,M2HSJG4EqkpI6swqevG8s/SmLo6uUPk4qHEkCrJX
O3ZT3kuIMtmr71JTKiboYCRHpafRHZgOJZT5cJNCaeEMAA==,pT09Q0t+oC35/9jWIRIyxfrVc7svyTuPSL0wzOdc7dFvPFWCCg==,+FsVeOK2IHR+tfg4c1BKY7G1OF6Gk3EBox7EweF4I7D00U9S1NUjizn6OzQ4d9w=,LcIYcLE0eX9x/86Nzs/VCRW8WpY+zmnA+e1UQXWZKA0=,7KHx8czbA5AbWtp4iWsMuMsj1Rs+M5Nmi+dkb36ecg==,DlIxLeevpA1dVzZ5uvpinZvveTTla1uvAc493WOf,BSixeuzfb1gcVfBKy8gGN12WHWQy8e0NKkcRHaQqwO4=,OIK8tJa5vSaCOGx7SRIUd766kXMByYKzJz7yMAyui04=,w47OZ2woa4BEL6EqAgVVDfPldNgzr1agBsWNJlUJ
1nAg5Xf1xhND2qtFJKzk11m8T1iRLoiofW76R2bH83ng0w==,ktlVxvHcYZmyTjhkEhrfowC7EO5dbNFDWQ8B6LN9s3vDqhwFrg==,6NlPEw7kDBXarbmH+RdxiqJDYRmTZbkHBRPU8EzyHu++P1SJHfwDg+o2+Vk1UQY=,3W89mCCaSDDGew1yGwoxrR4V/kQ0LOb0CX88umv6W6Y=,/nlmS6duUTNzM88gTUnciMHPOfr0MCVUbH+XPWl+Lw==,CF333ug17CkOdBIDZ2SMnb9ftgowr0Ph/l1HL+Ib,H+ItRiPGvNxyK4SEhdAcGWAA0p1QkrayfKUO97zzOWw=,zZP616EXqGkuxMY9R8x0rctGMyy0tdUuyWJ47b1JUAk=,WdPV2qV/AkqcpgmZnH6cM2+JahuKOuQggoebjswl
NVhEcfSzs7b+RZkkgyFbm8ZZVaZWKEvjJm8lWfrdnWNx7Q==,/+tSPzMTHgkiOlvHWS9hg4dYWJcQ9iSbomKo7pBCUHQZgWy9ng==,UFU5gREtQ2sukFuCwNKYCvY9yeCb6oIS2FuTpIOycdMaCcfdaj1YOevIlSCmlVQ=,iS8Xb+ChDER4FMYr/QeoKBXc4pKhIaFCWzu17QllNFc=,8Wbqa/aj81GB5yH2hi7H86G7hxoytTrRU6muCG//Kg==,d3zZuDG7nIWHjw4CT1R/yohERCD0/8WrRms6AE9Q,bzhLUV8CCDrtuqeIHMJRvMmz1sMtuhr0CfAGSe/6KqU=,FDP0FkNRn0ylQYY6S9ngssAbn+r0Hyn3EQU26OGHhzo=,OgPLj7WEy1E4jS2i4VqLxwZuuV9urh32KtHcOTG1
10lvJ1CsMA/WoTPNWeZZ19pEbSdJPA2fQjz4EQnrWjEqOA==,8bxOT/7Yg51s4MlEMbYhIyaVIqB6EkZyhJ6mLCfil5+r7KxsEg==,T5l/t+bvndkkZOwl/jhHewlhK9h6MZhUPbc4Mi9l22n+jHKR+WPotehrpP/h0k4=,HiCWTeMapd8Wy+d4ZkEK2PCx2VP0enRNmEQzteTiQrg=,iPuBLIl70KvhDmoJr7CySj8HPbelxmA/NP37bdSLPw==,NGp9CMlzDfTdXNQDjJTWCmpS5HJwwdGixGudbrbe,hRtSpOMvt+uny0uzlFPgfNglIAmgdl4MxyuPaW9K1fA=,XZwPuGzkKaa+F3yf+07h5T8MJ+OQkgo1PK/W6BXFfLc=,vCFwmRtwfXTKBXn43O2Jop7PavLfXJpvKJ8clcmL
8zSLc81wCNy1HqQCDhHXqhgts6zmYmAMp2vULvYaWVtguA==,CxC9wma28Nr7o2RguJ2QqfmUlMvw9t94nBOnRzK28AFsijTYmA==,fYNQ0jUGY1UyQZy81qPHDss8hp6OL0sLvVQUvJcrxN4XNIRMfBbUc5N/Z5A1shU=,6mY7wdKdQwNYfDr5gAZfaWwPR17kyuZjQN0SrzLYylE=,1BT+8B+dgaakbs/9Tv6vS9DX2Y1x9soTigYdwG91WQ==,lcK80ysupmUPISM83gfMCuN2HBAOXFaiJaIS0jlX,fXmfbgcKi2Tn0seomx4FUVJ1ZzG0Mom2N/9sRL1gdw0=,fHiYYGmth3plwPItHxwCRQLN05IHkTmpV4EBgN7uTw0=,04G+fMwtSNn9XSxN/L7pbkwAzJ8zKNHiT8J8Q8xa
S31NZVyuDcNrukLPPJptuO4wZ+Q6wPzgkUC9WZ9yVYlouQ==,0+bLC6TE1CMr4Er8CaMslhgLO5KoOeW9je+rLKou6OguF1LVjQ==,qlSEyR9ESi5a08RmSxgPWgMvS7QLNqrF8bzC0Bn0KJfFTOStxPjoXbPqZLsJCLk=,rR7DqLr6CG61snn+D5TveVBL5vtlVOHdTvEPslZaNlY=,Nrr8nMUmrdMoTyUKC2BKlqqHg9xrylfMi0J9WlgHuw==,vMkJ9+WVKsnRCGffo4X78dOZBz/rxY3X2RLOB+oW,GX20qg9wPuqJHKPSdJpn+vWCBsbexFch9ndP4gWWp2E=,xuixBjh5V1XQW4SiOf+7KwngsdTbLcuuDQa/xXdR5j8=,5eSWiTtBekc1Q41L1T8o6XnJjhZsfVyy+PTqYo93
oHPn9K3YqLMcJOeP6en5wA6/MwfkX8uMILPDlhiYD6tIMg==,MdDNvaR0S6dCcEkRm0crnKBMmDkg6lS4YQX2NFhBGyfNugVUzQ==,Ov0OEVCaUK0Uc9kyN80og/cUB/eR17fflpu3Qg+nij6SBYbVWb1hrAQvp84Rp2c=,p7LK73g+RxMmol4U3hYdoKqBVNid6Y8QWGu8CxhdKdw=,S4SSEXF7u+Jv4OuL+XWpu8023BfwIsEZbhHBHetXPg==,g1YVQ9KCcXbxyb0QKS+GfIKY7Q2ntqPimKom+OTF,M6EmMUex6zc7OzXf4CYkAmoe5uqerzgZupmnbno87Mk=,sGguc+7jTpwXc8iCogpt2krxgom5H7buitjUOFnyCKQ=,lLXksQg4ijz6MGPvTB9hAjUzi0ZlI6HISFyIp2Lx
nWIdBN0RB9JG0qEGK8wYsDCASwazNXwbxVxd0GmAV+IaJA==,zkLympqWbIDz3DuO5veiJzOvh7ZJ50+nC6pf/peZMr7bvZ8wfQ==,QArYQuY09xCpe4La/q8nkjzMkYv0lnFn25SKnUDS9iE/YTvptbFmB2iMtc4mYNg=,vBKJXGhsQtCZQxJHadCdMsuxofkBehyXIqVHDLEGo9c=,oFJzqS8cxS2dNya3sKdWlINE1BShrmMkQTF4EZuJOQ==,JEgMgWqKmfLy2NET/9LHsTSrtjLkPUP565yHx2pZ,KZI1WxfymRPLm7v3FtLfBdXRwjz2bzd/zmCk/Jr3Fkg=,KM43TzTv8+meWuSLuuCOa3lsiIRsMDk/+jCijNZy1jk=,L2JyJmn73DnRP27z368tYHdFlzBq9cRkWhSDlpTW
9iVmjVPB9fxGaBWJPnEkSN+DvWnEieWYJ9WCNd+mvDl0SA==,EaKAaULyGlQczvKJ4FR5hPUevwdAvbu0NMELHDkGlafqmDy3Vg==,0DfCEP7cBoaNirjPzwuiNnfKE5FjDy1+gThCVuX/BaoY2vH9i/beKelXz/fY97w=,LShKc7bs3sdxL69x1CviEH/4WTEixBKgi7wlv0BzlT8=,dZN1EcNZr3c5jA4UmUnpsNsPMy1urhfReEWHG2dGcg==,5sJTVof8AAdJerB67lIznx0x97tOfMPpOlMWirMn,la5XKS496fYsi7L+UABJ/rC66QO9EqzgtFMmLc5AYeI=,XHFrZieWWvQhP8L9Mwhe+i2i8IVc9+NHLCsdKleaGWY=,JHihE5C1GEAxpW0V8BU+GpvwqoTflMAmCH6rsUCt
9ewARPE7FtEwXR1fZOuDj1Of99sYxtjUri88iye/R+8jaQ==,12+ctRBM45b+zfhuKnmTJ/l4u0jl3wjDPxKalrcmbiGd4FPAtw==,20ZTNqy1BfFbBRpp1NlYss9vT8+qkXdaURVZbeF6nwwXH/igSr2iJjmFNUNakQU=,4k1MovedaycqJ1S8hBwKH5u2SobY0OYhO2gw4MHz+VM=,MSD2th7H/lVf0twjJEf0EhFegsrd2TW8hBODGV1BuA==,FS9Ucq4ee9jF9Xdwuwxfj03xDRUO1WN59zCf5QOV,eIOOAWsx4J3bejh1SBejj6XjVzJX7WNxMd3doRjMc4Y=,4gWKrcvN3U5hY5xEACLQJSQI1Uto/ZInqy4t6WjfeNw=,KJxzO+BUg2nl9WjBQ13qxx31pLjN/gdC9G+H1087
QdhIvexBFGMQB2dzfznv+js8AzJ1KqHbaxR8P/S3fJIwgw==,f4B0nfTwJt1cNWKmw4Odp/58sFEMjJjfuIDs9lzQ3akoHF0y0g==,eXDeObPpKLAXsnuDiCgx8GDI3ZfjWysjWxVJi8SoC1C/U7UTzjSnfwWLybt2o1I=,5FAg+TuUbE9HaHTtIdqyDFHtoMjSyO+RfX7wrR0cBm8=,gTyArOrelv+kamLacPStbLSue+sOUuwQ63NxWqFfmw==,pG2AivO/lAc15vyIu6xE8DqzQNRMI3FbxGCP9a6Y,gbYOuvIyLW6lepB+tEDZtus01gnDjkE4G5flq+OELto=,fmnBdPiYaBg9ArXvcmZWhiowaTnpkWAssF0xxZJqkro=,umgKYDHVYHYYrP5+R/OaJAUtnZgi6/ChTG1nBk0C
yTiHTheaQw9sdIVqk8rc6HBQQxABFawsHKUg5bH+v9eh5A==,/x0q5bSC50srd4FDegtMXmQpDoIjRU/+VoIJlNloo0BJPeZLbw==,aHyiY0PL87LBDm4vaJyBgOmdPcSS9DWkvpIChQm/LpVuyjBoxKo/gWlAhPYy87w=,1i9rElIEiztQKGI3lLf2CnBQRWvwXVblQ54ChmFp8Wo=,T3H4pl3PtYBKdV3G4NASxE+Mv328ADO4RYkLuhc2dQ==,RPcXhpL6ZraLfM5HQZkWcR8akOLCql9tUTzDgLT7,fyAG6P6Mv6AdMvYkLT+1GXudYxsOwtpMYdeY6fuKAXg=,CO4nKHTDCxgsFtYRq8tLtnk+kkFoPiG0awSULBF9tL4=,NKgU6JWZhdejE2OzfbdmMFvj2bnW13qbwZjPBwAy
FgUPsd8pf0+33eh75+c1QjRd4Y/vFd3U9CghF5jQkU8LPg==,O5zMi2ZSTozB7E7uGBL1aHT0xEK8o0HqGixNoQ9rN7/Zy+e07g==,aVrk+HJh8rf1a5unLpQe2W4KxgWgMYbugREybbCOQLjbsJf7qAOXh3PZTQOnaVQ=,Vu5YitYLXmqS4HSp0JQfw5rnPfP2bCm2gPQCqcvXmtc=,XpW03VEK/q8xFQDq0VhK9UuFYbg2WIOoj34t5RtZ0w==,851fHjw8rdk1HrArX1EC5xC7ik12tMKinKxlXElU,qOX7KBY6rjQz2knfTUf9FSp5El+JkjmvBkiyW6GvtkY=,Y02a6/G1R52PUsvT+GcXhEwi3pSXh5fOBvAAwk2Zngg=,R54qPQc1srKe9AWsWE2+o5N4ezGDlsThrUh18aMi
9wF/ACa+Wia8UtTPi2vY1CA+e9PHXTFuIBeOeQucGPK4rw==,GWZAvL7Nz6JWA5AA42VAHVTrMywiH7UCgWMmkoiTAmdLAZnvRQ==,sPyWxAsz2X5rFsO5rWpyBVOeHncyTmllEZxyRaW6Mjf7zsfD3q358zbJJDFYn7Q=,9mPHuFcgsUezkY72LilzbF8CEPVbbx/3GFL1jY6agVY=,O6GioS7RiFTXYkKT4ahDREBXNrsvzIkhCEny12mBnQ==,RTaKU8cVbj9UX7CTJlSDg6YOSNdy0FlD8DH1AxoJ,EMmOjshWAqZci0aV94Hg9cT8XkYlx8KKtLtWz4wunPI=,SiN+AZxmlWzo65FmGi7AiDItUpE9qDYxJc1kAQpHmT4=,7amDif5E4LQ8MYQ2LE4iBU39I7TsSIQhlkzB1bbN
5tA3tM8/UGCQWsKd63eA9k3JH4G9MGTqk2gKxxNrF3mUkA==,UEzzj8gOsYTyyPZZcxmZH5SWyRJ+PHTEA4Pqe5xaZ0BOqmPvHA==,ObLtp/fzV2ryi1vBLlxnrBSwJEDnFwDJn8WW+4CjymXtr5VUA+EPC5A2nKRqG6U=,2SM7X+7J5t9e0u8TtFvvINWRlHWMp0O3ZoQ19UNmyWc=,8j7+OaFuPsX5aUO9fn19mQkCoEQr6eT5MbkJ+LwS2Q==,FPs79uaCJZOpmwP5x21ot1aBW5H3AktzvqAcmVuF,hzQ3tw2O+/NLGShy27HUAx5Ne5XIfpGDYHV/NnNL1e0=,9fQDv1V3GqfmmVfwAPNVeDV0ukoFGIfX0jukfJW/JXM=,UqeIr1Eb3hdHQC1IKjxv96ECiMA790gXwdXVjLBW
UB+RPXph/M1xdxqxcYBXHWuLiT8BaaeH0aSUR/znLAYMIQ==,VP/v3j1r7T5XKPMJCaNFMq9BFBnkCM+ywpki8pKEp5vqYcXptA==,9P+HWlXjZ0+YJD3QJPFvtekIRgibK9KVhEAb2KkYvbMIi55ziVZewTAKu7iBWsY=,h46HPfFAq+3DZJDHgeQsv5dITDQ0uK3U4d5BwPwXXqI=,7z/jUuxpAkHhad2jqS+TpLj9fIe0CCjmB1CecK8QAw==,3GdNhe4eZmlq80umtTrp6ngZcleVZ6oNQy5qK5QA,tu9Jd4s7L+IjPDtzLXLGRpUIK18xbd2H5W76HAGkeI0=,n9g+iaxxVmF/kQ/yuhkrktP0zrY0/zf8PGaEfDombgM=,t9U7V3ohF+2bGOV1Wa46rtkc3NqmBys3HfOj+dcI
4fprE1/GW+l3yy2J78QEUGE95JnukH3Z5+9+hzVYh4n8uw==,NNWFShM2jXuLnzMtHSd1GcPFKPst7ag1gfd+V3WYeuXME5R+nw==,vxxrTPS9X7IAGME4L5Dzbz+msupQODfO6JD+fbOQSD5uLlBk3SGZ7xl8lkGxdS0=,I+GavXO+5PaRk+QcggcofcnC/T/Dtk1Ngpg5E7TkaYw=,hzsCOR9eGqlZ4qf7N2U+HRviYKV4HVY0dqrANqW3nA==,kNpZF306UtKr7jzjZlWhiBkB7TltfHyCCwdNNCvO,ljrlJs4R/OJ0fNZAwS5y/jgmkkIWK+EI3RetQjQt5Ys=,Kn0X/LETrsb91cAk2YfOLMtRKhJZOpLx5IaqbGEJHrA=,oNzrxPenDF7nGVmy2wHg3pthup4r97TBnZn3fVDO
eClC0rbDv6ivFOzYTl61bjO5ebYXuOBq7hPHW5nSgGM2aQ==,zhPEz4cOsOHamusQOCmKj64OOQXn6eiA55RAlSMCuU5I2KOXDg==,3ts+Q07Gmebrj0E6DGsWWpfGAj8UZVBHGk+S371/t/ETyRBpEmbv5sJkCdOU+DA=,tLkqZB/zP15YiZdvQcL/qfb3r8KxOE9L2t7secjZW+U=,W/0saZowAI+4bMMBsD+pPOppETIxD/Z4Pp4+/1HaiA==,qRrMwIQF6Jis2Q3kBZlyhauztgS09XH759+49XcU,nHE9q40LuJawrV0V86u7C4t0YV3qOEl/QVGvqRrdTuA=,rfRe8+cR745Yeb3F2ETAFZDAOIaodpKkazVoH3JbBsM=,dCwNdrliFVwfY7yzhayxfglkzLe6xx6nEl0+aJcy
rsXZ4LIOVUwyfSdeorMw0s42yJomYYQyqmd/EZJOSqB/JQ==,b9e1+ar7NmmqE0WphCHufKT/iHZZaKR/7ZYq5i3RctRTPNyvtA==,JnuNfFW32rZ+qdXQhwc9rQLoAaII/XkKN10rMCnCsV1UWTWnLRvCpo6LbyY9BLA=,ROrOTvTsgROqHMOqcq63MrxdlNrxNM6pZn/7382Bo7I=,I0t5sddt19kc0eI+y2YrNtqUbLFMil3+2NAOwoaHvQ==,CcgPQ4954gBhXZnbsWa4cpDwuTMjkFbpypUsEbZf,o6/9UFWPIrPNCNWmny9nSNbpJDiS+aANJeqjcxIre+o=,2frxSNTWTUNeWAAr9nI+gA1w2EbAFbmA/xQItIJ3IJo=,mz4gdtWWnsFLevxmVGALTwxaMx1KML7evSMWbHMQ
9IjfYXnMNsFgWnzPpVw7QXtg7BWL9m5ijvdTVvxUcnWVQQ==,D3zfmtPmMkpHkmu5wrlpl4Sz2NuPzJip32F+TnpNOw3DHWOSfQ==,RNmxuHfjptR2BthqLaxLG1cZXFQLFmncDDqqesJCLd8Qv2pGimgFyWsf0X8EPd0=,XB/nyNgLTB8gUmnBm02ji2UkZiF7edbNrd8pcAA6e9o=,nKLXhvYj3vM6F/Et6rjE0tPHjAvHinFCFKL68eTOMQ==,Nn8Hg5WwstbCCX6FruYgG1mx636CpSPWPjOwHBOO,UwXaa00D884ZPa8E/udbP3QOm6LoIwewTh/jzZkcnVk=,AFbmEwhqTUeVwkqfvFzfwa44YIns/axjNOiQKlIgJS0=,HdFmbNxuAtqhU9/HPikukvIoB3WL3XeTyizFkzYr
nQc5akLUBhxv3SDRJKu+BamLtBSQkc7stFU7DVxgMkIi4g==,0+9IwGortELJSZS7OHi1Rqne/yo0+exjOtL0/3mf03J7lgWHpw==,ENJcLfFFbsDNFTqtkHhsg1I6pCe7Yn4m++3krRoRDlNOf1aXz1fte5Oj7fe43vo=,mG4wyNPfQGSlV7lM6V/EN4l5Rgh40oJFEUBvPJHcRos=,NiCrv1W9H3r9UER+CNZxORbhNyEqBsaAwkEAb8RtPw==,CEayjX5Dd33ZNixsHKS3Vakj2aPHFzFciz8gqjeo,7BWUc/IR1EMDWX2uFfzwzU6mEBoDakTVm7e2JplhkVg=,3eINNByBDpDzvqqSRhnP4hKUUnoOQg62ER+olpN5r7g=,o8vEUli9uSsskdIXGx9gAprFE1giqCbQIaTmShQt
fEDf8/9RokLBpqie5P1qYLCM2E3N2YjkKUqKoNQ0kr+v4g==,oS5Zjjdw01uSj1sl7NqWLUOlib5uiVMalZ6zgIVQWRYzq83tWA==,Hec1ZTVhGwrvw7G/4hllhLXvxJLaHFkLzp8cv3lB4wJyd8zBnVM+R4a9IDaiZiw=,N5QqQcmmTQ4BBw0CAUjdeto3FsXfo2zmKu8xt1oBDoo=,RdwT4iq3YJVslO9AHpvCPk2fJdYwri/7vMeCbgUyzQ==,PXcNfHQvXeanKgJCGB8UD9xvI+HawhWYnq7HDZy8,QkOraxWoSj0XPmsRqXspKyfB0GX6mvlpHFQuAhPzfrQ=,04bRKuIx2Y0n1JvZS/kV3bU1HlfF5G46ODL/qU1oI1g=,b56A4ciXYiTktSOSyVHerXK8NNKlZPDUQe62Ul34
tp7iW63bxB71ZplbfHDLJJvUtOuQVGCOQwmsHC5de9q2tA==,V+x5SCFy1KFRVMkFneZC9Bwt2Re3+E8+NV7+/WTOMnrnR8s45A==,GgoAiZml0qlmRtWNjdR26LJYeRpqGiWCImYpLAzZc29KK3o1OatqIm7CPfVTaMY=,Ke3oAxdb0C0VX4/cQFD1w9sRLcF3B6JKSPloQGVKMag=,13c3UBJ9vwvTmYbs3DTKeYEqzMg5BDk50PT0e2G39A==,3JiVzm4nktaQ7pgrQhEt0R0tpCHV3KtF6nU4mrRQ,pF0LcCmRYuHptJ2Z7wWQLMpCya09ia0feY0Bv8WVBjk=,XP5SbRSIevCd6PxpUfWpnMz1o9xiZ4uGItVQgVvDmWA=,AI9wZunSHnMvCwbEatDjQvwS25byskkzHEVrf1Vj
ajYnfMNSxIQN9QMQmZA01gyZKpAv7az7VrtJrULcTvJLuA==,cKAyXrbuVlC7K9fVttcxae1MKRlBwZ1+W8juecOdTNywNzKmCA==,m8j9SH+OYu3TL0eOLyzQq70EV9YUOga4gnT5bx9TkJvyEffMz73QDH+uIqsmAk0=,ZTUrqHyQcbjehuwruiuKmQamjXfRG85oTA69yMF4Ywo=,MHok7f7+9GdEzooIxu2TLh6t87LZqR/ugKW1UfPsiw==,JMyPAsyxr9O9n+czlFan1zuMOiEun8/nfk2g7QIw,w/XO2wMD8ZSrsg444qVJfdNVq5UJ/9djxmRxpaHH98M=,A+MFhDpa+fZa2JUrR+CBIxQn8uBn9/MyUT85kkfzJiU=,E8iwscHh1p7g6PK9z0MSWE1WhpSbYpzt19CNE0tJ
XipGrXhS+es8HnTTBKOpAUoGkhzQ36M8K0xlWHqPegon4g==,Do/IYYaCc3/OER/VG+x5TuMHcz1VB/vri1vxigmn6pfAzGrPBg==,a+uWX7Wb9igsW0iIVHm19ebF5ACtmNeHR/lW44AEGU4K4EhIImiYaOCbIZmk2uo=,zDWA3pvfx1SsvLNoXVG8zC2beIxqmhbUZ1vsjgeMpks=,AJ+gDtDSYeXz0glG8yWjoUyFD9mJ0oAmlBvtdeX5qQ==,rI+nMVyaaN7wJxyYYeEM2MiSJPjXga3fXa+TTU28,y5ExjoldHa/p6V8yJxuBG3AyPtaB4C5XM/rko3lNwfM=,s4a/9Rkx7LDCQ+To44OzSCD39UKvC3aNqwm0yGGfHEE=,bx8AI3F0sPWhzZB1/W/r1MPBmOkIB0NVDGRiRWUU
qqH0yJFpUgLrR6qe46KK+IPI18IMDmGkRXMTv8/UqxfTjg==,uKhYtZAay5i1VrsbH14lGNFguYW7WTRemC4bMHR5Dw2A7s3cvQ==,EZHb13tjCYowBE+DNp3fODFcNUiRREnranDh56oyAuxwoxdEg7lfjQ4P8PLPWfU=,nqZIcxc6UeGlf8YWhg5oxmQEaYSlS1L+86RiJ1WsY0c=,yW8+5fpAp931HXS1lrGQQaszAvZgV3cIpzu6hAp+kQ==,54mx3NoMslpMM6b6BHHNZeuOVPjeXpu6Batmr7Zh,dd3wkS62/wIB5MpKR8AOqxGYls0T0Q3xvQsH+JXDYn4=,Kd9XQpVU+z2b51cwtzp0uyiAO/DXzEpWPFujDxQ0QnY=,7HAIR3KwR9c28L8v90a5vqj3XZnezHvhHjOtDKFc
9I+F8/EANyLdSPDRJ381LqWwy3HPLomaWPleK5C7IdFBPg==,5qBVDPYzuHtR0vUhF64Qi6PwMcKHcVW6/6adiL4A/sxGQVcIhA==,c703D3j2rnbE222w3aOvD/tvYTrYaPvJBZZjcPBfpVwMpGq658dy/pt8I6QFqbY=,2nqaNMm5pjzAND3+68e/2DUHbVFiXRa2MOU+YUSuIPs=,7b/RTA9R1AdVckpFLsOidd8j1RLjqf0CX+b/hdxkuA==,6p1jhbLjjscMbinqh0PetlaZM5uBOyIla9bG0gEy,bgZQgcJQALPTB6orgeGWhJHmbl09Ziwp4BWlZtai1bY=,Tv9VluCKZX/buMfWemjcTNwKTCK3MF2XAxfoTbVYkoY=,HJII6kc6W6KFwFkYo9pWxQaISUqlKsleeovsP5qx
N7BNThX8PR5qSoCQgHV/leGl8eXDWdjZmABF8+7D4SfV3A==,zeeSyWwp2L8avpUluJHCIqfFqQGnY+L13Rwe3Q354TR1zZ5x/A==,1qFe69NlUAHin3WaC0ouNr6VQzhWJsadq/dwAS9b0XN0KJNKXMWCy8/4EhEkKu0=,BHkA4mpQlWttAnzJs+dpBhpT0PBxlpDlcS+dzznEBSc=,u2lX+KXW3fxYse1CuImmFa3GYqe0DyiCqxYc/FPoqg==,ZVSCuw9O4382TkVq+IENBLP/vXRyJ8phnO7Of+Zc,YbGSLeP+Zk1QSfC1aYF6hvBBLN3UdZQMvJCvMGBWboU=,rB6ZwAaj6PfvLuNI2nsyNdqQahguZyiQOGnlonWz4gk=,9Vv3xo+aatUftgtWfRSVdOPGnf3+5oZa0zHou24b
oFnD7ofFM/EYcgucq957GAAdCdAO74Uc53KuC3UW7z+bEw==,dkIzMsBSdHLqexeH8iUddK3Ocdx9/IcCtXFR2Qv8GOUWrwCmAw==,WvZinH8HAo3KcvXip131y2ALYEm3jOYqb6IzYLd5g6hBmUBoLT/ZMhJSTtZF/DE=,lXCW2s2dfI3xcMNLJX/DdvLYbcphiRP2rTToAOkRfuA=,kSSducr7KxetgrFTYxcwQDN4yKnz/JM8pxkYsmAsow==,l0LRxeGozxHHVuFYo0XfLSw76SKTY0bevksIeXQZ,6fKqJV4Rr4BDj4XsQultZWNOhh5EIlSJr6/l7ovYObc=,qVkiEJFyw64zEUYV2xxIZj/iM/VAYp/4+B1GX9xBRl8=,UXHqJts1fJkahoZYxsjo0tMvzo0dt7Xw2bJelx3H
3XxDsdV1C3m9iEI1mVNE+1RUwD33bolLMOQKy8GUlNoVPw==,t8QaBJmsb21gBxz1SuBpqFCmeD4TyRwA9XbKkoASVbNvOVbF6A==,spIseetZk32SGUXDLGkcxltbraBF26uZeP3GkmuZ+DNw9yloG6kKKmZESQc0POg=,Lx7/6CqsTEaUgC4sWZgGqYQz3WJMwkxDraSJF1myVoo=,3FC6CQ4LcxE6ZO6059dBx4AHfZ5BfktEcrz+yVxjcg==,TAKuDHPV3xgSg02gsn9TdD8qgzK9T/MFiC+Puthj,6Rx6exqED9/Jcx7By7A9yhCgUSqSM2FRotFhHcgWRHs=,WfsGpnplmO0boriKH0A6E5y0p/0AvGMk1AC0tvuzY2g=,EcyPXVl2ABA1PoLQHiGC618BeC+C1WZqiUHsGijN
zWeCHS5t0zSvI1LZH0mrV7dJvpT97ltLt/ZCh0vfMgeQmg==,PCqLt8QZXIkCO8fO5yoObB/i3yFIp5hsTyeTN9asbXxJpFtVYw==,pSD3bY401ZDq31Qf/WQt9wS8JZuT+TjeWmJUr8hPO3Pc2N1NWUzCOtmE+9RJyRA=,UQG3/ydowddZcmkJfKyxVKMsiJhH+s0YvRE0Rf6m5kM=,vFm4S/XqklSwwhfYIHNjGjyb3ywUK/4Y8okv4ER5+Q==,pGviTJ8/n3CSZPh+ul+9KOg7AGzu421AKJFMa5M1,bqofh9dj+CP/MSJn7siiY5HLTOt+uXHlokVwdbRZqUE=,7Xvu13MLYw4ufH6h5036xZQvTI8y+oLpH+adPPS+3jg=,H5SACYo2oTWB7eiF7bAWQki65lwC1xlsX4qS7T2h
5vlUPS8YsJU3ZnusgZvlve6irm7NKvwu4MByee2gWdDZsw==,Iq/F4CyBuse0/6pi9sewvNFGMXg2cEUMKgUA+QAxo4G/JUm79A==,cUn1DM+hkrwxjDH1/zVwVfWx3jiq68scpVwFUAsRya6cj1FxpK0onP58bmsaiF8=,a7OGNJqUuUMJWdsqawNbHvUitfKDwqXoai0LCS1xtn4=,AyjJBT+L4DENzO31fW3zxAp+MPl3Vd3KKKRjCO8RwQ==,kMfdnSY+qTughHfYCCX8fhVKzf9QnhWjyfBajKX2,GLllbfp2MAOJ6DFYw1gntQ4NuyEK0agIHMY0SnwAHeM=,0kEFBzrNBIHXMpA0pS4z18zF0jx9Yrh6pbJI+lKytqc=,EAGKcNjq4iUsQa0JdX+RCBVghOYI/xXhbQB1PPpx
WNA2cTJR9EF6+LueVy0/7oxgYygOMeVJKrQ3jHKll4aODg==,XP7gFlFm4MbdAgxqquK2fJfITOE1dlre7xPH7173CBSJdURPJA==,ZO2qoK652IcREIzcaRuvVox4yzq5LZB+WI3INE1jG93uQ0MhFYp+54Itb+rHQmI=,7JXqe4JsTi9DmtAxjPo0RZzkuEL/+8i9XYXVhk3poV0=,j77RO8EJB+q9v+vmghaWteoryS9dgAPDyYpLWAJMgg==,3TtEQQ2prVqTz6QSmcXW4ShixiqXWA++Jto0iUUR,6moTKq7R8pzRHMRIFFS01NiInHNVqcjwiSdrd1hoWWc=,4UQdHaSqNmYIFvkApVXqTq/TGrQ4RlenBMXKEzlN+W0=,iXWkEAeym2WDCT7AjXVsfXhOqktdCOlvTZrEuABn
R9ohOjiD0p101rJPtXIooviMdwYvxrEFeXVTecsIPy9VFw==,V/mv7r9EKP9Slbb7GRqaaV8htZZ/vHUDkcPR5eM9eSXVlqGWbQ==,pUDb3qavf1EjcBaCzj1Arh8UiFq6PbzUv6YjoLekngPwBWgNLoXdFQ27zEOms1g=,z8Oge4vhvPUVqci+lTJJgFYTVLDZTOkYjxDxIGQWMiU=,HPOywdU/caXUodUbhhvF/wHxsjyzfuD7uWjzDeaLHA==,yyYPHNDeZ/njjZQmo+L7OSvYAHQ/4iyi8+Eri6mZ,JO7G58dpm+BIfaUteTjdg55gIyi0jHcB/JxkxWR7H8E=,uHMVfC3zqjNRAgTtIZYCgwrEPJFzGnoAZG0WTtIyqw0=,gOckv26Sxp9v1MPrBILaBQlfE1lwlsgZlFmFzd79
2s7EI0aeE2TpTH+5WCoH9DYKJZPlZvLYS7m9Q8c0S+mA6Q==,v4mM9R9MFFRSt6Mi2hG6nLFiYeSSdOr7OXoDPs9hOMaRgi+Flw==,ftzrzZ4991XLVxFNp7+Q9v3TeFUmDP6UMCtrmBdvylwgOAA8pBZrIxT6leD6e5U=,1tVD5idrT6Bfvsfvta3T5cPd3LRAwFtlaAbB1fwoJdo=,NzqnvNRxEF706t8o6krpN8gbhwwfSslC7yWAZxP84A==,myLIizUyIdLr/N27ZXErH7BXXwDbA4hCzMsHy6Qx,FZdo/vQ2fZxbzmM1LbxZCAxy/2MfACtDpdA/DqhwcMY=,4eGlc4qvAeRXzePwbe3Y1EStZhc53MRCCQbzHNmQfr4=,Xe/v3fEE20yy7h7lt6QyBzXDCC9+m8YtztB57cOq
himsTmmiB0/KlfKSyCyfbV8G4qRwOzImHGXBCV5drYjA2Q==,xwWkxvtSsdKm51Ee/AYfvQ+2bew4jzvungjerVdW/IgvIdnBGA==,ZUbV4GMKW72OfQwV6oe8OlLR1e4slYrcRgHyYx32gfIbqnRRW921+gOV4fP7jno=,cJeqcf/ldW5mkjA/ed/wflaikrbdIteTeK+dAh8jsqc=,3+8fDmFjLws/tuK7QSh/zeoZxbrOB5Y+ojR/OKk0qw==,8P5LO4mEvSuzD2lCcNM1HLkDLMC+z8p8pI28Ifj/,UDZ+OHDhy1yFhfty+87USfW5/Bgr7hQwNE0dnt5hp38=,V93bJ3WOrP2AOJGuBDVLLB79EfHOuBH6s40pkedGQjo=,2OLKzycTAqVWfYaniSD1QzcjQlWOBL9++1M/IIac
J0qqMrjlTFvsAkk9LnuQ0mWKRQ9rbuzNkdBRYOV//702eA==,mUv/xzbhquVxO+HJ1u+GKMO5BLqaKdqSnIJC/olAJ/Ohr9XgVQ==,A9O7lQocN0kg+kS4DWSt15iixFRGFeE+3T9sqBwoISj4Wog9n4G3lsnuV/O5emE=,Lx/dZXglJfv8L+qRihEr4t5c0yYzWg7X8SBanm0XBrQ=,SKG3ht6Xmiwp1/4e22IwNNaXJgoZ1Va+Na86JNrHAQ==,QEZHAuwdQWFECV10waOhsj7D4BLTbqKjvbIbbPek,B3ukI19QFcmkknWmNIqJPx8zqTBf6DcUU6+twhwvEQU=,Rcx42fsLWGoIGeOFUSupTOnFYDU9m1UdxVchPnIMz/Q=,nu8Ma5dcgx9L7TAla08TsTk0XicyLNxQoH1IguOy
mKcmqqRfWqjbceJ/emMgU+8X1LMuXiCTwvnepjrnhy/2TA==,YO5VOstOsDF2tWm+yWSpyZDEoHF0roeqUf9Kh6Kvg89mS8U/cw==,w03KZTXAtjWJvdjtDCxEeC54aZFSAMSMyCX5P16JeKW2kRy3WHCLjFPy6r1NTXg=,EIBkMIPDkIiED6/U+A8Ct9u2q96VNd9DeIDrXClHQHg=,XJJfX/fJ6ByuDHpD+JmWdtD9Elo9zwuo9QltDImiMw==,j+Hpl6rj/CTQNtxz3hyXi/02A1tKvsE63kx+nVLC,/MK7/dp5BW8q163M++49Bc5M5ciFyc5xRkBpGrlaQrE=,OvJoedaNDbL8FEXalnRSsX+0iR9Ajb5EaeAvR1uxMy4=,t4xPyKxYvXkfTQNjfINHEgVByhl0tR/QJo4M7ijy
HoGRDqzMC9LMoCG69aHEV+0U8wPgLqN7qBXIjQ0wgO8GYg==,JRGOu8r5kEWhm7vPwjP40NIHTQAzL9h+WsU/T96SeOEcjxz5Lw==,GZbH8hpIZvaNRJoO+ZZvH+VaF23hEw1ivn+uVBjH71YBcDYBRKueMZyeCtCbelM=,3jvD8tovt7bD9VXlaWVzEwT99vfI9Ahpg6m3du2y8Kk=,S2Nqd8QvoMncalgxxArIKkhQC4afvvjqJh8JQTtFnQ==,j0gEjBGPDzI3KysUhsz0L8vNRCdZ1Fj4w+UGId1/,jUpJ2y6WfHCdp+nHJVRgDq9zVRi4rijQliOYHFH9oTs=,sloTc9/UYHUYdzo39yJPNnQ+2ZYkqP3edKfyHWuvF0U=,cHmkTI5TOHBWP0a7p0Xqr1PlTDRtxWUAkG496acR
iUnK1udH0h14y/u7PCS3znxbtIDDimLdxizj/Xxnayllrw==,w+4UfPS7NS9f4O/JdcecZI7C7S/psuAEWHDOWD0795NZVrnAwg==,5Q9YLngJThWTfWJFVqEOXmYKKbKqNv5rDzgkNotwbOpAchy8nwMRgeX3OOlpsJw=,aolLVYCfSNf83TmaRwyswZ/QJa/UOTZIkLwyTyRT7/8=,Mm8T2VvjbpiXJcHRBp62O7p+HXkdQFMqR33Gv2uTLw==,P1g9B13w1hx2tgbQAph0Yo2JHhYYDvKfFrptVvqp,gAlhtDczfh6QHdTI0EzlBCSVX3nhJxFYqVsu5KFNm3E=,sbIv+UFRNevpd/UNpPdU9EtSpp0qlWE7p0DNojm4iW4=,hm0Nlct3Yn4b5uA6Q8CAepQbaVgRU2CrOjQe0Y8D
eOTkLWDcpBlct5ahZdRNbeW/iKODsiaG4rcMvFCoOq/imw==,YJlT6cILx8AdSDmEGWcATUWO6Ynq//sS7bya3cXzGVoCKm/EsQ==,31Nko1YMvKinjvaVtWfFIojLjHgMNydksvrk18X/P2x1Ai8ZtcKNsmGtvc03Y70=,SutLBT0lvjDExegMRmm6cxVMSzCt2f7hHATPC0Im6qg=,J/67NAO+8v82s17W3L9txtipLKndkRnSye3Xa/lwkQ==,qP+7X1t3sZUNqawHUPVpa6m+DVGqtTCeDzEnb0M8,gANXYc9HOLM8g0q6nI/qlEJ1CJwBtcSRBnpslppkgwA=,A936usNt1rU1FHNiXdYVJVwgjVtdmZ9sLs2C19RqVRU=,nIA7McSNEsayrwDCHcz3zrNOQTU+0NFFoeczYYtk
kchX0L26qbe8HAV6DfLFTEkt69dE4Q4uDqwFvIycBg9KqQ==,p0gbm3gmUUyYYZyDkP/nrTFkdza3SKm27r/wMloy0yAN1mVRYg==,G4TfHoAFXBws8sG1JM/aNcC+KwSbcMgZ0jzHqjHVrkdxklvvrxsyENCATQgkxYY=,jx1k4or1+LcRIr1QLvce+Ke3d/peVw3cpYzGZPqOB9M=,LpdpOQC9AXbhHoA7zarHcxBeDOCIf9B2aSajn5Zunw==,UKxv5+0xYcSahf/PJlPc/gYhcIW0R3rBuCFeROtT,n5EN2bxrBucagPefS/aRG4IAvHX++HSMcnRSqZ5yM0E=,fvvD2hIMnYoq1VLrKOuOCYpy0rmh5uOriV4dyO21LXs=,Tr4ja1FptnQ/JibGaKWiyfvSzES9N5DuQ4U8fnTu
rCPwKjs0yiXDeLpovR2b8mScRGY/riE6ojK7B5PgtM7kng==,yn9tHi9jgwX8/fbx/GAHQnSi/GNVTFeMZRfnVkUM5sWYvi2/OA==,Y677G49UkMguzuqeNRRTtwrO7PalwQEfq7xY9VfeoKtdTcw2+lpdqciNeg6ZOUY=,31B41T6aLIm0hcLRPso6T6UVWaXtpLQOCIkocvY3UAQ=,SueOVcyip0yMG1dP8I6/+La6hnqcaYAXhKVJq5efMA==,KYDR+Z1wdWtUyWUwiwCtNdigTpjJV/zrN4i/i0nk,2G/2si9z2QQMQERQ+QSvoTxKqnqsFnwtYJRvBVv0urU=,uYU1U8DWNf57U43RBBLqhvH9tawNn4spa048DxKPg5U=,118K/Z9NVpOz1k0PCTV4KlLusqov/i3aD20cVjKU
EWhyitfXqBQp/RSaEb1cWFVI3nX+pJBaLb5fctrlfkUi5A==,Xnpah6PNVIuXQoeHqJiVyvsL+mk4OKqg05rjIx+xPgUaSXou/A==,3O7Y/ym6qOuOdXIH8GWsOztmcwwT3G1PWGy80xA4iRKfvYMbMnGqLjIK8Hdfj28=,p20IDnMjlDyqqgaHYQErBZTNnFqAmY0tF9zPdCIR8Sk=,bHfeVTzkI2++48xjHlY3wDDFnQyJboHDO0njLKmIbA==,BUENHU9VF4OqRtgv9RgFWCQhnDXbXH5T6y0evlmy,/9R2nAK/dlusRGekWjoA/wqsgAyf77PFZb2gCyT/RqA=,C6O3UfIKe3xv8HXQtrSY8B5/6ajYH6ayA7y7Spf7kEg=,LbaYZCEtiBY0A4a59zruy8K//Oz5kV5NOUkhePr1
dS03Sy2kgZS2jwrIi8sjEWnVhYYTMdzIkDoez1NJy+kY6g==,oFJA1ZxqPUpk3YRlP8ph+PhXGMfrEeoC3pVtkQPZshT1EAV+hA==,mItcwEzQAQQqEMYm4qw0JYYguw7OQiH8qagMpbsUV0QhD54RC6I1AInlJN7+rjI=,tr3JE7SuD57UPg0sOLrk6rCN/rG4LYqrq+068E2xFvY=,FNeYhaj+xtUYvKZnptwI/fv/3tm3r9sShrgKvFSk+w==,Wad46vRoqSdWNZ1EjxWY9vXfOlmuoI17CbcrCOVe,xwMBdv8KcEgVqOplH6uJ2PtgvRehpIf6ZLepjbFduZ0=,ZR1BOsXxmfUr0zIoUpgja5bNYiGyJrCFoTQABkGl2ug=,qbAfigIDAevL8afxUxqL0P2mITFHcP8ZPZ3qRCdR
wsZCQ+/EhH67vPkeZybhaJqs7vF8xCOttY/kwhN4ecw/sA==,/8WIl7gsG6+WdRQsRuoMeqOYyiz4+SWd9UA3FoykR+5cgQehdg==,5PIi/8cJLMUzKH+6rBGLBrHF35jfQPdKTlbweoRJXUdQCKqFcBdrSi2APb2G8DE=,sdSD5uTV1zCpemxCFktWdZT+W2iDkPmVHgE8EaKtCXM=,97lPMJNcmAQvhwNmZahE+6R3XjJeyt1hpwzGC+OnuA==,qakp0gn4MuKcbKieIOYu3fJwSc+K6IUOzkNwTPYI,yFqt9dWgApzsRc/u6Bv3R/yTwezdxDO3ErbWipQNFnM=,YWrSGUnIAW60n2bF93M7PhvDaZ4EsiRhJVKytHgB/4w=,qZe7VfT4UvOAjTehXKQkCLBUeoXA6gUvNjoduMMr
ecTTpBE4Z6MJO+K8d8Pzu1t/04fcqzXfLmjXP3pt1puVOw==,2VOVSlXv9eZZ2ytW0Jgu7aaugWjkx3qHxckGO0JXAs6JEq7qQQ==,ObiWwKxaLm20iZSIJ0PVHHl//Dgpg/YdBmiJkLYgSme/VT5l6ngb+tAP5sj8PnQ=,xjcjCB0bpAG2M6ze/R6AVq29/dLUMWuSBToCZQeXjLs=,ss6TWYEcczED/YPKI08d9ecwEYjP+MWnX597/yTVpw==,EXtroaRVdFfljceXLMCbdu5Cb8X/YD/qheEH5l9f,XhiCvvVbGJNZRaRq3/64J7SmNEDuJCSR0xOSWrqJdeI=,+5oQxd5/S0bARKPyZ+9SdOo9VNAkmZkxp3+wJxKRFhg=,wmNEIbba4ltZeg+6RfzafPFp+fEY68uhz+sPBv0i
nklZZCApw0AkKFtsMZ7Aa2q684ayNF5+/TL4HhR/2AgLDA==,Gsn/Xqp/YJ9uuEjOG0DthKBMqutVZYeAOQzbpYQbE2nA6/IqEw==,sgHwUSDNMGOFT94dJaflddhlzj9XxmaKBS2ndyxwfBh3bXDsUY8ekNpL8N5FgGs=,lzRcVw8vtMX3vmJ/wqku4bviWyMyVez5HTen1QvX+q4=,2JonOyxHQt7HjDL5VHdlv8mUL29A2GpPi+T7FbYl2Q==,nMBCQDF4r+HTRySEcYeKZOU4DG9XOflhmai4VigD,GKHf6dp0AgCJfxmZPwD1ZFDUGVp7XkBRTnfuvEsJ5GQ=,QD0jdLiVk/02Jcwa7PF4j5JuDbSnyuYXbbF7zGBynak=,izRaRGsBFhaLPgMOWtccShEiYviJnPJcFifJAP4r
GNyjuuj3+bCAVUFifanW4Z/bncoVaOM5mlgYEvxbzqxJKA==,/3gpVlJsp0YtMh+1PgpSBeQweCNv3n/bz/l7k/QRjZctv1dwlw==,+RQ9W508BWGATpBoXm7GxJ8cb9iJpcL1qg6NML9Lg/SRKDGevzUeikvEqIiL8U8=,avI72MDxQVzZOJxQscgtj58nDyAjlDr39P6vnuDcd9Q=,O6Ie4AbGDGAG1Xb/t0v9RjrAD84RoclMHtrDOye08Q==,7+nH076eG3iJpd451+EdNo0f2HScJUv6I5kFAVnv,YOfN1f+UhpzMo4EtPVUzMvfGorOdQ2sZrMQ1Bq72uY4=,Qdj+k+wFT4h/kVwH5cmHMMDnhqLLLCGKxy3VTV1G++s=,JmuCbb6FbuM2n3yPX8cOMECqWoZSkBQJar7TKVHV
K/DMqEPr6pmZUv7ToIqSi6JFf4GIq7TAmHWjStCpgaxLSg==,v6GWvnuQXqbOcqdaRintcmP46ga+40jE1RHWwGd6ZnJ/wsufOQ==,Bafkyml2pEi1Fn4bUunyEddE+9vNNLF3hXMCxihWxa0V4xVgt9EYCebI2//Dcuo=,30cY3G6dtvyxfEpZTK/ioIcZIFAHhHskPDqbpEP9FHU=,IOaUNY7YaA7GmEc6lL3pWOejmrxRXjOEyxP6p4euvA==,pLABGkxJKagXknmQL0iIoIw8TFVepbTcfOnVRy2U,pUAXW2adND6uYu989Qpk5c+I459wCzkkhA1+0khxBIA=,frDRh+ZbhykTv+EqXchqLaRuIMx06fuQ8stfhtxLEr0=,qrigkFDqKQj1VPlUBkHnPNb79hCd3+9oM8GBU6mS
dyg36/+aqYgXxrzIJH0AEfq0Ol938Pzoqmgf8Un2QJshqA==,Ynt/dgDow0z91SjO00GjSJFHrngLGZUcpjJ8iZOM53ZCd8DSzA==,4V/tMUwTnaXnKmREcA9MYBd7HxGMlDxK8ZZ1kXr46aOf56AdPJVMIVyvDtso1Eo=,PluDTGs7GvM2uGH/O4Oy2wGcT2S2KmGc2Y70aJkr4UE=,xGkfFEAC8uyN0kML65SAkAtvWnj65OeGrkqk7QurOg==,nyYpfq+TsgmTtqMiCbDcwVDMZf4fWfiy6lhvC83i,byCxQRGbnUUu5beaFiw7YXITMS4//SAwRBsGImuuC14=,C4Rbac5/BGd0Kz4vcd5jwudjmKuKZWCcosTXgK9U1pQ=,uCqNiW1wigDLlWmFaQ4UM6+8zI4lTlyVLINmmR/A
xVA2bTjLilBPXV24liEAVI4Ony3sVzek08a4S31uvKXc8A==,Ifj3wufaNUddUmiKHQJ0qPSy0gyX5WFFQmuzMZSVfkk5PF26/A==,Sp1tpqRadZqHeTNSO6c98hKQ4H6n1MtrdlGgfQ2NILlIeq/YplRIdMrpwwB65wA=,807d+DincMBt9bgsghC++MXt1VzlnJmgJVhDluaDZEQ=,corD08veJ9bFASHd6jtANxTapEWK+J19T0nylj47+Q==,XYKSWcz2ikQ841KYAnkhtM62ImWe06JXe4ElxA4C,aKlDMCUoEbNoqY7/lF6HLMjL5t7kioY7hH++xa5MXKE=,5vRe/h3qdwAD7aJCU0JmtM9sey23qi2ptCBPZc/1a3U=,tJH8qDcgN91efJRbzfU37wuj3czWEZjF23TdVorX
hDPC2KtEn8MQiEDKlSwNAGNW3u5AWQDhB2WENiQHK/hDiA==,ZqxCJTQNAoqzBqWFzpx0Q78ixRZWc4sILkcXblyO6ElQofDv7A==,dTBxk3MtBqoWQCj2zVVrXpM8+vKJZXa7YSrNWgNJoY9eR/QioYv/ZX7/+Bbe2vE=,EKd3F652MlmY4D6T1UI1W1Qdg1IT6f5nYuuaRIkXb78=,tuewd8nfkCaMHpqGx77KuLg3U/bbyDT0i1pMq+09iw==,TCATf42gkXM6bRTVKHkJ1PjCt0aBDhrCvbS3Hjxg,CXTWeaF+4N8jjkAz/5DjRJS+KwtHRyS7zBhVyt2H4SRT,OjG4SJUOok8XHc1M4qlODJAN8eUVC5YfKiUn2ZxzKMk=,DfavOYb72jnD/OtZ2ipjXupg/aTywb5k3Io8KkTJ
whhA7yZQBr8yhRSg1er9rqCx6QkANjDgaifp+HTEuHdJjA==,8RCE93nPmLD7vHfmODQl3SPjRK7zgEYiDoW7DoAN6LAr7tBnBg==,3JVcb/Kz7juTYbstGUK8BpxfEe+k5kUdjom3HscnPpUvVnSC8Y8u1pt9ouNnzWE=,LpQcs+E/phYs2FDuHIDamGSWQ6FVhT6IjD1Y1nnz5LY=,A2Ax0tkGVrlSJ/LaXAI1vBthdESjx8sJQJbBoRcA9g==,xPOJGBBpBOIdwyARxroup765v96Tuanl4VozmouU,e2ed2F9Xth6YrAPap/HyMWWe6HLiBUD2hpP/RCaeb7s=,LQsl62dsBz9TB6GuWE22eWMpUtEcDgAifcWhT0mJASo=,5C8T767pOdl6so798b1cTMI6fo1cR+NxXhyPd6st
8FL2onxwOQiCXgEDWHABL2jGpM2pZXb4LOEHfU7RyVn97Q==,OEgN5WHB9h/WdncnWDJRTCW1brO9W7vBxgPfxXq+UdjRkqtSFg==,ilt+esYnAGE4FT+nLo58tIb9z1czvnedKC+omK7WU7qzkNR9NCaxeT7DqEngxOM=,m0jwoq6JmH6nowux/lUxd1Bv4JW46GPdaG/XOsyUel0=,+XGBTVaWXwJWDmq+ZYUvviOH5JY9qLaH9ZzEgxQtIA==,ZqVALMzTvp+fNJk3AuIkCa9kKlvV/9cDK1L1t5di,uixOLgBMsqtIXmWA4zXCfnFSCFq7EHSUgkpHe81Kpj0=,44p579dUq2XSLpr/mx7nRQovgDqBZDbWsHDJWHMWAbU=,UR/0ww0RneqXT2lnEB4X8yZGnUGnEnLHJvGeKn4b
j5Pn91TlgUYk/QwYd9zbLJ7AhZTYYEryNOgRhA5Jfr9KdQ==,cfSW52vSPC7Si6Zv+1cOmRCeBFirU7FicK6ppKZj9XIKBPa/ew==,9jrN7dWX/vgtds/asUI6vQVtFdV24Vvc3k3XF9LMg6K4UWnS3ufP4S3A7+RTT4k=,77cp8j/pbIRtq8w7e3QP52nTcRfune59QhjIB70NT9E=,kcTwXOfGqspLmw2h8gEvcPuG8ZLjHve8sK+tlk9q5A==,pjQRIZXwfZwEtTNfMASVmKIBtRH23aZH45iF40rC,wG/C8b3ZHOtyI9R4L+JRF2JVPWsOR63MxCUR5OtMJCGw,XJhC3gs0rfJKkvWNiQTtMYe76qvpLnj06DMDmEzqE1w=,D/HsLNgPwRAxf4tC+jqC5JLPpSUOjKkm37MZEkWa
6yqIr67BXDs3S+XRio23cCPLGzBDPVhXYwiNBx1yUMQJeg==,UDrHBSaqhdrzA1vqf9s3ZJ1r3dNEDSQWhbs2z8J1NXA4BX0cwg==,4FVlV0rkkIkKCnupb6JRJw0L+FHqQAT3D4WLbWo5k1rsZj+jjMaZQ4USYxT0pK8=,P+aNU52O1lQrT1LsQobn8F2l8aQrByESBwnYIZ/01SA=,SngCEiUdPCW0Kq76RqzWD/1tW+om34l64kG0aUINLA==,u8zoRPi5ue2ckvtOLdPcNw/X3uXoi7AHREL0jD3j,wyIEls48XL73M4w1PkU0SAg2xYXHZ7YqmfP/nrAyivU=,a1VB8ex/XBGHJhWNh1mf3BWA+ctjIPO083DYxQgbdL8=,2bPT+P/pT29gzmjMlcXXBou7BQWt0qq8A/1hMqJ+
Gh1QpK6vR0qtBkTnjxxzzGZyrInKwu5B/gh/Zyd1SGRIbQ==,pxkQ8bub8dtbH1ezMVV+TjoP6gkeajWPR7CnyCmwdFIfEkuKUQ==,jo+1AA9M64Qs8VTqGxJgUVI0vHAXuiEgws8ePI3FvHQDYMMgo584jgE7gzLBkgE=,UEyLVSgBe8DQ3upS6gN5XzRXRxT8zTx7fT/n4XkMBMc=,mn6pFERXB95WrCUYFMTTHJ91++a0hBzZ4zPFx8W92A==,jnkao3dSO2Au/Dwc483mT57pmlpakXExb2SxqwfN,sN9SREs9uROm+STjSUBEdltE70fKa8cuZ4r4aKME2Cw=,rrF1UGCpbEToAL0scxARxhoDy0um3eVGvJoJThllQy0=,5T6i04UigtF/T78HiW26G3UPXe2RI8/nJ4cIaqWB
IdGeylR4JembWnUb5IDlIJJngwAoMtP1TgLTVZXFg/FKGQ==,6Inj0n7M0o0lt1huI1mjg6GPwt6svEktZNxBujZOGaN68hv+VQ==,WzYMEJ4GqoMj5I/ql4jfrgEyVS6p63yn+zrBMFs/YUVVTHNUCEdG4GMMKpK2X+k=,LReQO3riab3Yz/7GzvScdN5vLUjbE7Rfggi8X6xQpK4=,xYlUuv4pMeZ85D2bPBN66ekw62bWVH6Q7qpTdLAbzw==,ukzgqZlmPKpBSHjjmcTEPG5aXGaO7emJePfCFnQR,GCzMTuqtW0Ye+VslBNoO2d+XRu62zuW/MFTAtH240vY=,mpgLUG5Pa8xF9f+CaZjHWU7tKQ7FpeCmTy++FICV4vc=,u6++pe1Kq77hffi1S3LKuuLCyZdGiUmQnFwK/OVP
cH/1Y60QHbUU92jon+9KR7WeAluUvHgXJKIi/Ia9elNFZw==,/dLyLEbUn51qIJ42UDHCiYetR/YR7sFdcN4dWzUAW9+URV7k9A==,Uc2fccmdnsgZyBk1bzNzFgTrEt7AyeOqQEbuTN3orapgGxsQauQd3O1txW75zhM=,S+rRnWZR5aeBYmOBDP+DxNalm3Nl9kFkylg0pTWdq98=,wxRphh1k6fddglAOE7iE1GOIH8XXRuesMpRK+hMDvw==,YaUuiPw5sMAtovdP+h+i6E4LPamd8QWngfJjnrwE,OdRgdMI+LFl0gE4LK9fSd9jUOz4oisdEsmRbo8Szm7k=,BdETj6VmxUGCLEUHTN4Ttacn20315TN2vju2YrHVP1A=,tBAJOtIz1umH1BY4HgYuqWXTdzFbM0l49d5cjSUV
ATrNjSswzRPnWO8PPXx7HOO4cI+eS3OW8wwnxUiJUeXfaA==,zEUpZyXjD5CjBtj4edwschy3QPnqwcu9dDnD7o/L3mBDyY+oUw==,6BX0uzb8UM8J6W/ZbMoVvem75qzu8B5LMGm/bSMFKvT3ia2018tfHCEMVdRVal0=,wCjnWqqzsShzPasf9ppr74hZ94ld46knj2lMbLg0B78=,iMcIrWqFEIsO8y2h32PkL8x3pLdqOV3G+M20eZ2X1A==,YTAtPHnytU1ZJgEVa6hjOEKdPkkMpsKA0vLN2qyc,Om3BjlCpSWTvToiJZbutaFZW9S2d9V25Noi0hPh3yqY=,gtDbP/kx4os+R5dc4IWlG1Mpe5MZ3YUdP7qfB23Co7s=,FfZpZV5G3WjH8YBuUP2wz/iHDaYPbPoxvjaWCVnA
K6aBlEL7Nos8H/wpzra+rUwTGoHNuJJW03m5WkYTvVC6Rw==,6Z3gSzF0j+R931fgR07tu9vVXPyiUOW0bIXAKC9AfX8sIKwjrA==,XeTpamQscoQip09NiFT8o0YfRg8GSP2zuVsJZIWaqjnHXSGdAKqIum+uNmvn5fQ=,qLy/dj8LTL8ol0/OPms3D40QrDc2BP4DmaVoAQmDkLA=,rexrq8uNrFCXxK4xNAZyruSD/4s73dEHtSQ23JuWPg==,qsEkPHu/xB5J+riyyP6w7M7Roo06LOgiG9u90NHX,ndcX7TLKZ8jYWkZv8gXlP5Kuqp6vInkOJfiuKeNtN7U=,yOOpGuyyaXaw073w6vJVQQpczPU9JfBxtdbOx+htn9k=,m7Da0YIApU8Fs4vx0PCAueaE+O3jIBie9awLGaS+
KgdKVn2nef5jRlOjtGTjX/xxvkSjNgqjmoKNbG3B+oRoAw==,t74tP9+xHGPejAXzsod7OeFDQJJLSUg2vtYAEYruH41HKGfCiw==,wO3j+t3uYm0OA3A5xL3O0CkYozeHrkESgWC7zZkRsnC6F/C0DzJ+OhhyJruCYkY=,Z7ChxGq6UDITuTvhKaDkfb/zrGeTfs2SLxD1jzqgsDQ=,Cwi7GuYSm67NId6ZsoBxeqKm3nkjck0AnAlCC3acyA==,mt7bxkk30NPCNi7Bye7TKFWMg6WA3Vb+hC5TFKBB,KKJomYaqQt3hMd/jVaQllK+lb6QpKyfZyxddc8M1irk=,46fviJ9UynbSDjJECv9Zn8vtpACc+Xdn9Kea6c/PPew=,gsmIpoxmiNWfxGNpFoYoJqfUnaKh6LlPJKCXWKmg
M2ZG0zk5smvjYsK+kHuc68FfJkjxHwUX8/ZAbH5ek/9WjA==,fUM/Y1LkL4gE003HqOCnF+c0/nmSJKB9ZrIHv7jBMGIho6rVVA==,HocD9dQcSA9PggfJnE6b0W4vaXvpGGRekzbZXu6gceIxSA+mgKg+SAT45W2LQ+k=,RfVFok3U2jT7Z8Z13xe7TnyW7aUzg0TFkb/WmS27Ptg=,DYqFl2Pt6UhV4XsFQJEPRStk3tNKozXkxjkUScRAgQ==,6AC6rKeZ9K2pCOeU4cZohPHw0Z579EG89vUWQXt6,HhZsfkaqxAHpWTA0ToYQIhYK37aaMACURmvPUGAxd5o=,T9syYphFlmTFpgIF8M4Kjhg13kYfOPW3yzJSgBnM57M=,4524RBjMCxkdv6ofiESBKW0e0Frvq3wPns7yjHU7
d8pB1TCdxLXU35Vx/It000cueBYfGVdR2ns/pG5xxFD4EA==,SOWNq6k3xA4FAFB5G93jvM7B+I6PGYaa8rff5ybNwDwcNlDbrA==,l/+joD2TfciV3aX9BFbbaCEHv7RWJIBoDdXwW1KACfIEBcbIdD7DMohanOyQjR8=,eaTKML/n99q2zaYbqGsOevIJyIzySNYuYL/Ltd3Z6Dc=,ItV+AbUz0UlmpeCIyOWt7QoKgfHugZmjmJFb+GgYLA==,eJdIay+aRFLGifKEcckl7Q5u/Hl8HHpNA7gjh/um,c/mIuJz7mTQsh3JW+dvyVVO5hjC0ZuUb3Nw/pDupR00=,z7nGkGlMlzukSz/9vj1jrBl4yMjNcC4tfQMkaR7LBrc=,kqV0U26Qw3U5ArRAPmF+1wtxhUTxLdzAt/TZzCFP
qjy5k4xFq1+eAk9X8b989gA+cb1CSyaoa9XtUr2l5yUhfg==,+1k3vi6aZnBHxFyTDtb68UaVzF2pXcSmCoGfOwJGWQAUWY1B6A==,8qIu/SD1301Bg0OwDIWMlKSGeSag8EzHhEn7X4WWJeLy1IxukdoMKd8HvV4FXIU=,DF1Abd2j5jxNsbgJqB4eZRijYzbzH/mV7HVVYPHAj2E=,ld9G1JsoYJOwFw51QTWFUZ9y7Z/PYYmfxHRaFEDnWQ==,ZRR3VFRJ4O6xmgwPKqZkcC6MkxIB3F9ePFEfN97J,dlxOp4KEmFiUcT54obTj5Wn0yndattvGU/XYcMBGu9A=,c/0QzQnw+z9cYnbHlvWRJ540Y9yPtOGnKlMDtzfSX9I=,I7Hk+PG+/0rEKNGnIvaMaeKLYUqAft+xDRFuPJ+/
Q+q6Ijc0j7aKWG6Nu5DLUF17GizpVypkB54QZo/6Zo6u6w==,z9MyHH7lfZufGyHWT6Kv2EEhltacXaJai7wwsCrLIPXyis4uUg==,dEzKZaVKwXrAWHrQbQT6azuFQF56hQWvmRgYX5MUrmpVUFFd2gF1JDt+9sLkOsY=,QTgQB7bZ8DjTZ/jcz+BYbSfAuIJVIMEKitbuaYkxxvQ=,NqCBjI11obiJpFw6OnDwo5z+tS6M1owrJo9FViWZkg==,WLizjQe2cA4xl9UlIm/CRma1EJWvUrh7O4LZBhPG,RR6hPVa/a17dvoSAnk9jPLY7L65llaQ9wZQcHEDnjgA=,DczbyJVDYrsACJacYD6A9c8fb1eSqDmcq9jCaBFyheA=,hwhFWo0EGZpNTxmpTiEnPg2qVaKoSeeBY0O98ujb
yc69ToiBAlrjm+EtgbRlLSTKvE9jWvCebaofzDoFMnrlhw==,d+N2EpmwWOOxcfaQYvqxBnR2/rI3j7JwSt5gSIwBqjYiSJ1Beg==,qsYODpxHS15zL9aJ3Mr9kZWmVeRK+kphIbo+c/hgcqz/Tl7aHMsvWUFWSYlbbIY=,rlJmCXSY+dpXeJ4/ge7n8i+nNcp35jOrD/a91TWnSDg=,a8KcMNEEDUWxxHnokG57d5HOUx89oMXEsUxHTduA5w==,fxMKwBYGjdu2g/ZEkcTvCTH6CsfTCo0PFxZtx4yJ,emvlzARlVWiou7j1el8HSTk0CM9dw75XJasa//zwx9w=,ivP1Amx+vtOBGYxGwLoU8mV6W+XicRj/67GsHxz7sMs=,9ohrj+sQxqp6QgxhMunc+qJ/ckNVUN53SKj7KWty
AsKSILyYhf7hkBVNarcv746xuK9cBPvatwBjPsHvzdXP2g==,8BSDcQHH0XAjGBiWayGAwNrl77aZhMp2vXpHXI43Ka3pP79ajA==,Nu6bJcj2vQ90gr6EkvTkJBsCIkLBJ4fp7BrwmnEAE7+6ROm42nJaCO0XG5x9iqI=,IVIWNHSjNmc4Vi5ewdoYCVJUO4Nfj2LNRx18l7S+lqo=,sAziBwL1uLIvs0fT7gsRYR7xVMQLlGX1nc0Sjiu7PQ==,fPWbf44z3YUF0baQuOkVx23vKgPrw5zLhe1pi7kH,OlMRf2CHhgRqeOizTQ4szRR2z9rlAx9VdCsefKb97KU=,miiHNBhzbJrKBc33TQyz/yQeaNDVQoZEQRP2DSyWI94=,17TyC5wK89XQkJ/y/p8HnLAAWUAjqr8hFi98N+f2
dpBXl5efZLni+TDLTmnnLfCnjhz1CsBvp76l9iBAnJvSTw==,1X5z0kdgeA52aqHKOwGfCzjIKPjDOfEMogZAaFK93q5xQmU8Tg==,45OXBloEQJ9hAbF1AR0Hy1f1JZbhYW4heb7EysGt+2exO+3vtXao3jAgKveVZUM=,uwf9dCM90GkYkVqcr22n84Oi0xISnTairhI7gar401M=,50HxWBME4EX+ychtW0Q313Rul2m6XrV9NnGj6rULaA==,pt6/jpH4MjDXx9txROVbYE7jSq67k2yx73cuqhu1,7gKYPfDh7rKE0JyVS91mr5BOiCWRUnuoM75n37yQ7gQ=,7WUmZqtd+s5/o1PMUeRU6TOqMQpOyOlIUN/I5EgSWfw=,0Td5nSdcnvB2puhuYFZzsKOKYHw/RriDInJunAMA
8yI4j34/YEBagKoxmzHXs4T12jX1SL2VnG11FRh8VOJU+A==,5l1S/r93X2CzVvVBptz4eIfflMItlZESuNpD8EyMMmmpzoYKFg==,jxkmQJHXBJfD3CU8qDl9pE1MnDA3nymlhWrP6PevVDo+a0UXQKcAexVNGHMG1eU=,k7El+ssYANe2yIuce3pslDEnYZNmKWyRXpgSQRZ5VIw=,v0281868VFK/aG9RjbMGuS6d2LBtHlyv5EsouL4kBw==,MT4As+ebNL/5a0zatprcAbY6hav9vRql5a8LSYEt,NbMyX+7OyOfmoRMWCRQoijz9o2xC7Yhycw+WGNUu1hY=,HNWSbG+nLMqI4Jk1r6PXXKcXGb2LRpr/FKfU4CmHOZc=,o9sDFxMHxTUQX+zSdQJHHnobQwybtZZ0NigCRd/a
RnAlY6kNo5mmqHx/rCWIC0hBIeGlP+/XMm1Cx6qBeqB0Zw==,I+aUaqXUpyLTbktkalRkdsOL/JO1qsFIHGVRDR3PfzDck7jMUw==,gXDO6gV33Ra6FovJzKZqB0KSDDBiT+FAr9wYQT0QC8MfiolyGBdhLBxtkBHhhko=,SQ1nXvy4EIXuLgvI9yd0u+KBfJCGJ7utzAXFfWy9Mfo=,KNBcM6ErWIs1oO6Ay6K23inefwWHRSlsuPC6Fl+5eg==,jUApx114AETqRqEK/rXHEnCeanjQSbNdx6tFC6lL,sN2UHFfW0D2ryo8aNySJr8TtEcPd4F8/JXJVxOkaWfk=,hz4CPDPzkfE9uAzbji7vreaEPjYQ43Zo9pXpZfXT5s8=,yIW6wtGkTn0i70enVLv9Koxpu08Gb1xb9yNtoO1N
cLoNP1GHqiVqd94Qj/KoM3rTRVOHPmbjAQU9rR2jgAw++g==,lH0a4N1m0v+Vi+DidWM/+2vP4NHOksZTFkunxSDXNUSIlnq7jg==,caAkzTCvzNB19P39BjWdC0wJWBZfL3kLrwArQfsWnygQNeG0iwOZpCPGNtRAdn4=,ghEg1deW+6vQC3/nQKaYHhNeuBMtZSNxwSmG6OTQdg8=,ELNN0B1VZvlwAoz5oLEBSUslClNk2r6oTZhw6iBFLw==,vDbHssJNDGUkM3TAQ3Erawq23E9hNX8QRqpQyyAI,2uHBlzy/VqorndSo6yJBPP8E/X+DqZHzlQzSUEAFEvA=,mbshZwNzGtYSZRR0VMxtynl8UouyqwTASRy3psq2d7o=,xGKfjzNHL4mYxKLQIJiNR9+iK8K2NAW78uf5f6pc
tGsp14mmsNgjOtESz9vaW4wXjt7NIlCPg2UqwJYU8J94HQ==,zRdPbwV2TlRusc5Tcc5MRQP637KAxKodLxsz2TzR5fEt53mZbA==,atkHrjE9GSVniTRkobZm8XhjKS/ZGr30SBJ72k0/AqmAKWrEjajxTjnozjrPkR4=,4RuYOPyKha1Pev0QFF8+o/6cwKsqdFMBOE+CipGk9KI=,c9mTYY4Bs8RkHGD3nEmNTQXXVEm+sOVd5SW9HwXheA==,6AarO75p1rePhdPHBXn50qurEvVJB9YE5j+oTP/c,4eAl/at44Kvlz9XpZ++VG8DHaDG4teJ8YaA5Eq2XeiY=,F2wccaoCJz7s2p67abEiNk1HMS2nfgRJN6QR5qOTSL0=,MpTrhls10B9MVLf3KYxR98MYQk1LZskEzSV53bry
54uROW+w0q1zsuvBsXiM6Nsquc9m2OuGC053v00HhwMe3A==,wLsR60jOGOqmH4k1a2GjG2WmqUnLP7MrR3laeFDXC4uzNtqgNw==,nC1ua+O8VhGb1Xqtvcw4g62ktSvlFRXxP8TKISmXO9gvw+WxDv8CyuDx8GFdJs4=,EMWw+X+09V6pgFYFJWUWQkJcaaQYtbUjRqiHk+/Q8t4=,Uz4j2hYK29014JBgiFrhjan362NRyJip6mUYf/FEWw==,epYh7nvcD8zgYd9MgwNhjqoUTFrkrhtWvXfBotiw,r+3H6jcMhpJXvCh2jqgiWKm7w5nyEOyBu0ts5Ms4QJU=,vAX9uJo1SqzftkVXkZOFLkKIUvE2CrLnsiqs70uCJoU=,nPwLxv590RAYeCm4I8g9P8TgXM23EWtXer1NFxHc
XJsPceEeZ4mf1yEiLcTE6ANyJGH1RjcCB67k0bwMg6DI7A==,A45XUTIgogk2m+gl5vJCG9mTIbJA1nZ176zw3pPYaDl4PInMHQ==,fh6fFbe+K0Pj1CXsV0DGntkCfVPNYbcIxVvInEw/2xVgzLWRVZB5lvSZu5w7BIc=,fXPmz7hPDfdiyBQCGavEwkEBxADi5hqVNpyrwA6UxMs=,dXxT3s465IQqBHnlxnebpbwd9maSukEcv31fisYPSw==,HUhZX8xPKtGvUfrL7q3NT2VV+R57QY/pE7CnmeGU,iQx4t54T6L+v/HLzM1dyehLmK+jNgVqLJn726wtiqmo=,1jqvpHH7lFddq2Ur+YPaKt+XY/EEmnXqtTriFzARu0w=,JsAROa3t3vF2eRTTlKW3FJ9e62MeJyoMLQE4/Ds2
Eb4fjlSIQ0w6O6pTO8DyK6Vh24iNzXy8wC5pJeO26ZisYw==,2+i3KiCA2+YG/9pXVKqmmijg61Sa14ekdTRiCFzo5/3njJ1LbA==,rcmzu/GITrBBgIXEKFiEHTD/lrSePOPfCr08k4c389VUpOYpV5mZb+59WsWlt+g=,1qqxNynXjFx646bbGtHPn1otakcNa18lJbecrKU89RI=,y4baxaISOzZ9vohltj9qIE5IB3GLCkFqSIkT/JopoQ==,sUsGF9bEspIKid9JGsr1Sp+MF90azrkO2YdAD1BS,xrpsTDa5CZMJ/tpd5wDnr9kuhIeWzUekjOvC2BP2sKg=,nkX/8klkHegpfrOXOur0bV4cYP2Msqxnpxz39drdEfo=,WLSIzVLekKo9VisZFA3sHpA4uZcDRq93iOlwudLq
QNYsNTgXw89U9hjC86hiDYJpMMGhNnOwDAKciQtzA41gtw==,jGLce7LnpVoSwfoVYOYZLL6MftUP4te9HXJWEWlQLCBT+8kY6Q==,9ncJAcSrYyVU+GHoHA9NZzrSsF2kCBm0B2ONj+Qb6/x1jSF5AfGqYlJWve5j9pA=,j7EFdYQjYoDCzYcNhDPN/ey2x9ZxVVZ36mSf1oFQWIU=,A4IW8eyIbdiq8XOfJeMbTHZL+2eV1qMia3xSWLYXmw==,ZoiLdoaA2DA0pJwzLqfS99dQDe9e3aNGAIRwMaMJ,Lel9Jjc9Ol2cj6c23qdczUHcz3e1I3CLC9BwileLcO0=,qy3iu32WrIOf2QHhKBgaQBoio+L1xT4R5BzWSvN6SEY=,FnJ4yosHoYQAj2LFFVhz8PJpKi2hZ37jkXKMitZn
fWe7yHF5DH6EJSR8t/jbtL/PQGVuSjtYy+YqvBIX/SCDUQ==,K0SZ05PFnrmMdYKRLBgC8aByR3Af+XVO9DpaBOoMCVWsvKuRlQ==,hzu8MJNNFbK/7/0ZnQGipQJ6AEr9dGLajq3c9uGY6VI3swDJNXhLmPzy6vkwolw=,GmS9jMJf6xQi2uknfaX4Itku0XjprbSjNoEsKpA9z2o=,BOC0Q0RhwJBMxcGs24eLDXHNsA0zIgG5RiUTDTfzqw==,6Mv6/NcsmqsSAIWfnZFlGVWFLL1mFf74vssT+1nx,SJMCeu2IHJcymfcvnYKxeT6IpcNAjR5Iru+2yFcHzWw=,mDVw6tDXG2HwjZyh/ZTDZWGRF/tZKvkVcFqzDl6ThTk=,fXTt3tXiY2vDQV4y4/dtiwkg7Jk+XD42484OnJ+7
g5m3ARpFMcM8yiXv+trDgPnhWg15sGFkMHhGK2RYcKDsMQ==,CzZjti9jSVgXJ9ACSIf/pStAaDpf411Yb2FoYHKyC7p0u3vn2Q==,So1PTyARDiOA9/AWVKPTmn7f/g+QxbWATbWtsKjYM9/n101KPdp76gvnyLd7y58=,GS1WDfBWLt6Ocnfq5nwcQMXuh1dXHSr2mb0B85EcP2M=,CqHfJkarS819iV/LrHM3EqKrAFoN3fXD+kG60XihSg==,uQh4gM8IevsWOvsFEIhea4W07fEU9RVl9IhO6yqQ,AdNDCwmTM7aJXGCigSVQPXivt5x6u6U0Hs2dch3ZpkI=,00dGd3hesB0fIrlUVReWq1VajytMyRNB0QLM3K9WKiw=,vnw+/dJ128CebV7hxb+t5D+2/AnK2/2ajFDLUNW2
KSaQQUhLoI1Sok9PWfc58ZGwq2NRN1a1cm5hbK09Sh0sfA==,GDB0l6Ad9vPDVPsakxi6tW5IolgRGUkzdTzBEcxoAmKtztdtQA==,rTEEKoPL/II//RHaqKeAKeITOV3nr6T/G8fH9+7IQl32CE6LE9xExxjMrmkbEQI=,objxa05owozpKCVW8VhNV8MVEY/HG3dxsisZV2TDJus=,CMd+IYAV1w5C8eEcVBBrJb0YVBFfDqHHT/Ll3GatQA==,HldwJBC3+JbYrpOkVNvdgP2D98ExqDjIMnE8qbhL,iPrQCtG7e0/1IbkWnkUdkZKXs888+2vfYYXr5ySTswU=,t56gx1gbwP7MAV9R2CMupC1spOaXN+QB4s5Y7AohTuU=,MiYpYZNdrnvzLnw0yCuuaT5ZT62mdi6vcIJpdzop
8otTDaCm3aU1RZZOUh/y+LUG/cHt52m7r8JrTSLgqc+FcQ==,Jd31H6HXsmbqFrEUqa0AkRXesjfrNYAaWx3VJWcYV3nkG5107w==,VrMNEE0IEdWGUR1TXz2CmMWxnGcNwzAVgJk7MmsPKTYttzf6vHIvjxsyYHMLfCU=,VDuLAJjEm38v+zD+UFKAOmWvlJTd9s/MS55ktLiuq4I=,sf8HDFNCKVkTOB32WSU4omIf6SCuIXzTPCBtiyz3ww==,7ruidCfR7tsk1xL09831xrH/VjrqgpWM/lgWiJnk,r5neZShIFy76Qx20rjoM1+stS0LVYKc8ycOF64zFItQ=,COrk5wrCveZXJf/aKn+tFT4G03XVjsv54PEwg3wXKSk=,Fdnd9UdGLCfrodnUpSb+Rg7H1s/LIGwbT/sH4lFW
5pO0dgKapdWYJDjSRAbF6sOfZCFEaF/5SCt2IeIS9wojQA==,gmPuh0mvWWNRNJcKohSxI3FarITHB3Oze+WaUR1HBQeueUOmOg==,T5xWwrYQJC9CRzj8S3hEFdo3bmhy1Jiy/n7VMWK5KmxinkFBlg3V3IkhZwn2LjI=,p892i5w+fRozSuDhGVba34ABQH7tUpWg0WIzdOQh2Q8=,ywRa5RVJBGq/vKBJWcQ+76MSyt+/3nHahTCicJ+0eQ==,mefHMqX9kCPCRMJdQWpCRjtpystZTxVtt11HL4FU,n77G+pSE1HkYwY8amVUPwt4bgNqF848cUbhCnuiXvDc=,9ClYEXd8SmWHemo7kEImRb0R4sTwXLuLfIky3M+vrDE=,PLr9dkxAtEVuR3hCVU5yNPCmbsVk6I9rj3lOEqOw
VZyHUtdlrfB0144IIleppEz3TJZzEIaCVT2GfeETrV2xJA==,FIa65guXXSdTcFpr+KhEbkoaqcD5Q24lo28O+D7xPXljYtx9sg==,F8SK5t81b12emVxCt7tOeJf3UT8ZD9b1GpoyulQBgI9zG3m7VrmSGLSSpVk448k=,gTeTvaV4Ox/mdSieamqp7equ3vh8Rd5HbgwbdwIEEng=,tKzV66ymqDK3x/zNtj6to5qv3zLegOKQNA7aAlX5Dw==,Hp4r0cN/Pgte/J/7iI0f76ehF89JmIM9Dho8gCLd,LBfHU2RBbExtrMnceBcL1Z1K/4hY7UrGi9h9r+iWbc4=,dKZpC8LlsTPYFM5XytnAyms/zCAh1NVYZP38hGwOhKw=,dbBqyKzW3HqMgLcTa8TxMOdFgwNYJ/7RGlRH813j
HOc2dMtMbxelqiIVBWmGP2ZwA2Salopa+Glbw24lx5mACw==,a+Y9TPRS7b6CIV/8KxE1ZEznkSRo3qdVvv8CRoGnVBfrB3ro9A==,9MnBWolZEF9EAZYuszhDCqXJtU4w5dG0ua24la/RgC6jzPGOQ7TmFwAtMCXKML0=,f721dPWwiVIo3hz2wD2A9VGSat+VJQidYuEod+A8XJk=,fg5F2WIFTuykYMJ/6LJlsq4VYLIvVoZek8I1ETVjIw==,JVWOO1WifdMTNamnSjBBj5fdvwqjjItKBv9qgJYS,JXvZBgUfgL1aZedFZdj5mTCdaKH9vD8Tn6YhN4lIRA8=,ec6s2PLgS3/wFA8dvqS76jAPx4C5Rupn+Os+d38PPYc=,C5xLY+/XgjUUsnFgxmG27trl0UElTbwHovq5OplV
ZnjVpuZf/t0sYB5pO7eEii0twVpv/pg5fu63QqZ3d6rxXg==,o8R+WijRV1jsbPVkhQeyk/rl08O1p4rULdxSG03xfTOkGv/Y7A==,d8ZaKrlAm2w4h6WhTssayLF+qV0Nztm7aJyPwaYwP+XZXFhahtcvwJPhg2pxKPw=,kOZJHv4rtjcwmXxDfyvjyNl0oaOh63X/+8iFAG0auZw=,qQjcI2+56FGqQkj6KP8T4YfMzefg401kVuNaw00rsg==,4PRrONZCqGdSXlx0g3hnI2b2pCXibRRqjWmkpFVI,ebOOAyL8jun1Ebyq5D/ZNngnzIFIJcQusQ3EU3mTipQ=,ubUFnN5jj0K0GVeq3wPlXTdLLEjtnh3oTVGQ17HOZaA=,/toIvyYJr3G5HjzhvwfoeoLsCFXj7RcfWuTRu1Yo
je1+leINGCmy4Zei9nPyC48OxZOyZ5smts7363s3QuXqPg==,ViZMAmSc+kDCPs+J07pK4ovxpyzO9rlaypSKYCQBMeGkWj1AFA==,+S1RKXaYnlqySuy4t9p7nqo9eVTE8H9lHKlPoP9NjMORGwEiOPOrUo0ImKVUPVQ=,A0eOxoOrcTCP/TWb1UgAJ2UkH5gtERL4y8GxEDxSanY=,p7mB6Qd9pc1v6y4Zer0X33/LLosYr4w1BlAou3s+UA==,o2AKh5rSSO+ld+bQedSblDUYDeHdnqi7K9wfXDOf,0kV7AjKm+EdrV0d4Ukcm6Hq/e9gwb/ud6mpSuN0HT34=,2U96mDbmebO5AlrQ0SFNjRMvJ/ycALIbcHAJOOPPOTc=,LdT9WwWLaPaQh5zwl4PMV8cHixs3lPmASYaT2giJ
82+TLcRnx6mYt/M/VoRPOjmV4ZMo/Kqaf0rc3M2uATnrSQ==,YJXojnZwuUVwgF1K74+vj2wnHs/VbcrEQ92k88McC2isxhJegQ==,3tqqAtIOREXII4vwfvvKMiUhF5aSd97R7YLSmxG9No8pSmz1fxalOZxpp6Z+gJ8=,DfpPeIXnyUUWo+rwPsi48WLY95dj/DbyMT/a7EGKtvM=,fzKOUmR4klHZeRvlPy6rJNAYemasViu2KAxqVdvDkg==,AfDXTnxXPCiHXz0t5Ph1Jq7q343Lyf6ZlN9r/34g,XWmcZ4AbT03cEQi6ARtsmwKFpR2ve0e0yjzKSbztfKI=,Bp9Sfv7tS3yhzeTPjAtg8b4iy550IdTw9fNMnzCDpAg=,k2xyfqTxWVryteadgSn/dIYBpGFWoSlzMRW+VLwH
ajJZUVXb74d8LL5fPlBW2OUMKCrad3ux5A6bsbTHxeeBRw==,6Kwpffv8UHrCrzafMC0s8L84nxKH+GjUkiv33Q0Iz6vPr1K0bQ==,Ufod0lQugXDf1AF/jo2L9tC5bwAPwxr5sWRpj4YwxtJCp/mTNtHGhU2w6uLNPxw=,2AkA3cB28SxJmAN7Zh2bL0kMhCSyskiS/fQGbSc9tFY=,YZq2iuiePTAoWWHDz9bftdNUtfzuGejNe+28Nankpg==,a6kD39czNLzJLcAOwipXzmojuRTEKzjCgWEMlvHF,tiA9izXEuFZiBoxK+jdDbGsXTb7KuvjE7Z2ayxt8/ts=,MYAzKEiIPoNEWa7R/X0rWSC61zbrtjn71hpfmTZJsAs=,KJE54hfeT3a8itxnUPmBVYa7gxeZGXRooN/u2jyg
GHd3bbsgah0qMUOxCuqfS1Y4NYH0dWpMdlsIPRRy7BUCCg==,R9Mw97YZq27s8hVL/mMcqoElTBWj5kmHrERjc3gsR2D9+IFF/g==,Qw+HbeJlvOigeI5J/3MvWgqqUOIyxZujP9kFhBI88p+qbFGCaZAOxChfhUaKsDI=,K1vLhLbZBIJ5Z41GzsHaRADNEeA4m6Q1lq9DTJYmM8c=,pel/mVPc4bRhfpTItcXSTMVgXZ9h/3vrwMUluhzWVA==,WLEx1xv1hX7veyw0rE/AIvXO8A4Zid0CldW8IkR+,8vqEJ//d9GB2GlVxe41zgEZqXbCtMXLSUaXJZWRmRb8=,AhWA1J+IzIQjbvw4po11sWfev9Z/dlvg48kvvXmQV/Q=,WEPgEZhlRtVN094XlJ4ZuCD06t1F6SKhKSrBsAuT
vthREH+gDFcRQi6mvwxFUeg4l49dUC22LI62fysh3AVUTQ==,4t2rGgXliK1eiumjrkGyEEoVv9LepPtGWRTTOWouNIq/p0wgHg==,oibbLX+9PAf1/+N7E249dEBKvkijkISoKzwDqhF2Lifm7Ve6tLyt2c2LMTXKRlk=,LMjm8YSthqgG0oDfpFZ7IowIvSL49IJKzwqrUHB/gUM=,TOcUnAkbXjRTECVigm6sNrcbI52hz9VRuOslUjE6zQ==,FpClkTuYzUiHTNDR53sV3lUcmjrhDixk3sOfqClp,cIbgl7AzTr7ef4iD6XsvSiUEkfVR1xMutQxKHImr4wU=,xw/CXjFFoFeqOhrjRx/3cSzRou6BAWfnDCqPExfqOt0=,4O6mS0OSLcJSUm7jl+3kBOvcbiH+n2RLt9ufyF5F
JllIB8vTA4sy7EDkWVnjrkyEdqk+c8QgGGuiE6MAdEv0Vw==,oGEoHY6QAX6QBS9GW1bo3kAllrJxqlXQQrB9Qt+qKcdUYBt6Zg==,r3ZhnLKsiIxrlO5YEAge3dDFtm8hJccBvt43RG/2ljfl5sPosmzHVFMKq0EU7H4=,BrkqaP1/C9KdxiuRmy/YDX6Bzp3pVz8vndaF7Um+/d8=,islED/6zmr+3k2eji5mGwwy8eWnPbj/RPyaE5lMtbw==,Iakmcu4JCX3oG0SCZWZt2tHHmzHTKts8966yiL23,ASgkTm0itelt9swCpXLkV//tnv2dicb0ulyZeUz4LN4=,GAdrefvabdRGU2f4seZ+EB7LMl6wc/JIr8qeTqxttTI=,KKoXYbF/L//8WljcQZtvcpPaLjAqCVGhdY01pAhR
41JsQ3R/WuyuO836lrAGuI/C2lOaAVI+mrZDJ6hALnZnHA==,XiR++J2EkoRwzdJPliwEW6GRkdYZyYUPxtcQZxfEHL7NrPT7+g==,0IrGTcosyFZO2p+Zw4TQI7XF3UTjcMlTpA1PWWQOAM/nV+LWWBvqWcivJY3hSxU=,GCANjOmJA/z7ygjow9h6QpsyDNH5Bg9qU6sQH002fEw=,gyVdzPRsG963HyH3uk22lMTXZp+DWnPKb8sFVHnW2w==,pSy1n7AcU26ehLs3oXSyOqx/jyZKNdL6Zb6P1TMJ,yOt7YcuA9s7GasJt89q+rNkm+wyNk7RK3HZlCts3Vug=,tLOV8D2FjqhlZNC9TnPVDJXvUepOLnr0iTWxQkTL1LE=,kLQB45/OmwD6cZuhnswC3AyENKJSfUQ3M58LBZqd
Md1icKaMRWbYfzBzFhtMD47KPPAs50MhIoIujXBQgu25SQ==,nslu/nH9IYYHWwmQvEpm3P7RiQDFzQhgpLZmXLVmaDTUtD0TVA==,Dto8oyy6MIL4EuoGz/dygfky1ICgjMzod7SoMY7H/Z5z7Jjv3WTR3cvw+v9zfTc=,5OxAr76EyyRli2rfg2ESKBlt/gJabDW+T8vVtRmWkTk=,s8kr1GNEDMw2jxPRU79tWA/Vu1UxpmtrR62ORUlwLA==,Pg4RvZyWiBIAidZ670gg+hHWtZ5HAVjb5/Um0jis,XBbdANcQpDwx7VxcCnTgG+XPtHAgfum+jxe/Njd+o3g=,MFCxcRSgOTy2raeAG8g4nk3I1yykq38hySKH5mwecrM=,hiDJYXRPgpUwgtM1YGYDRwPMULJlu/cTLDvUvgJW
rqoeI5yGmdDsN6woBWh2RSO0Myr58gQpoq92AG+KOzQawA==,uXGpi8Lm7f12/ZLPy/Xyo1ek6Mn4fUn9Uxfs8giX6ORtDyc1GQ==,p7h1tQBdraEmmu2PHNK6bRoMttD5+NoDAa3UtDvCtOuNCAu8stWLqw6xRixyT9I=,nqo70o//f4pNY0YuQ3+g84sI8Y2lxuzJebMfZZGlJUU=,Uvgmjs+6lv2uSQxt/mXuuwFIyAJkV3nNKHOcEPOm0w==,6iUhmiQJB67yFeC8UmgRog360l8gq9Fwvdxys3c4,zVx/OueOQjSuLF2EKjU8HDe7GlCbt/tTCZDwNzMTDC8=,abJPFfAp93YsJFGL/A7adUNauOVo+OF14cLGkTuCfks=,8JSUA9ZOtO4W3222gKH/fDZkzzstliXF8J1Y6HSl
3RJlBx6xPe+XBEzyp6oa90sOScno2wPUQP8rHF56Za1Wbg==,OZisK8jAAo0Q4ZPUV1c2nR0G6tbra2K5+dWPj31HiAtVhs8utA==,to8OuUY82wTl2DwE/XMiAsAdfG3ctMu/JiJOkN/a28Up+e9yGSLnJ/2GfqF/ILM=,eyCXSdoH3KqsCakoT952+DdFLmEoDLGWP2geC1TgEfQ=,K+tkiJbGgL2aSjqrDsjNTw84IczAE+nEiFpX290/IQ==,cWoZ/QcxGwRGVFO7CXnUOp7H0WBF64jWCsRFxEAB,FChoFzVYiUFf/1HwQrJnfrwnue+7YIg4Eqw7eESAvAU=,SOc14GqzmKYiETl9b3plxkmGzDOmlViCxV0+ne4o0iw=,HzZ3k+L3GKnMIE5GsFtV4K3A1HvAKGghtD+z8Wz4
+dt3lInVuvOiA/zaOAw7msEIyDgfJts6bhx9ft24HujsmQ==,wbaciiTwTtCP+V0qI158Qwa+UAfgFv1SEejlxqWXthVpnNy3gA==,/3G5SzZ6zUYOFWtLhacfX3q+jewgT+FK7Cu97kA7hXMMOt4eQkQvhmdDFmwQewc=,R/7iUCUAmEp+onX9WTLSUQ8X7rk7xUdCEu9lupIaj88=,kqWpv3tTLLvdbH0i4l1Bl7jzl0HAQ9Ob9zJd2ZgatQ==,mDwafhEXrfx8/+FIn2LbV0G3nkbZt0tx6qp74px/,84Nt5J/S3idefiEcISItSeyvn9FUI8+QecbgTEq5+kw=,9pkJEFAlupFeh30BbhllHMBLpm/joW82qzCyIj7uSEA=,k4JS5whVf8cmwJHw4dUr0DoOOXPlYssVp6zmcy7E
3F86o4cYr/ddrwJg4VtuWinVH7rQUz6CeqM7EVzKrj57sQ==,SMfoY17sxK7EjvtG0NKFlPvcLDD/XeBEAre7+of+BVukRTWhxA==,76FG4bm+NNlrecE2QGb9116OC0T3TSaLK83fmPZwK+sK5Ybc4swfo/Ivg2SXrgk=,tFFx7wvUwuvstlV0ppZxO2m27CurTH6IfdC+nkYKav8=,pnhyXekhSIe5EpH5LRpvkw6gji371rHFQB7k09EktA==,RyWVmIeI/42Fu23weGYK49X2YCdDyPGNRCdCDmXM,5az5jh/7oAgNUAn53b21Udqe1JvpMdot6swChBlWmGM=,4WL6iG1Recf1JbmsNeW1VSobZZ2CwJcP+qSwisC30MY=,57271gRwha7vzwWfs27vmQJfGhWyO2ItdgHsLGW6
RmdAxNc8iqzJWr8vENrrAZK/hTePQ/duY2BjbJSn0zuehw==,SQhcB3+w8jG5Sh0jKiANkVNZ8bDdrf5zeIh9wg6b2Tjg8qvzeg==,N6k9I1yVjb+yq/cWSZLApHEMOOulopcbQfKMYzTGd+O9o94NSyV370nE/CMmdNg=,fpEdgyewRAvrTfuqLqeTimiM0NSFNpx6xY82628S69o=,hc5Caj+YH5p96/ueFA2RlMadc92WogfSi9K91Gz0AQ==,y7Sk0ku3WxXt+2e1PimKPZ7P3n9k7hGDO7Bd0LvA,e7dmzUwYLlKRSBBtOSgszb0r0Wv497ox5hHglEkKW5E=,0zJ9HBeu1rKsDTsvm2WxbB4X/T8miWj8kdZnhJd6+hE=,fsrZ1D95tEBKVP3Svsx/PJTUK8v/Ve9cwI+Ejjdw
YcDwbXjNQzI7O7tLPhgOsxwBDFToJuVEJe7JTjDGRRlDYQ==,3MBC8f6IXrJrx7hJGUu/wHxxWQ0H3z5rThQCjvijDhCJvSGpNw==,4O36fG9W78ksE9Bk3sjZjnDxETrhjWZBeCiJ2rou17g7fGCzl2UaZqwsjGdmGgk=,B8hkL2Zf5rqa/U/kGKj+1w6nzCyupfkqcLkMJ2/TX40=,uPRUVdPe6c8xlww0nr+VOPsqI1cnUkswUXr1btfoTQ==,MDz81CV1wFYkBK7IIvGDiR+YFpHufSpLR3JEBHWc,RnyUpkEACC4L7e1aKrPTElines0Kyf9GP6ycsfF+iFY=,bliKOBiuql5LX/pjB5L7Kv3hlvCjoGKIWrqwwt4pdGQ=,RvzjYgx3BO1uUwws7eh5AEU9gJ1ZWp7SsKPEUVi5
NKBr5wbeI3G5Q92KepPTWFZHqsKxibqFa6HomKrbmEUiCQ==,5X2WI92+v3BdsmgTQuJgLPcF2xqfHMnktppNtdkO3TVGpC3u3Q==,ZIqMj5LJ1uLybYh9Doj4F7Ury1gryiJ+60U55SnmiXW1+RYmhCooW0iskP2In8o=,Z4asIpN8k651x7LqL/Gil4boJBNpF1TXFrn3oyWg9v8=,+Lde0aAEq47xH8+9O3rcgr3xKBSypfXs2CIIswlsSg==,wFE6zcYWsdG5T0DrbRUw5kr/g34/3YwrPog8mcko,kGqnYMW2x9WG9Oqlddaayw+Iw1svcyh3gYrizl41NMc=,CSxzPHN2TZxubwTPqGp0lw8qryZZzCjj6wiQ8mSZL0w=,k5b2G9T+s4V2AaMH2NrhOh0ScVB2XWNp0V/6MLH4
m3D1cq5KfUDnnkGcKJDo4CHQLIt4K1RfVldHp1ADpgQd5w==,+CxISZTSYlv/q9sIySK3mQp1S1ChX1zYsU+RF8HU72zceK13tg==,+56q6ueZ3FreT9taFjqNUisPV7TF35uUgnXD72kc00r4iaKQQt66lZSkc+BfN6I=,mdvNZ/Bk0aoRiTu0yFZbl/6G1l5rI3YfteiPscd5kGc=,B4zY9dw7J6wuyNKkLim/4gf3LFIg0Od0hxFJHrbvOw==,sGYRSXZcmWoo9r1BvrNfODuwV14IyyUXBCSGhXUI,hVkJwDnK9A7cUj4/raDrAmMVTw98bAJk5ZgfPlbcw9M=,lDIxyaSjBPW0ZIGa8CG07Jkly0xEh4l6t0H0gEzfhZ4=,v+W4YCE8ihUUfEvTsLpW1Z65JyP6p/D38ZLddD9M
xdwSg+MlFHng/m25zWXb/GjH6wt4lWqCgCsil6oZy6JpWw==,qhCRtn7Fo3D8PTaSwyvW1eURkwHvIEnj1Qcj2T/A+IUQ4jldkQ==,TPVp3L54y7nk9qkWCx1UeAoYNgIbtuP9elktiq+go5IAnjUpash01RzeL2dN74I=,fWyLztJoxLAjfU4enhB4hlTo9BMPStCuuB68xrATaCY=,qnVaDa7f8Q57n2tOqO6TTN2iw0KH/vAXOsaJMRK49w==,bpWJsqUHwYgzTHE3pqyoC3Z1u4Lt9ycg6ZyVwFMC,/YQYWdBqRYuaW4/l5sNIZRB88n1ausRyZjsPQubQZxs=,DTUcAav4uD321ulNfpxktxtNPirkp2p/AvzXNZhXN98=,JUxra5gFmj0cEOrgOxWYvUN4RWrY7+FxX445FDAB
R4++sy/n8y8ml1SHmsmJrZrJLq9JTRNyw7zTVKmLJzy+Zg==,PvEmWfRVLejGhOsQCJl8XjIvqUEEp/i8uTDXCL1O6JohgiXDaQ==,NUVSPENBJvxrtc0breq5WSAWVG5SF1/tTUPjD5OuufbYUn/l/Y4p0n/vs1M7Rwo=,JVRi8vzfgdJYa1rUDBCRJGekttFg+dJ9YWEBXHJaF7Q=,W4ywwsQ4Lvd8vtGTlWi/WAVpk9HMsFV/y2lTmNvx6w==,cgEFSQeCSDSTXZY9RWOBRjIxBEoPM5CwF1SgJ30I,25f3MWaUCVhvosb+GB2XQFL1SzUyzBm82XDdd18CZ9U=,fuxgLjt0Rz/ExG4i62HKNcrapI/Vz1e3G7imtpaSKcs=,bTkEzMETDRL5EsIAEQ8fD2zHU2fpPZDHDOFFqeAB
NKMlgb7OMmjV9gTbVJU+pIc/ovyzhA9cSuYSFI8xwMYGEw==,heDDyYI3oUP1bT1zn8cURHGBsLvcQuFzw3k0KJsck/T5xoK3TA==,0Cl7Ea9iy9QNWqd1M1K/mhRPMaIlOv5caypMIX4PMkLTf/CiMbhWCvDeZjpR8WI=,VFYyVJQOhbVHbSGvept+3inWnzIcXmYOxOvSzSgtrn8=,fzs2cgYdmEDV36R6xWS5HBM+mVVo7oguzlavEGYz0g==,QtVwXwlA7AnI/85mah/iIiKupvp4KsZ2Wyqxc7Vq,bV2Sr7wNc3irjp1+o7GlLxZDYE7a6t9uwmzscsyZnic=,EjVPzuqgf2I+UtZ2RjJcGo0sFC/kbzJ7SHxMv6Wyxcc=,we0ZJxKm7BDFkzE7C+0TLBVWR1NWyvKYxyaogUBa
ViSp7SLdieFW5N/LuLdVYMI6korrgEC1oM4ahsysPSGRaw==,jxK2f/VN9ETFstsD+mZwLg5i6LZX5sjqVcnVswqvhtL1xxbRSw==,ueWoz+ncZ5sOe3yIZI+ZBqIn5j2yK0EbrojiZC3ZjUsQ+0hCsQvXmkZDDFwfO8Q=,qMrxLvWs9xhyxR0XjPMNpoUmlfezSS5SyKvp22Vi4SA=,oX7YvLkMpNKmAZWOhllSQCbZXody+GP2Vd66THl5fw==,P67YtfcXD0fPLq8rS0IvRf22OPfX0tpfY4RDatq8,a9AQXYJFIbL6AyJwZjb57xdZL4WR8QkiW71H0PIFE6Y=,I0J2ygNMB5lHfxZLmuuNwoGGzUPL9iaVUw1tGX/bmVs=,VUoVkKlEsPnIZRP2IlWnnPCfgs3iR/5K4XSQ0TJM
WKEzySXuAhAaegSpBFdFWIIquzK80y3V28P92Kzy1SARMw==,e76UW2mippC4RJYikM4bOBRaXyxDxCF5ApByR3NGCiOxtFKuQg==,Nm9NFAoNJVmhTk40ENJzSBZVYYLhnAfcWkRS2ht/xGk6IZneHcVBDauudSPM2DI=,cisTYFI7PLXM+rtMlruDQwHznhyPgezr4kL/ImXDVzA=,A3Ffd9T0Bz/eyX3NE4oTqAnf4KWI4u1l3lLXisYWSA==,YnDNKYZsR1y02PLvuoJtxuyUrS1Wf30+CvTF5KsH,dvD/itXmAlrZ15H6wrhcljULpVeC98s47riiATlw77w=,S2CbePxs2cymdIWq8RrDYIXyRiRIVVg0+dCs31ysS0s=,DwZwuMz0sK2cOv7D5cbr4RYwCm0uHHjgu8bJikf8
3fJwF9TNhgXY54Tg6APQdNJU3f67hEYOMJz0AyvTyem4Pw==,I+vcdgAD9ckLSh06Tg5+EQSZznmP2u3Gwh98aj4OG+VlxTb2nw==,jjjDSLVXtY9eIDpu8PxxUkuXUhty3SuJ4uhTZ/Lka4N/zl/mqc5cXgprqyHPlFY=,k43yl+Yz/JlBnapobbVq2AuxklGTo/x8q0o8p83wFGg=,BHKU+2BHRHpmOu19Mz1Ny7Vf9crUgUwKtAbeOQ1yFw==,ms6qHrcBZtNOGnFKTrkKJ7jRUh1vlFfdzAd4YaS3,pq6uovgeZJ/T1HIC6Gmx3YAe8dq3xtC8qimwHuZAedg=,CmejMqB95kH5ZvJrx+s95Hm3DCOcuM0jWNYpmf4W4w4=,8lFhNs9hgZReTTYq3aISs4sQgBi1f9H5RrOd6rgV
L1IFRmYqBDTcoZJ1QahprPPmv3kCnyTby9ra+ERG7wiiFQ==,Mwy8g2KJTVA7z/NvqgzFIwWUb2vZ8TSZOVxKSIw9R7p09H1iaA==,EE9eCb9uoVg2Mw4wr8S/yIaJNMRGa57CC64ApCASJ+/UIS3bGxXy5fkGEGLzung=,OOGHyqLNgA6W/XuMuez6SO3DbECFqHzEv4R40MYiA0I=,PmZG757nmkMW5PnB3rAJQufT7BHwLDoI1JST+8bUWA==,eKiYBcHMkxZ5ASYfnY1XkFfpHi34VvRcYiOqKBgm,pc6x1VqY9hbz8VkfcnuHd0RCWEwPFvQ/v3HeqOq6Gq8=,8cILrftsl0j5NoCNqob8F+7VWLYubJVzunfo3Y0bxOI=,VLd/TqMxN4BLCGtxBWIpSecC/+HAU4hvJ771hE/O
MDOyq5EykOqAhQtlAWM56Ha/ThKbqI/PnktXo+2AuLG92Q==,9GEsojD5xV/ZK8Kd0pZca173+Np7IEX0DqGF0UzqWjrCTppVaw==,9ZE4IlM6SBrNr6PvRldLbIdH5hOeHsK5Q9++uZbtiF/m5jOVi3jh2gphd6rhWJc=,5kOZCTPgfPxJ8XGZMHOxYU75et+IHomwTV6uNa77LW8=,jyDZzekSMk15KxP7LSx+zyfMForkPaL5P3gnb1a19Q==,Fk8jL/LsThzagcQbk1w73s+aLgKeyR8op8gd7OyD,0O7QYzoUwmGvGWuMYqeTuLh4ULexZtBlUwB15yunztsL,IJ96DEz5vfOJNYJMZFsV9k8K3DWxLuhCOYBbnxHIB+g=,bq23ym1mQhdPBUESmaQgu3UklS1X1Lom68fj3wrB
opOsncR5xT6WUODWL2brO76jJS7Sl1Rq2m3pG2UZPYpbAQ==,MHwMLnim31EwGN8NCfgIzE7L9B+S3vF5n7tLIrYsjFyfsTgqGA==,upzmYPb+4kKc1m4JerQvdSaRahEl2qtNp1E3s4webCSkTK0Koj3vUZkvh/Zx3/8=,EtscKZvm4J42pxRo2fBwDa2kDR4iDUpzWqNDaJ3yQWU=,NwqKUKSZzzhqLQeC2dxz2VJKRrnppY7oKi4F0vuZgQ==,wwq4aYbgsA4ONLULArQ+Bk/OphtASLi8txxHwArf,UZgcBg20d3PaeHQ6U1YijZpmmPTn1zJ9X9E6fTGu/Kk=,9Y+4fIxqTebWzGA37dxp6l9DH6XNyuoyrtL0DpVqW94=,jQFw2mYaeO0wX+IPBpOavtDWecKv4MZcIgZqhym9
3VkN7nvWODOwmABU5lFSNpXWxHnoeJg9GGJio7DHxoI9xw==,t3toBFPF0Z8ZMiCXcPpJhRbAiCdxZDpKnxlgW/Mk38ZORpjFOg==,mdQG5fIQUyubVmDwUfXnnJwJSF5XjPvVBZh3mczvZ1uHu8mfRQwZWKpxS+4K7Bo=,4+hhSw3kXTIAzPjFW8pP0X4YE62sMIOjw6u+bxWKEU0=,wQd0XZZsQ2QRx5H73uAkOdbXb9EU6MlAsM5Frpl6zA==,1vvlsv0XYtQoXFDc8ARay3I7ZKpGa7PIlp4Z3Xrq,rhHCtOFTFqwcJsggdjot6Q9+yBBkhjeYAva3cB0N/bE=,1WxYIkTZWIzthEdgql/5d51NAXFgL8A+O168Ysr4rVc=,fCy1GcBeWxFtEtTyjBCXmy218xIrYZolwbiOJn3j
k9exstW/atB2Rz1d2/Pb/nT9zYxFbtAR1nYZtXKstDEE1Q==,nzJ7Wr4U2wL9tInGK+Ir6eCyZHvampovd6pMAYv/lxZZP8b4Cw==,iuFvii2uPApTtjgwgWMCmNTWUVtcSSSec3D+NxWP32OCu5bLM0rDfrmgHDnf1kk=,UIBzQNwZiDkFpTowIjb8B7n2hEOGK2RV/DpMDk/mVdw=,l0cuYzpuknO8cAKzDnNrNTCwgu61nc7U2JxG1FkP+g==,enW6TvOOkKYWWq561E7+5e1DSD4y1X59xTodK+Nu,pozxOX/MIHMbiFJpM424Rp/53Mu0M0d11lTmpU2HO5I=,52GtDlWN0C/BeY9ONsPrPgY9KYBMCwzwWKIgZ/iPbWc=,XAv/OvEQfjUMaOMLG3vftaGMhGG7lfbipRNT6+NX
/wJlIhgQfAd6ZJmmObrKUVRc1h7hz17rPpzsaNmWCbpUSw==,gER8bXANraRGqMMpRFZtBxBCBBR6LwnvlaF/hwhACkCxn1d07A==,TNAmNfymGywcMALL31P8RoT8Vu6PojEq0FpY+lMlFgFR2GtiQa1MjBX1QtGwP9o=,JWqgy3+qzbLmACT2lwzVlJ9HIWGZ0vU6VDQS5zI14sU=,BmdYk2xzyTO/3jawP/PpJoDiJLkkabM+eMM34ib+rg==,fsUk1ss/rjMEqbvu5mCxb7XWL5c9J4feY4BHwPlJ,7KPEJHpB6WRjfsqM3NEwliexQm3SBixIQZGjYVMXEPs=,9CrHqnSbGDQ8NBfw6dPo1GMCZceEPc+39P+su7hTKNo=,hjYM9KqcZiNj7xXtVyurRaycrp16A2yFF0mpVAFh
rEyRcGH/6vbOcSQLd/dwIZXY/ezm2dIVTwvyAFnLH6klOw==,U9rCaWBYISGA1e7y4EkRIHLqrd04kmJNT/0J6+izdAofmKvtQw==,p0ztlnEAYKyMG5LUIjyzVfxDgJ5Z6X5BiGcJyJQ8g0gVEFlcafr+zivOLBJ4eqk=,eZ2b7xZIt/GM7HUXUu/5E3vmogvHXT3dIgvCZq4Xg90=,qfnOkWcR32J06XTS4QgZ5jvQ9OmFa7vT7DVq5hfnNQ==,hZbOsHHtTMyAJYG/N25bGMdBwPA4Kd45QkOyCzse,qzIzO60U/cofXQJRbf0MGfdklzI9uAFDEGJtEO+MLuA=,KN0jWn8vO+2m6GMg7oS8jmxRfhwZI4uhgkSLuD1L6TA=,iWEmLw8fd4cY0/QjJN6dDZDezbyp/7t6T+Lhryz9
VYtOf0m4rtPdirKrSY89jtDJaRgiJTGjWxWLrb6PkMSGpw==,9LdGz4A3jYdwduDBGoP2Rz3ndUE6RWyfq++hj6u+hflTJGcSYQ==,aiHOI/qiYvSQEZ350oKA1+0ZjmJalq9FRQiyqChaB8lMagyUM8039WsQS8iPWWk=,3odAtNTdrrHo/feluI98j9OWXG+Fypj7ZpHN8KQLkZE=,k8sVIKi7gDM5Fr5i+FA2h96duxYW3XQERb/nBT/Cgg==,8VTR6RT4LxxDVxP7SURD30NweIaU806jlIfHVMuL,JMVoIQQSy3xAr28fwbdXcuyFAAuUSsQr4bWvWWSV01M=,Eatqo6OUh5T84BOsxzMJK3vXj7iNd4KMjUK6mXmGZSI=,WB7ztvdZYvbQ94lizXPg6dENgwER9MChFUNWI/KS
b1OP4EECaQzEO+Y4YN6S2PDXP4DMAf33zQ/PbNH4YAyzFw==,DU1iMDE6rtfot6b0BmZZUR7KkAzslrSSEGoyhYE46tpozTw87A==,57spBg1+I/ehUe8uwt4UlvS9vDfLlK+QNnsKulbTNbiNmBynmh21YlsAsIoNVBg=,7mrkjSuT6HZUDUpwXEt9XreunyTWccbocD2M25xRbJ4=,zVgvjBn6l1BOPF80JWoa7A5hOAejUE2IF1mOLEySEw==,iYrXfdeDOWjgNEO/CVX1jFusdWsF/bJsMWryirF3,9d+8FJ4Qo27tQXpJGN/RV2Bmt94UwsPLMsXZzwYg9mo=,9pvdrwuczKKVSWNr5nHO+xkA3HIteZEePeIXA6SUXZM=,549Rp8AteNiZFHCC2spXy0wgMR6l1rKEjxiiXVhP
XL30WQQ90/K3JOjFzYf0jTJy6e5kGWEYaXWrZFH09vXNmQ==,QA7jJeS+8ZQIZ3vfFztmZ+7KoU2dAFqjImpA3gJ/9lqU5dVK3A==,Vjm+7lvp22JhmMgrqiaN7XgNgeIPIjYaw3OL8FDXSJUk/sAS2bVEOROl7DtENA8=,H+hvpAvJ+RhFAr4b0cBxmtcucYz1LDK9eb30/opySEE=,3cqZL1BH5Kn1Q7NS1ePqPZ/S4PbJdBjr6vCBl7br4A==,dr0jLb2YvRR6Q2EsvmvEGCN3rOVhYsnOJuuqfAhT,4Miql4xODGEKdL1DMj83EzgMkSYu1xdA7xr/y22/7G4=,W8QypBYDP2eNDie2Oj3HQCoOMSi6di9n3DroD4un3kI=,3gVplD1snLmv/uBdZ+u+yfgIVhaACXlnVY7HpEKN
LxgAaBF/H0aYr9eLSxoqZY6FXBvu3YsE8xUzu0Qf9AIo9Q==,2tVGGZZR1T50xfa0JT3kl5Jx3XATdOMQdtyxy9mTRZYdd/OTjQ==,olJENVbzvoYGZb902CzmeJcFqBDSBRigrTJnbPf3RVVF0+EdI30kdYewF1lQPRY=,acWXZSubAD2yysx9MDCzF+oPGsHCWvodvqhwdO1Lqko=,+7GKMCWg0q22ZYLlpM1ppvFf2CiUIgN1G7DaZ4O21g==,gdFUP14BDuJZoRbqpnaJsmPs/pNJYL2IQ0lwT2tu,JBrHizCh5F3XrbpRwFTI95zxMMh5aqDHtOtm90ClYic=,W7q+XvGIzQO0CofBvLAEOl9btrvtmjkyBuUHtsfJwdc=,n5jHGQymJLuPQ0gHGkVkJWyl9nzv96qT1P8qu3Df
xN0HZHa35IHfblA/lkUJZzTE1tYM175RL0WYsdWlXtrApg==,+uNzj36XKvol3VunyuZLJLEnliSalWwWqh7yHK3bOW8RBePmuw==,y1mx5KJuo5YP7B1J0IH+VfAhkgjv39/MMqsnRFGJfdm4GVfAdrWkqaPE4JYldXc=,+aU2PD+rpwqWtBE4BHuuVd3vF02IqIyOBqYeagtjP5s=,43YeDsgz4c4gfV0uaKvDh5uX6qomPjG1fPjoFHgP6A==,Wkkv0QU1OnmwUkHGLNfsqy07ompriCo2QPT8A1iY,s+PZvnuoicJ/NKwgPCwDhbvuRGhoY1D6g7/3P6SHWQc=,JHit6FWIwo2LSa1NDPaClbjy1VQw/ggf3ZdkycfY198=,Aop/QGdniFnBa0mjMGudFunbuEB7v1JHNGmN3QQ3
jPaM1PWSeMeDSHlbc9eRuomKL7rnq2uC9swx+jgI5blGhQ==,xOGkPcOOextZlt6viUrOKZ7HD0N1S781kFPB5oYjbQqvjAqA5A==,eGTRGUbw3XyJW8xHvI3aOVUkt7RUxp9XwfKFmEQgcxKeldzbikERnkIgkE8S3+M=,oODbUhiwwrEUCJsP1qv6z3jlza9mJ3IZoXZKgdLe1SU=,vBvMUDseDFUx9VtlkquhfG1evLbIS2QL+qbP+9d78A==,rJWhjyWlqrE1qt3y4z+E3vkFrBioEkG5LW7ZAA1Y,3+SwzewYQTwTEIVcbucwXUkNlGZpChdGQor4l0G2Kwo=,WW/r7mRsUv48fN2YGXo63YaY1ucecPwY4eLxOCxKilg=,mZh/gZx/MuWo9iZyQxq9VNnkQ5iHJI6vkNpXIdCQ
hPC2woFvZG/MsXrzl+opd7eNIrkMcElAR2cClIBvxygDxA==,iV0Lixowfiep6uCTDhwMJ5SCF5Efr9XAavm9hCUuH37Us8qYAw==,0sXNXyhPsUF6r6bk5UyCFGmPdIHZIjBtxlGxRKtz7p3zJHzxqCVXalrs6ouYNkk=,W49efYLoTCyWpFRcQecN3U/EBnod5RvMODhUiWXWXAg=,j0spqKhflcQcT0jpRkNMXvfWgnDG96zyk4QfISk8Dw==,FbninkrefQZNMK/Dj6slfYC0GFLlWE6oqmguxacS,mwAh5wHEujvepWHWKpb9Lncqo+NwcR/N2garoXh2PcI=,mNs7eJev4m5KDBMqI+RFc3W8zOwOiI5xVTnP897BtKw=,F86cQja1KNePXqkycvZHBRCNR2Ln163wdU2d0OjG
yNsvvXWkilqpP8sprVmYlcnRrnFHm28imkJYjdnhgTk3ow==,zJHFTIktoBsr/PrN5fLCw4POn9iV9EL29qad7OBISRs8IIrIJw==,jTBJ8FBBX94di7QrWIKbX/9lA+eQ6aXygUrI6PysN+s2G9omKgveWQ1wtDH4vkI=,vRnzby0+A08NZ5gcDf75A5Rb1d996xaxNQY6GZd12RI=,VTTzc5MeE8G+yIjPvYqsXa8JSH1UyqhBaM5/SSYLZA==,nvUaM62Z0ngqJPTzf50bDI6iJyJk5a4X2CYGgClD,3I0uBtSqKTak5VDCkuXqfG9xEhrHEHabHBVyEK55U7c=,iWb1Hwt/6g34PcXkuhezKaJ61D+KHUmiRvalAeCeHVE=,4hjM3Tmj/qb7rYKsClV/XUNBYT6XpVtGgFDQODB8
alwLaTHpvoNXA/Fj1m1Pu388qZRAsv/IJtCqBvMPQx05gA==,k0XBbHj5WLQzMOsHsEmHC8uZDV3JcaEZmrG54I0CaSZ3gldPYA==,1eHgdrx7CqiJPcsxjkltHMuXybNkzgETk2RE7Owiy5RCrelpWQXD0unDCh5xlHQ=,1hG83DjJAjQrlHTe8MXTGxQnoTYV+nQN0wEc5xWtC8g=,gLihwCS2bnxkB8xA14AC4+CvgVCWpgfIFIMDZj3L2w==,Z5310yMHPmwatF+5AEoQk0ZunaAcseAVKVmhjBP6,4heNECp88TZJvLKQv63ZhyAiVz0NM+DHYZymVmf8Ew8=,J2WSPUoq5K+sBRClTs4Uv0aIJvtiziFYVrtZzOvwh8E=,XRZZtRyH76ipzm5qakuy35eUeFMdfLw+2dJ9q8ev
Wj3V4bokOpNGR6TBTKJjgoosPxtQYzjFUS4eGSdBNew+Kg==,evc6rOSy95zvrGfiSXLID2xcB7lx8boT9hVNH9go7w8pMb8aGQ==,np78iMZ/Zw850mLMHiXhNglOEpZk8USV7jXT9pk+PmKDyJQlYh1vx5tM3yKyTcs=,lRCGp9c34LlgPBexDmf1IRsaPO2X1APvZOahuMQXTX8=,3Us9mK6JdEXd0I+TRlKsfQpuiowuoQzYu1zxxrKZag==,sZ/8hyFc0AxHRr6I8DC+vCebOcddM930Kuk0nd3G,I5WmLEYWUpydQkm34kCtvU2D+4BKZrTPjnoBV59OpA0=,VKKnEKE3E3MTl1etpcstZ6ifZxzoHdgubYYUwFKDsCI=,VLQloBs8uIVwlvOPIkKbKKZR+DLrzzF4kSkJOm+G
/0mqLUhRntxDXJiXI8KFpS8fYFgJPWLX5xU/H0jjjeSeCA==,lwuTdBvK/9yjDkhmDQC9qsFAQCmfeHXBEiA2gUzEm89Yk55YIg==,kz3clINuaG1Gc0IZiB5ZS/JbcpaKUTTlJ128JkiK4My+cK+3KXMfCIYCRN+V0rc=,KjJR1cKQI5fb3zBSB9jEttS3SrHKvxTjyRFQsmQ7uDk=,brjuQjhy8xp/2Eba6QqqLs7n58LtIkitOyfo7azyLw==,eWbkbix40UjdRQCxDhle0leprlVp1HwYCj9KAd2n,kc5uShc/Bj5x4krHyDFhz/ANlWS0E55WDUbhs/xu5+g=,4J47wd9j6jHcDLbDq2I+Tf9l3HNy/OWbdlv60eq6rYQ=,h33XLnZ01uf0qh4pfXgHTnp1jV5y4e0FozoZNSs+
XQioFAiUChoJXIELws4n8Yuk+bOjk1+G0GSOIP2jEeY+0Q==,VdqmaGY23mT6SSmBImcv7W/Od7TR81/tjKlJt/qZ2nTbGsdDYg==,O7jJ/Ryzy/gP0k+SvM0lquCi5eSoI50UvPcEVWsyXEjIaz+Q4fVAF5WUsWjkDCE=,7zKAy8xwoOo9YgKpZHGM/IGPS0UkEvBE2r3cep49G10=,ApD3OG74u18tTjtoGyJs9rTG8XsXCK7R6ZitCRsr2w==,+AOHOvh5HXxdVLxtYmlblp6ldfP/NKrRVoVb2Pe3,R+HMK5vq/YYDe8zrTbom6WbzunnY7tv2lqHrnACgMSA=,NPPS1goay/41ELtmkEk26EndCLoenoFc8o3QguNVt+A=,UIhqK9MBAbnXoJHhMchIKRz6Pn3rVNZMaIO7/Glq
cOnrqRWgHMcpc4kvnXMnsf8EV1V0t4XpzUs6lLC1OCDYbg==,pzuRL1Saa0l7iw+jmIXdcSAgUmPcP1q20NwkhvKDl/llIVqG8g==,bRgCBVm2rGxRgTs3dmbB1GBIWnA29c+Lq54uaPcIDOz4WyJq9e5XbWh7aH8HQrQ=,Po/e56zZho93p44fhPBCVixCaVrgXoY1qk58UeTOBu0=,LDDtX0hMwhCDD0BeDXNxz6we7LQ1s0FdM5+dof1dzg==,cidrfEh3ZGi5uZzm6iPwzQ+ylp+fyLtSzrXGZqlN,7VQjYyHdQPqHrv1ZnznA66gk+Br9g1XUWnJXeD8CIyk=,GQoDOjrleO0Rs0Wdmz9v7DT5me9VR8Pbn46PaiDVeTw=,znCuLXguH5MKlNqMoDFgqmNo8VnQpJ7ohdpBMq5m
imF++jDqM90maU/p/iN1xWQJQyeeWoNA/kkrY+/To8r5XQ==,jd/hikGtfuJVxpmgb1SMPZ9q+fcydxqAZBIz0fDL4lmJJzG70g==,/iGE3IQPqrgy+eCbGi/dBxXA6b5yInNad98BvEqYWG+3vsCCNsYOQqgJHdGeSmA=,eQoydSgUn0yX1uRgEiVObQLgizb5SP6+xgy6Dw9oc6s=,RHxfIaYz4wuNct4XzwLd8BADfurmQC1GXmIFw7HYRw==,hurs5uJf3vjKrMd/+26wiUammG0/PJvdLukwrAvG,5Apc53gsX+UuiUARhHn4uPh1WhuUVOKzli3CsGTiTDw=,nBWaGA2RRlvwEmvclPEtBSOnDKAcOM2XGXqke4QczZk=,jHrMu92cAwbzen/TSvxqLROnKL28NRcj/uP2UcSe
qXCpUiUrHmMAvEJ+b7e8Z6b9RN4zHZLNb//Q4LYHgaxHdg==,UsHGsVy0qndQkRiF0b6CnLDJuqxeyTre3dHKbRvlzDA50Ces2w==,OJd04b0J/GW8H/z+zYWCLx+MeDM4Il+9E5Sh3VM2dKSXpISw+E7nJKqbZQhjrko=,pWWZj3CqBkRPO0fBrMfTYVeiEmKwtxY9ekQnIcwyCF8=,QDKgI6r1Frsl8VmMINrrwdSvOcb/yTrhQsUHnnba8Q==,vNJuDQImfoTxcWWKmY30cUGlNr5tfKVuxfFlsOOf,fKx5fjtTV3ZcyEFbaz4t3bdgtxA5OEZ6P1MHKBFXYbE=,+hY9YfNdFSIv2Ohg706umrfMKBmNUWWIiStfEIEn2/8=,RZYJ3dzt/ocU4LDLGkZWrR7qeG2C4hMAI3rCXnj6
sz5dxXjx1JhjLaTIEeGq4zFFUEMESEBFe41Bry8B1T5xMw==,nhA8/dhCj6TJMQsxbyLUPW7Jpu8/aw4rbSERK4bQv6bgX/418A==,g7iWVu3ul9NZGwEu1YCzsfKE7PHOLeLVS/VMraGUbpwMmX/p47FNBkUF/zjy61w=,4VJ9HbCkhCH+vYzGcZfnVyKeCHWd/cd+3aRYsB+XkbM=,asloeQhq1b46iT8KvMbEoL6ghRooMMpKfJkPVfliZQ==,s28gdtxV0Tj79m5+HHXoR/NraliLbCWgxO10y69B,+NEFyC8iLWKE7tTd5UCDJImYDAoMwMX7HKdHbtWz9oA=,6rNYbC5amNYmO95WvVKFO18vWQrzfj9G09k6a2ewKWY=,vUhMTlJnYEZavWNRHQl+NBXXlosUZAEwOLAwpHNQ
dimyvVwqTyxbDuX2twFSSANk8hf5Jy5OdQFVnw53/VjnzQ==,WoAO64gx5pCgShRbfMrkKR2IMN9ysmx004df+IjwZ8fJiTjwOw==,De+WK2HxedFtJmwGW6nXAT/neS8Z1JNsp2UNDVuipax19R4ntv1EV6nDHHYTujo=,PY56k+MRC1rD69VziTjuBDOkuAgrTn0Sc+yDgaBmGr0=,+ekqBHwaeGeMIgttiralOjmtGD5aCV07yseRnRacdg==,0tCOS2JbUlxZ43oeUkluyzUALTjpCUK/dku6OAX1,zyxu35u3WuJEmwzz1Dz4Z6/D8LSGcL5Z4L1jgV8vWZA=,W3p/NYPyPPsGhI8+b0Ob1KrKIFsMvXS6FWMp5PTnTkM=,FOH/NiRpsUkvKearVUR/IjIQ34JJbQ4YP2WEsFlL
0pU1BKQft4fmynLJH7LeRU3jChtiJEdeRWglhpbbdn0iLA==,DerZ1fp92EKj6v0tgh/LauoPIvm8K6hVMjEZt5egx9JaTrrPVg==,USkGHLljJhYPyytbMZCLeaG7WhbkHe3cqoTCp2qAWdGqLUxtc0bS+UB/QHdwLYI=,go4e4kBvCVoxvOXxOFouZQOM+n6AEmfFjJw5raG51Oo=,l56ebdUrrRJsk7tUYidvDZWJfjkE/PM9WTjPSQdK9g==,S/O4SBjkaSC9VqHvXN5barYEPZv3UZI8Ajs+lHyo,Ia/XykwbQsKK+XdIwpvhVx83MSA/EAbpIa1MwimsMbA=,YXgeIWnbN9e5seIJvuZ3fsGc3rASD0SKGkfoWSWNys0=,CbTDnuCPqfnhgL+RNI7of3m6qvo6cO2lFncW+WWu
+wLWYVji2xM+T1lTfJY7MA4tPeIunuZZTG/cQzbAKBZtkQ==,4Kp6vB5xP/ZZ5STwSGXhynsHdFWGkblhiVnDYupI/PTCVHimyg==,WKofZeVZNxlR588tW3CeBLL/Q6YpnTFR0zvmoiWt5FeVcTAGAGU6AMkpNhLpKjo=,vH952u4WyVrbsLqzsRfYsdcTiuqesXPsCaCSHkzpRYw=,bBTaGob6fc+wkvEdQnYTvCDMPFGhubN14/p8nlRJwg==,VLE/gQHI6qNWOzTSLqBWAXQjU+7wS8rFL8hVAxUF,o8PYIry0frO3DitYTgRVFeeD2e68NxfCuVBanPHM0Qc=,L6r/E6GwLAp4ZZ9yd8z2sGXc6JsWiw/SIhQCE/3pHrs=,CVkeqrj8ARt+pTarkMqdywMQt692CeWCZ1EgQN64
3QCiGTPpnLGtmynPa2AbCE8XCwUg/8pcpIy3EiLlIUjKZQ==,POUFEeKK5zIOLLTQmhfWFzwpIn9Z5vmfiEAijP60PAVNrPl2fQ==,I9mtS2bpzRpbVEWqxNewjQQtnmm6SJ8K+9lm0IFT0ibP+/PG60o87tuQTbTmY9Y=,82FVUhK7/3v+JFFEIDv8oB/IkJOyFwyfqyDCClSVCqM=,3aO4fz0MA3dfWAS/B9Je5oO2X1sSzAXi7k4rbK61Ww==,0hDRT4KJMU1YqcFPrntWr4iPr91gxBZ8E+p0ivte,go+Psj/Bh/0jmO3CBGNECKjgZk2omSpq4RkMSoG4AmM=,S1FaGbo0IX/X/g6HD1lRvft9r//ZyHlfkkpdUlE22H4=,+qkn/CtCAp71JvHJjGD0LrbOlNO9vJ5Wwt8otILL
y6LaHpPoJt7CDDDU3U7+INo2lBigTMsnfm8i42MDcv+7lg==,5iLsAW/OWzzbXZCW4Elg3u8gobfVStvYcTYSQ3HPbTGH6VEnVg==,5w4POObUQ+91pNCZhtQYHqHLGKtYT7ZuXv7TknpEGIOnPcFM7ngdFKDjjNzxMSw=,vtDDRcscatvlr57/GjbDOrMBYEKVAwRMWc5rO9FTeeo=,F/bWsVOLvnbiwZBpvdDugDDDfDpz70AUtS3HsT84Dw==,+04yogSopQ+AfMpNJh3nsh+dh45QBj2pbODQ14n2,CFzRmW2vhO34yIJiShofCIuRn8z4jGA4kaeMxJckBD0=,1jSKTNmcBGfeorTA1x6636o2SM+ithmY3hd/bqHh6vM=,ByvOvkDW56YxgW1wlPIZap0qQXCrUrYvbcmXfKTn
OHsRne7dsfzladD1Dx2L7GwqnEkKh8F49RKaCq0g9n7hrg==,/TW7wv2Ns5EA2iQdUNchppgldl2hWx0qUxpxQGH6m51AGMahEA==,Oie48LzL+hPvmp1y5XGgJFIiutpaXU2AhKJ50i/FPM5y5Ju4IfqU7zmiKnhbZ7Q=,suOxByJw2hrXILEysCD+tylTvxSbmFZ/cxj1YS4G2Co=,A8aIWDK8UEiu2BfqRvOGdQtrJQvE0HGEwOsC8kE+cw==,STXiRAnrsliN0JQj1uiZXfwN5I0MaYmsulRJpgzh,xe7HDGoUhwEY6x37sG34LwgctN4PIQlfi58zw5a9q4d/,vM/CbqPSSz2LdBSscKmwlyHxBgkpTmqYsBQRtyYsjoQ=,gCpUwcLErbjypfqRFfN3WKkgbgJlMZr2iSCdnCZH
3RnWYxktUf1ldKIOi+u6ribskcDW8eVx3rNLiQmROae50g==,r/YWjLA0hGwzffoBLhA/d2FND/0wpS+igUqpyNwaHdkGHm/jMA==,ruW+mmFum/AIFmevFQOfaj3sjSPzsUMDgP6QgR2+EklGiJjB+Fbf112CO8LOlK4=,8d3CWp8iddKXGBKVdcc9wB/wiMOOqlhWzZVpZKunW/Y=,q1sew9HdDIBOVLArj8jtNjwBQzUvUGB6cxdEj+SVxw==,+zpFliC1VqrUjYsRV4QmBov2qX6vgKO0sllpKEBK,+eRqXBoCk6X9gkRKBUVxZE8J0pq7rSAjA1rVN7z/60E=,91ALNLSehp9Ce7xbcZuz+pD+uLEffpBhjGjuHS1RYUs=,tEOIH2EvbMath/ZPwEiTjHjtxbqCMjwyOUEPtCLS
f+s3dJ2jTX3IAsybMQff6TfzTHbd6TEd++1gSMynRvD45A==,FI+cZuHcSqhRN16sZfr/BupCerNZd7Z832faYK6JUFNCke1ykw==,5EtNXPGsWICBOJs5NwE39xQJmolUDK/nP1t8BZpUzUYnG7032G2OOAa1YFVuB44=,897O3z2JXFVeoHWjj0aZD34zeiII2utuuyngOuWYH1I=,DBRbEAyQPslgoVYpTbRbZjFhpK7wqCv5qMfCSzkDgA==,c2rMhABfpfcPmF15On1txEN40KFVz4xWt85JONXy,nR2z1UjyBOFeVSf+N+L6jjGnYehlSw5rmS/siT03q3w=,1FWuXBbkg8LV0FtP4suzqDZq+DXnNo58Vs7eo28H/yM=,Z1ivMRwfMettaQmvsVaFjre4PsNVwLtIsSA0C6vi
KaeLOynD50jbKYx5fRPO0lOjItDgVxJ/99jV4La1r9Jm5Q==,FvK56fJw+u9CtirEVUqLEya98hAm5Ro88WZcPvIhuI/BGlwQDw==,nDzS8sbUwzWJY4hBBJ54lDAYGMkeRztM8etWUb7iEf1iMORyNFQfTJs9dNv8vS0=,UukzrnUpZFTfM6/wFDAYGOTw94mimMDzEQJ079RXwoI=,SRkvADrSZqoEMlKJw+S61JEOuB/icen5vjuRGY9dXQ==,c2Q/iC7pykvgcRWRM17/1bXeE7TVNC9leSeXzDbs,gnxVmrFhLdAVO9fselb5zfDpngE63Ca0AWAeS7t2R+g=,1d84dIp6WKQbKW3IlLc0eWETHZ/ISgHTLjUz4vMoIzs=,NG/uqNWl51sns9ZKBkT4dpjt0wlPnUn6H9DRk0F5
+CHiwXxz/8m5nKptj6MVHZgR3jB9sxE6vLC3Mw4iAqtg2g==,smWHNohb/zo2Oy2ZH+S2qygN33XZhZnCfFYsXR/wyEfDwq/tzA==,/a5bfrrylFnmtxbJzkGIuKDnlF40xsByaLNpbhOH4rpLwme8ocvGnCDejRV7p1k=,Dnh+ZiUp3loWaPz5okbkjHUtHcY/jv/HWKJv52i3zVY=,1o6FEryLdAA8Vk25GITEUucynPzCmDiuj7JgYsKJUg==,IsZCUvHufkrlhxR/6dlN9/39201o0lnAVpAAbPKT,57yOI0fHfV0y6MGlxFY/fK9UTc8zmtQD8eWUpj4KhzM=,E45BwdyWS/7JZ5rBojA/EqToIIP9rBRGB8oi9vJHRQU=,lrTrpsFEdpM+2Bra4QPlu5cf7zXF6mXgXuGjSymZ
W8Q0IRg+gBul3QcBV5Hd+GikB9D/zk0wX6j4DPEMaTLNsQ==,ivr4JEjN0LP6rZQ/6SVFdxy4yh6kmHPLvHOtlrx1GOqeVzv/vA==,XrNHCoIll3MsSDomLSDixYg698Y7HfGXki/r0qYKjuBqREw0YmF6XJ99RCagaMk=,BEPa28eVhQ5qWl9naXoa1t6mCYd01ms8A7JlMUZi4VU=,lxVLNWrID/wsxrkBQ7Qn5Qx/xTW/NOjCJGem6wSwww==,4LRePuesE8XkpUjnGf64vrCFHdTVFA7A1VzZTJ52,AQLBMhTtKCFIyryO016m2GWPV1GFQRONE7uuJo1Xyns=,FoEOqs1fiHCaKJDAOe7apJq4awE9uMTH96j4L+e67p4=,iVZ+2lrAUWjigYjCYR6YsouLIchuzEtKJNJ4tuBb
H1AOQWZyewh0G1dX0qNatAFEq4EvZv8BhqOoD2//ccdMnQ==,7BfBWx6Z9VziHHdpHmKYUPfeiz8fEKrAguTvM6h0b5Rv/yChYg==,/0vI64M7GQrBFv5hBJ5tY2TVd/J9IXZK2UbqDet6B9yIg1G8tl2lrN+XIvKR0ic=,QonnlirpyHsEXUW7JOhkJ+PAJaKnJoX8G+5pwN7YvK8=,D24NyL7bq0UqyEfHOwNbdkXc5DHJFYnW76r88TgwKQ==,XTFoK5TZvDsTXMIBXRyySG3Knk84WhdaBAdlhBqx,n+BYnIZi3YgccuBbyvj/JQIgazIVBDF+/V/wiNed6Vc=,vjre9Eid8hQUs2u5R5xU3YB2y27qk13GuXQe62kxSUg=,OxtjX+lqw8aVKG08Mh/8rDI+awFUs+L1vBtfkjG7
DF2Mb8c5dwROPi6UwsiT1LK4nhk7SUD+HyeQLlYDAeAnIQ==,OqJVxsFLQaM6tLNFxfxQN7aBPT/PuP23DWMVzFsxCYOXaJ8/9Q==,lPT+QMx5J4qapNGrOecQGcNo9HT3yK8ieDnYchEpd2H/LERIxGIqMXepdE/FVqY=,rTJ8HTSwdMuiGoaYHC+7VjHmCZEhvRBhnDwPZwI0CKk=,2wMju1USUUZFy+b6Th0gveDvOgdPejbHTF2BKIxKjg==,Lue2//PDNxCblRZwlr4KGxNOUD/0OF/dwRPCnMsW,YoW0PFo/tVVAo7+OCXHbd4pB++e72gkmbM2yJLroGyU=,l8YnqFIMyIP4p2k2C0Eo0XyVCbIELyD3kjR7zA2hiCI=,qRBsFxjSDCf5uGOcoBl6zVYRsQshDapaC7vKUWaH
vc2KNnuQWIK4+mHCLs+qbd1Onj6be2EQpvUiI0KwN+r46w==,swmszLm6uSnKavBydJGiGJ+GrATR+aWxkf4ILblCQugwQfh0lw==,56Yiw7HxSD9Z9K0AbwTOnec6tVR89NCixOh7LAOz7z/fmnQYVVkpoqgfLAPu0vc=,uATYo9PSiDkpBKal0hC2e9EphIEoCAbElWJagugaOnA=,bl3VxXSeWWQYT0O9Xuc/cmkkzG0N6elmxLg8Qz2CjA==,m9GjesaDen11tv07L832SQE8nL31ZFmGItlP7lpl,GMmwdQsXyyGLe6arIqkcOl6u/zRHp9kH/4P5YZmnnBY=,0hZEdp5SANNLvnNyjBUPY8MbEaHKrtxndKfyxKJHpHA=,xcpxZTeDj5igg0iw77pMVPMg5yb/tPbdxCfwxvLB
gMyrRG5VveDAN3ZkH5bExvPq0Boo9T9BNs6nL6BujB8Wzg==,RY7RURhHxmQoyr+r8mVaLhNHirhIcXtUMOryvhgTr6OYhVQ5+w==,+Cnifva1lMLtQ489xuUu+vVpllGDqVOcq/3JB6YEMeGGWdnzKsB0f1A1v66aGis=,JM/sqYFyRTARvIpI5dQHzZOiV1dImLOw+Sxbu6ChynI=,SloqTKknOaqnnxde5i4YGoEiu7uc/B5o0NDBs/EbaQ==,LxjyBeC5GB4lQYWBHZsV8x45q58g2LLJ0e4FVDJn,RUO1G9OxPp/VRPByedxZi1fAZk8xph9wf4xjw5Y9njM=,9081mKq8wFjrhAK+z9KcXl+Q8t6YEcBG1W3EBQzn8yA=,Ab4T+k5hOsRzljJ/TaawT1iTgu/YaRtqsbFuTzCV
Hb/2IcFYYGsSY51q38HgDay/0wcrZsi8o/qHWyMYAKqGeQ==,xLh9ylkP6cb2HO3CK0bOCpVCZFG4AJ/LGi5nRilEKMT/WB/UGQ==,huA+J/RjEZzz6Co1TV6Q7NtZKWg5e10v8c/4FcAfy8bskBRF2Oi4TF55pk1QqhA=,fJbIkLVQZEUkr2p7nsVBhgbxgEPheDM4IXM0PrBM5Q4=,ReoMlsfvr7gSEmRrr2qsBBEuGkk/fVqOFKzI/oIVdA==,YH2DevBLCiskm/seC86JvlEnUAsutkKmA0sjy8OE,T7XQpI9XehSbVTBhzGqikndAuCH2o80TmuGCNnPrHjw=,quRW3CM1Czd2IfpoTOTd/Faupc0ceYlT2xsFF2b1B8Y=,+aH/cruBSe6YpPp5yF2LTVnQRwq9h6/lcN2jkwqq
xIUk2h/XsuND8g93an2g64sB7gKxORa8xe89R+crwbsGSg==,p5H/eucct9cEjOGh6BUxtPRSmlcP7TrVYKcqmoHhD3MQp9OaoQ==,70hP5tGsnbpdZ9BWSL0h4UfO2XZT5ifJuOCGGvdQ+gnOy/KKgQPiyn0Hrz07g/A=,naTAacEudTTOT13FkvG8UunDDa9g51eQFE4Zrl2FJ2o=,YEVbeyGQm03njYlgCy3r5ji6uRFG5+BzNj6lL7wOYg==,V9OrMSJC20M+KE6ane/07XlpQO7d8VuVtumiYWj2,pb01H8K3+TTlwkPABbqyQAoe8kS5kEHTXP6OGuGCJhk=,SRO0OwDlPu9IrbUZeDlx9p8OLxpnxUhnStDy8s2Cfm0=,7Sk7970y0xI4Ot4WR9ZPYtjtWPkvtUY3eZDASwEx
YE4+kbRJOPiCnxZuGoct1+vkfzgNYw9TAiXznR8ywh2SFg==,0bIe3DUGnIniZqWFgGR34L1nENjwyKGSDSEutSAMv2QcBT7ULw==,LopseuasCPlxqPMA7cK+vskyC2CPJLWxXTVWkFMpulqbGUsM8SIFSVDi5QOUxkQ=,dxVL7NgQP9gvfIg4zXRx0FI9lTKymJACQcOdMMwuaI8=,5HSQzwBSCBaMG/6ndvGyjm3mmcqsA6cdmrfJN4JE+A==,i0i28fAj35iX7MWbCVtGSb159Ow3ga3fCwcYzyKX,MhFujtdbAwwpcthXTOKcGKNPr9ECX0EOJgCtFYrygdo=,B/UeAcbvFRPfZWZxOhT2oU4NqljU18SAZHIxOIhPwZg=,/637WG04M6pqaxGs+zZimFNvR1mF8gnEj8T2J0Gg
AfwKGZ+XIFw+JTQpCzuo4CuoMOr/u8YYZ4zWb14IU5G2yg==,4flh48td9A7zEOpEzK6QA3ufwXVsHL3HED9GtGFulxS3Xsfr/A==,eCn9gbAa8/NaVNrmRWrcP9UCY394sPSS8q2U3DYkFXrx/oz1qkYFjg2UR3Cekz0=,X/1pl+8vVPe71voW8YjzmCKhW4ALlAdiVLOFu9s/ifw=,yQXgdKFedZlkyqFa+P193omy0sc8nXJkW4Jb7RUGAA==,spcl4pA0qXjrmA7YzAldHSW1jAamak/LFwWYv47T,R/dRGlPFCwxHs7Pw8BdJqSCm4b+2gaJpqkZ3/OpgEes=,jGYhCpA0uFpv5ZPR7UOXm8JoSzVXZ4p70wmQByEvTKo=,zb+Z4e/fivcOuG3lcejVkACqynPcTUj8Ski3iGd8
NreI1FKcPhFqdzad5Vvy5KKiQ5RB7Umu+VcqqbCraDHAZg==,01zNdfiPSOpdXKob2f9OytdQzIqVnsA0l5eVkGKNd12/kvqKUQ==,Oig56xWuRrKEkjHY/1Pq/8+SD9BOsLNfPFPRwPQqmiC4mDonM7nZ1E2pS5PDmwQ=,h1FnAJDxvXF9jP9o1TttnKfA2Bp8yRcF8xkwPP6XV4o=,FTh8bGfq1TPkCy7dq+hB+4gfI83X6dY8glN2AzmU2g==,DNIgHAMP7VLxnj7UBg0WyaZ8dBurFNxKEFBwFDOw,5cPo9IPT6Hebiz+B0oOP8d+ELnoZSu6Ddw2DdPj0i28=,zb6fvX5FSy576psIA9aHnWrWbiqjpGBD/L5WvDI/Akc=,jlP/7Q6ffgjkLAmRjx6BkAzdoxQKVW7NpZQ/Ngmq
i/K74lpV4c+RcRD36WTeCEKPzuyXBKaTsmXtAifhlFBPsQ==,kOgiAVtAdAT/ZcQgjpuG5Aw5z4V7MaQ+VRbDnWoQ2lNmdW2AsQ==,jwJ7lggRHeZ+rAr6/4uQpzcyEFVl+aAzKYFByDD5opybjFtyoZkbGA3M4Tuyhi8=,1dZ1Au4dNm1c7IiJSTmH+YiybW77aiehT/3Kx3JtnsM=,3okWsLjIx5vRWNn9P0wCHQs3lejZHVdjMdtCNyzm7g==,bvk1Z7Fyk/zs35GUEFctpaU5uxFvJRxVSJXyC5O5,8f4W3Ov+k3RGTkK1++F46vRLFUCz8rGBUb3N4/Ea7H8=,CuW8hM6EklAGRHQ6RpcPbQrh0m+i2Clyr/eBgekXdZY=,gNmaPP+HJpGw7r4xsNbgtrbTOgpIjdoFwE4MZdsH
BFP+IH9jN0rsRP5FPLf6TjJlL7cGk2G3TNfsQn2NHcfbwA==,t1H9l6FbZP7p18iSBHwzXboib9kL2vOXgisyO1NLspCaD64P9Q==,I4Py8mvjCch+FI9xr7QMPKwVGe60Lxs9qqOgp0KsUtd7HhgrAl5RqpOSMw4jCrM=,6Oxok8M53YG6CS1cK6JIjMIZivnQzzFjHqpI2/m/Gy4=,3U45oZe4hCrodZFuklsPkWlAtpP3CD8CLAaIUOrAsA==,J+Gd94BpSPX6mfG6oKbghrSDiZXsy0JK01jYjXJs,s1Z2RNJG8qgh/DiJSq7suzyFrVzcuJLLlbxwMzedH7Q=,jA9glCk7msFqPxG/e+UJ7hVGJf46UfOlwnMO6JPfvN8=,/QQdQ52g4I46T34HWkITZpPkACNB/qmks76TUA86
8f0kB7IwX51GBiWLp0qf+ripqvQ8Fb+8onE86ikP1mhgcg==,sgvDMOWR+MbkfyfctRw0RcUDQDRJYfUs84N4lhczcebMNhi02w==,eMKNPgI5888rOqtYklFGsvgdfH337Kapy7T1I3RgDEVuAlr25ZwEdn+lVO8rfqk=,qZdyUVzr4Jl3Za/cA3zrY3mXL9MFmongjuzw6Oi6bsw=,2MSyhagxDgj4mZ9dtgza08J0JKp6hjqoLtng/YWF8g==,yl8aRi/WZ6Ro/YjNMmlqr2zcMDCGAeTRkxOqd4g6,4v7MFSl3ExGa8y5iju8yTcziCQUfevn5bPhaF9EwmGA=,aFpu7hTxkUVQlP4y8AsBumSTw8dcAHXuCz6Mn/nyXMo=,iY3jDF6hUZ4l1/4qbrjcN8eAzOHS55DdKZMji8qs
xwbHUTClWFYEWrgr0m5IFeWf/VXHpw03JuVC68xwcrdHUg==,LGXOk1sH79TGgCE2F80tUgUGClb2Gp0jyL+66eBtr+ZKXs5new==,Wrq6Ozqmz2SX/WRLRSIb13CI1lZWifrajpt6tTF2gou5BHFdwo1BKKI/G2aJdAc=,glpSdGQ3eoIBsFPRkWNtStZ0FBRYKM0KVc4ONEOHh6k=,x1UOmL3NO3bMRKYetvtOFKM979RJYummAT70fjcx1A==,yI+cKgiGxSXNmwEYLqU+WzqMFX9lzX/Ku2eYoy6I,b2thSSCe/tSLQkd999J/Hew4FAxXPFx9TrzfidaGspw=,3iDW78T6VjNN3WMA+AzNbIdZOH3uCDRyMO5kpf8CplY=,xJoNT3am+pkpyPs+UNj2rH+F5Y0dxENnDY1jfw3V
tOHrlsFvBgkdqO3m1B2REOVckjpOzDukNcDfAmZ5Hmayww==,lZM2ml73Y3uYOqA75ih6DiVuAQ2miJynuVdQ66XXyLyj45LhVg==,mjg8xhaVmttKgNF+xhCxC+E25/5x+IFFBhbveH9HHGPPa+Ca0qglytnHsDrzhV8=,NM8IrwP7oY4yKvyWsg1Qtg5cq7uqvG6zMEQXc/juaew=,Xv8VLh2QoCbtOSCd71YzP+85hFifrUmSapuGM+Z0dA==,6rnWBsY4CzuKRLLp8MJkczfKlYegPGF70o3O79Y1,tgjpmqMBsKU7cRH9pVNkJpjTO0rT3NSgPpGvZYSlP0w=,kUTIKaKWjpURfh4bT93ECzRdcrUAbadnuG2edTfXmqc=,YlTUrSqtrfHdGKyohLFPuEzei3Vr6BT9qW5IiWMU
6bbXBKmRuFg9QALsl7z0PsUdHm/H3hXivoqo4efP6HLPHQ==,arDNpOf9a8AovYSaC5Uh0pZFfJ8nNBKNFXCrBeDtXIg6EERBVg==,7fCPJ9x0PielbVP+N6STe8JX3+joLfocpFHVF9F7UchvzMHEfhMwmB8R3MXBY5s=,CL67EdK7ZELGP9sTRmvB3VRkROOLwK8hE2dt+qfRDjs=,0sV3kkVFjRNESQ8nV1Ir64KprQn1C4kdX8Pex2Xueg==,K3kfljQe0bv+r9Pn+QFre6zWG5kKe2Qvd3EJPGjc,JmWvAws+0WJwZENInODcNzO1iot4RzRI4qDI+Cq6bAU=,hL1dvf5ZCuiz1oc3kmdvYi/LbN8pHiw3vKe47ItHBBg=,Gp9PCLFkynD/k0onsFYBI2jyrJmN9ynwOgPTZb7S
fdMosyicaQH1GdoXhg9f+lI3br1xjHKVpYsFm1hpO81ziw==,9lnRcnhE+dzXhrpGJYyoM429aPYqEjcKeMuhn8DxMqGzRY66ag==,QjFo94Cqas6obtn31gLuzib+BF7zxZksVGBwk2KbxYIBHpalO3YNrWi7h/cnrhM=,qsiGuscaI8Zh1sgjuLSu5YDlP04iGBbVIyy87sLmZog=,3fqw/0qWSIcj4NkDKta3vtwh0ounfVBAExwzZdyHbA==,OhLOJWgnjr4H0ZVgBu7HOEVrnFBUz7nxhpVBKkXU,6JMB2GgfQ5Ro905r8qP+Cw2Igq4526ul2khd/NGWG8E=,zwOFWAxSF+q7+dmKY9rmT1RkLfeUeiBOWOxi7+ZIik4=,0Tk16mv7N9nOD0dThtRhUVHCvNMTV09RnQviK84B
IRlsIuhPIL/jikrRS4n7LwHPc8xX6R9Hpuc4wFpm4OQr2Q==,SFmwFQZeFCvMs3pbIY2v6zY5DU1ydbIvowccjiuWXqlliUYJcQ==,5f4xqJ2sOQYW5jRrhfGdxEMECGalkZEBF/8+X7u6GQeC4OrIRBnnyTnIvA5ly0k=,hV9OHOaS+r0w9Q49ALHeKvczZqjbOiQn1+IUdY2PqHI=,7CP4duPBQZrPRnASdB7yD2d2fg3ktn3rU0gYyl9GOg==,gJY7MmFrfLeIop5erwfYag3NvKaI3nJDO8lep3cq,ZyP/KIyf70EvZXnZDiYfcUkddhWO+IWz65IPwmqvB8Q=,x6M38qdOKWVXw+ZPa6QiIqW2mQcgokv2dG6tuw+0cPY=,oUMSOWeoqa2u9cOilA33U+dCe1TbpIHnvg1IgyZw
QfanwGdzrODlI3TQxL3y7ym+Bd+jRuZFr6RRNbSnsGehOw==,BGsDQRvw4Eu5wlQDNPcD7qihq+vClg+d0k348tsCkBtWqqFc/Q==,ORgc50cvl7y5sdg13dkcpxFLMg9Z1LFGz0E4cl2Y2/pqnIn7UjSr03b9j9MScZw=,Ev25xzyfRIsv3SpopmaZp23e9Ayx47wLn2gll08h/EY=,KrkppcdXD7RLuiXkRerrlNgv2YfZ41wWte2WPnyxPw==,FmX23grYtZPxTpxvifax8rQX40eDVpMmiRRjmm/1,31JpvlkmO2IIrXsx3AARGXNH31MRTeVPpY9q7W6GF8U=,PtaIr4f9nob2YCIJkTNGV8G2K85Ka9AAhYAAVb6fe4M=,KvX05SMJBILhTLadXBs7e6pOIkKF7vvEz60004cc
5RKc8qD7lU6u49JTNM50WjWMUSeypR8CV0WMpBKzapqaew==,VCOj3uwcvxetpIC5PlJCwwGoLyG3w2/3lcCE905bzQHZwzk7tQ==,PxQZEU7X9N88Inbt4HnFuSowuPuRXRm9fNcuxMr92gXDfqQBC0RNvlivSsvLhXk=,lN2RI3ighxUNsZQuCO/IMNNfDxEyUazX6r80w9Upl9M=,TAgVfLqmqtz8JrysVZ2iobR3HY23KPlOVUkq4PYvOQ==,KV+qR9nNt9Pi/K0Z0egz4wbTbLH3ucVsi7rcjIVu,Xile2Vrx9gHdCUHoUclDqKiJYNHMouftvkuV8QfBfEY=,rzSqEFL1KgxykA9ff8v59z1zcGcDwbN3gjhPq6RdSg4=,vBaws1hkmD26R2TJDPHf5LynPmT8B6zSSS/Zoqvy
RDLo6vFLS0uT4NenuUcehoFFdDcRzTk16UaYEpM0OSuGIw==,IysjFHWsFM/GeWR4Ow3oo3epdBWyPvArM9TR4SKv4DFsZKFR9w==,HqjXKyuDWztd1H3CZfrAaoY2yau90/BUZIsGrzvDyMq1fJ8iyj26yOAUAYYDhbw=,4X9nfj95vKvfP+6jYskPgvg9lGafiSFrWCRwi0HyfWY=,YnFYyUK/IMc9jRIrndwxyfEc3uHgGQ7ntJqU/ii7ag==,gI3XRzrICNeafF08svHs449uqI+dpIQbjYYIuNwz,bz3cwTqUDlZg5+os83rzGzS0M7uk0bFM/fJjf2fFEcI=,XLgxKAavKPQCxYvPD6idKWYM8pAhMgr/mBL4pcdgXX8=,EmBguY+l/rDzUMKBgo+lX9sCwb0U688LNllEUkHo
E2NJp05L4hqKB5knjLFcGQD4D0JhQ1+afrCy8xPt/UqI4A==,y6h02/bGctUNOgKGDv/UmnHYTGPeXs2V3oiQKlPc1DFTraFmOg==,j2jhLiUJKLOPoManaOppHjUsw/RFW9nR7MPkIycLO8l+pTRK5yKv2vmqo8OJNYQ=,M9Ns33DLwwL7sdwP8bVABSzMDb/GiQXhh4nishKa9Jg=,hfrua0WWFzgpY2CAnKbEB1ktDHnoGCURftg+iqeg/g==,sG+qAwVuaxv/bU3KOWP/ikVXIu58EDtQI3A3Do5x,SwR1FJsRcNgbWJ8PzjKb57Y9c3aouugdjE9XatLhfpI=,dEg+8bXcKqxK3aWU1yEbtjYLWEJk/UlTgh9OkfHYzyU=,2li3ngkO923Snow993susL6xikCnQ67pvsNPzfCq
s8dh6t5iFoZtUSnNEFT+a0FwI9lt6K4TTm6Eoyoyd1AMMA==,XDbGlf4CzW6q5ql6t9nb3VgLJAkq/ZmDHtO8qJvUQyLax27bnw==,qnAyfmGfReltm4Qd3FQPCAHXYMaYapbsPzeclN1mIAS4ld2iNTEIHcsnwDDW3O0=,3BYtKipozHmrvxMXUO+eVkQsWq7VvKOW50svo0k8SGI=,R91lXuIoCYy4pVCiRNoBZ42nyncPNJ+Kz2/JkmgC5Q==,PyF+CpFjMseOzrF16D8ykoCRWJUAbmNaKkhciVAv,yzuR62gM1WtY8Az1Uc4IHAtSWZcMTerAA18gZKGk0nw=,/jFWi92wLn3Mi7xaeq85xCmOpYu/RJclzVEOT+7kIog=,QSWaXEbt+WXGlVg8tVEhGY080nxy/tkk1NCxgIHA
AaZqg1As38/poRlDmz5a41Bs42rmrC2M+bdxD/C16BSrWg==,0gaZoqkSLI+22YYbIA7cmj7Y6JRwU74yQ0Z/V5eIW1PXiWylOA==,kLSy2yBLTNnnjN7QzGBWqr+v+O4/CB7mCm9220hs46XBnsXuUQdi0Oi8q1e+k1Y=,aFM4VtglBVzLUlVIkiH77CrsJ+PwEGyssQMrtJpLVIM=,O39EZHeLxw87M/VUP/nQeTbsuovx4Mvzqwe4a34E+A==,EMS8yURZtTv7+G8S49dTMsMEfmrAJnUYLQT+/EXc,NVPsJdwVx8+dI71F7ObDODPrSbQilNuokMiScMtgWf0=,wQcyIc57yB7ohOhC02tAD7gNL4ZMXFBrJ3Z4Pxw9RMg=,9QyIqdjGO/RlQ0fmRelVKvfEOuuopChtkJoYXt8N
Uo/Mu+5VjKj1z9PJUqZX4t9BcVBTbvNbqSIaMvzOkTN49w==,nOIG3z1Q3ukPWUHMScXX3ZXi2Wc3gn8/+/Htj1vW0i3q+QkzVA==,/pVtJqR/SIdF0VmKJHYyVdmzi6wQlCEMBn8M6NcS5aCHBDwFoNsFP2Zg4n1ZlBs=,JHtNcCtDp8GehINZ8esAb1NzX9/iU6/kzx5vZqBhleI=,uSdspE1KAfWDwO8tz2NQfB0Fhoiup/vGjVUxoHXINQ==,0QO1MSf2RBzmNOOhQUtZcPQ4OlrzxbPNvK1joWvW,7z9pcdvH97udwV8hb1k9v909ZA74T83Le0/A7KuRoHI=,Q/q1VfuJlicQJoZBvgawg7hdvdGKayz9v+Ket6GaQMU=,gHSIqXWXJFQZ8fLVsvaS2pHjGsqUi3/319rSl+3Q
Wes4LOaXp1vflIpEP37sGDQkDRq9JTddw5KGMab4djHStg==,g9aLrfjMWHsvL+iOEDvjf8tsEaFpiEizKADj4tBGPBYjzXA9sQ==,0NFPk0nSQ8Nnol6FUt+sX8niLuf/ANWIQbzsO8nfZGjurqDA3kM+nAV5xMZREnA=,pWc72LSxWOEI3hoNPqgoNo9Z+k2SMm1yW35nWEEMYEU=,C0VnRG8XEn7MlVEk8MKGUVmY6W6BRZREDSoAemGlTg==,4tc3Cbw8IxyTUh++O9P/PhaI9uu8ZKaPAQHT5BFF,M4Ii+WKYWb+qOhmLcdI94A+U3v9oaYW667rHvIfnzec=,/QOWmOTqyBii5BSiQsiCVzGlLWTj2FsJtG9XHdPXIwE=,VRPA0ajyyyNbjRs83QJDr8I8EJdQlA/lYyJcql0Y
cWHWF7thtUiJ8Vs2lA9urtByDyjpeLFT5TYrAKBLQtt6zQ==,cOaOKVh61MSfLqdI+oo7TND6eTLvm4eXS6Gkmf/sTPLXXSbVWA==,CnyRVIzHtVaSQT0L/pVHeijSeUWAMjSJFi1CXZcHXUhbGPuECopmmcTkIRwjccs=,An4uGhcfcJ2juNeIcccopx+5Jhc34AkBhYiJFSHhy+w=,Y1Sele5i6bb5v+506z2RXOaFugnTUDQEVy56x4MGmw==,clW/7mFIw19XDWZDyGgEnOfoEh/41O4ivo5Qomnf,JvqSDqOMs/3GDWMU84C91GNiWQfU5UuwCDCxCE24qUA=,cBt8MIpd2F/1qbzMlI2hgwINHW4V4r+N1s2m0nIetGc=,hGFZg+7RamRJpugkUaj06iX6YL3cZwGuFy9/48XH
H62t07OFtxTfyHlPPY1zbbymHdmby/p/Sp88tXnliLwwLA==,VhDGNe9RqSXBJYmdjUXlRwA81HwlUD+1sLFN9ioyIv1g1h60hA==,AgpAFO5LkIxemuUYt79GnSgsWu0CFOLNOuQpo/EuLB1ZLQX4gW/GrsR6dGl8Omg=,F1bsnYhZxUCU81AVRShbUugCt8QjDPTmNxp6y6M9MjM=,0biUZGdUvlAupIC5GxmwhRPzPVrN6iTbdblCimTVng==,3yoHeX36u941zNV/AQelb0NK+y9JwZ4+s78U2U11,LkUtOZ+CCIPpjhyavI929G49yg+GRyhkXHW4qU/sk2E=,1u2QidJPwQ/Cn4HNwMVX9pu2vcL4UYsbIRvPsDF+ZPw=,CJ6zjRI0vsGMuEu1iP7YnAV4/Cf2kw24XiXVkYJe
SBbtTWdt9WGOxjgzC09Z4EEnAg0rL0oaC8cAP+0icJm7fg==,y+Gc6XDrkN2vcVYnsfQ/Y2TknOPQJ/D2ycITZIRwgkEIQWBkkA==,9FMh0nbtcofcGr7R8i/2B1Ueb1vlGRiIOtU+UvucE2/+CMwsVzWdA2kKETzCOlA=,pjZWfeshPsyk07XRw8gI2BdqpIzOSwoj/zRF18A35oc=,Y6LuMymWX4ItW1eWVdtGa9FLeZ7WknzbWxWXPPqyhQ==,GddcmPY3qUpPNWOjllCBUWD4kjlS7h0cJ/hiPaw4,9MSu5sVOMVH7w1w/QdCdZfkqiWvhSv27FxugYxvMsbQ=,fObAXSr/VwSRdkLM63RZoEcfNfUwA6GWNt9HQvkZArg=,yBsyagetTXJhkEVT4jHwPla6MugcYTJ6ZSIOYmsP
V+bcs4MAEyxI9Y5ApVTV+kfHT232v9+1eMLHt6BPSzUL+A==,Hc07LGJRu4x0d40gs1nTUzkgRzCkoDzxJpUpRLRl3pHW8AGkKw==,8ipKMiEI2ag/DeHaAVMzav4u8N6v5pGf/F/TkoUNRHhDUXuxwEJdVgetJ0zmFfI=,+6ne7+kPAxg9tTyBK9MAmDGWRJqBTA13F0SiYwuT3hQ=,HWcPaT6bBXwr0eYwEstU5908hXkxmFa0nbbHDVQxvA==,xqi1bW6rqnbj0Ph9NhvM1Dgw5WOhNLjT8b+6obNs,rmZf6KZD66HjhYi2dHgN3okBmf470l27qWP1IQEPJZI=,aMb41tj+RkKEodv0/Ak+OsA6cxlH8PWiGNB6ENDGHTw=,PomPVOTRZY12Q/v6OYr2gpUReMrwW/oSoVGnrJE3
i5kVtFu2M992nQVsXy5NisWzEarqIBMa/dRIJw86QiMP2g==,6X5WxmLx9QCS3jTOZwIDJX4K9RKyyY/dSK++bs4Ei35FLVW3zA==,Ym5DJUZ+BqdABPBkxxYtdS5rwz71taNM2ArRVWVGw1HQh2DhFGFGw7jZKY+h71Y=,icOps2YQmHGuzCwSzRDX+M8wnvZ+2uC6FW/C2+r8ec8=,qVt9+PNjwKTzPOhj3gq9NMk2Xx0QP/PM0tEpq6/6zw==,ChYplmy9iCEqcAiJMP9iqwgm3XukZ7A0ScSYE0cy,rGaCV6nb3M8gfEjoJmU5HcaeC6TNbdLlfbSjimSyiHg=,UyVj6sdO39zKvC3K2T51JqghvADaBzJ4AQks6FUEUMk=,3tTLbCgIMATiYl5pn1mzogICTbSfxNKdLPO5W9y4
b//d7H0idYVaamrEl5RxuN1PuKlknNTbv6PEGkVCw3CREg==,NdQc1k/dxXnQDuwpFVnEMNLP932uOyPdoWzBJUjUqkK+VGYpTg==,UpQiKwoTD/ZNtzsv8DUq2C789Sulfk0jErFR67W37IRAuEOZS/f2dylMzp3phXk=,6tfF61P8sUVywfIub0t+vTa4303hiMwy9aicg5hKLgQ=,XMVsp231NXoXZ67qjCBhrJc3FN47LVA7GEGm8+K3xQ==,frcgSBSK8IG8MYJTE/dTFCwTSge9MWgLPBQ4Bpcy,MvpsK+1DewEkqlM+HG7TZz0MLCeoC8JbI+SRbEofL3Y=,dCNdpPm2ZqOnv+wfgUdO3If24LtnPiA/pXvb+BYDPDQ=,KXycL6PMS30IGGnKchRk5msyJSruA2stmJdNeYXK
sLsIhz+C7jMY0MQ1lAT0eEB3cIzdSqoC6nsMojLpmdt03w==,UwzVThYSgmF5MCn8YtLE0EORSO550PsT6h1sz7c/TqcXSuppZg==,g0QsbNOqI6hPOB9jy8VWn6H31w1Sx0bOkk5/wL3Djh49MJmRQ+X5xzotaDVuZP0=,xt28uAJrGirGii/eAjSdUr3NYXU4Ru0tKrSrMLrbR1s=,7ByoHQ1B3rgxXb47Q4rC8VbuSvsqX2hqZqyZswtY8g==,wQqL+SKiOH8fEm5gKrj/R5XJBVz3rI8n52x6B/S7,OhKTgA7ZtVLl1bOfcBaRDasLn7rZNljI/QeMG0f8NLo=,S1eQBfzqvxot51u85taGDUeGoEBKFwxtW63FaL23H1o=,2+int5ndKgrbB7Yy3OJLulEkRuahQ3CpTYtTqTWK
ePL4aFumfhs6pQeInyyzxQEOp8xqyir7VzLuph7Y5bQtig==,Sse1DzW4Pnbe3Kj0fyJ6xjCguSRlwK7z5x+zt6DC0kvxUbhRCg==,RYzWabQZQdvFYb7CcRqde7jgPKMwWumdicdCRFpqcuTBa9T6mnvt+NmAPkNtE8Q=,eyDzf3+O5xOAtt9POVfPDwZsLOSgbPvlq6VznMLCHqY=,DTuKddBWbbE8eUV3QcWyWVWmq9ppgRD+gVzXYF3sAg==,aTkK1Jpq1LdAoPnj7tUiqKnExMH5BECwrtpzylhF,ziW9rf9QjOaA0Sc5jeFQ+JdkFFojE+rBUqA53WAaelk=,jQZ7FLlMGcYpI3NwoeF8gv0p+YgQhUTnzYp0fU8gGoo=,llHSlruldTGjb4AgSci+cdkVrvO92q8Q8kdNY06M
JzJnlCMEQJ2mPVfblEGnL5wdk4YjEtzrjik721rVs4/KFA==,1jmZIm9/J7ovo74X9kHGz6mINTjnRtQdz0Qw+Wy7wid45jcWOg==,WfEV5cVircxQa2uIDbJ+AFLRULK5Hsb/ePgnJLalEggArhRCmkUSkL8GC3/kwds=,acooMR+NO6qKjmoQZa1MVdKzBci9IXV9iwcEaHQ8HeM=,FlEvuvaaI/kzw6grD+wD6q7x2r/CY1rlSnOk03JLBw==,B3jxFX6Hnuc1aXFOeIzKHg/QWU3R/49yKV4EW5kD,kC80GS23vBh5H04SK3tUVIss7ScScRKk41Vx7QTyu+Y=,/IAXzeqZ9YWQyp/QmtVr+VXgQlcmFf9Z5XdP71Kl2rU=,MonV3U6tR20+7SvZqBPpyiAMI4yRRSYhdM4c+NTS
KbspD6gTdKcr+H0znGG3gsN1qGXC9Hq+xFr3Zw97iX4IrQ==,qfr9ORGk96s2pHv4RrcswY5W3tjCjG66LZW7SOu9nIayoJlK0w==,egMluTlL0u8BjMqe76M1CYcpUpEci19pNLIUaH67mOMrQ4VApd/hf3AufzhAVT8=,ATHpltWGe9CvZp82Z/k2CIrVpc9jcE3H9l1loSfXZHU=,Wo/+PFDiGHho23JXmTql7xUbmN/QXGNqCeBuLV8epw==,t56m+IAT0qlTCc+hy8hOkAfVl0upzYwIPySydnZl,xW6DX69oheXPrRIup4phtAKMAMx5gPrG0wGJZ2YWyNM=,FgMGcV5XtLUYMDLq7v6n5GlNsSbwOyCkBmke6WAvDUA=,ZQT6FnJ5SNmlUbsEuw/lVHI0DG6z917jdQIIEyI4
jGkqidYR8MfRidJYF2a/qEmKaB8Krb3iXbMkFCwXKdAz/w==,8g7X5/eQiFgZ0rwztxPzEBiA+xObbwnz+hSK+zEtakX88j+Bxw==,3S//62fYdoba4zr5GZk7VO3snXcbjd0/mY/OejEgGtWDfFECwZ+kqGrXO2GaznA=,KBKDlNT75LbWQQ4cwtlh2Q3Oz+2WP0zntinQ9Ykcrgs=,so1HJvaSBwlqlsr/9IiLRHDv/zIVMucyEWaJE558Kw==,UzOrHh3I1SKXBcRd3WuhKou5X1sWpB682vLciz62,HcRvKzJUHdM4T/HXRlIBkkFPQHWh5csBpByT+yZ9mJ0=,Ami2EnF9LnvopsGQ11SlTV2tRz1QaqPgPcPqWo5LhZg=,FfrX3/ewZJBZoC7/swYAtPC2ZsutgRZUBV1elxxr
8MbtqredwAKdjFHunHATsHqzPmcbHoLO5HCHpkDIJz3p0g==,8HyUj40XEBO9pp1gNrT8PFyhCDrhfb4pOZPT7BZg9tvmE0Fv1w==,LYvacD8kZKq+VBOj1DH7ZBgItKJ1Bgd2kn7t/CnSHXmwuZ8iN3C+mBU+6hLNyQM=,4t8qwlCIRzApEGNS8Xk1TtrL3yTm8qqK5wDyqcualeY=,FW/DE4tdCTRMSZ1vk25ph+OYXTHygUOgjyN4mHd/iw==,Bxb+MbfTZhDGNH5x0fK0qxJrUfsncjXuAOL1VAYU,ceGhp5ArPD9Ji8DVkgragIJgeZy39EvBJqWiAWgMIvk=,DmGPNF4KwcPewT+1qHTR8VKxVWElt8IPaHpf6Tb8hZM=,bTJU2FOWAGx3J/4kE85I92zfzWkDUqlpJ5rvw27F
zAXmVzljv86h/TfZlgfA8XnIjqK9tjONH6+4tO4YFMJJdA==,IYgCbWLnCLWQygd2PujolilQRhDCFa5XaHzqufN7L4xTu3Zf9Q==,HRLwnJ4kVlS44maE7xLYUkVlT9zT8ICEKWz0geoNRzU7IYFW3CGeBbLR/wtXuKs=,vT01NrjGPCUb6IIzc1xrQ+ZIzSmaNAvw7nQ+T27dnf8=,vakN3t95A14o1xNexjVEzY6vFyxdeoZqgTCElTneTQ==,dG7ZaluotrrzSLNrpx3a2YHrMr7rxM66BpHYpgUX,yBjJ57ZqbTTd7j/enVWrBUor1i2D2I6Nw1cF7YgcRXw=,XITYFqk5gZnFLdR8nsWLW8av668ibW6/ODmR/tg2ms8=,ARMMSQYTa0KFThDhGIoC84ukdctlT1A1ZaNlj/Lz
eD/kS2i8o4sUu2d4R0ZxyqDUvo8lCwt1zaCnFHc76+KLSg==,WZCeATrgyDHmdqQbFShir2MgQWge7cEsB8EW+WVQ0BStGtbelg==,2EbW0a+uggSbR/5yVukqW80b4f2vhlbN3ntNVNrxExLGQnIsrBsiSMT9/9yqw9w=,CKDYSzAq5MdZnu5UKl13XV6FTXTIw9NAjX+JtNpfWEc=,AAlC7xnPnrA1AZAA8wZszgz36OatQgifpi/AhsSfdg==,mMyYs/aEQmfNbykgG4i1kIcLNfjvLfvGdN9I+mH3,7dQo+Iqys6s10ReIEph6DkN9HENQ8KMHQIbkEHcwg0U=,wPF5aaQBJsOIld1WW3sB55tdpqFAJkYJNhWNALluKgc=,h8iScQK40NDlaTE/JNX79+qE3W0TMg6XrCyFsAIa
Fc1kdzjFNjQb8FP7YtsUXSUB+chTJOYocU1X1seXd29X3g==,BtlLhWbz3mwpG3yPnHxk4iduRv55ZCgRgqNHLRw8S2mktvOuVw==,YQLaeRm7JfBQ8IDqui/pN8JJijAUkfsccPml/wGfyUteZ69mEUXazNcV/021zN4=,T3R5S1rCEhjaXfKE8qREuObGWggI5v9k2zIjKznfo74=,RIIEH/T+VxyqvfqZ8LajAoNARDug7lMZ1mNsBEfKNw==,AP5yuZZY0uW7A8Kq5DjgoIW/jtJ+D6Zer326v3w7,ObRYG8LVjMWVIOURV52G/BTJckT81p/gnL9r0tLpCfs=,7fMS1TzN/P7W2giF5DlPXB7NdpC7G6n8YM535yrqc7g=,g695fv0EfAQilhEQcu+qHHq9R3jbXL9skbl9rAs1
7wB6JT9vGM9j5ofIvQVMia2h+ChUCjwPPYBN8NtbXKX90g==,voB4fYBIDnw980WSXUFrS3JDuA3tRl8vkSvWvEzA8CKTTF38Ng==,O59692g/P2pDWZj9c9ZiHv7Q+tKG1UvmWsFxKpKsv0OTrK/5Gx80EyPNXgINw0s=,bqVuGsJz/oeS4dA3Minu0amfXG86KP2eLy5smtkQ2G4=,MvHJ3cWo00i9T3HWDEPYMF9RhKFKfqWa9F7HD0Loxg==,KxVnBXLf5fa98oV/YUAygqKvn3buiuiOAbzNSR2J,tnJWvzgDSZM/YUKHvgfPr22vkznOmlVW/9DJ1eP1Mlo=,X5xWnpDGPRlsnQU4/tvrzSmwdpF3eo+Nsjp7v+Ypsxg=,i+MLT+5QAVwpxE8c/AQnh02mAy05Zdkn4cGEUILO
2zsaYwAoVhy/XjmUgfYUuP0HQ6/iXG/ElORc1xoJFhWI9g==,K0+rnbS2DIr/ne4/edSjRb1A5l7axLwSO6LO/hY+jgylx7Hq/Q==,am0NTQjKgt/+gCT0i1heZx9qWaR9kjVKiyhqrtSqzAV+FIdpGpZTGihIoSH4wD8=,38p3tvRfqZ/o1EzO/gmOvzZGT1P+5HMpzk8jk+OcAzA=,Zh4ivj4/E9tQIZ1FqVjwWBv1AMAGYi0+UmH6DQ2NEg==,ZPbwpvsUfZ/9ZohuzJVE6oJaVWqdvEKOM3AiVGqX,ZrI10LpdJ5x3l6phSs2gUzui6QERPWi6EHwSDeUSg7M=,7mYCM6a004hUPjowcbOgv8MCPrjCaR/zA/CLQo04bLM=,apIq2yHy9gsM787XcDVvED1W/h2SCk9UEtqMLxnk
4JEu84gnXsWhiAP2mzZ2X4z3YRd8Y9CWchR4EqqeDLYUSA==,5bpi2AFSGIWJ5ZFEGkywGHCi2nxKgyoQ7LFE81diVUGX07l6Rg==,vTM2xttpv+j2i2NDejkdjwZbXjnIrLQ8ovV59fSVxLGWg8BdLMNxvW9bVB7JFvU=,Jk8FxvyqCdgvwVsG0CdKzlZWYzzlDF/9vGxGanDz5Ts=,N5eOWPHcD5NYn7i64iQA3aYzvohFifNxXOTaUxKk9A==,+fX646aao2ZeYyITz1HXnp/8pRSm21ScWuFslfgY,s9hypWtE0DbI75uQG2k4zSDmlcSflkpjmzZMXZ4PGJM=,n/+NDBApm0TCeIf8QHMiCDJeN+ouEAsuHcLdAWnYQwY=,2HjdRd7XoEmynNZDiShFa264iL7e7YUG1I1xfMmi
2vZJBDGB+1NGPkTd/4QUhTf+3/GGePJYC9VNc9aEOSj1ng==,/gZnVU3IVHs3DhzleCzO9s0e/GaTUvC9fNEQ1V2ZzyH7O+vXAw==,ydPYweYialsY5Yaj0GiMHtT/LXpWFL5usk8dspNPe52R5msfvnJ6bPJ11/BhB7k=,aZc9R73ZeptqASNkRU8nCIxs0Vrjhao+ZW0l9sG/WDw=,nigQ6vSHVWlFJ60RrPXLAfyvuIYgKRhUYW8j2AU6pg==,DJ63PNPWMCr7CumEnAbZqcjrN2JZ0DMl4sg7BmtU,QtjX5HR7UHNE2WgUAn3d0xk/YMVSisFBBllkxtQAnoM=,U1hnVRhgOhNdJagJ+TqM+xA3rca1/zpiIQ/I+QjyuuM=,E65M9Xj+1ZouyS63vdcvAitjd4XGJLBb/v1M+rZT
KocrnNgTAKS9tRHRti/HnNnaJeyRRkNS+yAYucarz44OBg==,1KZl+e1+ADU3xc72Oyth5XVQQqzU1TSv91+ZVm3Rn6D97Fi6wA==,XRnrr/fqGJGH+4HUSdLXqq7NE2cteyb7mx5o89CKbov5vIUGiEv7WE7V6vnsCKU=,vJjGWjG/LyusIqjEnrjATIBPHaHRIlH4mIAOKAhEgSs=,Fs0D8xZpSLf9v8lEv2U3GeDJV0zguUQVcHZRC0gHbA==,0+F7hHaiU4QTvFnin8Cdoq0f89Ewgz97q+KnQ2XC,hGc9mE0BRbOD5ywcONq7vEs32dPAmQtcfXKi6VVI/L8=,A6ktkKw7EAf0G2G9nx69r9m9hb1mUK2j7AHy6KMY/ig=,0sCuIyvhZcUH0fPMtbkAdab2Tnk/MeHXkJqD7rQz
QI/P6xiEROsmSQvipfPTL0cWqDu/fZNK/S10JkcJQ0YFRQ==,P0IGaKaqUMYTwQALguN1CNdBBfy1XHJvEkGSGQ7IDFlOSvlEFg==,elMI4QMgyD06cM8g8HXsemXBWnER6mpiJcO06WDH2zlkidv1B/Mcmial16z9b2M=,Wjc7AkuaOIL26hutgFU2kRNmDS5HKIbEVWsGttuCEQ4=,9aclDJYO2xhNbJKU7CBXkmwmXbG3vzbw2SloSblueQ==,SbTmffCLKHCD7muTefYMiCC7cF12Pr9YnHgFcYC3,HV4+YwqWonsHgrcechnM0tMcOzl8sZGWriA4V3geWDQ=,hmk7X1XVWQNcA1XJ9X/xcgunZU/kCx9k4kdCpXkOM8I=,Secq+LBiwdSFsoD0zQq0Sfn0oEPd6k1GAbNpOnhL
5jA+fyPbBNQ1aj4ppfz37G9dia8I3pji98x69ARQr58tMQ==,NKyOrDQ0+dG0EsBIcw9sjP6tlixc9C+m1zqLvLod0mYTag76yw==,mEuxdR8a/BQnh+QsasCZIaRsgZWgU/py1hf9OpGWoFP+TN9C65LFJbXU5XJ3ra8=,0WmdqVSSYqSwDdQXuZe97SEuVXWlZYmEgGFPOG4be5U=,lf6S5HcoPDYS0cmQUulHHMsLHK5mHK9D/RsB+W0JXg==,QgyzTFaUdAkUwjM0Mw8xA9Jm4iELYAcEjUZU21CM,xBwb33uIE7X3jeMK5b9s8kTf3ZGiBeiKcECzeWIyVGY=,eHp+RxvrZsOrkTpw4FE3nFgy40F/WDNKMvkr3+3OH40=,+/yADKUczPFoHMr61gGQn2Yd2SQ6KpNV973yMpzr
odZIrazt6OBg61mEeTdLQThOLamti2cv5DP7Gi5m798laA==,k0BDm9mF5meOBNPsX/htSQQ4eAO8HbyYhIba6TnOLytq+kx5vg==,vVefmmeiSDwTy+4kR1/cesVGC3QzrhZD6eOyG1F6UpM/mss5US9rEf982zdA+5w=,UNjrSIKcdUoEs3yxjU2n0sjRlthE5gJ4WxEwr79wT0s=,h3V/vjI3bZa4EAHuNkVSx5QtnalW2weS35cTHBmrjg==,KVQGbhFi1TaO5Oeu3BbAo3FDrWeSQEOwKRslNWZ0,+wMTlBxei/b3TXUDoUkc7+196KnBLabP6Z7vfB6xV7Y=,FAVRkOE2B6aVItskwc0NBDU4PRIV2pA0GJ0wYaGym/M=,jIrV8lpPnqQfnJBck+YB2XQewN8ZAfE7sjlnHTvP
fCvhpKYI2vt3PI0LYA+Vz2n1zCspPbMi0IUEgUmjkkJJyQ==,FrY1GYQTm3Km9oFgbGMiaUmqKYwTRPTLUGLuoK+lqyY9q935dA==,EqTaeALHLiQncFAhLquflm7ccDZKcWECEIMV4/rQ6RLB2MSWae/zdWVq6Z3/mBA=,XnOFaMYOBuC22tHmCOMx7tKPCxYo7jwW1W8oK3zHvL4=,kLrjXdRb8amK2zoaDDnITX5VGZVQokwvSsRdxlzAkA==,BIBvdf//y/w5wf6dcmjRuKd2SOOe3EQhRbGDurme,/YDzVpudk9M9zu+b39arCLmzmJLaUY0f79v32fq75X8=,nZ96YPvUnxM+OuUkdSOTYQLtMZcvQJnqG9xCR65ZHFs=,et3lrk0kWXROUj3DGCdTD/lQqjGn7pQGuy3jrFxE
L+ogNPoNUUFnmjkf1XBPykyR8u9bLFgLE7iMHWfCosWeTQ==,IS6Z8E1Gyfi1YSpi+JgNm3dtcfLH3kJQfxl6D4/xwErUzu92fQ==,JeFqB5E1JpDKMfs5lQ4xpJxuF9oJKn3FqB2PkuilNkJj+iEVfqZ5DWZHHa7ASDA=,HmwxeXAtT14QRZA14bqrYeMKo0YT9aLpeNbxlaPExKo=,MTR9r/SLGa/lbA09NpE07tkT7VLlC30mcXaZ6GG8qw==,PKT7kNF+twFm5c9qr3kDpcFmA5CIaX1YAwAo8mZj,TB/DwD39W+hs7HKLFhYDYYxZQOHkg9lHaDUvR9uSgFs=,S5qzW6T+bhrhjTQcktptAywBTaIwXR4Ddnx58Ig+CAg=,1dp7wdh0iPAZXgraSHZnODTOXbOpWaFMGHwd9LMM
YHDwl4f1EBftKym4whYax2oJJi83ozCwPnBkaeXilEvErA==,7Ai6o/cS9k3ayRhEZLutIbkWUxIP5tiwfE81qIweDSTZog//Tg==,s1wEFPvx2BU33ZVM80Z1/1CF8Ut6VP2kRhJRxx0jTr/8fHLnZxd0JOM2b40jDSs=,20LkQ1W7SgU6bW74rHOLFPDE6BGlcRwHGf3fSj6olmY=,L6nJXsrlvFjZML6og+vkf0laLYWCzHwa97zVAu0dWg==,IyPMN1AuLKQt58E7Ghelc2UstojKxo0AMzEOFoxc,Nj5SK4wek/IgGKHFKZmyACafDt9p7ozv699UL8+sGVo=,gF3G4dLt9uXUudBC0tGzTuAXmlXD6zUJIv1S4rX5Src=,rCMIk7CL1vy6ZXyTT+8cBzdtVccs5tHsoqKD4mc8
prEwlh3QCfduBEDrBiWgpwZAw1zCTzwV7WIwadjjP7IFjg==,CByhdyY0Zi3qWmV1ET/HWlINMvruS7dD5CJwhVWlEpMa70UJfA==,fuj156134uP2THC9FQazvmrWkXwz8RWkJbQtaTMtKIAE8jYOKH/WvsFSjztqN9o=,yBuovs+ElcHlzURBL33+iTwVJ6tZpl1qI3Sl+glvX2k=,AR8bB0X90jTd63djg5VtFxDh9MgLETXpaZqCAFvb9A==,GrulUiDgf5sc502jKq8vYVYkyKoRU88LQ8u0acci,aNKuTWuzHi7Gw1Nn1aCu/MvyrM8lLXedYGHiQ0h3y/8=,DDmDKuY+tdZ5s88rYRTwXLo0wdg4vmqfs64nufQDtAw=,kANKhsES9qsYk25sBRPJF3eMYXR4ftQvKXhPsMbB
eQjmxG4NcTsW9G9HRTR7Gp0sEVLqqfLd+oFIOhVN7WsTXA==,s+LH0CMs7DqP+srVkbcJm9myyVlwwCE8AFIB6uHYzraOv0S+CQ==,Ace+6eIF8QWbhEnkTv/x46GNCE+Zgx8r6Su54qBTOClW/sl8qXVP4ZNscnWVv0w=,Ikur8lZPSBM5BY/GewGgzy9GXTD1iMYpNrDRmAZ9uaM=,V77WoFfCCJcHHFkbXGQ5uqE+Ab21bqF6fdcd9xFxuA==,7jZJa1sa+dHJn3Frcbzztplz1kDLnVYZyD28oR59,2En9d2BoMYSkh6CYG213bL4jmtym6LCIwAxgmhh42cE=,7hd87i3Xa8jLxqPbh2hsz8jjfT6IuCY9nwmn1f7EZ2A=,gfKydt1cXGuo7Ynq6/cKtf6YNlIUUmMn0gofu3+H
mMgqyZJJbm8NPyAJadPhmiOZVhIqqMcG1oEy9BK+S3F3eQ==,RVMQTJrhBUTUaEHkTTSsCykp6nMwvRg3RRRmFce9ToPLPq2Tig==,V1ICCV53HeaKdQyFe5IyVMirDAHhvG/VUEEtQqLBUS3zjldVFopIxhxB29OnL7Y=,w6FoNpYSuFQcIZo+U8zzIs6no0WKMHI1lCGQky7AiK0=,1R5QO150TxkBM5mHwB0mNKTJMDV0IfncCCPBD9CFhg==,/uQCpZNiwFieej2oetjwEpvwcIo+8f9zT6uNm0LS,A2Vau90QKBE+p9JBLEfOb5PLY/LxshrBKtsEYAd7qQU=,n4zplrA0S1qBgFBmIW8TzSesXVosBcYTXcz9ljt7xhE=,JLdoB4YNWzv32yW3Ktv7S0NNKTz2LOBq9cob8dfn
Dbs/2peAN4Wg4D2GZECpzhsAU328Mj1j/DKsYGS/IJ54Dw==,GfGLtXvdIxmLvrSvVdgi0Fp6YGQ7+yS9ArLnvblzApOV1doTNA==,rj3IQLS4B+CPQSp9eGzUJiPibsCYBsMR/i0cpUctte87pkhhfNAH2PT5XVHmEGE=,yyU83mevLRRofUU4eAgnUf12a0L4xg03ZeGe1wXFR4k=,NHclJ+N//dA7DHk8iua6MfvzWNxfhcO4HLnbewO6FA==,bngNdBYUbjIM/XPgDLvqxcSReIMNDROEUv5LOEZm,ic3V17g8svggB36VpCaz6FUDdifFFfn5oTi4KXKMk04=,VqJLVo8LhuloCnY0cUuUHRCz/JnYmmXYBF8+wt69UEU=,7n3r9W61KDFBspF2TJGpHOK7YjRaMIg+nCSXx41o
qP6vxQs+2vjKQ0NtUZenJFeFb0xX2lJSTfCXj8+EIaMauw==,gIvtfTiX4GI9q7Iy+lQE4X1/iDno/NQiOYLXbxCSLAdw9kcaIQ==,EHwLM8vBJlxoQcKL4hoQqHpro9D34eu5VhX0UnSc5J0u/X51+tZDM3qpPZQ3WlY=,EaQ56FZ/akUr1FjdK8hpYLb151FQ3egdHctgnyb2KPE=,UJKmPcW2h3vKhs7iwEA/wTrpRcku8ytazcX2mCmSSQ==,9546QdNgI6JlnZ+SuiQIaCRvnEZy5GKuMxNqt4nA,+RgJTUXHnDVRX3uBVfPR44byqRxJ/XSWVtODUunXeTg=,0r35dSByV3QYuH5CIqIAfHChxjaIugIymHMbe9oqMYk=,oUmDpRmSTYBt3Rj/5trHQZFkvK07ED53PsjKbjWy
R45+C9TSYobfwnwLMFr5rA9uksqEXc4Xn3rSv0BUgyrjCg==,5yK7KxRO3BXekKT/rzW4dyNaDWJY44f4+Hy4natDJZ2jHFFg4Q==,ZeVI1bGbUQTikF5Sp4ohWRntzYqd4UpfTexSQjDzQGWr5aHEcYHsq4jrFiFwvRE=,Tlha1j8S0PiV2UUh+48OcbwlvS0NG8Tmkq4pAgBxPBU=,hNelNV2MbutT51soSLm9RkjnLGbg288YBluL6sXlwQ==,8d/SFrlnzn3NqKk5SfG6WUspwtYcS9dmi0AMshkO,kwcoj7C6zBfDv8dVkV/kTk1ft0Fs5wR9PEraPEqwVFM=,u551M3HGmX7qBGhoEbau0BJ2TPFS3Sj4nCPBjkrDmnc=,soLk5TvZINlP17OnmdGqpst8/AohKuWooqmMBd11
vxJEmxCxSwuqPlen7FmI1jelukB9iDsoMHFXLdtNM82Xkg==,mGgrLfwvVEQo+MibT1HkdLYN30nIHeZdsc4FYBh2uqLhJj66QQ==,PBMaDC6HqTTwjMiNoARJ5PDQaxPi9xYY5Lx5D0RsHuxLbsNv6Xy7d90xCz6HCTw=,2kgpW5uK+IC1eANdL2uF1WJ/6AD26PqQ2QooqZw4ecE=,uBOpSbxQvtLYXNsf3DAzPyfjtrq8gw3qmK/6VU5rKQ==,68/6bE8R5H4V7GoKnC9Fn/hbkelCTiAKYbL6y3pE,g4x2lZAY7lB87qurcugn86pNF6wL7PjjQZnKahlObvw=,Hs8g8oPy+0+isSIeoPbD3XaXo/kR4ubhEWMh7UiOg4k=,ONJ5fK1+d/j/uJBY4HdjlSZjySr/tPXpJ1TA5YGx
AE0+admtCZbSR39KM7rOqIXCmKLHjrelBwDzOCLLnnzbIw==,rGDqLCbGquf0wksiT7/u/kCNxDiXWLlQHfTdb7LVD5Ls5ncbrw==,n6Lwebt3MGUgH9xVB8BpMi+DtBTZxtYD64JF/fzn0mYjkwJQ1J1ruO5KT1v8SNE=,jesQHtlmBjc2BEWOEfXNnoVja+3qxCc3+MjVwrvfolo=,FGr/EoSow5Gy2wkOwQ0HFx+VCBg/13Wywhoi6C1rwA==,EI3BC6HW7SBhqm777QQtENrbCaqVwLbFe4VfxCLA,U4iAGZRs7LNOB9rKkAk6PiL/S7hKKwRaZNeGnJy0U1U=,Juv1+8TGTmC/G67KK+jHzzmYzqlHf7ycAEDTIYHMSvY=,HZ/7VzAeQ7WWstrkbpJKFfXGEmonem86sSSWCMgM
bmcGb31VEurW1+/SByIxQY1VwxhZHJgWLUs32xgH3JlwVg==,Bx//cZz3z1qa3HNQnq/hp6qg7GtuV2pnQ7LAmll/1zDWsOn95g==,4mqHNzsLOTFQoyd+YxXoJ+QHw4TTJU7tQd5vX8hqV02XPjysJU2gqsqbwfVjApM=,jy6k3ieycE+O/+UdJ8vLYEHwRPU0lnHlg6l3moRAHWg=,a+N0bgApBD29N+XWwaid6Y2Yqp1U0igupIB5W7v/QA==,pRvCZxN2jWJtsePK10XN0rZ5DN5MwARlcIb2ipN2,bWiYOKDJ+6fAZtkr1Ac+Ial5yL4RNSIAFM8E2NfszR4=,uQdoKuSIwXGawVI03J3dp+hva5Gx7tQDMbGOWooAS3Q=,Eb7jjbEGM1EktIqMQXXOKFvR0MOB1Zi/ma1514Ge
8L4+7yOctTqxMafyK6d+3W4oKkG+B0Aj55B//uG83+Lq1w==,1hvDjLV4CiycfU3Ff/7SXLBppGhCyv48IQPJvqkz0RurRveKiA==,qNtz1gLCG4R2FcoP943BkShpGYxwLMDuqvnUI8O+vp8Q/6XRrGJYlMWzMikWxXA=,LQBqz3+zq74aA4Tw5nXJCycJMcTuDnMJGip+RggB148=,Qs8zEMsfwhbZx2OIhRZoXL3sw/C8pUJ4dnjU+y98uw==,MRLoPGrPC7iKtCNqkxZjS328CCwQ/Qmwtk4Tqb8Q,oZTCLuaOnr2/JlPtHrTeqcGqltwSKtiyA/dC6hMiToU=,RoXPyzY0Svw3oy446NHvusQKjGO5Hc+Y0/pQkOl8BAc=,GePika/6gl+ZDkSRGi30BHV22Ki9SHmugb+zHYBY
Ekp68X3U+uNIm3+lH3zxNteY6gbqdPlmrNJOuiUXqJzOnw==,moPrSCaSRDXkfY08KnIjJT6GAmJ4uTSO9M5s6lInsQNF3TuGJg==,jsWC2ZuEj4X8UuTk+tVWETkoFuS6mAUxIdWwU7az6j4s99xjz0EAIEFRh14oXlE=,wOhM1ftzmjdk7ZRKSvyaFydqlRS3xRKOiGxDncfjzNg=,5uxKZC2U8PDygXtjJ3/wQqfFCYcRgKcc5Kyyf4u4aw==,L1okDxAJP7QjzUvjmEUjOnUCO70k+u8TBFXUn55x,AgQbVTMZ535ghYEEuuLkEWHRrTbP70X0c2tZj3D+ydU=,jafU4+0gNWjOhPWVxsNdIG0gzTBAy9dtZSsEaDWCpKQ=,t45ktG73bkrUHyASOro/hga0C/5+LnqYkPQwvG9e
aY1YxCbVX+ddwj5td6ly8Z1snzA7ePDGf64NiPUdMgnbcw==,uJT061sQ+LibUyjx5sFtE+3M045ldAi+D3cvQRDLylmPtImNsg==,FDIxjaDfpK+wJdew0vFPcKkeFwIRdHL0HdCazWCd6tEM7MJ9s7Uqwfn8/vdSU3U=,rgdeEnxZpwzWXV8zi3gQvsq9p2jdnvoFuqZ5pIW1HNE=,NpWJwu44rDFanoyaQjg00HPBpzLLj5lqtZL1qZ9MSA==,zKhPwU5GTUmQIoovIJzocuqMkZ5ENi+OQYmkpF53,vGD0iLMXI3It8Pn7LUqCDsAmRTJtti+cbGcGfzOeJPI=,bxzj8x3Fufh49nnP7zX9Wm3OEXk6SU+4YlCsa7s2AQs=,FhcXoAjl53Tir4Wwmf6TwJ7kxVRhW/brLl8S/HWU
t4+u5ipWyyYZ4gSeoENfe9valzyx25KDiJa0H047uzKVUA==,G6CTua76qihQDEqvHn33e3qe/o3rWNrDQtE34MfSUFf8oKIE6Q==,iCqCw4VS1/9rvhCA66t/JcJ5YPSRg1bDaVy7g904z5aXdjeACcQrIJO0XKYLZIo=,GGBosECKL4MO2wR7c9A3nHAkTRKoocVhk+OaTvU74OA=,skCJhNWRT1rjw3pielPerxyan7zaxPEUAdCl+OMibw==,6WCNvpyQ9HUzCgZtOYnFUS6BQKoP78MMzkLBRJpH,X13f2hnigu+jCvSnu1Z0WGZmltKHaBg916g4O+TMk1A=,s7Vh1ktlRS3DRKxE2Qfh5qwQELWGuqgAt/JbQaKX6wI=,974Y08wT178raD6GD5hQaeIunOLox0gvB8aYkmrC
J34fKknW8Zk2K4EmOGvNy0skUOgYifN9bFdVTdlgeSletw==,9G2QxbafuO/supPXvJpB+MraoPHgvKJVzKW4FDPePc79fN303A==,n4uYkgd0FXyq010kWmtJQgsw6uoXkX7xFrJW7Jkks5RpS4ODEGcQiq38noT80rs=,UONZI5ivO6zKK5RZEWAKo3ju/stxGxJy2Cjimx6XnfE=,DbDto6xgQXPRMEWUKsn27sM8tHC+5cTZAkdf5lPgXg==,deaq7uWFBGQYFsPOCq29EG68Xx05sXx7KOP71k5c,XRlT9K/fV5uZfIVBTwnZ9zH3dJ73O0Bi/TEK7kQiNIg=,8h8dv6pe9mw+ZRz1R11z7wC5z7qNNVV2rrK/qZqKCjY=,AfKb28yVkq1IX3uBjHi0P9I6l3QKxIcwLgjruq2U
D573z2zYxBn04U0cSlYJcsmds/AX2HS/SnB37eYaOBIIKQ==,7COwWtkj1btVGsJed33BfZ3Jj7GZNgiwwSBxRYHklRX3B2ww7g==,hO7hQ0Ia3WzsnMV9v94xu6sLaWxiyrkYXB0KbN1oWUBl69fFoy6EBpI7/iTuv0I=,gU6ACivkNk2ga59MqhQcGQb3Badn7LSue/Cs6XUnXvE=,lffwwS6C1tsnPQ8yveeVe3UOIlQlwOcyotaVIGb7dA==,FSFJMjULNUv1ZgW+HDOFg+om9RtYkjL8Gttokcd1,XMO2NbQcbB67XeMpi+U6B0VatuzLAjVFbq04b6MaRF0=,vT0NeRGfGH1tEyJG9yuS4tvM9echF30cAJ191qmcVs8=,nQ3zDtSTZPT6UTDE8dGGWuIYnp1aqaih1dfhd3a3
wPuav+x43n/WLv2gfndhomrGBR8n+bjtpX+y8vgqSHzINw==,U+iiC/Xv7V92n79lzeXhy3WY/yg8He7TJoarxkF7UNAH0UOCRw==,0c/nwuR2rIUCTb5QUKd0g/nPDz/MOJeihy/Wz9fG79aURTimoaAOwXKtNhcPvwk=,cMc42IEUmXlzDbhQIu0BFqMtFRK+PO77dqQ+kzpUgH8=,qUUgNXYaXxA1pOC/qtxgfZsFbsum9bszvsOqg6Lmog==,4m2A1MLgfCcVsbBaH6fzXD3Eaq6ZWveq/4PuEgl2,bbOAP1BmWK4wlqEO4iTBAe/r9pA2JkYVhhUvlCq5Y0Q=,lOATKK3OdK5hTXqvX9r8O2GOXJMpaACTixcbSAn8rRo=,VHXGBWw4K/fBcpM4BvAx356GzcaME1/x+2Cp4D0O
vxLd8LOul4E/18f89h7lxbwcCkpL7R9NiKkhR2BgrE75oQ==,2Uei09Efj1KXyN/VqdVeKX22s6zCJ614KTup+flhg6ud1KT3Qw==,IgGoEKMWv5fnGYEf1PCX0y7BtPq6LX+PAGDllfirzI9lxJ5wi4DTMYsK/Ij3fhc=,8EsT8sK36OB+7pcPj7cBZCeCvRFYshv30EUMxgTrdvI=,COQszT82u7E7TIhas9yBT+lrz2sn8Vp+MQIjwfJh5Q==,7aHuzVZUYTQI3sfuCdSO6zuRTnEkVhvG04sLVwbu,sJNe0qrC2cmkCgz/8CnoClINBokVxTqhJKCd0LXqyYU=,XRi9jmDq5zHyLrJZFDdqKdIqJNLKw1FTf5nawc5zv+I=,hrNeaZAgnvsYDliZhsovkBIDYhv4ro9PggQCwx2c
iRTFlJhmtQKXfXjkdSapw5jFN6JjCStHIY9XJNOqkfJX8A==,nImk16a1xaw2LNjC9uUBd2p/EhdJU1zd0OUh/Mpo8ZYRiAW3iQ==,diMbkXmuZ0pB366kgI0KxUQ50doyln1sogvfttjNWm6oLJf2bZV+ExsBb8xME6I=,Q/PRwFl52N9YkcDSXsEk0O+0tkKyxwfDs7fYdJl1OJg=,vfPruvR9y16JV0RyAKJhUYHudAit/0NI/yDuMLMVzQ==,h1M7Ljn6an4z0rItitPgtnMpmBx78jxtjIdI4oaX,58uT+iWOrEl9rQSOFt0l/s5EOdekvmkf2ivgXfhEf/s=,BtRDkN60pBLi5NIGlZcgZyGns9dZ6WjBBaj7SeuB9vc=,52n/yx8SUW3Y9HCjVLZMyDzBi/faoxYIhwPn3DWo
4ljx8+XHa62wCPjLbOwujqtcPcP6aAFUMi03/zTOUY5AUA==,h3mgNyzOcdhQORjy/RHzQnhwdiklSiaLi9zJX5LkhBmFAzx9Gg==,xxC4v/BE58sM6m5/ShaRf1J6gWqAdXY3NndqEVcyvYNsDCL6P24dHj5NZSS41Ng=,pBws4k4RFqw7vMOlGJnGHoHk+OiM7UMfx158j9yKqVo=,/VB9NRfpWe7ifrTCBkoW+zyF9WEjbsrNGRAMCKyvtw==,Ku5LngWb7PH+U245jMsdWL1ibrbDO8HohjYJczij,xg5Or1irI8y/+2amM/qEvnPk21Pb+i1cRhbd9hDUKCg=,x8gDqpjKGyKC/V52oECcHjriesQwMw6htxrvj6PdlVk=,XwmucbHVXd+sAcmVz3+KVoaTSgqu4DnQDMtl5kBI
fKBP8fCQa4SNPLlZbkEUdZZ7hguJBbWs/LE2w8pyCsWFWg==,RK5WH6meBN5ul3NvDnUKm2J8JYQNjLwc55ZoOP/Zj/2XCTzGxQ==,5hKowN2ZJfX4JnU4lTrBxw5BKOepFD9upC2Ez8WTopbVLbPFZ28d8TtO4KeJhYY=,QRxZsbW+h7p4ZoHxoj1An06YTF/vqdkQLOt3S/Pb4DU=,y5IQd+Jvs1WqZNyECGyB6Y5hrt3d+4uKvGZSujOnug==,/ZO8mQoBj+lyFdnuy2Hzu3fQEILCw0GpLk7NYQ/5,eaLfeFqFnViRUzlAf949X8PmphPFTvSlwrWFCq07h7I=,tzhdGGBViN4eWZJ9q4uGnNTLDU0HqZq89KN0pvMMToc=,GK8499qBWm1DZZ1Xt6H42f2ee6PNXtJk4DLQ/CpZ
TBeYxQSBSPXI9G3P+8Q9qXSNMQPit2mw3AuY8Ly78rUfvw==,iaE6DeuE0V5rYN/GhLKZYgyJJuFRv/6W+EiNE0M83WKArGDU1g==,h5FUb030XyvVu/qnneUu08WqbZ0yGUQTxIWQmeTpmqhpVz1rUK+8cK0gjFe+Jxk=,3iy/jKn1NejvlzGDQa0ZMZX7e+34+vxif8ynEWeXNWY=,pklrW85bSs6RVEiOSH/I9szFxh7uCFhN6Ah8rCc9Cw==,qddXBHKSL8bIMbn8wvd/ki5B+gyinSQ5rqgueefG,kuxER+5KHgrPqc0gENB3fqwPGU3NcNYLb/9HJGFbXc0=,3X3MWHT+Ge9NMk8AkJv8IMZbtUt4ECasXpwI3XjDCmI=,F7Xa5XHnyGHdlPXacW6HqeJ3VodDk4+w3oA7asI4
CMDmabCY8ErXTYwcVZJT53W86aWkA6DsVPSN5z+/MWgclw==,r8kjCrXEUIMom7QhUpProkB+PdP7w2eEn0FdwdF0R7t8+h0v1A==,EJysiE/5kFOj/tFJO9QXiOGJTVMgljqHpGWHauGeCLo14w8Zm4NBnIHPOAMK2j8=,JrtRFcOUnuH/N6lOkGSQJw069OvghkW5j8nUZHRxOlE=,Yiku4NhSJViczxdgSgxgTsjuKINVabs+RGJm7ZXXKg==,0niNgsyBg+smchF3Baege5Vj0urfNn8N2B1a2SU1,q5pJjK+iCWptMZbenF28IIfig/pHWs16JqoNjlP40co=,yowUXIgcEtU72b3ZeD69+P7RghBEqThPnxPCxugzwK0=,jpdMKLaheRbJU8S4MkotKCvVGks4OSndznBedVHt
nUYkNFJpRm4b9G0qW9nK/XaHGiCvqiRLjjCGiArf3YgL1g==,TJlMgEzZiu2L4VQYp8IdaIzs/eY1Z1UXgejFkVOL93vPOJT32g==,IPPDcO0Eif8Em7LeuFMQ1ZASZVvdn++hUtRY5KpTnbEKoUDZ0nWvaSG/YVO/MMQ=,vHZpT8VO/y9EDGKkpGB8QhsEE+qWgQ6mVGWiC2ZFx+A=,mvhJuW4YMzOHU8skdTegxvxPNgCKiy1va9RPOu9G9w==,H3U1dZpvl5mbTnStm4BeId1zldufdus8rAiKcv8D,DXNMmYFi9zF96O0HWDFdnyqg2u89AR/ce3cziyCBsEg=,XAGH9BXAguwykaiBiSXB+DtmXhG2U994YQDxaxpUqaU=,v8WoP8V6rV7F9fiZ26JgORSswevWpVeWpgcZbtrV
tycM+D6BsGpq+FHij7hsZqN9gNec99ZBfWNLBap+gAnGsw==,AyH70qWz7Hoa8Kb1zNhl6ASRtMUxSHBpQ5faUBIRq9PJnkohjw==,YWCu5aGINqr7y7PYVCPbWIZR/rK/3E0X3LmpsiW3pKcTLBsR6bEQxeSK6R6UYAw=,VrKEOaM18r+UbjTWL2bOb7uNipz/q0nH/NCfB2Goy5E=,pXG+Yrb8XC2aTwa3WdAvNS1WSwm+pjLO6LNv47NoCA==,C8p3zcrZS9oDOAlYDojBoUoJamuxYewJDemd8fs4,1KIZ3dOr8FUKqmWNrhfDvllyb620BTicwVyn49X8dII=,S2wU3ME3dqUvmNi6O15EMH/8w9Zwp6OhcsQWAmfKpJ4=,QNZkKQrQ6JnYHcir7WzUWpIRKBe47PrB35tPPLrV
rExy8bVraI+Fio6UYCv4zJMtMR5OnveTbp/2LSKUvt+z9w==,fFD4FiVJtKgpjEGw6WT0h5D27eFMAVsOJXMwzyMBYW6V0gIfkw==,HBnkigt92u28E+qmq/lhq0R30W5NcxhHf4tZU8yDs2k8TMsBfzJpRCG+9ILfkxA=,irjCdB6olXS09coxy47T+kcZIxigNg6xOmRbaujPmj0=,uE9B6SKk3FeuJa9q5nG8SxkvfS1Ci3+bZquQO77n3A==,5fLTkQq1CnzrEoP2oXxmNmveBHDBA1NyzANL9Cc4,PMc0WD4n5IewEBsNjbHWPczWW3WD/5e55J+u8voR98g=,l0G4rjlAWhOFhk7JVACeiY90VSGarwdKisHwZ4h5uqI=,TNmfuTcvnCYCxsuwW+4TKswASHwC6BKtrVnJJmSn
GQTLipbUhfy0yuxD2Dnqef5GBh9g5qq3TL6gM1G9IR/dtA==,kRlxynFL9qZHcu0LjCnQaw8h7GqxZSgYBs1eEMF3kJT1rs5vJg==,q7fCmh6R/zenfFHayjsS59iRWT3q6+wH/5fdhDSwh+MmSkMo4HaGC5s/xe0sc1M=,N30nX2af3OwxxGgFSsoEw25Ui2R+Mdyp+q5ebL91MYw=,haXQww5wBVcRIfp9CsWTO4p+cK6MkdVIwYGt6LN6eQ==,D+LpSpN+M6nkptYpGzmmED5k0sYg4T+WKILfmrXE,avb3ir5VybjVPGnId4VEgShXnZHmZnSYxLSYWC+4IzA=,OQt/NBXq8oK/oFrNO2xv4D3/FMj1v18m4rljfbQKgCg=,bqh05ifR9dqe7I7j9JhkB7J00Em3BdCzh/AEThtP
asTdwzJLHE8B/spTahbHZL57DaNlWIONwAH5aI4JLVuCqg==,C5g2sXaHC6jrnyng7IOV8cmeLdkWObd42aTnYiMzfTAS8fVXOA==,YLne9FBi2z0Knd9NWo6+UP5UjXiMxWSGhvW9PAGT3fZP6/ytZhXF8RFsnMCDc4c=,PIcQU44CVvSpJIjQYr/d+qVdfkMKBXyCDDdF/9+3VM8=,3fEp/x7yMtfxHFnrxk3VA+R5WBjNk8XMzm3muEdE/w==,VwYaA2NhkZdE7ysK8haLoqWkMcjwoxa/d/CB4YOL,sHIhZwaCcXzAGwZbmeQj/K32qumLoM4F1xu121FSm6Y=,kGWxxF43F7CHhYSslVxqQElg2mR8Iuacae5UZKcXWNE=,wM1iYMLV6PgRvRvi4p7az6Cd5pkoEfgbGpVWzynx
+gDIMc7dGs5r1gcpL3I1XsTh+eSeZwnLLcWkADPbRxv+Rw==,fCpmg775Z7/qHsFImJJJ03Ra8F54pkoy7dAbH1tIetnEn/rlGw==,WwKwaUXfWOncFOo7A27l72PWPa+PkkU6oyVs97P7MXCs1L8MH3FwcShihwrXmYg=,RXSuXkWYVMGBDw+Xk4GJf61my5R779r1TEeySIi3b4g=,q1CCNuBKTIT2LI0XXqRXN50YqAWsZqaEnnaRVebo2g==,EjwCok4/x83jFI4S7qeYb+SaNw/6Of/91BbfgohJ,DFKTRvafW8oj+Uh5ygHZSFRs+AVgf28DN/jo1wLDEQ4=,oVYvk0OnJDOynOTKa+AsggDzJNTBWUd1wsxU/3CFXmk=,Kth1FLUUFFJu3i8PuCDmbcWyR3shtxuz9UbqgjPM
5a8Qu/LrYY5UDc5GLaBfiETY7Ks2w6Vz2nhdeM9T1BkcaQ==,a6YJf5o9JYnrrsk+BpGrEL1SGiHioX2p2QNPvePTGAiVNmeVJQ==,O/3clYmQCQYl393xt2m/M85WevWYHXmWvz67AUCaru7E0E+6agl8ngcz59MLfNs=,fARzCTrUr8AI9n88+8mxf4Qt/ixotAwcFiZgvTqQvS4=,qGLGU5bDWAqzY+m8SNxTNQYzyLP/Sm9GPhuRktPOog==,XJ/XLEQc/Xxg53XjM7K1/5w0iu3vak/fjv2iutuo,iXje11/tNAjXwuC3CMlMNqnOO4eXkryzWBoKHRvMpOk=,S0MKi6ncPr7UunAQ1emuW/lbOtf0kUymHhtq4oF7E6A=,hPoqFtcne9/W1GvzqoGndOM7WYC741RswUYgofA8
bOd5fd2kAZHI4+K1DVZFUq8r5JTFa9NwT0gs3ZlZ+7dNOQ==,SiiGJSwl2vmRw9iB+OlE5MZajq6baJIeQ+QwNcv71NHtESzxPg==,4b48YGWsfyV2KfP4rdFqL5Z42Tg97qDUWrM9x+g0xZQXRpYAi6U/gQlP423OFvQ=,ElYneeFbjmJZxmffvQOkvbRbNLbk0N7WOLEAe0kDpS4=,REbDUOwjsgj8xGByLxtlbsSpgCZQAncoYhg8tbKnoA==,5oS1TKWDk22lIb2CxQ696FvfrsOxy2WVzOjFJ/kK,6xd+qww20t39HfYCrUBP/HVYmTVHXoVgPubNGiHSfe4=,P3T0tb0KCWpTmwUbhiMrGCEKHAzEDzb0jl9/BysYILE=,nuV1qac2fRSoLQu/+5PrjZ3GMQKbtyU3tsliHlUj
eIc0LgQJBJ1Qa273BBZiknRQ+uIIy9INxX8FyWDQHsKLmQ==,FR71K3TbBeOnx+/rxhPk9jzGlhzKAZ40CqZq86b/LoGgKAfv2Q==,cawHNTf/d1bQT3Qi+x1DkgKc2CTLMSBgRDaxonVFbFH1rUVTEazeIuuZwVFVREQ=,g6Uij+2q+fLRSZD3mDJud5QU2oXJk96ZhA+brieQ6jM=,Mhfa2pFSNC7z1OBQFbG2VBv//nZyVxgfb3ZyphmQ8g==,ogQlwKfSx6uH873vN8lAd58iRToEeduq+QPzxXdA,mvL2a/88+j6AyQVms74ggfWS0dnpOw3EOX/xniH5gfQ=,ojENzf1jmQSa2LTt3IxNAXSmxwhR8buuwQ213Z2q+qI=,JGPB+4SUsm4lquxvNZ55672ZmqWBQj5Bu/1qh05b
KrpFCn87wFYcOnWPSpm2iYsFfdSk3nGepwXmLSLjt8bltA==,yjlpRm44wQKC1b6sKkiEIWEycRWCHoBx+pQew92oj3p2D4pChw==,yVH6UfMCowL/nLdaI4h2rs7vRI7P6PNDnGFvjxSN8/jiG/ht5fKJcDEysbeotv0=,KqUsQdnOIcpy9x5ZbmkDCZYVPh2ciDx/FRuorT8qNLE=,pzXD98AVosPI6EHe1do8fmFWReG7W+P67/FcuEo/8w==,Oy9iWWxnfLcDvQoMzBsm5BdpD+a/vJy2OK57Qm0F,ceTLBZJSpuipcft04Zi5m8NQuC3hxDG4WG2LB30E698=,9c+4jZFZolnIahMfrE1d1mbG23IcZkPrxloiPv93ybQ=,svha6ITiTPfCs7Xs5iIQPN82R1o1XWgYuXWGilz9
dFnLva72pKwcUQ1VMSpX8YmrHncjTyjnpsXGFpTWz12Iww==,qFr5Yihf/m/w9vDmzufiybdXN63Ap3UKZIIq+Y+Ot8kZ9tgGJg==,GzgQrdVZH09SNn9v2fDzhwmqowAShS2YDcnm8gs2ZGgw+y4l+ofnQJK+GALZmLc=,QILOuURDNlpX5ZGy3jDmdUpnf2kf9Wa0aRUMJz7m/jw=,ALsFC7KveHF0djTYhs75RsGKpfWc2XRTfhSjETln+Q==,AcXrHhDwv2HXMoL0JDAuYLu5QnFZALYztEKwJRH3,Gio0vEP8/gOwcDy2d0M8w6GRsCdSXmAGq9AYj/Mvt+g=,/uxIrdiH4ASI8JlkmmlvBskETfHHHs1a54Y23TZW/wY=,9QjajBKMR1TkZX1xHGvl4LtXJmZUzfNwFb9lp2t/
zCPoXsB2/oTg+JbSAXfxXhaMql9upPeabrlsAITWiVHVnQ==,iXGpPLx6QYlRfGEpzaKuvEG3ZnFx9OSH/w6FU+UF4ut4zAf1Fg==,wkhbPyK7zctoClLGfsJx/Na2zcASngy/uVxz8Eb47GxfA+TWZUTUBkYkII+Oc48=,Nwanrwnt07bZ0xGzKePmLL5ovEj7sa9IQcNCuKhk8QU=,C1S8FYNLk14oHMm28CPIEP+W9TzXgAB4YzDmrABcww==,UVGVWlDnBtDWItmnyYAOyY9Zun9F8smTL357fMim,Rw8moBOHgFY1GWOd5VhYz7GsOZnONRrFmC/J12Nz88s=,MpsS+24YT08leZtZqomorvjhi5SBXK8c/MTuaFAUV+g=,2khhssoJ0PNwPYBPcm9jsyBZuRPYZEkGB9nKSHGH
8qQffNjAX7sZxIKxGG8EznD4Kxyif6C23hDDfene5saXGw==,BzvzFcJwMBouCMFYCmZbcMdjoWgjWxzTq6GqvubgCiT3KFxzBQ==,jMOaS3YfagiU8PKa90sSpcWuC4J7QOtw2eec3ArsSj9g9PuudFsZm46Lq9+trug=,jsVvqrID5Rb4+fzJmiAIqLupVRZus8T+JzE9WDdmXOk=,dsvx630u0KOHcUVw5Ma56CH8fIqNNaNJvYSPOX81mw==,dNGbWZeJbrAslM6Z6OSDTtErEBXbwsZnQwJDk5tw,g7HbmKvxZnmXmj1WeBaIuVVWlsNWb6FC7BFOqEjfFXY=,E2L2w/L5il9CDTyB/eJLa74jGAZNHhKC7EkakWyk/qc=,GfCV2RsUGRItkXw2EAM+wYKIcflODIitqvnkSQiq
U4Ml67JhIzAhjpmvsq6vskSu+m+xvCPjK11ZJQRGhPBIlw==,RqbhAU2ofy5xPtJ5gOrv+n/N5JWfglbqrWY7khQb1SUq94enkg==,b1QKmROaBGmQQxko+m/NM0c8rYVfiEyPhJXG3WoIk6vR/Ij2OlO9Q+pUD2Fil+8=,V7twq7LvuqIDf335sw+cZTbrgg6pyAC9B4usnOuSrZs=,rJNVZ8cwm9zTBQ7rf/w8M63b6actU3zFoDrVSVylLg==,JvZnvU1v1y/JpvBV69SH3HVtA97AD+uj7ZnbRQpF,0mIT6smkI6bHa/zQtCfTUr42/ms2KTtzKCtoo90JvhE=,e+DIjN4WfWwrYOYJfcZboGpyfzrI8tWlIQQ4VwkpS4w=,n8YMP53Py7Pl843AoKj1ykzaG9+vy4amEj44gT73
7YhOG3kMlFbt+qk3XAWgo7bD3Hj1g8ifBLi7mQzZI1J7pQ==,y4er76RxMisjvdGF+7/tEmua8BfVU1pYC5tsVribGnxrzs4yeQ==,+u99voezIq9nY3sfStlYfw4vSHk2d/uYPholLNP4VRdDOdn7EFpv8ltQy4+qp+o=,ckCji2uHFX78pWAnQ8mM0zMmo75Xof7/sQHgK0thFtI=,7Qbcg+5FofKMEOpQCOAsouOxcNVVfsoN26oxnaaWfA==,Cu0whieqV8EBOdl6hY0rp1u1Tx6mYAOeHYMachMs,E2hrc+tpx3VuFISyxuyAyTpqxTs7rNcq5Zf1xNDn7p0=,PIi1FJjG63G30rg3nZ0fNFiPUG5lBJkYFA6HuC9VT7M=,VV0vN+hxnfv63P43gAledyC+9ZWQz3UfG8lncTQU
jfH+AyNO4EOOz2ag7Z68RHiV8qwErZptsc9u8/cd3DVqYA==,pJJ29J4qVOv5DpFQ7LGTi40xUiAl2wmQVvX1nCaCICmp/bkewg==,1rOkSWXPX7LeakY5tdehBmZAUlm6NrZ4MJwmXFH2+8xRqfyZkAkiaRONVMH5I10=,zojZgRu8BxrvQWnEqAMzM3uXe+aWPC0oLCTFDH2/nSA=,cBCOVdF88Yu/eks0I6fqImrHfwxzdYV0X/N+xmTaBw==,RbaB29c/x93Kozeb7zfh2uDzxhZSqP9qTZJ1uEmi,2LECJRO6kuNATq+iYkjKhxBFuIPckC0omdUvG3kBejU=,I7fuT6VkrbADfU0Au2mmdes9+QcKwfduozF8dZqGg10=,E6lxbhKSHLeUuQvf4SNnrDY+QAOtiYjJtnx8U/VC
IDL7u92Imf9tEWq+TE+M/se1N0XI2JzqJkvoElXb9HUPbw==,nkp0iSZVOkb6OXxKlC9S4qAbyEhPAnVx+ZkZmDWTCPT8BOSnxA==,4uFcz2DuUOvUsheVPTDLNuItBs1bSdNOKd+g49+rrckOErVkRbuW0x47zaSUwRQ=,o0xJnR/u5oZAHvuY3qdpulZ/BZ6kxQJWB4M3CwlGrGc=,gXTi5qrt4BxtCflmbK7ZcDwSSzi3N0w1L+sVTSf5uQ==,H7kPmPVaYM4MTKLfIlybwthepDTsP4NRDoakFuFE,LaMVIghgD/L6fj0zCiKMjOSZ2ZJNyTueRYZ8ztvnx80=,P0kOq0gCOgCW1KnBZTWYPiOwItfQM4GYVPL8nnHyap0=,FTZEhc5u5BZXQzWPwTnyVHza7mknjLVKCEF/eRyZ
5JojMP2+ibZIVs662i7hZKrSjy3qWdx3Fe/Xt0i5YewHtg==,rMH3AfWfl6ply8tGuSOJFGEDGqJudT+GhariiMjOEiL8BvyG/g==,8uFcVVPmOYyijSEQqQtmedCGQdzpxXx6GnmjtEsT2wwsjT/A4OeJd8nd3bDI+qg=,s+1eP6xEGMOqQs8BnERu+iO1w7FyDld5jh5/E7+gBYU=,rnbCPclkVSN6/8Fesk57mlIrZGf9SFbadfcw67q8qQ==,1TFnIzw/hsLzWKlvF56xYB3bwoyOMPDzm486444i,GcmR3ITUeaVnwO7yavmZmRKdpCjNmIW5DYQ/GbeodvU=,tbvBWgwJPlcAQJYi+LIJ4EQ0xHIrK9wylJMZbRcEs3k=,SHuwkBJZGbWmgVxgKTUtpPpA45tlJH1wWUZwsnNt
4iXHBLLQITRDCgY1RH1Oj+L1GmlwLOkYzN7utTnOnLm7vw==,kqLiUcv2p+oUH6i7po/FT+0fcTvdCjXDWRur0ApFiKBpvU1sBA==,IXaLgvimBpdHGdYJbs2rt4sKsk6LbFhEIuBM7iVZSN6vc4HOTPrafqnlG+4Heyo=,PLYghv7FIgM2uc96t3Qj9AaIPznO3V/g/j3v6jM3AmE=,FZIoaN5qP8zxdOuV3nQbhgiOqBRd4FAaFhGxkyvD4Q==,JOWXD8lIWpU1Q5qjCmrMIK9HoZ39HSEQSdXgViZ8,vfAH8Db6Fjs4/hVaF3a0IysxWx/uv+Gs8RNXcrQylHg=,wp0QpMu7HxD/jnMJtjpBIgeZ44REmxjRML/3vO6NpgM=,Wcrw+f2plMqvTSeIvROVS8gL7yP7aBO8A27KnXKd
k+HCeTasqaQ3XG2TpLLX+aEw7Tw/eTjRoIBRxk75i56ajw==,jdSIiN5on+AO1yn3Oek10hxyyNaJc565gNwXUujCBnqqK33mSA==,0nIxyErZy/JsMuGILLexFrtAdBaZFPFB6dboKa37y6X9J9P5FRYEuVJv5osvu0k=,Yn77MUwCOkvSCQZAW22GieANyK7mhKbY+upUU/z0+fo=,JlRz5LKbPpzcwZy6JsW5PnS0ueJRdnOvCsfbRjuqIA==,PAxwCcDw7ls0GxKY4p8qTuLrddb4zUTGSiIBYhNJ,E3aL8YMUiIFrNgEDjMq1it0nKD+E0AXJMlL1ld0cNUw=,JMTMVf8JtV1ybM8m+Wp+lgl+LEnbliZTXL7slH3TlxM=,y92/ECo2PgbA6eEvh2vYJiuDR8ot0qlOCRtU/OZB
zdHybtf4r6pyxMtx789Ee31U4ksLe8c0j6MTzoKz3kGFfQ==,uOqi9fyZePDmNCLpcDt4pzLZSCyXgy3C+lfkyimbvO73WvQx3Q==,OtpeMT3gSj9JxJxAwHT+vpu0MmoxKDN12u1E099T99XJLq31MSdEJN/jKMqMKns=,rn0hgWqx10FGN5aYOUDipVvz+saQogpFIZpzefQGq9o=,MshleDOaK6RBJUNuCHOpc6m/kmXvZlb2lRGYPgCAuw==,eXBqdpa3MzkYP6JYY8/yH/UVQVMKcpHAz7a8nkGs,EaK761eURaJl0BCYpsvcTCcKBFSAKMwXD/sk2JhXhKQ=,64tU9G5w+rT4+szqv3IjWHgf7gaukr7Iag+4RS7nanY=,zYmV9chm1xcVfcwJveun+wsDSXv/cLydwdF+YvX1
/Dmcf8WJN1yxi9h+ISySRSyaI8/eFDEnzSn7+9YSdBn8pQ==,R6zlU2VVyXL0ksDWfeuhAGwmkJfeVPGpxibOPvN3l2XCWx9yaQ==,HAbL1qyV2KBGqCIYihW1inLKE/pDIzVbf1z+PRjrSy+FRfDHC1JRSK2doMfLGeU=,PxQ0IoFQLJrfIga90VJBXEoFGOqTDS2wY8DZ31ySLDk=,gB85Ps3aNtY9MOJUSA1u31vk85/t/HpyuPa2gxatxg==,PDlaa24LiESg9zmL13d5xt0EhSGvVlx/3wLrIwMp,yyJGEKPu/IjQSX2c9gul9vYPLF0hs0jk8PTyYuBNMwU=,upkyGocO1FxELHYGWFeLKBCNAFcmrMWRgEdIBy5Nlaw=,tpQol6mugzZYXCVufL4Ye24DhhmzwieEVagqMF7t
Bno8WuMPSjoIgwjXIIWzRSnW65dpk6m+Uiy8zKkApREdhg==,GqCRRiKsuX8KyRytZW3ravz+Xe+4ZqkEhIt++v250zmnlLvFxQ==,qvmGV1ZCO5F0zBgHy2FrD6q+Y0/bq5xi0eOyMkVxDNrC/1RVyQR3y9cBNad53dA=,MmEPQzyTi+0kDduqTPVdXiTzIug1rpN40ea0UXplt7Q=,eh5znuAANSqUv/h0jNIjT1VUbRkJBguXQu5P5jW33w==,+mVocaey8xv3QhdGJxt/tZTyv6x0v+lFwaigrYoF,xkJwJKrtHgzQ7Nl7AiP3oSX5jCVB9YWVRElbV+LQpQA=,ZRl8Mvn8rexQLHuMP53ZdtccfZDlVCyA/yM2PSomjAc=,hSqiukb+wznSzlnke8aC6we3Bj30x7AGfoCGRzhm
VeDIeeHc+tIjiQzcO4DfVOuWVKsRKfSOkHNQ12u/J9BS5w==,2SnlOsQJ/AXwABRuqJfq1b948rA8ZZjTg2NmI4+YGixt1Ev11g==,yGfz6czXpDR82lqZWjAUVlJfSrK1BUXGXxaE+Hc2fImmnH9s1bo8A+ypv7Py1zg=,oIBkT/xe7Np/kZtLcDe0potSz3QJF6Vkgun6SVal7sk=,IE5sDC05hWejcPwf7j9p1QZMvDzvdnUClR90w7XVaA==,pbHTFBvj+O+R2HUG+q868ZgX2+Iq2Y3H3gcT8y8S,YU8joNge1+162s+JswAVDmoe5OwZjl+1WiKpwaYJPuo=,QDWEMBPYoZvumtxIP/Gp35sg3BrC7JfxOBHVKGs5qRI=,kY8oinqGJlizepSLBdCsW7RTqQ+kJwf0ThzP4P45
O6nhlu/WzXXPDFH5kCJpljPkXhwZzRzNbKfdgAfbzMZaBw==,l3yJAxXQmpucPmgMwKGhNDhbuDUG4ncu+ufzoObF6CGzf3m68A==,wyj4cMiWUFXHExjdytVdzJaQNDxrk0JIw7IqXRFrtaEvX0330+R2D2WRSQL92Bo=,POvwljiJed9GaOYzGJOX/LQXL40NjPdSSVS6KJlrmNw=,RPOeEEeK+uGJop1upJGjKD3W77oFYmxmwegoxbQ6kA==,y5W3VzFulhvtwNZPXjF1UJGa4A9Wn6Xs7QFMuXRN,PYj0lm2OY2AmPmR2uDrKKhOh5TXL/yobTuv+aBtVi9g=,pS2N9GgwjozMnhNMN78rLprwZCSBOKsX9zs54O+YiT0=,5L/QATZVrz7DJW/0XXdr+pOEvxcSxNYZdGfHPYPZ
valxtSjCOjHI26kLH7npIS6hg5Z09ZAflVU5i/RFyCZlLw==,b4Rz7bAQM64DuutWy290xlwbn5CWLP9yzN7oen6Pd8EaWsaLvw==,GmDty9P4AdXC9ujxvIVZid/Qmel7PYXCCVUAQhBEVNq7UsDfbCFMzKiE7afthEo=,CsIN1GTSeht3RmCsw4ihUtVMUcmZLitUWLCIYBsPhdM=,2XZcWK9IUWDePykDVOKtX107DMnjpldWdGiGcy+0rQ==,vSSraKEj6DUGPbOWjOhJ5mWQRxZmqjxDl6C1PTC0,quXR+qqHYU6rsRxfvByLs0gejC+9acunyPfVYXW8/v0=,FIV1JsnReqHS0Ses75fbZI/bRwVlPHu9pTyPePZ7ICY=,acIRuhiaRVFaEBRw6OAmNL5FH0V9F6gMYXohBDjG
8K7hmhX/zjdJM3msSXFI4IZhablSIyZnG4u3w+Nubm0szA==,arkuoOieLxBOkzHr/FKEz2M+iKpqAR+ZOJWLlB09aph8gEbVYw==,yuQja/8Ejl4bnla1FZK0477m4j8cw8FzN5ZaMAqUR7UsdfJ41nCFp61KVIR9L+A=,QCLny6mCN3jHD3Lwir4sXXErZDBdpbc6l+bQk9kXz/M=,j2OoVwY/IEolb+od9vfq/wAQXD/1ncDav3J2ZSzMzg==,OxUF5uyqgc/+wRHmKf3MRzEKsZBUDtkJbiJVKJJr,1kTDCEuBUROYXL28EkWkt45f3Huvi/X/naMGFFx08Jc=,TSB7mK1TLlhKguU4/DqZfgodVKacLAiYq9cCOrOESoo=,f74ZBJ4PMEuR4dicWwmgP25JqWyD8Ie0+vckE+hg
LYxAMxof4qEY76/G8seSZ65uDKdUVtntVfC1BCz3ZSx0Mw==,e9qQRc7J0rm288kmX5mEUtIVVLkasFtIf/f1bLMDDxgk0vdIHA==,J7ddq5wsv5GhX7n1BXAPXVyRZe7GKOZWLZP8/b6g83Lv37PExEE3lLqKV6yofxw=,DBeB1FINPnkiAzf+O9e/eUEIzT3tnwPNGqs1PLSUxko=,ltHLgpq6Nyz1oCGKmdgdR7f6Flxey0TZ6RLm4d3IvQ==,lcYjt4iQa2CtinDqfnIF4TKM6GXnFu9NJ5d9B3xq,VzdEheECLEq1fNKGpgNvlL+VChPI3xjcZhT7UIVACj0=,aNz/lcBw1JEuaqncGIZBOqq9v4LatqZW0AxEkVIEKv8=,6hlRkiMbNrdi52Jqhqb/FPImVEGNlyYsrR+4zm1T
quhqNV6kr5YFGjd2zrTw0GTeXF85I3hmmc8MT4YF3nrTxA==,nauzyBA4aO3SLZam0AUK+T28x4BtIPZ6dBNuUX76esVt7vtgVg==,qOCHA3G1rM65CeJbce3mlmQHlTwnL971T471LyuHS+glnpjhosyKXMCUx9TTWeg=,oRYSVtjs+mDI1qHI7BDLB8VRRkOevjxweRau3TNps1s=,TOb0Yr6zArC1chT0ceuTkMID4cSgxEa72umfJ7Gj/g==,6qkCcTqy2gkkUPRb7bwWK3Dc/+hEbvqe6wu43057,7De1a4LC15Fd4x3pzfY2JvSm8Fmy2+RDO1E1rRsOMEo=,CHk+0jqBfvaDSarSMcspPXKTfNQ0oLyFrDc68uIfrPM=,yKa/riZcUDmkYcr0iRLGTBjsmLYEgqf5EmnVPfhU
nct2Ee85HVc0NUzcsr0IyPbCL0cM526LNK0xkhxNEt6BJA==,TxJMSQHRFQvOcGM3QcKJ/EYCk4IU/QDVvBMlWIXUkJGQCHO2qQ==,gl+rrtkWYodtSW5GxEPNhxb0StUvt+m6Axh1YOnB8bc7tjDRlBom/wcTz7RjErw=,+2duyxwSuZARAL2QL4od5729lezLUuPAOhZ805Aaa0s=,ZP+otdJeJGWncqsJJHv/PiQ1uyFCB8QQU6BsIbRahQ==,WtUw4w9WlTxFd12mcjNpKcsiwX1+fbuBzBSOaj6u,2koe8RRrzNxDRYthnETKW5Oj39FmTGkbpkCVyDv1KPM=,3C/HIAP8UgDDwgTVn9eW78uItjA/XC+qo4G6JpUvvMM=,LKWlX5eummMHKhjNl3BU3hsgpgYUjspGfTz1pe+d
6AWjWVAcH/k0AW+czbG8rJTjYN3L//BcH/l/aT9FNGLU+A==,kp5XI3XfhnSvJa/B/gW7DRI+ETSeilhfdnslPRAmBR+iuQkSNw==,j4zDGCY6hqbhZPD0yvTgHQHO7GDItbxkDjHKTJMLncUDwdA9uk0S6KLExozwvL0=,VxQcnHeL7bv2pTV69mAlqLPPlbPD0d1vJFY3WoRZHbY=,+TR2L7rxxcpQ7QhByYK/D2MvS78MemBRR93QhINcEA==,z4w9LEkPb0Tp2xuvWxe018j2KM9HdvnOofcpUFOE,xk93f4lmArrKz6tPNklRgMLziCqCWQfCJKlmHT3L288=,Qc9YYCsxZ8TV8ND1nDA/AdSnNqUYQpt05lpmwifdpow=,C3JtV8VcTcbH/NR41GMtwNpHR+1XYeNzxNwGpor6
SNI9GWqrk5FsLwMDyl/hP7j5eaf3kGaWIDxQjXgUFGX4Wg==,G/oHZsU5yOdcSp+XqFftY4R0+yaH6XqXO7dhEibjzEzXOPztAA==,8S1g4k4+sORd4HzgSizzKmpgnzwe9GuN7iUpxbyzaufuZsEGdVjlweLUBQr1BkQ=,ly7AFAxHT1TMP8aME8IydwsR/Q5AUUz+BMNcwIg1o3o=,l62bNuhuJJANF+dtenRILAYAfTK3GC7xbMM5QGl2/Q==,n5XnDgU3eUSEMhDQDikfFd6TJO/MLtXCNm6uta/V,cuZORU2NNm/i7rX6k0nUSF48sjkKIfdfaYrlFVHTtVs=,HBI1x1eIu735dyXIW5Xzvsom27bSQFk1uJ5n5THvV8Q=,HPD4rqkqpjCglx6x7bAQ0FT5mErssfWmHCSQzcET
25mLS8Vvszj2zf4ysd4JSAs24yRlF5QUBSpptdwynng/5Q==,1cR+MQu5vRNFneTiqt6x+OY/wWZ3v1XLDxO71axLMUUGRGbgmw==,5sPLte7pRlju7itX5ySqnNkBKNzMLW2BRcN8XOGh6XorY6q9AV0sjvbzeQbRRII=,lh9HLI57X+zTRdzPE/R03mE8rvozKAMPEU6zgPu+rEY=,WRr8TGUgySzIhmEvhnX6zeQLjay1ng0uLzmIF022Vg==,c22QlClKQ9eOBAbMvH3wLtvcRbQT+oWX2xoQ1rN0,EN02RDS8/wyS62KVYJf3NpqTYFq+PBFfEu2i5zTsKmw=,WlN6JZxfjgk7DeD6f9pcPmDTSB0XgALJH2JkMxH7sl8=,EU+2Q5qUSiflQFuaOBvKqrJ5NJJEqIC+cvrtCbxY
uuKUkIlJFHpCqgnicil52AR/ekkfTCowWuAOvUxBF3tVYg==,Vy7qnNfe25FVIDn76KJ6N/7HAPoF04WH2kqsmQl/E8uiovbKnA==,sKdO1rIvlrWzQi+psEo9bCT9Q4bDYfimrXu5GGq/kIZ8Fdf0xv/4Z5cdiXpPCBg=,6Uq38jpTzzbE0jKOng59GnY+uF51St8ATEvkeZeul1E=,WVORu3kD0tJHa3Mf9JBerWYGXoXcrdmIIyTy3766Rg==,e3MB63xoP4I1Aq0EiTmIH/xYNcb3y5mcN4xrim9k,rZoHjcO2evZr4do0OsWAUm3VHKpZn883EMXlr8fYtpE=,0G7GbNvtc+qRu2PhZasWAdumRfcWSqIRucJtt7coSHU=,Gye4l91WGAFiLcKui3QwwirqQkyJtZixp8RjQ0UM
EL7D/f7BpWhS0hz8R4DqgdphBMilGMHGUHAzpT1Zd74KNA==,wunqUNmhVJWiwHJicv6665LDoIerolUNcfTFBuxcsu5NvXR19w==,tc5T7S/+uRi5P8vZZVuu9ZMEpuI1jG9H+VbxP81VwzNPN6bbYP8BajM+tYfGApE=,xO94Hev0qRAWmJvaO56aB4/0w05omZ05UA46OyvzQdQ=,fx/JeCxWFHiO+wObzVVoql6zZgwiZKl9aIjRa0y6zg==,JeWD+8UTuxZL7wtXpF5KmnvVKJH6xTK9Sb+tWjS+,ubPGbQKHNv1eF5j7Zmldvf/TNCIo7UuBMHfxDbpHLOQ=,cM+bN+jCLGABJt/HqA3E9GZA0ptRWpXjYQN409m0fU4=,wEKv9saTWIqQ6+mQvOg/jtzQPxqq+s5PKaWY23gg
IVvpeOr/XBUiferK2jwqH/gwQEUZAY13onKAq74c2VBYMw==,zCMW8h1ZFsyUDM2UrkUFn+Ie/Rl3eE6aJ6+9+Hl0K5eKq32dew==,3OIE3sgNmUCg0L1Ryls8UvTf9rxlq17bysEXXcBgOc9d68zZae6FJperWXyayzQ=,K8Fg6xIvWF67HTpYp6P6kHG6jk8fwY9t1ql/4mT1Ovc=,aZvoRq6m9oXss1YUA+mtewjDzQSXGQqYbLJFsgSgtw==,VknNT++pqLXfQytB1K7yvMQXQvMoaLyRGbLVRdtF,W4R4eYc5M+2Nx9Dh9IASUxhJwAYns31iVqP7AYrolcd9,1YUaylPzTxeMjpdyN/EaNwSxpxZ/f7MCgfAW8U+cv2w=,vQTlY831sxoTnIM7a/UtFeTcle6Bfw/md852A5Um
VDkLz8mAeL6YWtcnD9R1DiS28CXM6A+SBgx8/5dgAJWnUA==,naAJ2R40V8/Z9WCMlIgOP/Aftnwiw8MRGvA0/DNHuaY9Tfq/NQ==,qWPNSMNOLRUfBbkjCat+oVpYjkJcK8nuZqZnny0OEem18vikk8n/2lSN+EEMBy8=,Pt7Xw7trXqQIqAPNvDEgKbACNvU9jQKsc2LLDc5qVeU=,fobIGMuhdc5raig7QZD29IcUVvcReF8hTEorwXVnYg==,4NUdRjQX8vQ2G+h5TfGe26IXmfn07+JsEI3f/BM0,vIkaboliRPQMreA/HQP3VrUhr+ji8KgTdloGLjUdJSI=,p960ZN1G1yISZNlGkHfNLbvv51xT1KiaWrnBD1K+AB8=,9Sit5Ccs+Sj/YvfZOnf1kbyN8rZU3MHOnH4m+0Zr
/pp+czkq+5l0JoMYKMSKLOfpaY8Ie6Unr6ima5+IHcKM0w==,NvTYdW3fXt5+exoXvLRkaJvYfWJmeg/uEtCrJHmresyTLbskTA==,MiCnQCnEVH5XNy0fTYeURIsXz3jhpWiaQfrv4SU/KChsvAW+KtSQyq4KQ3S7bc0=,TNyG4DPUNXYzLK1P6+kc6WtcZ9NymUVUMQb/hy567GE=,8SMcXDILPzZK1ldVBsFXVyX+D2vVwMrNSHbijZO+0g==,IjjJWB4MLErz7LnHa0Ch5bMByk8w8hsrb5sy1KK0,OozuJrxpJT324dhTso0YOelYKsdxWewmPVXOxOZ//nU=,nvuOc88iIZYjqmPJJjf7GaXnZaXHtzsa3FwdZXN2ggQ=,u3rL1FZyL4sPJHrL4T8I8zNNaLeav6MRaxmvRb7A
33FnXPm62Y22jj1rwwsUPC4Q8+OVyxy1HPX6wdLzlEUa/A==,abWwfsO1fQ0Z/zrocsOHNuykmhcLzP1zbH01+aNGHB3Ykt7GZw==,V9b9tlyQZVfxwPSBFlzDwGlN1QQpzTBdgUDTfay2jqa9u67121qSAreeb+uDpm4=,O18DHwXCnjojFdVKC8Bk4oy5wNonK9jdHPDiQ+KWWkw=,BLuJAD2PVEZFURRtZDKLneU1TAVR+UeBDiqLDC8MfA==,oCnvvuRITBSpWw9TLkx+HQsgVgxV2QIohk3wY3Sc,iJOP9nM9On0YOlTezFPVFKw5zAsn0CPdpihLbi1mFVM=,og9/Gt3quCvHQweUkstE8ZfNbSlnvHxm2Fbeu948hwE=,LIjSF22CwVxj3tymHwZD5taoHpmXq994X0F1/3kV
HSLZzj7+ld5Bgw3pXoAIgy6HumlVo+5+mcCBP+6WV5JjIw==,IkS58qDfbHhP2PWlW1z0p6NT495jV0HkOaUDX4LZ0O55j22kqg==,JhclSFMYGQ1xzG7Nc8Ej/q8L0uPMOYIXDbVLS4rrNHjKVuH6/R87g+LN15iiAYY=,3Zj3MfYC0SaYEEdOefvqh6QfM2eRqMZ+lez/24HWYqY=,S5JhXp0+GUQNafxjmbGMocbHvsQHoFKs6htlHep8mQ==,yWnAZSVnBGN96Wx7evutysIankIbzrpY03Kv0UyZ,GC8tn7Lk/DDlDVwjmLnTUlNbxenerIXYvoe1lrSeuUU=,srReo45D59toSGaJPIm16MhptuLIrgGj3msqWowGZ2w=,KaduXOwoXZew5llBhXLKRZKBfQRCFQxXgeA67n/x
B7u3KyCGaEnRlxEHqzXCjz7K0HUfr6nyb+bW+a5FNAa1zA==,SvXYmW+DJ3MIQ/vAXe11orUPGzSZXrepP4fORwncihOmHn1daA==,dSX+x11ydfsU5A9TwpnHX3XKokAu0iSpDdPdVKXWVhgslmvPCshCLDphVezOlz8=,S8W0SF9Rp9VPzjkS5vc9DkhwtH1nzlh2xKoJmSIq0NI=,2LXI/0ziiaZDVbkk+3Dvt+Z8vHHrTOYLUP3CgGa00Q==,zLh8GUTJT/3Powp1O3iRDOnq/wj7byuUoO2KYkEU,XHOz+mya7mSJgYHQXsHo9RrLPvW1TAXMzL4MjkJfAjc=,2KSxia+y0Ga40vKqdduMNjUta+O7gf0frHWGP2Dz1EU=,ODKIzTSTnbJwXlacLslS0sjXgLw/X5wN3qoJpUZg
WWZB01ExbFZHDPRPBKRPhS4BMlI+12tUJ83C70Sw2KTQsw==,2NpU2vWR83lw0LuTtnF3f/YBhQ+K5F/X3XSSkl4jvyuMB84aFQ==,u4ADuNbe8i2ufZmI776V6SUNnZtZivzy5Mxgu0WLA8jGEfJHpqN7V5ybx57VwVs=,iwtS6bQ9aYPO+pOZpMDcxlX6XZfZj4f8+nd+xl1BcUE=,PSelUxRVkyOdgEzVVR8AQgjLdlfbkDl87MoHxi1B7Q==,OBdLLqKOIavxZhZ0LUkGBu71Am87mGUzIkipe3Hd,820OnHBicyBbseiwpyPjZJulKjJGgDtB69XJhEEz2T4=,LDIQy01VFD/SvkXDBya0Jlc5sc7YCmIoXSbl/EHeCD4=,JBzD938kdOmhi7iuhAitNyld0X/HbBW9ro6kfmqs
RYVpmA2oScnuyqWczNRIlGwPDFa52rjlpnEUuwrDpu85gQ==,ZcJ9nBP3aZuiAnNftAH0epQIpdkeKS4ctCcr21loFBDu97awzg==,iW+0BhxsK2KtANZEbnUY+ntIy+66jC47Aywo30rboWZSxiyFfnVFaq8zjC532R0=,s+CdsvWLZTnIKpzdlKtW0aaopDxo483sVWzwjGkOQss=,pBIFy4F1R2JxU+COQ+//gG7gx0GhLA3Msya4wprKyw==,+py6gMYMtzq/CT732W+18u7lWZMNFqCh+NlkZz6h,04xuqlnWkjortqG2IbemAofic7SzfEhDJJWd5K4oy24=,Ki1YXGRndkyPhzxQOApCvwkday6BRIoyhu5Dau0b5Ws=,bdJQXHtLqE+9JbqBEF612DZKL1UFFKuoUIohdLjm
GWMqJdCLOsd3CirW18/CZlkRzerys4E0tFSu7RfhhwiTGg==,7MZuJ16YCnhWs1t9v5xi5t3/iIQhAH5KTRmvSZG+ECf2U+qoRg==,TwrQhKZo1R/gh5c1Y8x5/ShK9Uwq88xhKqqOAIRP/o5+kl9ZaBhWxjKEUU7whrc=,sgI0m/0NpfIVDlw+TW3E4GfWWzr3XO+La6wvL/AVhqE=,RestKJhr15oBhglILq0frsBdf0lUcMvWwmYs8A4rDw==,GldaKnv0ECxsaxIPJ/h76rPVVQSu4gNfTuDAdDjr,bb2TJYdiP4V8qPIF9CiSDXzVBiEnF/8q2e3l+ZP0cf4=,klEoHdKZe0kjD82uVCBDzI4c9kLX5FoJff1jeVtl0TU=,8fGmIz3jyYbA/CKMFd85AOEAmn71WFrTHtUSgQTl
GliWN+VVY4RrBuv8xkKKSW77x0TDWqWijkNod7JVCmtt9g==,VNJgETxQH5YhJrW4KHD3R1GKQQt1wmHF8386Lb9160kIfOsrbw==,ehEMNxvldIJL9BhvQFHp6VXQj4kOzJQMVxqmtftphIu6u8nXzuHwS8QNzhBhg8g=,olv/5X97yy1FPROt0pZ33qu/5jFjwzCw/tkW5um10Jc=,SHMKxyhm+qa6wlfJ80PHzNlBS5Oo/MCPUBHvC8v80A==,c3CBOWL+b2ZLJWDv7u6ovgAfmedLVXkZTA9XophL,QpJbQIYT+ua82j8SApDkX6dcg3lFsrqk3NcQSvvDQdo=,SVdg8t99XLztAlQZVs5U/UYhXWvi5Pzojo9dtwBxks0=,5WOIVqxmMbnug/e4tbBWX7q0c5US719XzPhHVlRe
eZ5XvvRmeK4Fleb4TRZgt1IlY6/oy+Mc9ElMSPI06hf5Zg==,DZzuUqZ4yXtrffuW8W3bL1D86EqV8HFKNsVNFwPvbHif6eY9wQ==,v5fQGg2MOzXMxLnlyRJwGKg4BSyT7I41VfL2UaV9IVl6zQ+Nzy2+hI2UbxIwyk0=,hmkmbRAsf3vQz+ANWlLZT5J2gTz3kJX1nMDpdUsPm6U=,O81KO1yfjKJP4hDMb9lWG+3MZ+9Zk5uJLI3/FKRSBw==,plTx2zStrMCuu6gX39tW2sEEwuupmut0wM5uLane,iwZO6SYf6RzGDS2KStmZ7QK4oBQynIUGXaOYb4SMiWw=,OwO5yiktTrIZMBZa9vvJE2mT7E6R5Ta+T2LdkR7Kmug=,O8WUAAuCN1rQwnaa/72AvR6DEoxENHsaIaYXqsS2
1EtXFYYpIxervbYk9pZ8cBD+oHKZTRPrKyH6qHRtr4/V7w==,I6yvVvm42yCJIiLNwo1VAOVr/wBJ1/0xP34VuuDubTSwBo+IbA==,49lusCYixX7BwAkEcNoYZULt7KL2EB785TvKeBdxfZiZEiGlGwIeNr48SNXb8qg=,bfPLg5XVCHDNiq4BKxiEwuT5vzM974eowbKa+nS1b8Y=,a6H+PRvtV8YI2QF6cejHaTUIp6NvbIzc7vQ2ocFgkg==,JKEZAviLJ+nmmL5HE9MseOqipPEW3rUAyXBi36z+,54hicD/d/9JKmGGpX4SuW6sxtJJCH6K2cu7j/TJHUBU=,DdasW2u6WFTZRPChZlvRd2c25nDJHlUn4zSETGsD9Vs=,e7tGk1+kU4lVJVP3aps9JEJ/DQAi6mz+oGefl8bZ
IMWRW8pzd06sjDXpV6/MClxOi5cuBjpNSd15Udjl0IwSOw==,03COivYe6+99IYK8+hZXKbtz7NzcHjAd6O5CXe5yBLN17vT7kQ==,ZpDkQfTTN7XNrZoYvSGWzPNCjoJ1Fihx4VQZZ2/eSSsJcDbHpwLiuFfJLzEXq70=,M6jBHs1dqXr4kfEL+c+M8hWUObqCpp3Aaj89YXtBQEc=,vaajGuqVRKy51ILzYItoMHKeExvKi6WuOJQYxkevZg==,YevqJ2bevqMfnVD9m/y8Xb9VovulZEFcUH6kPWk+,R8fkUCpIboKJIuNBWs1NqFO1rMptqUfhmutIJE5YH0w=,lwhe2W2SWKWOQBFZwJD/FIHRYqpdVXydhCzvsH+Ot9k=,9Fb/9ZS58QXd61YKmOXCLcnNkR7aXNiu5jZtPvt1
SsN1LwQP319CSEJdSRgJ6GHYOas/rwYW3Pp/NFfCkC8fRg==,pS8lthPN2CWeGKZCKxz5CIryQkwCTx3cKxvsLtWMBh7FBcTzmA==,Ztbed5nX7cXoK/FSmSOoBbDJvPp/bh68qUsaHBC2rntsjV7tRB7vyd89GteEAEY=,Jytnh0OuvRPBvOvAqMFKzmyjsRscwuiw3Le75ygrxXg=,X5ohSmHtz4bHQ96kez4Ti6XMl72cFH4ad6xs7w4IIw==,aQZHA6n4c7PDqYpjoY45HVORFwT8wGQ6h/JYUESm,jtpwmZ/xtg4hllheUGktWSjS6c6hcac9iV3b1q2rMqE=,VwXzAUsPo3dSHygIy5bCjSvBOlBMOEkptda6Xx+e+6k=,8nNyVg8sVLIzqR/9IgjBxD1gZgYJPt/0M8pCV2Cr
PvfOmFqqxBkrZuLY13lBkWZsjDNLKsP5yI7O3ak8LJXEbg==,ifcb8Q/5inFz47odtMMp1Phlb6qoZRWTj9ctzUWGRF44oe9Bmg==,oKnTDLdpJclnzJu7/JBPBvUhHjk1MlDSv+Z8x1/dAJJLQSxYnMo4s6p3s3WLuYU=,Dy7KK3HUHmCGTNGo6djz8gvmfUdMt2hcRT4b7oj3Rpk=,CmwLIFg9qSS7mT6YIdlIf/VCLXEnQ5caG30KrqZuUg==,EVjehbBXx0LkpPv+2x4Ri5O86/ggtxXp92CKSmXn,xDt18xKutSNsLTtjrWNfOknWzAJLS6jZ2poH8eTij4A=,/fUp5P6pBdROTlK66NoePhoydvOIold4321f4lJl7CE=,8h5JbV3YgfORMCeRYJnZg5x2x9dxBcz0traRoaUt
BNjDPYn1DTPWWQQFqTUwudjz255Vr38buEwomVqiAEhiUw==,n+xWH9cqSZ+kjEmgDrRWhMuCSLVa95VueKnuzlR9s9tO5UqLCg==,BfAwosSuE8d9Z1w+VwAQwiYkt9O+P0QGKRQKML4TNaeQsN6c1HAR11m/vOXg0dg=,mbrqG8+McDCeYaIsdT7rbLh0iSmwMiPry/kSml/uyJs=,blslvQmM6JaIBu2mZlIHo/XZuTXuZpnPhxs1vOtZxw==,0mOzB5nnEwsrhuumzKdUoJVTmMIr/7ci7mTgi1KM,Ls5xPqfxxth4I7z5bBk5fZ7J/5FPI0fKILGlHabwTds=,21wkoXQL94Rv0okF8kMBC/2yWj3EOmqbbIndYyuHTQ0=,15tI6es77cDzF0EpiATlxiYcHkXFfUK0xlKwY5yn
IIg1NG6NsFiQRpjovz0OOg6MdsvPHWgyQc12AE0AWQ+Ckw==,EBVAyQZ0f17LycoMrXaxZufTOx9yJxvJOf6JZjVRB0LrOEOhWw==,cqiW1CSEnPq6Pc+upLmxNnmIovvWz72n1vKnd3czm+VxlXkf7OpefpLq9mgwSXM=,etpIF5CsXWXpzje+t1SHFisF0KcQyQaeXg4380zQYzI=,oh2MZdGLYKU5rQuzfzEcJpBz7eHvA2ZMOirpLxXhRg==,vMZtbPzvEifK+O3DzM46ItDcJRGxtms352vdvYZl,m3KeK3O4SsCPuQhfz/iDmkG57TFQUvyLzsXdZKxM6a4=,Ajwj0vvEJ2QmtCXG6WdhcPr7Q/y1hPr5gfyFgOCJPxE=,s509nqu9257hvrOaIsIUtFDiG7bSdFuXjoesz8M/
zjMQ+M53usOjlsKcT0iWKUcu60Een/TwjccwXV/oHDvdPw==,bALadrjJ2i63NghkEPxQCcW8YW25FgheRZJOtpXdD5PVfa7lgQ==,Gh/Hr3Sl2pcckGus4lDlnjFezZXCw60VeEvmMuwYJ0JiqQGzwTwIW83Nwp5V80g=,cK1000nce8wNuddt/n63dMc28HNS4nEjRoYaykX4My0=,C8b/AscgN11PmxybeUH6Mv6mDoaUrFd3HCzi5wSK9g==,qzF+gQsD0JwC3CSE2XzzdRUff/J/Mnq1K+98csX2,nzYN1QMWgCEW7Z5J78NZHrRrYvgfh339/IIH40EYWLY=,sxvLGDVZe+MXhUvIkpo24ulNqbxNpRfvpgxN+sjpPlg=,PjcL8kt/oWN8zLDU+yOD9aPynXjomaFKKoblxOnn
X6veaci3+1KI0oaucFzeYRc1PibS89Ej77oDe9LJ9p1J/g==,9alYOrdChA293zUJ1gKta8SoOxm4eJUAb85wKf9zkqBF+doNzQ==,PV//AVQ46SHHkrP/troEakQsIW6pSVc1rl1N/DDJb8Kth8F0oiilFkDtoUmiz08=,EUodh6FNQilkJ9Hjs3TxlSDnZxmiSed8FNpGGX/2K14=,+CmjayqJ9Oa+nJXiJji8sUQGWs8JZluMsQoKMnDMqg==,NdeT1jd3W8nCTw0siTcvTqEO5/B6r69013v1Zk5j,7cWHIB7XE9KnqvUiC90FNwYmP6chhWhgf88TQ0HGHa4=,LaJk1XGPqdx7gBlF+q22bPj9lQ1wEESsXXiUFvItCLc=,cm3Y66mdfmw1/XStlqZ8QyzsEii1FRXY1Zq11aYo
u/nIDNYPfedKh5THBUY+2iTPvPUuJPDUD5yT8xmTZAXGJw==,Rpf9ZLkDTCFjQuEzQE8Uaj+OLKZ8BSv5dbY/26WAGh036q5GvQ==,T/Wa+tavDM3ZqROndysVYQKwu3YHlhUkO8r3uY6ZZu20je96CFq3lEcpKA0aLsc=,RhaHQLT7hqx3CAsLLZIx+tAfhuIm3o7sF18F/MmalXw=,u621xpeS1etblxzT1lWx51/AgxR497B2RBIBrMw6Dw==,af1KrgqxsbKtY87DMRx2EoWsw5fsnojTbyKaHzXP,RfE+9PhC2DpcLMwqpWr2UpCDKC4rQRzBBR5TXvsaId8=,hR8h8XuVDTIZ3+7C0gnSVsfojXVoT/tDO2Y4bcG6Oo4=,y6uE5eDtnLdi0U53KCWGsC2SvUYBxQlfB6Q5nYAb
WpgaKaxu3sl9LTCkLqdmgbD2IdptnLeagBRkWdqjATAYnA==,ZNeTibbbumuft5kSIRqPICZwVYLMf2C2aJQJXswvdHwvTZnsFg==,lkNzK+NfRE3nURnYiaXTNZdrkKpvyOYfjBbQ6tAewPtVgjOIAk9U+kUQklU7cWY=,yQU7OocvUvK7GhzO6NDHfYXPHgiT5MpHlbQ6tzLhLA4=,B60psklm8o4Mvp5K/MUdQ+SAxS3YgZmfl7PyojMajA==,1Ke0kshZy2Vn7X1av5gCsLP3mlfcpFtiNS+p5Xcu,GScL5AWjd+DwwmCYJq+SAc0ohxknumjy6qZJr6J6w88=,IPpG0QwShDa2Vk8h8dZdkmQyxlR+NVKbGAFt65Mqtbo=,k0W/LsmBZ39meZ4svMg4CJBm4MTfvdGjTdW0+Qh1
m7gjsL3j6BsSwTj61HOSORdBPm8RtJLrMT0QU31cNW/PLA==,hiqBEJEQOOHZsz8cCtbXI/gA0SpNfrcoleGfKwioGyjncXADMg==,p373WF4xgVXNycc3m5SjS6hZx7bOxQhAyoF3ib38B28GQ/I/nnbnfLG1Ve+mmOo=,KoUspNkw/Rg+EOJobES2VXVQMIJ1yjGvk9in5rtq6kY=,me66k/OOz617G+3aIaCIDW7zJV9/3PJLphNo4A7MWQ==,Ip/s8fyJX2pt9juplz0SXQagZIye3g69FXJv1YSE,nSgOJcvix5GhTYMdUr3v8zq8Wi/yaImigUf7+1WyliQ=,c57Mp8cA4hdCXL22AEUitLJFCTWJI2th6n//DbHEOH8=,oN25zGqmyiJmC1cDzhqtjj7XL0ZnkgE5Ls27eeGd
Br54mPimfNao1/gK0qDP3VXQ7kpo/Om9iVA10PQMP9xzGg==,YVEWwt2N1vvKvbkL0F7x4cA2jdi0HGia5JYp7gIUg9yZJH+osA==,l92DrG9Tz2ao7tXls4/FboGMovguc277EelrjyD/7yE5UccUvUAESPulG2wJqfs=,UglbzdJOsHPrZ6BMU7HYhwLNArzSCLpV//x7cCGAubY=,1okiSRU20lUPzDqvUxclmJJcz3MnHxgtfycYOngkzA==,fnnkrgZBSHpu/0spAskCmkOEVEmjkj9vdlKuiB7H,iGFyHzMeRqDOFuQ9Ki1c9xqe9xv9unTsO8FihiGpUI8=,dYdMM4BtSZ5F692QzNdx2P/+qEGjwYUPEIV0PfifHEg=,Xms55RotHo2VNmqZcnTGC5R/LUkj0v6c9/OsP2w6
n0CtoR+EfSthkhQE0BqkGAVOIoVR6oJU7si4y3QuXoASpQ==,VJyysIp5cdOjT8m+G6U7SijWF/NfW0lP60dBYR5n6LSLN8OZBQ==,XMdaaEKiwmDhZ0PVdUzop4oE7XbaW3G2Xp7xiovkHL8ocUNZ/Ev2JW/ygUXCVhc=,lDt+mONEcq0dPEVdbuxogqFSMr0nyu/3AQOT6tgw8Pc=,HG3auXYMorHuHdvFOXpbKzAjAX/1CUCflOdV9Vy8sg==,Iq2ZexOKvnBhHaCutYfEewoqO+NCWaNwVSNZg0Xa,hMOxPtWw6wsSgB6GFjsvKnouxK4XQWQqi2Qh4dG0CTl2,PtYmZfJivCNWwtJHxQtf0ZbX1u6tiI4HVGilZzZ0cQU=,ipDICOIHMakqM15iJMwfHD5Fwf40Oj9RPtTfvEW1
WTfkfqbKSZC7iesV03wB0cXlP/UivZUuHis4affVHHvxWA==,LwL7U+eGFHlkgWeVi6cQ16oe2sX7bsmDdOm+fvbIZj3G1+F0Yw==,r5vFt+S+dmXzWe/vBAPLrixFhGaJIDWKUra3eE8loHQ4+BjFSTfwMf6Xl7yTACY=,CbuHDAzTg0cCiiUDT4M3KG3SN1mbQnvWY/gVZqu+m2g=,8xqv8r33SRvzTDMxj1JNOgLcLQj3EniFnLEqA+leRA==,EUuGwLtLlkxCjh5jzLFIlFbVa84jhEVautAAYuCU,zhjsgDNrpPvrO5ob9vqsmpbR9NELb2EG9YrtjJJRMoM=,3UzOvglsPpEc9qMxxoPqyRtnJ+n5sdYlFn0dwTmxCss=,3Prmr+ctak0E8xcTw5acfk9DHm37vXQU177xo0SI
vD0BvyZLK2pl//MWOOaR3nBLUsGxYLeP2te5IIxG55dnVA==,Csih/cmJBxWmasMqb9HxQ/+FErwoC1nHS8CL6VOx7SXqT6Fc0A==,lnqOo529EXn+VdeH/pPSDCJfEv8m+R5YmWxV7Mk3T3V1rmqQtJzXoUwGhCYrjz0=,hmoA/IGoMJxv0tLM6yMMTrTiTX5JRO57VliYfWNb7Yo=,DINLci2AqJfygGeFFwU8TaOa721uaBoo7z4/9eXICw==,ED3HyxkhnLDtKEMuWDIRsxTP99M+clncdtzr3YQQ,DBOmAzQWS4Vz+rp6SLdMGOg9bfEF4V0lFXroGQGYPJc=,/nRrkr+/XylsgZcW9/vIJg15cm7hjY9dzB1b1X+qYzw=,XDuB6Wse8tmROp+Z2LaRqQ1fQfeZ8YAln0qW+9El
9Lptwt0/N/MyTIiApVcZtNZsKlJp8T1bWvW/aTCcO73V/g==,5bHhbA2te0q1bJ8VR/ZBpTr/oIaWVy7NA//s9Fegnf/sUDrW2w==,JI11zvbm2o5eK29YCX3HuqZpA3ME9peKpsBhHckddcbbPRuK0Ud6O+7MNlYQk1w=,ik8qkoDNad9l9+UDdol69WFPlkOGT1asYrcuOwaMv/0=,ufIVX49Znld5AdeE79Wvs7JePq3ck3uicz/JXdn4Pg==,48PgaNuDzvIw/pS/rWPEJrRskPV6QzlrUmawNEcA,BIpcaDzlMcYLeEvlChJlFk9S0CU7gTViBzXe+F/UC4c=,yDxVK+bTxtEGD0WPV5VL6sJXRimnOlOLEgG8W+ldByA=,GZYFdLKsV0RzBTPFbSNSMmncCEoX1I9fl588yoCV
0WnyglL0QaTo1bMWQXKx/c+fMQEtAyY3ZOatXlg6Ry5jkg==,HvLI+AcV/z8hfqgEIkP2LgRMAPeuT/ElCt3nSqz74Cu0D40FXg==,b2P/JmlSjGQuidp9woZIDuzq8Y/32HIQvPsKtWCVXJWIsim5Q9Vx6RzHbC24bxo=,8PylmRqjpd0VaHY6GGjNnbJUjxfrlYGd9IknxppqmsU=,Lr6fgSzkQX6Hc1b+v254e0aII3opBbxYrKK6I9UPWg==,zCh3A8MMxwTfSupOK/MjkXF1RXLXVTrEcB+TzqUK,XdTVDiZcCJuvLJ6Q1rHRcD4ql6gmS6o9pfu/SDnZPDg=,4JcQ16nKqCKq3RncwTj6xPJ2s229vLLFMZkC5oNw/Gs=,+ohRiSwJr848tb9skW4+pdH4LlY+kQ5FeqTifRcI
3/dY5ijxW4NLb+Uw1/bholmOW6oTOiXp+YJahQKbfHYo1w==,5k9gb76RNtHDCs9+Kmu9/Lsfx3Ie9PnHmmcS2pjr7bKMYQU9IQ==,vBnhRCyE9X/ITwUBXRgk1+jtRZdQUYqFzvTQ4ex6FM4Muu3rJutUOiAX4xA9oJ4=,vXBortjJU8/ki2v+oFz9ECp/QQuLYJyaTKXZWX/cjVc=,hWGlM7B6r8iXhMnjyrLdLwHBGF+xbjqPkqV4n0b2Pg==,Nrpj6VHo1iKx2lk3QOS3BVuB3UVibAsAtxePtYIm,kj11WPK8WL9SegMqdG2jiAyPxsu56O6R4yINQY+MOFQ=,PXeyOuWu14zA34681i4zrX4WsbRqAhM0tP/IWb4HgIg=,b4OZ2Jq/yH5Y0o5gw/T1BX6ablbeYcFanKl5/4Zm
sLGJFncknqpyRCBYg0zloE93l68KCDdbKPqLzlGwUWB/9Q==,zJjU/5INJ2159dI4ze9JwYL8yG/4kN2VQtbv8lIsDmiUmFcsvw==,nJCrIxH2a+IKYJE3gLBTE76+zqKKqCsfcUEMKU56UD+sDdZgk0zeIq9UCLqV6L8=,+TE4djdq0dwwYsJyPVE49pDF9YusBzIXqV/3f1DNSOw=,G9E3ECvx/6sfXmRm22NT/MGr7Hh7RMDNsEdIz/URbg==,SGHB+RUWIddNK9B8GWOFqpGVli6ORtE1neD3wIge,7FVE1PbAIDloF6qgh1fOJMv8CgOufzWPNRd6fkwEvdo=,lLhimnzVogePvW8y///5QvgBXdjwqKc+e+LrWbn7PiA=,UQSGWdG+ld7EDJlYrt9vYbYlqVVuxUf7MSGz9o3S
fwLfUrVDqJ2z7UW3ZXciv3SxSUxfl331Bwwc7GJ8xtLI0Q==,PqTeMbN7StwaSH5Cm0C36qqSIdNn/Z0JRrTv2vCdxMiIlkmwfQ==,cn0Xo9JwPr8yyB8SD56Hgdm2ZO5NjI6ltk3xaAeaSCoFMB/nCzPwA1ceUvwIfAM=,pKfj/6Wz9aLQGp58HpdHZ5my7g9qE/rBl24L9+Osj9c=,7Klu8aOpTv6JspZ9kZoxJIxynChfR0x9YGYPixBQAg==,VTntLspPWvauKABxlCk7QXz/ZzEBU1vQbtT8MNZR,CfMoOf1UYgI//uDpg1GWVMbdPDghDBfi97UF5ANGR9Y=,OEahidNsHWm15soVxLz/mu5Sh+IJXhCN+vmz0voN5uo=,QodP0sOGj2iEi0abWSVeWavg59DEbJxCPuYcxoww
1mqOknWG4uOzwfYUh87WHGA4Ryr6DXhnQIfOUwXDuHXTMw==,rRd51cWLYFVLcfZpswRIGPvDaTUop6K0BZ2xLjjUrhIzxT9jhQ==,kquu3+HLpcoY3Y9CFwO6q7d760z1OUI1nMCOiCRF5uxL/14aivLvjDMSLpIgH3k=,IXTXEC9LwouZFQ2CD4r+8MrjSykHeryPrwVG/Z3Nubs=,aHNdoqW0i/av9HBL+JgVGChIFwCeZfpm1Ub7+D7yaA==,9PkgMISe/hCrk47HUkomT/SvOHZhSq8stIdTUQfl,S96XQBCc9rj15BX43/sMy99A+oqPQrh7AawjBDn9xcg=,3FRPy2jJSWA9xf2c2dAQ6b9MwvJd1RZrs8Gyl/NjWc4=,W79xCxcwpfpo+BdlS4p5G9DonSU9dO/OWMLIMjJp
mdoo58F1JQUb0VKY/PRUxcHVzlOamIEnaX/rwTj4BejOHg==,yT+WQPGXKL5tNRlSKLnwOKmT1TDUf0Oo0V9fcuOn3teB3+QvvA==,M3HPEnvWzrxqHqnG+X1RU2s7tujJlYw2JBfMCu5vaQODxxXNBupEqTz5tYQ53BM=,aBZAfOELSU1EymCVa3gGL5f5niXDOZ3Bs4uBOFbub68=,BFsnpOButVak/c/QG4JLfTVV/6CUfGi5Q87aPJxu2g==,q6RTwlkBck6K0pAjkazKFJ8mzGjZJkWhAfHkzapT,V2EXaAwo3VBBx6gl+kU/x34dmK9+mE/cYf3MbW2BeQk=,LQ5FeGdgalAI5hfSirFI1ePw7LiYHKh9yOZdci1IKGE=,yVusikS1He56L77Bph7kJ/EobpqknG7PV60H4dK4
FJFc6wV6QghprkzRvNu5zDAEuPxClVUDru0Z68S2/+oPKw==,VYj3JOksW5cSdXSzIISTsV+E8SuYxntbvD6hxs3wOi9v3E7BjA==,nOFjEMUG+iDlxRA1iIONT/4L94QqzCEQXU1cpJW+/hVfrnFQ+WYPwrVfkSlifJA=,QL0LQuEe2zYvfLFk9wgtmxWmghCFKnLoDkzycPX5A+Q=,EytU7Rs+waI7OktPOVWPWcJ1bFWWjZcFx7IxcB1SSA==,4P/7F5ra8FQ5fP0DAw0desVHkoCyj9S3pYk6XlcL,jhPviBtv7zE4ILgl5xKumya+X72p69QUtbpxKTDUjyg=,VhS6qJO/2KWnD3jDHM8UzviQ/fysxu/5lDuAdtOc2o4=,kwnBRC9mgReGDXMLD973VUSAT+5TCvtTYbeaFTKy
SMTlfHDfnlJncc9k4wmkuCg96kUqdeh1UzPU68Leo2lLRw==,YHMZLQ+cCRGqkmU8+arxDsQ+m30oUEC7J2tAtGgrY+ZXKbZWAA==,Z39xBl03wESrMNEiFPFzCMLnqkehMuWGsH24uz+LORQPnZwUu1qSjT0OaAmF/y0=,Dun0y5sXg766S0/LansyAMfU06RGXVgPgM5TIoVEdM4=,ZohiV2e3DITQfD4fR1OBmrRllMkJvzbsY80DvgjAkg==,J8cB42Ih8idlzyuCh6L1RVeYWit0Eo7fdtXClqMR,RzIOdQi61gNDr5gzn0qigogQyasYLi6VLRoAmYQ4gVc=,r7+EM5wthXMw7pQJh3zIQcSGH8S6W2zJfE5nDA06xUQ=,mIdmkyxIhpHMs+K2czqetFKvMJj+4A4Oz2Qr8C/D
Bwj6f+c3vxH4QBt+UnUWVayVTZu1UnijJn6caDUvVEV6fw==,rmDNq6N0QqGYTHYzY4yQYfzC2qF6veQGW1A0RSy/Yu6ANXLA7w==,gyFf0lfwHETT8cM/2qj7B6vFiJAb/UStmx6hIvAy2NlJCKbCAiWjQZR5OS8Kyzg=,GAJM1a+bcur2sD4WdYn+CpF9/JSPstntFIL3n+xl2I0=,IXOMM9WbNcU6+8ogBAn8uSdfNhfkzolCIVyyJpfdVg==,ehe6IImol0mqIkNNy6ia0sn2Y7fZRAVDoTKhXewe,PEF+4DVn/y09vveLLw6g7htMyuOHLHNqXShqlbOiRuw=,fM4vfqLmYdmFPccEmJu6Z3qOCUAiyqev9TP0zhWpb7E=,uGQX7A2hbZCWZ60a7rsmizpg9SLy3KEItxuZ8hKT
B21QCWnC9JTBL5Fz4zxWGcw+yFGWu+76Gy97Z0eXfx2UvQ==,TzOvCQ88+soQULPLga3+GqLPE+d9mtXs+chOXOOW7sEnnti4Lg==,fhszhYqR5vV/xe7B6Rl95esNlUZOrb92/2HOTS2IPk4vJQtxqQ3/D5dZnLMrxFE=,QSHPKG+Bl8BLKbfGpOekuejAfFoE3xebJ4AZNmILdQs=,M63NUCcvlqAQjkfNlzZf/c/0XG4DnExwO8qRY9+puQ==,+Zg+0oM6adCyqFaSy04f987PjJFmm9FLp5FlJIPi,rHHe1s1sOZiCHelFbnMZZoSql08MmoR6ZQTcChSPtpo=,CMO4jzVbhpyV0/nRwoX0BVg4MXbrPXzXbHMvOxauv8U=,HY7qEkvcDEBQr+eiRf2TSei7eQt1GRFPA2PaTdcv
iBwvpZ8wDmxmplFuXNtz8l79QVlOs0ncbMc7N7eow1y2+w==,mXgjmJ6u/9d2zUoxv5klB+CRw1ENIQLedvdVwQGPzYiCj4SBzQ==,jWwhLV+R/RgsgE9AZcXwtDZzupYOr68kGFWZhJLtRgK0CIp+NklQIrrwivKFiHs=,6kXgGQKxdeRco6EchVwzvakcvniLPF/YqHHZDOf42rQ=,Q0HrEHQnrQVd2MtMzJjU1JCHX1ZiLNTEJFshw/NwpQ==,7YsdGi9vPYtlK8SbKDMg5MibvIAdZqQW52Wrawtj,sRtG7jsLMFOtL9SHO7R4BPaFArLECJ/I/eciSGPOZCM=,6MvuhOS+T2H3lr6E/JOjXT9g1K3D8GjFyaGbghLclrA=,KtLXzkLpUe0qaNZCBsVXMmCaAvXX9k02NnbRXcoc
FadT5booGvs5VYcNsdQ29IRXKHwQci9Nf1KVqbtNybuiXw==,WdFCJfu2A94CJ4Sdort5TZzz8UNenZ9T1UAwbEsOwPRMM4bNhg==,D2mTZUOZgwVttlLj7l3diiFNGc6G/qfXJzoC1WmrOUPdABKpPv2YGvu4S9SYKNs=,cEo2nos4jkg21o9748ddq0nOMatD0GHpq0RUFqBULFY=,sWQ+bAcjED4IXEcyeq/Elt8Y1p4k9sB8vOMwXQ6xrg==,wTkOikHZoXSCFviT9RiwJoD28+4dHF5k2vh31n8D,hsQEIwXFb5ImCo3le5CFXO0BZvpMGZLOgyccwny2+24=,59EwALqNN/BmivSHdFsZQHjL88A8i3p/jTDwQmDah8Q=,nBK4CooPzARmJ+oJQcRHufoAA3YBXPsVnVL+giqA
3GD67RYoR9e4VM+aEztuMLCGbg193i+m0Cby6nmqpomSsg==,IlkMfsBgB4b1WbAQDMZfhMrTl5Cu8ig0g1GSlyI0xzwUHV7UcQ==,4RArd/p5aA6mileX4T9V87LBmeOojpdOYKyjSQMKFE9gsNwpjDkNvX9KkayIkAM=,DALd/KzIUQWGC8l7YOuSsoj3QTLC5dTnTne2OdcUD8w=,1yLCdhXgAQjZdN8jam7Mcl6Fv9SMBbYe5dX061QE5g==,RZFsuYTyM0epjFym4vH6hcUVc+DPhFSJR+hNH0Uh,gfobZatm01QyU36sn87Z+xwg1M/jHKByMr9O9RTSWZE=,/2bTBM0MeF3EtgBLDe2IEZkx3T3O3TlkrKDkjbJpwSc=,rXTF/eFC07ffeA9bMtPnYRjKeOF96dZx15WqvNNL
y7BjU76meSw7jciAKgcwjs9eY+2hdx6swF7N4Oe11d4vLg==,nOXnkaZeKkNno4lS9GIlQdDSNXBB5hkH6lYnM/MJn9x0Oz0GVQ==,rSoYI3mQ3K53wYX9rFE6ASo535KrxxkYjzpOD4x0c0Ttuk/98Nf46BNGHIsb/yI=,QJQRXgdbU2PSvY5jayyEBYu0Cy6AwEWOe1U58PcCnOU=,mvteFskhLy+BkItCDCsPrSBIuSvu76Hu+YAtRGqHnA==,2lvcQueuv+bLtfR/FeimppS/6H66H1prMP14EbuO,8GFSuisBlq033V4wnx9EX30FwF2K4TBoGZcupF0wHnY=,9UzVpXTZMImqMc8qWM+oc57+4tAVmvMtTzDW5+WUGnc=,ttLW8yqNOOplVPHk/uDKhW/LnZGH3KggrgiSSmnP
pH0yeUivVZA8InEDOqEa3z+MdWiiZQsquVfe8/FnnQ09dQ==,04I6oePPDv8EJiPKcTxpZc7wzZUNP7CWLzws4imCeglueKTKEg==,nl+JhpJq3qyZwtV0j2i3aPsc3orDZA8j7xU8U3QIaKXb6MMY5N/zBMClF6Caxig=,Yxj2SX0M1PGkSI1HwriR7t0qjt1xz4OdGJWkpdTi2F8=,bsrYVRja3+6TVeBRbRLeg4IdQQOBG7qq/GO8dqmRcA==,2+mRa7FR5kc0ZE9JH9JcC3TGpz7wvjKUGMS+5Qlc,+wOvjJG0cb6wrF1uKtq6ba0LqaOcmh88KqMpgkRQP28=,KgwTThTLXyBkKuH5A+lymTFsqnfuDhQPnnOb6zasjq4=,/l82sCFwfr0VvtvYr9OstuLTRcOYwqiY7/1K4Hq5
BfODhER9NKKrjeFe7GEftfvM1i3oDzU/avexPEVgVmY0oQ==,TU2yP+Q7WqkVL0H0L+2PG5S1FrfokzDfYDsKug8H5ag9OFEx5A==,CpBMa/esqDzgxYggeqrVcChwyVt31fGoGhaKc0eebINxmaI5HiGD7aO6db9EPJo=,wMCXVq1BJ8dqWps+4a/CdETG93PlaN620rJv42d/vPc=,PfaL8Rh6SvH4DvnjQepcD3Njlo5IePGoDj/jfhUEPQ==,NG/JyUrDdueRRQ7AgnPsHb16vFN7y/sMc5Hjhgwz,9gN61zLWWYYzaAT+PgrFyuZhiqUZMpqGpbIdnuy7EA0=,wvnO/0rUhm5sEKFs4cJWgSImJpGUS1SWUgn1JOalBec=,uy3MWT4Z+lBBWzW2O/68WCzqWEFePvsFWqPBoaJl
UWYQXPov8bKWtvc2Czz0ihwNk0neLhzsaTRy19X4p8wxaw==,JgLoibDk7jZs4Nemr2E/K+EDHLhkKtYMZDJCIMRM8/t3qZeFdw==,15MRDgF7Kcy1q18IaTkRG6Szu7qYJC25t9WPxo0a2Bg9HR27ConpcffZlUmH22o=,o9hbM+C+pjawVGiRefEscnnmnwJ93NDAg3SkK+1nEF4=,QfZzSpawgERowfD+njuN2HzodH9NzaLiWJ5jlwESyA==,g2wupoYR2GICIP/OaAhGHbsmZgDru03oa7owNJ4S,vXwZQweXwapOLF9x2jF+7jalpaDyl2/1e6NULzw7LCs=,7zag3DjKX7TDXV8p7FQkeEx/6x+BhZuPERiYXV7NxZA=,bOldxS5LgBe/fw5d/6ihpMYpgUzbCQQjqpvxsm9k
cLsRu3yWdclhjLcGi3i2x3gH7SBzrQgF7TrCcmyU020vxw==,hWbOfj9CwjmX/BvbJSDHGXoK2zLZ+NJj+iCeNfpVXbQLR4xrnQ==,vC4mVGoG1+hSXc4hbBshkSquG4pa8l2o2uxKFAcd4/X1oaP/WCicLX8QKJxPE/s=,WyxdQEGTltGS1kgq7zhDK4rMTI0AELVzTsg5wFd3zo4=,jwu44bMjJItWCDlstS9jDKNs54NyD66chEuJQEHl0w==,SH2bMobQB4e9sC2bjfc14rB4dSE2fGf3M+Gyw8jL,PqtXr+VFD2qLk7xbHXP+UUozEwh7YYThgHMon4NJ/Xc=,siDPK73UMkZqFL2WKMepH7PEIMzkVCcd8dazmfuf5Xc=,1Y2i6cE2OZtkHjW4jCmASJKbP13Xk+PvXHCgmVuB
Uew8pATVgSDw9qx89uSnS10+zU2hv+0hVAk4luKtl7CTgA==,QDYZvF943iFSMzu1IAM5oA+/gexcT+oEcjqNYbQpgA7p1WR/uw==,JMMH5LQV2KfgEIXv8g6Sllyuh9132jxiQnZ8YYUdcWsv57zgjOSLT87DRxyNEIE=,MmXI9Rw4jonY0MNyHMviuOsZN1Ed5mxphhR8EztXT5U=,CuNERjhJkFNrcHXJdzYZSddLBZo3U6kESl72grQXTA==,jmZl7ScDjEaVFWS7/CYasunxYHhwSDeKeF2Hk3Og,UOXOSovteukLJ8a8sVuvFfW3Wphi8dk5ZUNMBedftxk=,6U0BFfXYOLQkDdJ/cBQkmslAHf+gR2rhJ2hlsQiuT24=,rgVBPC5MnbkLPR//LV+lq5S7TmstSPLS+E1cnv0V
37OBawrT5gd8iev9sPD5mcnP7eFJ3cy0ANnqeunE9rkvtg==,4ujXhM1XBX4HRzYNwitSraJJivz895gaPGQTCCdhFTR0WQLI6g==,3c/zXj7wSB3p2pSn/vlLFCGyy4XdcpuC6ZYr3tmjMjRMoHCbdZDe2kpomGbOPZQ=,Av8Gbv8Fm2mdX/uCbATyjwJuLW3roXh2udwbc0HUUwM=,/JZ5a9yqFlChhRqMaK2+drRW7fD23MD+jxdY7uw/4Q==,PtnpeV/0rYfdKclR3wAMvQ2/ESys28lDwvxJ5xT5,JkXUm877PLcTgYk5ISiR5AK9vmnxCH7ig56FnVVqPp0=,DCYxexZB4qrwOIEp4QQQ4i/DeYH26eLdGblhnhtbwPg=,OztYu3y8b7TaVgLuYH8luJwDmYMYv5fbjDeAj6Yf
wAOW4VWxFqPSshJTrk0t4otjaig9Fv3/irgcIgMcCJ1U9g==,sA1GN0UH9KtVRqbGBEg6uTjaMnIzE+wUwm3nVWmxa32yN+4UUQ==,M3o/HVUELAQcELmKTRfOGhxGqnpuZK1Tbvpk1ssnUhC4fbXbzBwBK2ge/xKBhLc=,R5LZ/hhQumdidkKdqyYdCdZXiR1Ws4HW3OKdKAVHEA8=,b3UyEhfDMlqbWXGwsEuq2MQuCGqcHvUVPxldJ+QWeA==,TInUmDLq1aRHTpg0Of+CnINChmVprMaFJ5VHbjIN,uVgFStQQdOnnGcJ3x0BidxONu9MublfUh69l5XwELUI=,LJ0POtp+/C1TxoHo/bBFdPegp70iWvwWqn6uvLOCFHM=,DKeepQn5kczWLoV6JC1yacN1fjbbbJuBgEeXgqP3
SPwog6N+1PKLiPnaLgVH7Qc62SA0uzcypI7v2w1FEj5Jdw==,d/6L0RNgkT8h8a7CpIghgZpjG9u4XHY6p83mlQbTcWX8ZqgSKw==,lGzLyGUnhEn2mbAL9ChivVdpuALphmkVF5A18rxKvqcYlibEeAoyfkwYDVpj1OA=,3IB5fYr2j6YKrOEsxSsxMSAljrEVVJ/69vvON7Joveo=,FO9jUEA6JZCk9HztnOsMfXMX1hKefTSi1gtpjO3zUQ==,SjTHFOzXoK/MAczo2vTpSz/NcCa5Wy5ynMmtqxCd,sh+pdCclEd6mma9OpVM0RYMZ/7LbOEh6oaB6NG6N5lY=,uk+vTRpJBsELjSQTKspYssfvH7XqKOL8KFyhen11YMs=,BwWtpHxDReLpxzmKHBz2gAxrLSgX2DzVs0MDq93L
+7sgfe1P9KcqZGMizuRskgb9lvCULm1IZ9MFjwnSklf4Og==,1w92LxVOzZ50OHQHT0M/4zhAarKDSaMAv/Hlbh9jAhLH8gifVg==,9a6cl1bmUpdUgkcYwnFsPx81j/HSaiHIE/PKTLDmoQU/t5RqTHOpvY1ZXeExz4w=,6lD6tbnP+aRsPDkCBZNDuY4HycIX1EnuszswoaY1UE0=,veVM1fWj2j0AiBab4sHwqc2sGOX5yskml1QZe0ceTw==,f5HXCP0tB7yADkVSRq4R0nB5FNX0d1FOpxk/9KQZ,G8JNDEYJsD6EErW5vdXrySWUxLMr1IUDyb2n4maXYO0=,6hqfL92d9hvWas6AeP/0mmUiOF26rLrNk7MgJ86Qrcs=,+eTwOOXBzS+BdqEdyNYgwlR5ceo9wbrBUPop2uML
aEKXcyVJiGysSHMDYUOBH8Zz1mr00hBWtlVnKe83rgUy7w==,fJI+x0Tt41Rg9U1vnzWX0HBogsxZd1esbjE60kW3Y6QacMa8CQ==,RoXtPa8NLZMrckRJ84FwlG9/vX2WvQtM8PStHya4P3i2CY4lKGG7HjdhlILjbpQ=,cisonywhKwXHn/vf8gOq7LsI/bQOI1S0NReOMRoqB9M=,oU/L0yeeHKDsaHHhYBT2+ZPBdSIc+HyiaViJF+Z0hQ==,xTX4UyZJvoydnzOqrW6PIZ1BwSOxQESLnP7qlQUo,9aC60gehTlNu/wSJJSBlxuOBadXAfbTDqxiqC4DphCw=,E1irzviR1NwF9qIo3+X8QX1068mZ+gaF5Z1uA9KMigc=,p/zKqV84ktd5KnJUZOlsAlW9MK3ceUq4mb7d+ss7
cFNlKQ39ig74cEndd312QY2wNRbbBbrFjq2i+/aV5WT3Xg==,vjHtA5jDXrMEZv5kZLQzNAtL2kgtREMy1s3xICglbaTXwIeOhg==,wa2ZIy4w7uA9s4k/FiXiaUX4ai/oDNfvLcCF64ZPU+BH8O8VOBTZk21dcmPBzDI=,nov+kGRHxpkw7/xakAnE6UD4uPBIKU15Kp7HZQUczAM=,qi5Bb6nvUIuxUr92IIwbd3lf9C8Mjg4554s1rbo7pA==,2sPPTWzcdBwW1YdkWAeRwomS5xr83nZYcjZGjw8m,6UsZmv7lDOsdUCXW2iXCelp6U3USQRxxoPAyNUMHsRc=,RTZVTQSO5Fp2m/jVmf7nc7lJrmTcMBKiNZ8zKhwOefk=,Ziw8D5VPP0AM/6YDclXbyd3Q9oWNPrsOgndBsQn8
NVBxmKeL/TO21hf/WbhFGhEZi9IV7yaY5jVGf1ZRMiZEqw==,R2KaVYtBFBbn/nojE5O0yzdq60pQVNjmDd16XRDxE43IIKfL4g==,XNbW3/Ov4ICgJsOQPe96Vjz4Q9dp/cQ1VcETu2dgOAUSAXK9HhfzuzLpq4bjRjg=,l4S6iOy7PLqRisVrogiOvcZVnYX5hhRIhbQ/qmpOJjI=,XeRykbOCO8C94Nyokp827xQehr/M/P39qPEah7D/Ig==,bny9CemnSNvcIhTWhMPDfUurRerRNMntCTKsSLdX,78rhlujMNRNnoOxWBh/K+ciaUIz6AnfXgvDxsmkFwf0=,Bv8AVRfn6EHNkc7mMw65pDl2wnBdY2AB2EcfSALgsKE=,0y7rZRD/eQlaEjXWzJxsktatsnIrx/o6A2zpdMRR
PPfIDcD2Yr0ZSIzLbjHETgFscKgHXFD5esXst48z57iQUw==,wHYe3vhB9/GSnmsQEGOzAbYvAJ/uPYT7B/58xno0DR0mtaY7eg==,D2i2P6p4FbrOCDb+8AuoT4UDT7PC5lqb50uG8oZUYImF5a8WatJ1BBq+BAgZJP0=,omWE5jRJDaPm6/42vJEMJbMS0dNZIWeWZI0QJ47/FxA=,Ptu1ifO4rLFpF6LNmRbv+UB1NQJSvOJZe+NsATip9g==,jMFbVhHIicG2E+GWQEu9fVtxwqxRAefqZRTqxllp,vQzevIXYd2fQl+WhZXTIRY4I2LwrovvJjZhzLXKLH+E=,NwuZzXFs+P7DCtWdygxemvB47cgHDnlIAZlCQGzR1Dk=,MmakiBqTCGJQHkWn4PdhiV942VBo9/oh5DFT5dUo
q0yoOAshLvHwOoJVMjIBsBkkOLKY5UpDYXIAWb5mvEmyUA==,/Ugjksl/BmqbMWQCkId0XAk08U+yx39PsZFXRLAQYz6ncauCKw==,NCc6VHW6FAxJ/R8aMGNoylQ8Sz6ff6ft4C/DCTtcWXMIrod2vGRFZLqNjc5VLN8=,67GSJnKYHorannzbz7ZyjFkK0oTNCP3cA8RDyujEPbc=,Tl9sOotwcB5gN/tDFxgjq0REpf+FNd1kHLDzu/P/3A==,wRUqzQZ+tM1nvrvG05bpvjOXAUxNtFfR6GeMZ4zJ,6Y9Kq7oSlmU1MUNStT2KVyUMgKy/tK7lXK6pN1bA9HI=,OmxcUUoUAAzDq2WZZR3yf5stMR9khh/6HRa7YOrcfB4=,acu5Yo1GguyQgJiBCvkEXs8E2wsU7EwIlJJoS/WQ
z8Ibd4AdYtfEk7SbosIZZFuBPhxBuyeHxpRTJODGtCqv3A==,xc+3AJe0aZtZcg0CRdbOM8xcJBx7Nml+tZiPqtNSIdC/69VoXw==,9f9jloKonPBXNDYOtS2hhRVSOD436zvMAqpA2EFGPoCmywxGwUYC5Sv6iz4hGA8=,CTbqabXAcnhJc05XXk7os7CmmrEY8A4TEtr/1hPah8Q=,5KPP58hr25AG8gZZg1RgBr9J1z4iU9Xy9ovg/uKQeQ==,gNnKXYQCfMusofIPchPADswcu7u3bih0PHShA6d3,jPcgfsYdTkgacOOYSAlDcbSx8ak5eNxRQYz6w1NuWQ4=,Rf7ef4uzuK4KI/P7izlw3lNk8l+VqHz/+dVRuH7nZZQ=,wsza54gPc9hIJxaZ9aW0wub/7mJSZsecay3O6KMI
z83EPHG7ntoA2KaKZlf+RtpiFMZe338s9EJ5vycvXoPQ0g==,y+HMtOzn1BpUgTeHJl4IolI2/Fo36UxIhCEFFSgJdA0aT1PzSQ==,IWtPp/cBX6nRB6gvbiQF+nsXt/7cOTdMbFnI5Ffj+xooWc7QEdiRYFmD9nXxlYw=,2ZZwVHohK076VL4cxF8eSXQ6im9npI22pD5pNfCL+pQ=,RdBdPjxz9RDiL7YGN/Thhrstldm1p6WG8+iw0nZrCQ==,yiK7aNRKh+o0FmNNqVOe6PjDJno8cGawPBwB1stK,sOPZPhCVDUvp7YlrOcMaxW2oMeWKTZzWtxsYiRsBvz0=,GN4dYwKYljbaJqrACW8j82N0eNdiWoSi+DZjv6tY1Yg=,CXPtsXX0o0++pwvHyuUYtecEMUTLcCBjxorsPXxN
AA62+zPQG9Xq5ZsbNqaCkpVuIdbS8afoWW9bH2kOycHShg==,YWtmI/eTLnVm4nP3ccyPozw8dxoyVp/GZQ0NwUAqnQowG0Ding==,s2X2iinDoh3cPLND4kxNtFf0HWiKxnbLPLqgI8GI8pr884Zj8u1s/9BEKBiDJUc=,i5TuUQOM1ZQH7Pj4H+8Re8TTXzyOt235R8bi3NognsI=,qDGUeUPXAv1Kv7aQ2AHWlW/Yf9Vc6Uh/nVQgTp1yVQ==,dhksu8Z7103GXdVRVApN/fa093zPlpkij5Tw0aiy,dDS2kvDiQlJ+bxHVB5R62ONXfuRU/xCzuMVOC4wBERc=,GqIsSMrX4PzFM5WXrf1J2KtVWYo4cKW5eo3tzblYq/g=,O4BuZdHCA04OVWf4mJGG0j89oSh/SgfKMjWT/Q0v
s4enxNPI96trrdiysDfHKenoUfXxTbMYhf+iRABeGrKgsQ==,Nx0exDr4PoTnOtCPvSCAf8PrHNUSsdZOyZHzPg41WkJVkttg1A==,tCz32UkCh/KQhSx8VJopdi3X0gg6lSC6mzL7TtKCYhkpVnrW9cvqYQkHgD5JBWs=,Eajx6wIIxyqtUtRGQQIKIWAz+g8wtDrg8caS5kCgnAs=,TCdjcUSbArzMXHH456yE1b77XCDZ0rTzAVyTs4oaUg==,BKtku5nWO2161JLUIRT3mOXP5xymvd1GkNibeOKM,tX1rmoMJLNfmksp4yD/UoyPVmuz6rxyIrfat1v4yRds=,ad4n5PPWQAkiu1F/cOsduV8TtLZF4to2vZazdtwd7Vg=,J6sPWVQwv9m06UC/2qfcNK5UAGjCXKFNYFtu/idw
g64fYNKjC0c0q6y2je8/yTfl1uuH9VFhkotKlERYZlJZVw==,nBo5Vik94szC5+JjbEIFZTjkhpS2Odv0ENa6agSKTWAyS6E37w==,TEzBIkHL0sWD7d/+DLrHvJ6REr9/T0KOZz/1Rl3mHorMvKq9W1Zf8jdXYBfaC6E=,rqdFVUg5fC8TAlLFikQY8X7xw4G6WZ52BcTE11XejYY=,njcne2ZrOYPoaVnhsP2xm4EVLsyfmN1tm8ljg4V60A==,MxMeYMSLcEpDxeyMv914fhfK/o1Iwvzh1R964yMo,rYVVrnwLpv9F8r9ytYSVoKxlGb8E4Ispo5SfE00sr+Q=,7O6Bm0QuLX+jWngppxk0vA2piOgiqkcBr7lajksXn4c=,lZQtNsos+9KZV131ewaUia7XpJe3xA5EF9zeICCw
b3V+FodB1v97+Z/Qu6AOUnfaPHD47I0YKX/o/kfwbJ+Nuw==,nsItBHMLnaWynzeVNxXmlRJWqtwLRPlPpI3sVZxtpaHVioBBLA==,sjc0JURNqrvq/Mb+aMdxtfOPThJS8i7SWesOw/BEtj+fog6WD9WPSRJRVAjz3Lk=,E3uG/D6YJc2WRMRqNU5NvF0/7aiqgxJJidubqDwldjs=,te/iJGPLn/0ppOzZR+CNdsLsrisFsMN6aBwNg4D0YQ==,OJIcGi22Rvxo7miMZjfGPQGvfnDvTQFdaet1yd7e,dSoBwkvz86Y8oLHOdefMCOviS+g+UJRTl6vUfPe40ms=,W0XOPGI/xUNRdf5ZFcBFpcXWir94zVuIM7pygPoSGbE=,Hq9bNXHAFAs30T+52r46YQNKCa+vUYG0cuDXrJcU
PLliin82GScMZeEyNWq6tG03Pw/oCDIcH7cU2VqqRwSAtw==,hG07EJmCkNE/ZJDlyU1lcL9vE2/QLglK7FhP5EgEmAjFhCF1GQ==,CaCWWpc+kraqZERIgpWpBm5h9XmOgx0jsEz5sEZZ1BEWY+BOE5C5Ee/2xUlf+g8=,eiMcx6+11R0x2Ou8v/xpidArBwF9QzioPSuEZEh+cu8=,tPVyGf+JXUlJ1aGsbUBUG1SQi1RWF8DGjvNIGt3vDg==,7DH4sx0WdfwxxJNtnF5MEHK0W/pV+hb9xnOE5GAL,6LLd3OJvwfUB7+if+cL0N/U2pJkzJPOYbvAT+/Vl6K4=,v2kf71KVY8W11WGIhdkgxe+R5Gd82kXffxxOm46dhQQ=,szgXFZMxEZaFlT3XwZm7XxHWMj0eVhrdQ2WIIKs+
b6wMQxfv1cj4IuAwzAzcHEsJPU/Iq9cvRw5NzA2Wx6j8Dg==,W3Y+xdlILRiw3knLY26i5p0G9X0IaGHh45aph+ZAZZbE8kcBeA==,5vCrRw3sEzEt13/goI0dU2YMHJUU+0yifkkJbFLqcbIQZZ3bPaDSisWp+2QgD3k=,dIaN2FQhffEqDom6trjmpFH3+67s8poQZwL7+c/XhWk=,1vjA/ZKPN8L9HZuAo0Bdk24wiAC4ZIs9uEPDrp38qA==,0kiA89f/HQFsAvTpD3o182qrUviHvWfAGHf1oTWY,DfJByj+zp2+Fd9voNecOU+awSXcZ7tNKGZ98BVOZri8=,kaGy7sRMbOskJ8x44dfQdY3IY1XWQgk5bI4sGdQxWJM=,pHIcVc/pA3iLYNLcuYlO5LunHSFtFhHcZLjdHM+S
6t3M2Er0Yj8uI2tfLyI5OUdS2BdCildZv8nbjsiU+7tZgg==,vWOBz6P4pJcZ5A3sojMe707ls0vWMWzLOFGdz/LOc4fM+LkQ7g==,C/+XB+8XhAz2jhEZThfytujCvLC3ECDshQrVRecOTPT56NvTr+rGlj7mrWjVFyY=,MNcwadE2K0xGDnv+AbMc1VK4BLZ+Nw/864Kv9xh9DvQ=,yhoHwLdAFw6MhItsk2p0qtbzKjqjM4v13jeJ0H2qjg==,9HYAetZ7mtsi1VqcpB+/fj+mF2VCPXt0bQxBBOad,GVBa6aORESaBZpfq/TpWcIegbqBcso3Rx+3Pq0UAuRos,xe63psW6y+JQg2fABAhOuPTg1efjlOIFce08OvuCQKE=,Ogdz3D8kiQIfCcuKIvPNWwMh4kiT52sFVJDrmZAE
Vi3yjLEX6kxG7V6UTnvJhPd9NNqd/496aiBT1tZP2LCbzQ==,ro2Lyvhs+3H5itwp2+6Rr10qmH7pOmuPAqo8pM0SBjcU1se/DA==,ORfIAyqFKTiqNguPUbnEpVciJBpR5k7oqQToPZgI/lSP3sce0ZRNcFnieSKMgIA=,Fp5k3yOFin/3kHEx7cK35Xkzkskjb2+acOrd7k2qT8w=,OLWUnZh07WUXO8KXg1/Eorl8m688HRee2dLEkuUcIg==,Ywps160AQKuxe6bTBY0T4hiI5esePlNR61iNDvyM,HV2vboDBj0xC6QtFKUJKCAOMQQzlEoljQp9sGNW5cYM=,YeMJ4zYxNIoGRr0Zd3onUukzFIcu0g4fw8IbVWGzayw=,6LBI64sYB9Hq90YGed/FS1EvPPdeQitKHbXQzesb
smg1cGbNVpfg3WsgWHslrvcbmrfIK4Qr0wKQqbuUqQWDHw==,ZNrlmoBWc9PR5T2WjSb2VMCR5m2lM5WFHiNDLUGX92WJ+wAbHA==,5xx/bmkHkrJIvZP92UUoFLbBM6bPZ4sDZPEWAx+cZ1XSFylKeZqkWuQYBBIGza0=,pyKRrHdAcn+Yu77uE8tgYZXyPIY/kZw2PkWhbzEbM5k=,TdBje/dk4MG/TM9Dao32DOc1MP1gPUCQsg/fX8ppwA==,cdrVCrwrWGxtXXGmbfCPJk4e3lCj5J8K2/xmqZck,MP2oXejE3FYJOYqKULQ2bKXZq6H+MaTrzRMjJM4jwTEA,OGGRTnG3ArYuGz3p4NgzP+yXh9i+RA7K9kfyZe40zAQ=,8B2niO4Ag9rw6TgfEKNkF10PxTIi25u06Umgkr/R
6H2VIoOsSVqPWBUFQsE2A9/4POstv9unlhpyQjO3WS5WFQ==,M3oTo9Z1Q2RVVQhP9muIYuLR6gVtmC1ATAKlBUj5V2egpKrDeg==,G1yLsCELU103XiRXPovSofSUf5Vs0cuHaieUDcm81GCSbfRhfLbtyD3Y54A4d7c=,zZ9iviQavaHZbq80QxcUM0XXl7c+jXTuznVpkycynVI=,9Tr4mxUrdBWpAC3zqnCsvzlhgFbttbb232TRTkNhMQ==,K6N6I8WP3funYBEZ5GPE2q2GN/WllI9aiAoDQZma,A/yO/JpQVvqAoA6iKrDWelvOAoZpuNXbUAu1AdVNTlU=,n1sxadBOYQz1aHA+a53vUQ7gxIsiPxAYiRciopruKkY=,MUIcLw2rAw8y/OFuooMULoqFk2piEtK5t4/mo4ZL
YXrDCKWTiJRvS5aaadQvyVA7pgiTbrAjiBWHsiROOqzo1g==,HgecNMd+XZqUcrjstuCUigwICnRqMCu6GGpkP64k+3UPFA2kug==,WtN/pwpeZAcIn09Oq74ZCdwLIYXGCGnnbNYHzFId9VjbcWyXIc2wRjB4WtNqF9o=,PkZUJcIXjJ2+zrfVaZeJjdBSLJKxM+lFl/7rBntMImM=,Et+txOZ/uHRoeS5EhP1uk6x2wtug1Mi/AZEtqnq/fw==,pfrSs7DFx1YXeWP0zur8FkcoiNiEKrC5uZX41Yp3,+StXV4cDwnh4ZTKbZ/4KaF9qhLFxqPNFNDmCNOfACBs=,Lwgi+OCYcwhR40daCCNKCuRoajxp5EQm+x3oLl7xNl0=,6Zu2Vli1YxoYYvJloHNUwURp6hYBie2w1W6SYCEf
6JYAqwcSJvX/k0tL03G72EnwsJXWIGH2EHKyl+vG6V2ZTQ==,gP5Dlocqpl9qMUhxmKZcpWsPelfl/PgwajrfJuoGdjrzc2qUFw==,Sh0Tz1DQeio//Q5SqVAM+l5DgAbcWvdFaX0pIIT8TvreXf4bHqB45XJEUlg80Ko=,CxXKaufsHM8eyxr6vA8Egg+4wB/OpqenaebWPg7ce74=,ss6fqQOS8hvBGLu5Vv2k/korjU4TqS29nhGAQwA5kQ==,asNLb40tkYvNj44vCQpSiOzubyw+XN8xE7lQ4+RA,MsLXrCTWQI0/urnqoEPxLbQZRrwh0LPzscW8xsO2DWQ=,X4FTo81C9A+Kw/2X2Rw0UpiXPvwy0eLgkLdvEsZ+ngw=,1WKbb9Mxr55Pr5HYSKrZ+9wJnMGqj49BnISxEYz+
yK84qvoc+i2xBgF94XmqeFfMmojA1v3rKHvfiTUnzlzIZg==,7/pSpU20cs53oWMnh73MB98EEYwCTX7LRNe+6XYKHwGu4aTYyw==,QLn54I8Yfbfw2AyS1L4qXxEQUrGi0mKcATyaoij9mK08iLa0o2xbNI93WYytcPc=,/54gmIPpz0qqpfUUS96xn9s47nTmD5Pd1oRyRj4mF5o=,aYYF2L0Q9BGh2cEr59LRYt4vtUfSLIRTE+ycw9poog==,GSECMRHZFi8TcUuB55exWTSAew4eREkCcDiREc0g,Natn+/kvykpELPHxtTFzo8KTWcuAgmamBsTTOA2SDAU=,EtkAMwKN6I5u5oKJD9c70EVwmeogyynxwcHKhE601sA=,wxTl9EC91TEFYyI3PtEr5SIrFuEiALIwty7R/puw
+/lBThXf0gJkcnvtUjiL20BmMpMU3EuVqrFgufvNRQKp1g==,4MK2oKRK4aGzjIGKOEGIv3tGSMnQjT0Skqx8DCUNci4P8dLJSg==,QPQCMVbl8O6f/qA1Kz1ep5A0meImRf+XUzhVR1EHk9Yx2mx0YU1fgUgiIBWUmTc=,Uy1gAtiuhGIAD3B/57yS6Tc7U3hcJUs/oRpWSbDaOFI=,AtuTJ6ug5t2NMt5Fq6f8tDkGdr7cZxxm6ONAmw80yQ==,eLTf09dATGOc6ff1bjO+UeLDHZeQTq5OyDqyCuzc,qF6KGcDBcH3Yz9L7z0r0Z0K8Delq0zGhQTq4KoiuFag=,GsUAdxG2omlZMx6qGIcWXK3/MGpwXsVr17zK41wf/Bs=,MY4u5K+DQAJpub6Cjr+VbmRUzvJge8HLH+8+ctSt
KHDZzTcRcvyqRjSRnuyZfXRsxBS/n0Gd2v5YWWiQ85yr+A==,CcjrZ1Ru9P210krh7rX70hX6/AENLfnH2R0gzVxJ8Me3FWDaOw==,4q+RftWXIBrcNZ9iy5Pgp2RJ+GQFxQop/+n48XxpopKfsacDKDY0eBxLhpmRx/w=,nh3IdD400audlfi7LRrZy6t0roN9jW9dIq+k+sxUS3c=,DwkiBrElqANmijHB4B6O0HHw1YJa4QvvG6kfpwQo5Q==,Q6UpaoEi5o80gZG45EKabeowXq+NgLvPBOs+fcWZ,jmusVe4/8C2UT4/EFIgUnYmmItGduTIic0RBfh66CCE=,B9W3I2VfppZTKWbbEwc5p7BI4boy7sHiRMMkSnRkMV0=,rvvgQNw6YzyhwFPXxkMjNMlVGcVnlxQXVCj9Rz7D
FvIzaMOU1FZK/p9CygnNU4mKHnYk53R/7E8cWiCoLC4zcA==,6iu1diBWLWib1CszzugDevTS9JMX5MSymP3hd2BaY70QzteZOw==,HDRONMnqf5nRKVPMZhWVSwSw9ar+ODFpY0g7B1XNNGCfkkBvCxw4xwO1ATgqA94=,Tns4i5kJT9xIXGQrblav20kR/MY7QPMAnMorynI3WUk=,eB13x2j2DMmgGvoLIbkf9uTkW3i6wYfELH0uqt6fjA==,cwZoDnLYvOj0r3dtgRfKr8XxpVdpsFm0f2bx7nWk,Bj76WmQ3uvM37JIOhbN7n2V6Q6WydD7lcKgcSixaa5E=,21ZqDQ+TV0KtPyJTf0UvisCktAqmSWa38rZPVyQufLc=,ddLI1+g8bBB5hbVCAivnf0ZHE+d5Lo4vuoZ5hjZw
2Y4kk2PYI28PZm7cynzVEhfPaZUkFvJew/NoGQfQnI6DJA==,75EID4WwWzCEdgpu+RU+mfxkYu1RC+Z3W4q4hKPrbED1vQW8Uw==,x4aSYDeME3M65fCE9HWxgaeFP8/zrSWcbX1Epr/J7FL/ltmL/ZKAfZ95KlIPPxA=,f1Ob2hZXJS/LRqYHup+7DnRRisPbsDQg6z/8Z4miztU=,uS1uDAxT9BfRTEEGhMXu4wGm3/XFglqUODa4A3kX5Q==,ab9hVlsycL402eBtfGYe6w1G+UlY+Fn7TGlBrPQ8,35hhyZDbBokMQBAp4O0bNgF7x0EEn4AdiS81a2qg6tOI,w7nJ8NYwH8GKDFg7F3TWedUi/8caJQqatEunA86VKRs=,p0B6dmk6Kx+RQzVEhHOipP5U4JfFBq+aU2LvQoDD
vwL9S7vaODQGsYkQ/SjDWFGIXxHjHtaGyRmsTvp+lKdeog==,x2Wkzcfj9US8ZvB3t8uIhwN32VBPBiEB73D2NifjZBtMCvkBOA==,GoRAPJqgliPCQyhUr9q77wnScxAM0y+VY6IeA0pzgxVJurOA9LjqBxTm4lk6mk8=,QGIwyxq8WBiLzrMgamnRpCRb3nRnTXqoISVx212FFds=,8K3cS7SuLZxzyIVmKuFAgCbuZf+CMNT3yygH6tK4gw==,zLmJNommN86JpOkrVbmOnTj0PCoH4EbLRdqhGEyy,edOi7LoOYPBdQF3dn+TZbxzN7vmUZpCKkG3uOKQDvFA=,XblQn/hRWKWZCDNlNn62yhvs7a6FQwqgsLyuLXAqE2w=,eJHVtIvuGCtNI60fzv+I9WHU+UKHKi623hROmeih
q3hoJ/NzABk6oN8woTiGkyfV8Dbh5MqVIRz6vemHzct4xw==,p1AuXuu/KmJckL+5bcB2heC2wAYSeLV0mYj1T+gntxffkoGM/w==,MgsIDR+IQLpT124UjqBaJrYXBr75H9WhVW1ThxMg0yxG+X+q5ymHsdx7MHIC5ug=,4jiliTRbZnkGJzjYKou+JjAfIohfW7aHP0YJsnrCEy8=,qBbJ1o7Tu+Hzs9GwUABvGnBzw/O+UGwu0m1PQKRmow==,NXZLE3pZdDgqnfJP3kss0oviaFOofFq5SXZrHy+I,3j+z4x3yhZ6ZZQQ4P0lxF+XVQvHMEh914yDZc/9WU0k=,AEvjLMN+7jiHIDxoNSBWMd2wcgy5rnb/0YD9+Ph+3ZA=,eQhqs9bEZ5MYeIq9/CsCxsv2qr9qTjxR4M3Sriq5
68j2d75MYGgUmKxIEnfoOixHH8OxOa0aDV5XQH5UKLaODg==,yyR8GXiE7KEJlO2xRP5GCODJLzUhfjmrBFu0Sl5g9gMnqrUspQ==,289gQ2m5ZkPfYl0iPbpL/ZdnBJmDHBzQyuukBgweERg00L/QNSha6sreE126HI4=,D/aBY55kQHXSBDlqVtinXqkVrARHJ7mecGR334lg1ME=,4aGZz52C+0YT4T+2+QW8yOJn5Yj0EKPwjJOazWj1MQ==,n/xCUMH3oD/iYZ8xrFtGS6qjJYYey1hFqYAvlIhu,igOFnoRkfkotw3ST4V46Su7nZ25rHK1prPKgP2AkAAE=,CM8DWUe0MkRJHLRqUurTLWWGCcZ4s+79VU3Vp973q4k=,vsuBXGExw0dLdHs9g7aZ8KMyQR69qcnrS5dDlbCV
mr0cDuVp3TyBAQ0OGXvY//Oc+uvDJel7NfApEvskMhWXgw==,R7gJSOTwsTG5KQBHXZnef19VaentHCsxxJCZKHcTPAN/pOIB+A==,O4MPNfVvqU+sAkZThMazYXdLYAi2tlJRLkaXICLPfe3nT7ZSTRpyXcdsralFOT0=,rLcuWZV+xUSK46PXrAJ8iQ7/BDT6xr+WHAALL1oAEmU=,DDas+3o8w3LnXqYfvXapek91y2gTPFFElJ8K47tzLw==,jsiSacCu6R/DygI/KFBmpNgylMT7MdzWrpUvdFPD,qNJq6/c3zN3fym7FLO2Ekq6veKiC0axKfx5LZnGMmnLS,iNDkhY2Em4dVD/5eVbfmQSOPWVWz0zQ6rNOX8mrrv10=,vn0sv8oFDWc8M7K0SrsYPPHQh+dlezvPPIYTFWzM
jcIW5q8SVeNKD/6phaW7GYi1Bkn3mvSU5kx8/P8/vU3Zeg==,OgrNhcUeRccAXlV8VKZg0nAW2+bXZ2l90S1lKRpmpDg5qplsNQ==,osk5X3cMfQ5vmb9y5dnNNdE+vBZbYOGJP9eGDct63qlA8hQZ5YnY75PrjmmNtNw=,fYN6+WybLyBpKbV45kJBU5fCLY+Gg/UraEln5SVZwVo=,230j7QQEpYP/jXmMyYwqdOce9ulvWSDMPZtekTvdZQ==,DMAV9K82wbLeBhHzOErGLMsw6xwhPZrxRJI0NmnA,Q9QQ+R8qxciz2TyezNItIah7CsWwFij+3UbR80OBCzr2,3N8rU2Rm1kiOvtwqPLBZd7KV7Ql+0Kknuogdndvs66I=,C0yZY2COTSPkvRT5uPyaZHJV+cGL5Vh3Kqu0TJXr
dmVNDqYvfRCtgKsLylFSIKNzsDFVCNTjaPrOCHghJnu0jQ==,9Nspvf3mAd9wKaZyJE4yUyOT4kY6EUIKmuVv50LJQ66TbyZ+HQ==,GXgNHORHKs6gh9hEebDSkQhSBBf2ughwS7DUkIDY6vOOC41BkTk/DX+rV8nQUSQ=,UtwJzk0KYmCGFuaxG518mlpD+YHPE9xPGlhjt8nSsVc=,aB5b9/gruY4yJ0DIkzxWSpiRqlEScuDf2SnbS8Ho4w==,hpN6wT+OUOYzHrQsWFZDTV1sbXdJfgQId1E71ThV,WNJwpu2cPEZwlUQt7kRwliCynJz+cGG57M+L6EQBrh4=,eJweMVMzyZuu6K6MdeDmRVBS4SDUO/1WXG97OwX6PSE=,AIGVk8GnkHFmIIrNtVAmatkQibPbw7a9ydSemn5a
x7U/ArAA/73xjkD19EqxyVOrBdUAgIJl/DVDRDXq9zM11g==,3SGkZiI0XeK7x2lTk56WEoio6IGFWAkNaTPTXdNb2O2ExP7fig==,IaHexSfgzUaoHn07UurO4Jnh+3ab0pnaDow+NUtjkOd8Xyh3nIFRcmqA8e9wB/U=,qep5pWGM/eN6r/GJT0f3B0Id/3q5KXrxf/XKXGaLdBU=,c2D41gBBwtOUAG6cK+scgF6cOXhH2xmaV0HswLs6qg==,/Hh5X/D4HIK/V4LcazvM61KiKbt96HYXU9TE1kZW,AX0S2BU797SciKNx+jgITQbQ+8eHtLT//Atm+rxcSBw=,taANWF6d+fXZNhknKy42KINXVtPENKMuq7IZ+ZmU/A4=,86apeRrhvWz0ePNIN+L4r66Mv8xOjIUc5H9OgYuU
r7klN4YM0ul1pkQlJmZewg2oVxe3SR583rdf2HQffvcbVw==,DSJY67wmXrLTMDwRZxcwML6bzsD/qpCoVfJXTZWv77QxUI1WVQ==,i2vrdrj+AZYkMpj3/i7T3fKkCVJfk6B7Mw3kG8oz8QIno+SY+FZjthhfNnsGb6k=,89WFDsrYN669tH3KoYblJXaH3li0B+awqeZLiluiTIs=,ImhxAAAgoGQl6E3xIrOQMaX6cCXpBQ4I7dGM9Wf3lA==,NbZNS2C0+df1epSD6+pWOpsisHdY/zFZW6xvPiJD,YVhAo5atNjkgYkyLqjzLj4lvirX1FPVcjBaaeDvR1h0=,80+qr5EQgZN/5NenyUeCTWczi4l5CcU/7K+uGZMKKm8=,tkCn+cusK3hj34BAX9wyTi0EtZfaHBUvulewwa8y
I0X2nb6IQJwCOtXo8EUpM2kqLkhvI5DI2yBmrDt5N36BKQ==,MdpmtPC/CIeKsiMkHst0Q0p7XX1yPojIqvCz7iYPSiDV0aqsKw==,PfVOahWzxktAHRQu1en4NXFx2tF44NKFFiALG3Qe/57GM3HTPjY9U9De1UtLjIo=,cq+2GiXfDMYuG9pbF4Q9zT3IcVUyB4cUcLN8m++HW5Y=,b0RCce7GYPoliezdNJ543pvk9xGIivrzsp1OsC6/kA==,H7xq48SlYNw+kIqK/asdVhyDT7Pnj6+0691fmv6x,8goyCcCPdDED6Tghi1SuftwURW2Yw6wSxz4h2Wl5+68=,xLmhHGxa3gS43T+zvLklFJ1P2xFjCV616JYX7N+eXD0=,oS4S2qIZSbHX0p09Ftsrbsn7SOzz6KMXFJPTjh0s
MoPFq2dF9WxshzxP9Zd680nzOpu2larhT4xgOdEo5yv5aQ==,TBRCngputts59/ESlp+Fwi7fOc8IhwwY0S17e3XwKIXDrqZDxg==,09Lts/VSwNLri83rKz2JbY8vpNo7/oBZGUqjAvLv9R2cK09il1CpFlCXCW1HKWM=,7I6Hc+Lhh0Ia0ezWt6lalIhhqjTvCgYeV+Pj7NWOrgU=,E/quqDlSS566PSzcwyCoaSGQKDk8aLiVibhSs0QO/A==,eXzNzG8Oaxx0xtBff/ML7c50snwOZxs/aLGTVDgi,A1ZrwpQQXLIXyV9nGefnbRsKDHLu0FCG1+6K3Zi/3+Y=,NM9SLpcr/yDd/a3Tnb1qxQ7cUmQQNXnQEbwJCLSzsoc=,8eW1l62aZnrQFyxEASCkDMZ5CJKwUEThKIwaVrTv
LSkBETBO8PgzmKztYzSyWXaxVV+qBqa8EA1j8aKKqn7v0A==,xyRkfVkLpZw+T3mZMWDLWPrxWWvGEhUdbjTCzPACeDswtC8fjQ==,k+Covv2/4b5WOUJ23py9+hBoj8SwEs2YgLopLBYe/fe00CtsyndQ/8bvez9vDwc=,HozGPvEMHbGyCX0LywCmKESxk3a/CB+lQUq/yE+qPPI=,SBrg592u/uhZKBLO8za0xHK8EQ1En7i2BEMv4cPzfQ==,dHgEWpPYPKOCetQoVhleAz8ca1WFNVw0Mlsh17hZ,A5kTU4B2kewRA6i5OZewnZKfCw5Yy9sXM8E/0W7jVD/M,L8jQVUsE0eKyiUSQCJ7QQCbZy5PQw5uxGPqRuJw54KA=,ndVS8ujUxDGluAky7IdeJfTzTtpuzEBjgc7YN2V/
zp0eXBTtZdv5yZGy1q/15EuaJa6//DXeEDboF44ibasp+Q==,EF0Zur+mT/1Czkei9UeK1KpESxxEjUUPknba0TLlHGO8+obprA==,4foDaWmj+KGj5PWy8v6tmkA852RS/7AhnrmnSTL8P9ALW2AEPk0wQn2DyMuzoUU=,DWh2gKhaCCxCrSh9T523LcKZrGiZi+LZTFnV6tca2l8=,JjJdMTDms07JPMMAXqIbtAP58Itlr4K/XbITABhY6Q==,LizN19Ggsa86YLPr2RtM/nmipsc42zTSr0w3D2wk,NuBJLqoru5f6He7FxLLf2hbbn87j41Exk1sL6Rm4gW4=,2duDftX6aMw9IHII+H3+4aZ7G50N6LCD07k7oNKZ6PQ=,b86Z/P/z6FH0H6QGz7iD/Av2v2QQ3/p7bMRE4+EZ
0nCMMT0xBNRDS01hVYrxaJYjFLI+P4KG6vlqs21E3/d1og==,Yvx4n0iIUoJqz2wJLV5qid3xKjWhkoE3GZ7tJwFdoFLzvD1jjA==,hkERVtZSngFNzp+qUD0gZe4bzFz6yPuCfN4V9JvjpqjZL7ovBDKrP5lE3+DXWK4=,Fwd/01rriT6Ik7vejTYmwXBUAi2BdJpr++/+vwhrqgw=,bkg6uG7rH3vGEbCTHMVVWWyoZdaclfsttWvzpEh8fg==,z4CGgfSuxyty0rBJVvbgi8W0LiewAFZ6qyxCgN0Q,66Xjl6ZKZieO4tAapSuZ3p5OsicgB3PHedhYd8ZtqyQ=,rRBcWWxrhYz4dKkxKBgZ+JOo09rNRqoN5VMKzk6mjm0=,HejURSnuOwLzutuC1PAXf6Vs7kKP/R0WzgFtUEMQ
Zs+tvWZOctX7KhVAQyTRzDp+wmBTkaDFkPHOQ5e8UqeUlg==,1+/OI6deuxmI5yOz2CkUfgMXfxieoRl5h0IPVjGF6+7NuYfyYw==,XPu5/cEdwVKYhJcRpf6o/izzaEpMcYB7hoALTFKsWGUh/N0s8t5S16CONTm29Fs=,+Y6OpYO4k6V5jGBWq6l/PRXY/0ZOSp5xcTY2ZjqM8gw=,M6nc0pwkdMc7M9oci43TvSoRFuJU59i9oeTDoC3j+g==,IINXDtAovaJQRjwwTuFz2y7PdXeJvGtK3A5RYxqS,48hYoaj/ZG5If3w0OFnsmJtH68x4I4tJcblm8JAnqJs=,/tNnh+g+kNud50O+46YMa9OTTRETYTlC/upnjYgx5xI=,DvsB4qs7CBi3D3DEujsjLzrQI/ZUWmtkmq90b8XC
db4FaLp3qMQqDxMrROMDnrKMe7Na+w/G9/c8+NEB2vozhA==,/mKchQmCa6O/+fKSUcJpZAW8w1tdcBj4l9E2P9fqlC6mNYiU1g==,1d6bdIHSH9Cy75iPNnG5dHnA9uwhP3LVOmJ06wYvhg9V1hVCMRaTaNIzl55Mjq4=,7R9LBqsYyg+ThpURohsaBEOCiC+qYQNL0bJrTNpvc8E=,vZCI1tyiCbg9nndlSrUtaoaPboeuey5imXbodUuCrw==,9F5Kp4RBOGU6mZsWMGp76db/8uHBqE8L4hBJPgrb,05Sz7l+ygTvIyaGVMawxf9FWZQQRhfQ1MAgKFTRpiYU=,E9UqZVmw+fq+GZt36+JcaoGsp+AgPT/pRzEvKchqBrM=,9YGwJUWEZ63QAEEq2GOymVAHCKRXR6n/A+ZxR6vm
AWr7OuYYrihMA1MEr6VfcIl86JYRcpVWUmDF4HmEYJJNuQ==,hHpQuVRcNtKQr5l9FB2JhyKhWz5nbdd8xlgQZAa2A27hDsCfOg==,OnoFJ+zW3V9YVttOWmqssbFWxyf7NP6qHJDjSXSBAvGgoUY2ouENB5wnoZI1hm0=,+CtKYjBvDlKGM5op9+W3H1nNNd5oM5BTOa9vDOJs7n4=,5cIXZV4QAhrDlXIUgAg5gMWFT0ky+8tOMG2M7V28bA==,j5A2cUg5rNaQq38XzA5Gup1DQwA7L8ctk8GmDVqi,dwW08uqV7IFJhRzr2kYspddGPzEk7HBUsjK2r84Xe2k=,4pe0EIl11OOCwy0gK4InctXNf1lwMGFmIXMVcl3No9w=,y4EU43ZGmkFwzW4M/1Ja21DYgdg/CAD/zur/Slaa
vSZp2kfDEjjbZRHzCy0LjHX1C+024eILQATvK766ilKj7A==,KK2IGBxf1YCVWAWn8cwPe7tl01Cvz2vUEZUs9bqir43uk2Jvmw==,dZG35LsnKqn6ViKcFaxd51AHv4/XX54SDKMKQJg0YEEr4KkdDKsJZKH0sinCNjk=,/lSxMs02yElprm7COzs593T+M/+KXht9QgP1X9Gur2o=,AQqrmd+ASpJlQ9frw6l4CgATvyl/5kAPrIcWkY4eEw==,JbPvNcOZpoOign9uhYs3iuJMLU3Obsg4+KSZr6Fw,RkKtH1ptyipSlQt6s0VJLSPsyF8f/L80Lh5GarUMdm0=,RMvpTNQnZu/6sbLJ1LiRTbYr7FTXAujy28mifER3+GA=,3jHve1m//lwdRF2e8xIDYViKKCSHreg2t8bbHFw+
3r95IbEwKdCcZVelNjsnKQT0x/RmJbZX/1bx2I400s5rMw==,8CglGNf1Vi2JxmNySvxxyaITj8ict+J+wtgO9evuR+2izJIHYw==,T6yINWYaeq6x4K8fo7tvmG6B0djJ0yytD0Oud9ZnF4l3VwWq2Nyo6cxY8f+g5OQ=,0QrByzSIW3mp9gmImNxFPNzBBaZAk+AQTjuB59BoZA0=,eTRiSShAVjQ972eWNbtkKGc3UiOCfbxp5wndhyHQSQ==,Zv/aHn48ERYSaadlfmhUFnF2gkWC3cPa5XPP0FFD,pvFJSnuEAf1wm4iucqguG5ap1a/5PV900xRliLWS89M=,Z9SNWa5jaTuSg9PH9IjflLvh8c9BDBj+moYvMFvvIgE=,vfAMp9yVWX10uRf7NRiWXpEk7LCBj7fSMPuTQhEf
C9FnGjDc0IumnzVRha7eG8CnCUAHzTfx6Nwj2LWW71cxsQ==,j4GXPE58WrOgeItLQcC/NkZncJIbOKeUNBwus+mwLop+xR3V5Q==,oiRNvptfLOvH6LVTofS/qJUvLooTIlDfmEls6+GgnM01k5YF7Tbmg7WGZd2Nxwo=,ZWe41yb7ApNRmYspQ6hFBhNcw+Uomg+7ccViMbWf0Go=,C8diz4D9IVI+y9hGHZMKC/7GuYWrXSybRCmcXTUjOQ==,v4c6EU+36XHIm7IxivPG2qgL3LviEUg1jZDUGqB1,k0J6lQBv6ArYfMYyWqFovaG5Wv50TmtWPbc57Kggli0=,IFKCKyYUm+qdaQwqb1m8FxJDnkG0YEJHBf//NQqbF3I=,y54xSCjzAH1cLRehbjsoH5Hwfdxxs9Em+QXCz+kz
ZaMFpbptq0M3WRuv1QMLL6XZjmXDQwKLNwiEzk4PkbSELw==,MIQNRP3vsJiP9WgORo4Ir1kyJy+Zq6Qzr8qVLHnpkkMZRG80Qg==,VeERDEeTC1qA3ndFcmIOcXWOA+1SxM9yPdJK6eqAkb1lJYjoX0F7PDFHBoookck=,gRkHgcwAgSe/o33rgKECWMQaEywPvUOB/ju0+2oaVD8=,orJXjzKgBA6dg05H911R0y3kwFtIJYkglwwNyrLkJg==,n4qUotDthtFTxrF94xUKeXsj7TGFeP8jSEpR5Uc5,SMsaTJY+cSbbJpKks/12KkwAYWaxSPlfjk7XTnMHoxE=,vZm8nUf23WsyMc1i6ekdA+IBmmmF0oLn1+MUzuRbkDU=,8+ODRkv2y39FdJPFFRJVAn3Xc1nKQM70jdo7OZkS
6sdZPCFy4KG/0uVCHn7qcLxhxcCcMJnD0s227wj/MZlTng==,7bV2yH5nnvRl9+SOXWEz6jvYSG9gXnD4hokJESqIkKrfrfGQ0w==,XcLno8OO89nX/iLmrlqLAp0heFIRbYMnEvmStgqPR9ibGCd5bW1uNGSo63h8A+g=,oOjtj9rDE7kb86Qs8nu0G2SkgcWoNI2AGmF0u0FZqqA=,Ar9yfk7x1cqx1vLorNi3GE9w0vg3TfSGhi56pioRDg==,CuXbVdx7/hRDKuK2Q9uqsXAxavonx9LuHnn+JJD6,KTg94f6VM36hxuKY7KpZJmmVcwWN3b5217J53WiRaWw=,IfcsUvLcXj7HoSKe+GIr8jDXcU5flGZ/6qvpCg9Dld0=,4ZCClJjAo/F7S40Al+v2XWEwDGlYrzwhycx/mg0S
X7h3BjxuyuQQJV+aaOSQxfhYtOQD7yL2b0u6XEiXPqBpvQ==,LlqPzZUYUBLJ1xj9yqKo/WAHd3pSaL2NLwE02dSsoNqKnXr0JQ==,4xS8Hi64mEFNo1VHZTLhI0N5AjxruOne4/rJAAsK+J+FJ/lRASBp1v4O/bYwElc=,3mXXlUZrfoW34zI0shICw83J5nSTog3YRgPhLI/tDxg=,a487ZR2HD26TI4EF54FLCstXoSOsJuQN6Wh5NqhwhQ==,Ra4jDErl6+Apvkz/4RiNwmNJZgnm8teqjJZIQclc,lN1EGPfsmXMj3G1S8QzhSWRrIL3KoxJZELbmXshCXL8=,PNYsag/h6CgyFVBnUTvSQGFxFURXSb+Ec2ARbbFRMHs=,PEoci2F7BBWAEXjxkHa5W/rApcRwG7aTqWYnO9PP
r3Dfjtshd9vxJ/1iyAO65YCXeblYdJUt5wF/b4x1vij4Uw==,ir4FXL2Ryu5cJAvJf2giTAwPTSaKDFl08vWeCs2H5e0ihQrkOQ==,YCr4ii0sGY1b4SlO61I61ifQ06uUBNf5OpZ+SQl1dIHoGcu7IAbA3Awhsxy8tJE=,ol6o99sQLHIfrd//QU2M9JY8h71fIorC+2qijM/SDVs=,9f50zqHu5ni44ntsobjEmD9/ColhYlGdF69D+yZPOA==,GvwKMdZ0tdMNr29ZE3ZUacrn7RKcuxeorntgTYID,h8mYYszzkYx8zU5h0x69V+aFWBT3puxfycFLkjB9HR0=,xi4bHv2iAzMLrCc0iabhL3JJP7FZeOELPoMmQPB7jHA=,hKSQU4sCeD7YT+Z8u5lBqTZRnWOH1CumuaB3YkmN
S1W1j3keAy3VmJkKHYWmpNv3XcOEMH/C8SkGHkGoDJQNCQ==,BY509EzPgX6SSxHg60OFHx74b0LMHZdVk/wSunIagAtQN3Hdzw==,s3l/d9VV1gBKAJIQ/mCRiyjGSB734H/Fzlhu9MQCpQzXNIBbbdyN4FBkvSTFdoo=,kJYl06h/qe5uOJLM4KN9aDSMb+lnbRI4QE1fvq5V8Yw=,6jHe3dUzVF1t4Ak/dzk2SIr7Hloln7oMuDkX+6JjnQ==,phkTuMUc9BhSL+nW9mltdq5ZQzp4oTB+scva4QXD,ri6P9IemhqV3s2dpM66ke03+ujYFcpTgPuqcY3aqJSM=,JoI+H/iwaAyqelfN+x0Flt1sXcPKTNuNM16hZLs0JJ0=,n75dNzpgLMZtMQT3bQq+lVQx7g0H8UBR3PmSMN+8
U4wK9Pwa+TZ+ku60/+gX1z8LZCwKYfMqnD48WZ091J3GAA==,InHLyepoutddjMdVg3Q0V9MtQ/Av9GznDzudMULObB77KcMzUQ==,X4iw5tmq4rbE8l/oiV3tMKcXxPF5Hj0z/P5HRwBIOaQgh6k2tu/iMDNX18ZsY0Y=,8UOJ8LESh7vMYohkH8ExbeicyWYwB6qUlwHcEV83uMA=,VQGgk1YN0YHtakbbqZOGWQ9iH3kuem5+eZqQXV0W/w==,mzZ1eYl4iZPvj4s9q7PkSS7GVIRiNPt0LuqMXTqb,PdDiyWn9LUTRgNuYGgb5CNzjlcIPngJsInIr5UsfxTU=,eeYylKno/1vO/q+HJoFUnRr0o01aO8lNpdMvCtB6qFQ=,0GJ1apG6SMdYhDLtige8qJTMfAtcLjMJROeg1QZc
7BJl+AkmGEnYaQ2tqZgMmZ7GidiWXAz/uC9jIttbaDN5Xg==,+Aye+xz6qy6/wS9u3VXvkw18QO40zCyOF4ZngpwAw9GvUMfr5Q==,W0q9UZwSE2/2Nbv+0bOjryiUt8Z90h4VxEvHxauquyIBSFc6EaFMfhVAPvOR9RE=,TD5vzn1wHfncsNSur2UHLhsuE4NdfrbWa+GelT+ZOLg=,+itGX5sjGO+JLLfFIf9UeNNWVc5A80cDtG3AoXBh7w==,c0vyKfD1/oVxoyp/AqO53Rf41Dk7/MeTTke4da72,mGJrF3an5bDSf65ahhLUonhFfmMh4J6LbHb4QRhijRA=,Di9MJEC0unM8Ai1gIM2WJQgh/8W4KOcipU1tBRnJT9A=,An9v9FVAhcgTPY5uGsW1Te16ExAe6o9yzNkgAyfn
a60IuF2BhjdAfOkm66NXNhiazMjrzaKblVhFrkd67nhPvA==,nOyjXQfi/ZWi9a+9mx5jRXEhE0QSqvjIVvo5GwEYGs1Wkas5sw==,z96RclngcM+Xc/QsJ70LuH0Xs6/g4DBzaYjhPV9KJJaf5mOaju6xv7i+FUpZkgk=,wZJAuH3FOAb1q7a0zDRO3hVEU1dBD7QSZLNWKI9wAmk=,0nFmr/cKa8a07kX2sn5ywg6mmUkgOB/ibzHd/CeKrg==,JoN0iag0V91fMCYfMfcTMNweOtfsusbZhye/xc/G,BZRCJQurl3EMYR/wdOI8imnhMDniNFsELtOqAHkp4H8=,cqu8E3Bn6MPYM8z3g/zT1gARZMJBOFQlWd69TMlUQk0=,2JKOylYWwsi5H+qNSenoeva0wN18FgY2/MV8Oa2h
8c5BkTtCgIBQeeZ6H9pDMH2tEBSQIDhzqB9IMhcHXCE7yg==,RTk0RbCNofyrFbc7XJridmR4wMNgyXx9czriWGyqv0VPhef2ng==,ozO1Fumlukp1vyuzTdKnHu62bbao4TJ61Zos0VJdmY6Dk7GKE6s7x2FpEdsuxqs=,prkVdBZUo0dPMh1M3C6Fqt7Crx72Mdcoyd+ORc3iaKE=,AvwConkEm8ZQWLmPg/4A1VoNuv2Zd0CTCU/LZO/jpw==,/w67ycvc4QGlB/02Xnd9w00xys1dHQg2U8PJ51zC,7setMpWIlcFL0oc6uor5BFFZR6d3x5QouJwB8E47u+s=,Xnu7zBIqNYdJdf57ZLwejeY7FkzwjTTkiea9SBgBnlM=,dQ5AAjItB3CCQyXyhOYE6wcsZJlduBbf8kmQ2LIl
vDduOyKA2/xNi9FdJBiRPo2N0iLjJ66emhdy+glnpyRBDg==,jI1glD0xDyA3y9BONa0kYkGRWH0AY93L3YEWkQn1Y4zhO+Q8Cg==,+Jdub8zfTveDoRXbHTrFahMsit5/YErHvqhYD6YhFUIMsMITc4ggMoHJrWyRG2k=,ajjqHKr3iAHiNmn3YuxSGVBVY3zhRetSZt3tXkg9KE0=,MhBn3EuuMT8jp+ZQh7SpiXuPyK4Dsc0N/VxbGIRwRg==,9eD3TVJoaQH6fvqR8+1X7421JFmSNdSz/mTd45EE,u72ZHEm0tSuchINMP8KkYNLF801NiVw7WIwQKt3HEKE=,floopmSII+I8/swwMmzsp33qBJkHbZAC1WC9uPb9r3I=,YnjXQc6y679OjNW3KYPxC1ip0FIE4v+XOwzrgL/0
gBNmUMQDlb8CT5ZwfSO3Fwkgo40jQ1E8QFUkhHkFx3tqVw==,YMsesUMjFFZ1H/J1g35qgotP6wakb2AuEFtjoSb/nMedpa6LpQ==,HcpxID8dYoYqy/zZvQP40sMhnwKtYZ9uyK+qq82x0XvWME92C4s0mwFDs/eXrWM=,bYBLlo4Q2L6FCKPyg9xWcOqv6fFbuf3iux4XAf1GOJ0=,XH2UIpbwOpxeBwlAT6isIguMu3Nsx4ckWT1qrjfYzw==,fM94k3e3luJXdouG544LBZ0RBtYSRaQE6RFrnlz/,gMi7oIfT4m3MqbbYNA/BJAFQFnrlL207+hb1aFq+OQg=,/sNhPn9bu+X7IU7GdQj/pylR1bhW2PbcLmq+USvUiYQ=,sSPKN1i1Mhi5SLA5CbmLY9oK4q7SINm5khq7guyR
AcgcivrzEBjGMGfG0on/amCH10lunb6koV5kJfHJoxGUOw==,d3W8iUSmuTSwQwqsLTHka/oFyL4dlPZUhMfVB/lGwnviu/QAaw==,RJVY3f0053IXqjfUOPjY+xS7APcbyLjvjE/O80hhfaV/spePCSmASXBKAemLrww=,cv8rMFLwZ/P0k1lFLycYA19L++mDKFFaS8xYV1CwLnA=,xpfChypLZkuPupVA0KL2lqbDQKgxM3mv72WangSAUA==,lgtVwr6QqJBSSGm+CWUhIERrz5rCF1sb0Bxru5dr,SGRNGs4KXK0YnpiYT+uT5vG2nuASEbHc/xfrdZsm3X8=,vaAiKK+sS0BRQ1lSsU92ssk5zR6YecXwAkj/bmEUWL0=,IHy8L/e/fGEW5YdMh4jP8X0o56qmyaVYrEpvTHZq
9TWLDQ/n387238Zhv3GLSgoB7p31XT/SkSecYdd9wVC+eQ==,MbQp4bji3JCZsnhIKBBWhnTBNzLr6s0C/3dCrRkrKxAbR0MMwQ==,O3S2Nz3RKjOxg5U0BPwEyEn8AGZEr+SjDF7QNj4y8LTBtvNn1AyHZ1d8s/vyagI=,3iY+gkw57iBB7y4IqDPbaNU1BY/qPul9NHpIDkdA+14=,Bhwm0UYl3FvRNRjfdgrhVSSbNpy+eVFKTrzqz/GXdA==,nRi7kVT09lob8/AXSSOWrodDYuRQp3PgvrTFebic,+6y5uUzkG7oTFrx72qd/sNoV3Ye0DM9elwNssOAnVy0=,GB29IWWpSP076eQTk4EwhVvYC6wdHGCyhVQMLQ5+XY8=,KoNSkvFTJlvbHYpJadXtEF1zdMbIOwfSyFb9ZQGe
GMkochIda+bMXzA91wUAGV9XRqTBfusSnCV8oAxg6Xjw8w==,1/cul5lK3WZEXH2G1BaeXYjk81DSC5yHI4q0lQfGPu1AWhJgXg==,hR7b/WcwLNQpH3UQdEt8t/nV2hJYwg+Uv01D3nQiUgRLZx7ycq+L1bJISUY4M0Q=,6tIt0u/S3fJy6BNiURxhqtaFwkRAOHfrNFgTh74EWJw=,49BTprkSZ9NpRcFHvaZmBfwBb8hw4wsrDBcA8mWVRQ==,NTGIhAgwiRzvvrQutFrUITyL9ErBIR3xVd5BRZv1,oBzdHn7I1rE9MX2am1/4uvv6Z7hYRIyEhRePGbdElMQ=,/zUBbMcPfnQR/oCX3oEbKxOm+0oNBIm2Shr2sllzhwM=,rsbA1vSIwkuxZNvZWt9WRYX4Vm/kY8uYlrX0+B0p
0w30qYB60eSkA1jDOx0GkyL8IPoe5/b8IktHZbvBJEXUEA==,F898Ne2+cC7BZZQDfe/GcNsEixUZLaMbFd6wdmXOToBnK7wk1w==,0wQAY6y0+21mz8GtKbuT4Y1Gt4Lse5o4ujw5cQW7tLaE341BrRclSKBj29SH9o4=,Cewcs08XchxPKSBI/mnQd42cUWv4hDxPMb7bLVGieFk=,txtGvMys/ai+FBJCekD1UxE7/J6kIuGo12uIOBKzQw==,od2FJoZI3vJgh2QicvZuFGOrnG81oMcK86hDubUn,IjFryUgz//qhFoYIE/4KyoxD8h7cUtcegkLaTbilLwk=,aehSDXxXNfk7Tl1acLlqL5/sPFZCBkL6ogY9LZO+SVg=,DayvfiiQ4thi0qpLdB1UjZGbMy/0Y7PU/6XtIUTk
jw/xeBzMbMk3bxwtDWbCw+hjSEX4dBXfKyXuqeV7/8hT8w==,urP7kz9x7xdtsaOfe5lNe32+yLaPf4rq3CbHldV/5Ck1gjIIOA==,OtApLTEEhJ+2c2c0lPoYvYoy6wUHAO7nj0h8UhhXPi9tUTQICfHIPSKoV4aoZfY=,tUijSYqS2hoTS7IW79m3VSCxciLoiZ+WTCjXu9CP8Nw=,cvBwMjg4UwHefFCB/KHXLE0Qj3YCUCZLCwzaNfTa9w==,o9Iuh22JlCOGJiO8z2b53tola6fyf1aTDIT/m8gQ,PoVmbbu1/MfR0gYv5gXjqQcJ+RGNdQL59pg7LJWrouo=,6d6+PuyLuCcLwAJSnN8HooIM9qg0qXW5v1duQzNf2+U=,0iSC7EybkCX9hzttgngN4B312k5kPRHpXG2LAybx
gHyS/SFws0n6ppkT8uAD25Z1lTsreR+ggP2HMH0DDjSCAw==,ZjTi1GWMTCMU6qo4KF0Kxbc3+sVPC1ixr5PYGwDmyWRd5EgpBQ==,JXxr8tPTAn++x3AfIRE/iY8y4Mso2PtR28Q3ZjYVt5Z1JzkO2KBihzIgXGPRNkI=,wbYkFALyU20XA4IXi+2NIwf5+dDj8Q1679wZ3JPDHK8=,9lPJmYTA4CyST84gWicAwTtr0+pn3M89XZi6XBoVig==,UJX9iGZJQW3HuWpdmoWF7HPq4YeYypZ1V5kPtGW9,YDNnlNlY7xDQiYddaRErGcvdPI41Z3lwRjtu/XhHVcU=,psGNbSsu7GC3uTWNHFwIM1LQcaWmvRKnRU0kiINTTlw=,wQNbWiBABB1kzAujBxvYLHan6aC6aQXHN180edIx
1LCPAHpTVyfBKRAJ3zpBEyeQ2WdEsFx2YSyxJUjmH9rIMA==,3fbA6b57vz3XKt7QPRJXfnKjcoNJNpf7RwvmWzIRaD4kqEujNQ==,oF9R3qwac2DyqjautSEEoGAnAjetuX1vgov5991Xfb4VM21Gw1ES3ax4ZB4GqOQ=,2PiN6DA5HvssABpcxv+Sltw6+0yXtmt4yZ+RVO4BZog=,Fqftpwn9hGnqXLXI2Q1jES6x+/8xZbbOZGMnR4NKRw==,1urxHSKpnk6XRWV9ZiORobSI+dlOCkTRjRTyRcNE,ReTv/cBPP7/UyBXgBlIJsSXeVdZuYIA7tQIUIW1O44Y=,QtOZ3+l6oFeibnJV7Hcz9cjl+4Rm1ymGs/D6X8JbPNM=,s3sSSfE2SaZdD4iwUGTgoFp03/Q8Fb6Lk/J9Jt0V
Wfw4ORNrhC4JMV59XUxX1PgfdoS5FtQdYLkZt9n00iTP9Q==,lJYsRnb+/eKHY6Ybcjtal/hmmpwlDw0eLgh6J1+8EEtPCKxEUA==,anNVDhzIahRoWUJL3uofjbxqm/FjOTwmh8zJZDQCqQInoFC2XagnqZHkvLJwuzg=,tmRkv8EF9umzeTG99ResAU+DCrELevgRxlf4N0CtjzM=,7yjR7iHaUugaMYeAbFpAbbtlmjQlq/ovHo1oweyW2w==,ZRkbKh92a2+Mu555qzTZvqZPqxeFrrShiw28USH/,UdwnShHUuZWZrYCVfRslTEiL3yuLq0+C594RgdLf/+4=,Bf59c2XRy7uUUEdr11UiEomhq2iTY0YIN407F3iMxz0=,mC1gplTLUHfjgFHcjntreIth7w6l3NP+F9wukPVF
XEwO3QONW5SVYFvDrHJQQ8scsq3HGx4DnUv8t7p7N6HJKQ==,8lJijaUq4HnE/3cJ2wghVQjOA/TnBGTLvKtjHCl5XaoERTjpyA==,hHuklN3UzHR/IxqJYqlMafJ3PyF7bYGjOwZiHFsCecS4QdjQFgGqdTjOKLF6z6U=,GitLN1ZQIXR1deOrkPaLbUJzlZjLsM0rXWzC6Dj0ONw=,VINWbUhXpBYU11i/+oSv0UhaeoiiYge7hNX0W+/6fg==,iJQgDfAAC9Vu0WZlz5wYIzd+ckQWLHRmu6I7D2TC,nCKQwfTaC7z/yUYzwYeJw6XAsHDLWnrwOEaNMz0WRMw=,jLkOVS6yQ6pilWgLThoPSVAi8C/c1o7z/I1+6Rm4y2U=,k86oB8O0cuJ9/KYEzg53/jXlpKNr2VVHtiirREyM
fHshJg2iaIv0dGqhENaZvAjzTI8xfpFdz+Tr2Aa9mM32GA==,XA6HZzusdXXO/Umj3U5vDb33suJwgpxSE917H7DCyZODIx6qHA==,4UL+8+eLtYEx0NLYbP7D04HYpGigd5Yz8mwyPKRgnLjwDWwyS5/hmIlDb/YFWmo=,hhZoxX5wCR/AROYVKL9fgIugMHKlMmM9Z1WxbXAhXe4=,H6FSEoYi/+gDS6cpTLoX/9UFdQnOGAKGEhnFLDu6sQ==,GMMCzDYCRuDtd7YWAE5IjK2GwIADXeNNOSIsG13K,Z85JnCdUy4oVLsyseIFoCeBkPOzTOxOLAAE/uVNFP0E=,TBiQXJNWsaMEMXWCD0L1s4lJ1OYsbYABKE0qOLIox+U=,4KAvUwiefwLNiMpCnUgJ1Hnbpn4Q6T2ok6cEa9zg
MymOCwO1y/L6LqSzZ9R2dHs8/p1bCgMXbF5rLTAjTYJmAQ==,oGTzI8X77gcO3eQu7Ex660zdEM/fvSH5WZIkPM/iDge56sj1cw==,fk+2aai5iHfWZ4X3IcVphHFuGDNLtcmV7GejfX7l2vjR4bOkL69ZuzmaMhYQvgY=,Ms3c4KHxsIdFq5I1kNkdbp5wuFlmyTodnyUjiwV+odE=,bNljWuxZ2C7TvMkfGRCHnl/XqU6cN0YCk34zzTqWEQ==,Qd3vO4xA5c3TfX9avUBx1bgnMfIoSftVg4BxKcsm,z9lHgUZM8VtsE1VnDBMOZGhUKsHTSbgIvZPVqiRzawE=,GHgk4I4DAZq2HqebnfCxJW+v6LAW/oU40cZFbkAxWVQ=,dUkLFYf9+RfTEIFle01itz+h94Hiu8Prdk+q/rxy
yte2ui7JVNhWUZFe3crknJuamE9Kr9eni2r3XOg+bsRf6Q==,y98PH1EnYzW21sK+bKssE0exKZe/dUOzePCxtMHDVzyOPUujYw==,e7F+hLL3/jSEvrHA7KQgKKRpm0pig1GqtYmOlqKfomixlq+49bgllF4o82m3F5M=,xVNF3zWaefa/o0Mwcsl4pKHS3yUWsKA+LpLc24Q6SuM=,m/PYomEKI9qQScJPQJFSZNP4UrpNY9uzJqVek8RfQg==,mN1HsFtyDIlAOBPwjGgmY2yChhi86cb46wSuDW5w,8wStSq4MUOx9kUrWh5y6vBbkUWXNPlCAKmzi9Wl17j0=,qs9HEBrQI46vG083IvgZ+QoVYOI/2aBYr2xmImkHu5w=,fmfEwKVDbXPsCkIEww1arUdtVgeru8qyyz6sKP1D
GlOvlxTPP+hNm5yAIjQgknkIS54J3zdflmagasMLG+DYpg==,7SoVOzv6x/t4Vf2j4rg+G/QGUmvsbkuq/Trqe/MhJE6cRMBLhQ==,SdGrpOX94ajHqTEAbhg4gbo+L3AYpnUDHiV6mdZEyxiY9ttUo6/yHcnrD2uj7/8=,gnsBWH6VrXlt+6Kt9vdNSjd+d2HTgzr81dIfiSA2ptc=,NjmzotXARZy4IhA0zFNJjuxyKnfp9FJeFMsVlXzHVg==,PQOo4pQSB2vUa0i8k8gnkxDd9JAh2oE5Ss/f3gfV,FXmv1J2HkTgsKukL65cGfBulQ1lHDgXZoSvOaUUnUmI=,woPGlQTdYjMBDDXWyJX8y0rQrb6KHY8ltGGOUImDtLE=,4an7FGt146TCSuFyKz9awkwiaZ4LUmNAtuUZ5DRW
twHW7VWwXynpdzWWwFGIpg2yght2xBujINf8ccyv5q5H1g==,JUUwcxMxRDEUydPNS7sm5H8NSoXdQKSzL4Zmhiu4mYpBnrT1Pg==,ESTL6MRhunePyJjhbCostu9r0yBb65/jgtycTIyDELBFxLlfQkCKQPp7e7mMBiE=,TjKC3dDCON5gqskQMEuyQmJ0NOLjeeuVOpOBW1tsvSw=,Tlw2zcv/ovtXKxEHFD08Ff/ffdy94XYFuragGh8Mig==,Jn93eLoitnTefprO+5CBX7eXlpIePrHuTqw+5zYh,6e/3QhHi4VdQR6cpqBC2gEwtwjd0Z7OA9bXXrGZe2so=,xb9uazOcTbNFBrjh+Q7PCHLvptzYoHMFlXL2fTJjZuE=,F4PgViZyTiOqLYJ1Ymf0SZSlgYIYrMe5s4XZHdYT
S/lnIgrLGgcoE06HXpMLkS0scMFkinYEif8o3xUI0IGWvA==,pm0/+rUrnw26i9PGO0aFLXYkOOleE90469sVbmFnUGnOn5OoZA==,5hTnjWCwnJFG58TczSi05+fOXuIyf6gXijqOphEEfUCIe6YQHjR7r7/803dZnjo=,MTIWkXFr/3vYp3guYO/am/NKMopWLFdhW3du1Jk9ixE=,qetXyU0fw/wu0mBJ6kpPqHq+cTnrdqMO93uSDRpuww==,MGgcrcjhxzVH1qB+NyBpEj1aqxnFDU3f4Wesrku0,xlNBdRP4gZf4Q/JkYpLybeTYs6ecefmApy6c9Izl+Qo=,MoN9O9o2UFrNDou1HPkzAB6GgKIECbJ0ThwvR4yP6ek=,dJ2PAhcFNWJq5VH3wbHUxOax8ZJgD4bJneCcKGoW
wOLYxTIAWthJaKbI2Vi19JuXkcOOPw/4NDjCS9nGT9vqcA==,qUfJA0MNZMsqJ8AzUhtgxoYYqhbT3h49SrpRM4rTypwKrFU8cw==,I/+bJ86z/dl+K+oGqgHzqw9ReRxv7sAMhXBMEAS0EUjAwHnk1xvW5kFmtLRf1Ps=,J8KKpTHcyiUWLD6eEN9pT5mpKdUJ6hXOqfmbNQSpsVM=,iK4Yaaq9jmr5KBwpEAfxmGMC1UsJPBz0pnOwO/G9aQ==,L3b0Yfu2MPtj9sikWZpUdKO/rvI5svFQHPze1yS3,SFFSNp43IZLEV/F1G2era/hsvsdrQIpIWOIzk02VmEM=,utCdfo5LKWlMQnS63f3R9HoqJyUDiNfMgQpqIbU3ZzM=,VJH4UquLRJq//AgjgeER6zt/m7OippNmW8mJKzf+
ZtRxmHVHH7gApq93mltkPRsDu0E+SltPHje8onrfDQ4HXw==,mpAoLoUKajShAMomab07xV46s86UmtmW4nnnjy3xTRfjfaAtZQ==,/7HYADI+yPszxvUbBN27JDt/E5Dji2+ucisouXny0cU6B1OxTB9p75B04aWPTJ4=,1kzDzJyFOEsY58z/uUQrXnZk003pbDWPiWUZIEKp1oQ=,erW7auRNKM61CrtKhVX5LuTDcHmthgGyChGaZzY14Q==,VLFZUTbE0Mx95dBZ6pMSOAJxG+Ahgxt/VY3RtS9S,db0qhXcizS7hfOjEW8oStsdIwHiGmuT/Ga+ble4oQY4=,Uisr/ApFnCo1/tUkvwg/lgxU5umqFsCt42uWnI/j0Mg=,KJL9DO1jUrOlvg+qe2c37BwtvpCAKWEFxexaKQuG
jSTj+K+IU3DHkIHlOYCCzZ8+kJ4X0BlAAv+pc3mAnccihA==,u6/uUWmXEUy34M0Xlnw+7q9QOhF9Z+VbxzX0nMrRl8N/w7MqIw==,XaiS3bmduLExkZi7JlKAD7DxFr9oX9nEnRdaY7R6Ca7YxCm8ujt43rlVZeta/EY=,coyn0fLDj6xnoQ3gex6pGjTnQW6KBoYuB6haePRrYEM=,TUNlXCXmuMZY026lxVNmWnyVDOmb7onsWS401lGrWA==,xEtAwh3Fop+EAwqp8+TkspuctPs3oq3goZBxtl2G,ntGmoTBGpx+fNglvPJmy41LdEy3WguAvr2af2fR2WIQ=,5L99QKltNdk3UrayuzD85wbYW+nHs82z1f9vDPhNB8A=,XIJaXsidnYRY+bQDwWPolFGQHIGlE/gqRkVNAzFs
Zeh1FBqk4F1WzEGOm1+FENiDWk+Dw9uNlmcECNacLUD+eg==,w1QmpbbWqHVuPh/Pk6IOrMfWpZ5GddlOe2r27iwzwtsZQu6EzA==,nsSf6DNfo/q1i2WZJFP8EmRQcBtE4vAOFP9tcBX9pXNUwZPv6FV4KDRfw+veAR4=,B1QPWPawVvC5lDijas51/1hF1OgOGc6+PkycpletURg=,7tQwcwu3xnOS7PFVp3P0refpnFPcqp048JChpYYhlw==,Jpt+qLTc2WoN/UxPo45QsSluSG0eq0fm7ROWUy3d,8BcX+mMKYA9fY+x5zGenAOMJ0hqtQ2URMIp5j5SWY6Q=,Bg4Rz80AAgc+rCIl7DgoneofK5eNQ3sXBpKG791ZwUA=,AlWrUyJiVB6vOk5Hj5MUyp9/PyoOVPSG0Tjrfjp+
WAq/rLiNeAf/i6C2R9d8Ep1NcTEyb3fROeo1TaVp/WIl3w==,hDrXzVC1gJprrfCXQqDqN533RQuhh3v5/E0Dm0Q02aw4wvfS4Q==,j2/jCjLnyESZkQ+6hQuzb5PiVDJl1Zh24K3V2jcLFwbVJsqVi0cWyewvqJ0x5xI=,OVgsEPbRnXV8vjifqRLudL4sc9iVZ0D+tHIL+pjKbdg=,FJC67u3MoD129lnM9Esfcu5Mxl7dLZ7B2M8qcrr1Gg==,Okg1itNahDcrRY7LAgYrLqU7fai9PUIBquuT0F1h,gtwwEKuQ8zHyd4gKaWZwM3IGnvaZXeySqNalnLP9Xpo=,cCa2kopKQrCUFfKa/IseN7W2vPaxYk7PlNwgRPthJZs=,VJ/VHM5ewZDWIDTsbn/GJb/NLK+Pgwo9WlWAlJjK
kAFfw98UNW0GZD6vZxdd6nyBbo19aiO2XNhrEcGlTrHHDw==,sjqX7C+flhC63fUh+cO8Go7L9WD0Gd2ppJa+3e3rp9dicFP4zQ==,EVW1pHxx/c1w9CLxep47bEobO31bbWHDwWP5wCQfltYdOUgNa1TXQG6j4uIApzQ=,eBgR5VjeDWuPfoqJwlxo4Bpw0bNtgOxci0QOIqgyV4g=,6D0hn1RXciP2mcmnj5+IwLRVryt+hbUgDYyd2Wv82Q==,EALjuo9vnlUs1QVN6eDWSwzu/SBkkwRCNhoinBfT,A7WFsdlfxYqGhET2idvMBc1wv3qji9tCu+rHUAsnCjs=,p2VKyMv8gY9IA0ElXKznDn1U/k5dzhYnh+Y0nuRHYxc=,5MWP082g9xLFbLix8YJnr/nbRqJX9bbZBIws3n15
GDGgcdx8uXlp96QlwgLl2fheFw2fLnJhcYVcX70vrDqmIA==,5xL5vK0A9VREpK3zc9pyf1bc7cd12laB5a7iNmf1DlWBALi3fA==,vFgxxRj3X8hUoMADOiTyZxQe1pkDGxjLzwFhow6ENHMNdPk1+bOYzc+4CmflsWw=,UnkTQsmNaOepJG2l6QA9yArTT1pIdb2GimVGnD2Lrv8=,/QpxiS5o8EWLRbc+mX4HPGv971919GLUkVrB/LxaJw==,XBaN6V8o/pSFQebF4ZUXjURgQlpFrh6zMldIRsbV,93QRR69UOK8uQHYJHKhpASDzfGaIFMuPAfPJ4qtV5js=,v+oeSIFdFLctJsoJ1wjBLzB7ftQ4XplH9z6R6auSCdo=,RtXypORa0EtraCe9+5yQ5MKaxojmiWSvcmvf1OOM
JpH6bgEFba0z/8SJVCpR7OmaaCQHhoeG+AC2sRLoxK7e8g==,YAwcEaHoYMXUeDZ9+zLPCzS79jqbbyrVN3NjFngCgLgoJaN+zg==,NHCNM/GoNqt87OuMgzSfE2saIzHkr4xv92E4rWPmB92BqbXsad7D4Exg0PpnixY=,y+V6nTeYE/Qd45R41X2oicbmLbsMavqUxQ1+AsFUpaI=,TyG3z4w/n++8e0CE55m/Ply494GCd4xgekh0OLp2RA==,FAI9m2UceMYvsDiK4/lKgOi/0zQp6vBG+9kgZa+S,FBQlDGgkUVzDlQxbWcKCZkLvhK8oCWuHrXlRQK4Efks=,VWe+CJnBvpdVzo//m/p0/OjrqK7D91YXHrKfWO7dcis=,KB0TJNWVVSebpQPpGvFKQtuTzjBQLIlIX0Y1+1ob
h08MOPAwG3iZJ1jRjv4YJBFuJ7nlItYWp+Jkv05X9GgUEg==,NUuzqjj351cCRMAJI+jIlvWGDIZmLIJsgMefQFksHZ0Ke1tHbg==,6v6VJSeFhn0rDkMzaXUasek3K6EMktzU9vzxqQ2dC+bPNp0npId7TZ6wSNvpmXs=,yjdjqL5vmRhFkXWk8pvq5y4FRepyNbmyOSIu5RNWsKY=,mdCmLu1MEBTvLX2LAyYSX1EecsZCjm2JcIQzzfxEnA==,CFSZfkRwoSQgwcGCnR6mpGllXqY0bqbaP9AjEVCT,pS+C2PwcbRMtCiMuht91FlcGaetXeSYoxb/bq+5sofs=,dAdk5YV87m5zE4twAhb1ig5VrAWbf6FdzCY2LCvOfe8=,/L7QuEJrLuaZ8MWb6vGqmlq2ZJxJVZ0bdTGRUC0q
ayt0ZBpSiHrOXvqf3nOgEAs9jeCFDUfBcM0i+p69Bq22EQ==,AfeUicWtaHip8hH/287ziKfR/FynwJtKP/XYGoWP1Cjsn8MKww==,pYt6yG90uizcm6SQnS9T6RVZeBvrncQ6QSDZRdXIxHbduJXdhTVSF0jiZtpBvVY=,tSN22GxQpqzvTZWKDa7OSiP8pFSF1Ux4SuNVKADUJ8w=,mNv09RLyIoIEdmX7loPE4c5olLS2bwyligKPSRck/g==,pGUczb09zbBFNprb/asYWjgBxxrXhY7VrtryKcx5,1vLhXqEqwjg5VligcoXzzub+9q2YrUSJrKI5T9f6iMo=,PnpYhhz3h4UdBbf+LrSGjqHkTumciwgE7Fcyzyxfx4E=,GzzL+odRA5QcKJtqF24mugF5frYq6GFYYocvrFrw
+MQgOPo4Wd0sE49gxs5AjU8dItiXcDsGgzga7he9nbY6Xw==,+maemyWr3RBD9nv6YXSEdFTA3Zr+ZKTNilsjAidBXF5XLpnjQQ==,9hl+2i01NAu1y9EWKBDUVdTlbFESvYH12IEdmTJzgJNXvd+0ZBeXaguf4UX7ygg=,4LJ/LHfVkiITq91PTzpzgpY79rjoAXfkktZ8vvAAe+U=,aJd3qhov5HHY9ZZ251B32zRtAhPx12Ar8kx4/wr1mw==,T4sKl4GyHucGhN75zsk8reVabsfouZK7znVAgxVz,xXe/kgkU1PFE8ayU9dVjN3PFNrQNEbSdoxhjZ1309G4=,/IuZRApYmMaM4jVZJ0NqfpYxhzr9XZ20lsl5Sjxax5Y=,6ftoR0vsJB2p5rI5c/8rUdISAWVsVRaR3wrVJZeh
GYutJ7EfAjye5IEwtnPw1uT+XX0kqMfIsHIEkpnDzlzGEw==,0K0LdOTlfogTUU7opMgCv9Xbxf/hYKP8hjZZV4zmE58Hd+HU0w==,U/ZmGYkV3iZyW9QYu7fnlZ7hDJECko6NnceH+zsY9ZuBKEvBfnC+RRNOmHMxAI0=,z1FRbY03uPPPu9mhP1EFLs0kMghj2EostTGaVtsY0nY=,EonP+eG2/o4E/MgvCJios1F4sTMJX9OZ742HG32+0A==,nr7gmdpgYgkrfsBWo+HiVignqhmIWAY1/asKeNcu,FH4W2pVCrc0PBFUA4gqDrZJIEdJyV/3lSlH44Q4bT/c=,uoqUj0AQ+UKmvp7nQRULbIiER7mSPN6tMtw/7h/lJnM=,naIEQscG28dY5ogkAtQ4oDzh1iCMDUhjSKDpH9LA
yUr8AkGB1y1wtakFRqNl3UnXwoINVnZ7O8tZUiDTsp2xBw==,j30oFGvk6b0tPyiH6RhRtzXQTXsU/QnrD4jzf12Zf2+UVxvhSg==,jZOZbW/a1X9myfvKpIngpqeK/F+JQihB4EM6vt9Vv/p7jWfuUPA0SlY5juPSdq8=,NVWaQokHVhu6qXQzItVRY4MBbYc03Afn0DUZ/x22eZE=,L+cqlXQ31qjhUzcwod3kuFMWjXpkhp/WhKGxJK++Bg==,d4r5UCKLMF+JTmhVlDTjwSEYcQBlurx96w4OA8KS,IqBnoQ+Qa5vt5JjwKNOKckDWgYTiKDfyXjBHNgWJzcQ=,cjFu254tbNen8RVwY4nvmoAHjN6MUrY57prpO3Wkuek=,zacGTHUU2npBtN5kcYoIWpZUQPZaQX3P+QOrW3tR
zFEyJdk8AMe4rxLEo0n/ext+JXEbaUjEao3ShPyzVFGMXA==,O/aOtbCWEgAgY2l1/N9M5ermD3sS4ivapKtECY04SdvxLFxrPQ==,uz6wmifP6YnosWwCzrQIXq/HJOkjx3WK/MiUVW8tmr42Q37hNfkXxWhZdgA7PV0=,Iu55ajJDsUk4FQ+jjjf3wVUaoU5NmUCpYilUrf39/Uo=,hBThwkNznuzk6LLKBGYBtmnD4fx472QJtSngogQtOQ==,KODbfxGEoOJyCBQ3ZvYP2ClHkSmvObxTiLU5zllG,GTjCXf+NIUgjopQUAUaOfGby/cgyZxNTUIQtsRmIuW4=,eH+UO1ng+OMNc3CmLxmm6zECp26FL29DoWNN82oU5ck=,RwVDtQox8L5kFMTQBJxew05v/R4Tl5MR8iAwQE9u
mc85SBhFFAHQsCeKNpv32alBVDUgWIect3UwqtJ8gmCiTA==,if2Ucq8w3hk3foGHrHlWZvXY62C98DF2yNSim2c+Vs1Ph3H0eQ==,1Hm19h1fyUNIVNRVp2hvF9hOPYrBEqczRpZZMsD4CSwVm94ttIujK7eViqDBVEA=,J8chokLzy0D/gSxSU4Cq/lLpuY86iS00XXRxg/WHZx8=,YpRk+YVE60ECJj0hsN89blLrTzFqPUxlj25+nzw8vg==,zBl6drPXT/p8x/0QbkM4tUKlzkKNBY59aBK8wgwD,M9BAMb425fmRv4TJzkoWeq+5v7XsKUQ51LOzXpAFHZo=,JLsiX5cFnkXvFSoK2fBmq2COSnoCAKNuDdbLUABx/B4=,xjkHRnsxgIIAN0BxUypgTsksxn2yh705C4UQlJNx
04iI3kkb52h1u4M/DuMxkucOawp9qcSrHAHPtx3o8UuvhQ==,WiH+JpURK78XzGhVRZ45n6j4mJi0irK+MKc0ZHf8bzILSGh1vw==,xQ8b0DYf8wT7fcJiGK3K2xI3woaCL9AbXJiY+jqc+XDH+Jv0Hdid4ptj5IqQt+A=,wbctoOdDLb/3Ew5v3ksVEeY67fD2WtiVZ+SBZV8mnuY=,UYHg87k8e1HSgyjk075ncTlAqzDviFU++jG4C8euSQ==,NjcCTSnn08HknZUKtifj5dOXqFb1TeOLvoytRDAP,W1rabIkv+zJPL6rTDYn/yxYcSTMGRnBvnjUYB6L8KVwZ,lD6eh4NKSuef7yoYqLfwlOUGfSSBy6eehRu/qff6SQE=,5/Fkvx5gJbtK5wmMNj/0ea+sm2MbsdELVRbOAIWx
ZHktWqR8zhFEQCWreKRAYSwNohDFAsL+hlaUrwhakcw0uw==,k+Pakj0F8HYs02uqZKQk5LUlBLCLX9sXdKv+x4iDPh0yETiPFQ==,EEJgf2wG+qLcqYqhLiVj9LkSC6EvsyeRKxEWNvaBdP0eh4RL4wFno5uu4iB711w=,uSvzt6qMhqaQpM2yaFwhvydZwhmYo4AlWvCTrcGDlt0=,w7qweAr2LC+GUns4PWWMbZDAq3Xz6QGPxQs/B4gViA==,ZLkdMjLbPCb6G29kt7GOFBtpR0OHZjFXzmGPWEZd,SrP8imxbF9alGOfN/hyiJd4GXDXhF416kthm/4mKnkU=,r8STLTWGr8eKuef99DsoQv4C3EdbaQctG3mH+rEgzs4=,3zO+aq22KOI9rAADtGqMVKwHYu087R/La1lLQZ2V
lSC4QJdA934J21BDL2bY1+jv6Ax01sdyhNMabzMJj6v3wg==,RPIxLUX0iXGyQj6hgD50i5HljWIXBqTeulnIEW4lCX1MPc4RNg==,AwKeF2tYZ9QnLeC9PE+1JR2IS+hLt+mFF6HK22BV/9+C762n63jNt1Xoa24ouD8=,6RlwN+ogXGrLgz+wDU1Cv6WRVsr8qFjXbFcb91NEEHE=,p2enoyEyjnM32z9CmOLWvlaZ2MntyP3LlxfvB9Fiiw==,a8bdHgogHMeQTltVZAit1sOFwsMbBFfkVZWg+HPb,TrlowbwtwhnF9MDbF+LLI4GhGf7UtATzxG2YHjKqWsc=,exGQKYcv/XFOBYNXr04GDhqP98q8RTZvoV65CpAvQOI=,IGfx/TwXp991960KVQASfKRdF3jZofv2Y3u2kcOR
iHihtBdQz4rKeefxwIJ7G00KsRB9hFr+7jl3AHUYnWfZyQ==,VymC0Rg/qbQ0x8cUO869xuDIrykJCP/ZuESWfpoW9d42SFnhRA==,DnshvIHEUzgJkSxbTE85GLpwADBhfJ6k2g1fXEuMaszXe8anvqbqyElimE60v3Y=,ve7h8ELguKnNs+tD3/UVru07k53VwfWdqRFTVmkT5QU=,NmAgzS6zNhVQfOMM/ABZRdmM2u/TGK4dKlPB59R0sQ==,gCSk2hD4Uk/sBTbBzN4l1U99vWwK2v4U9xh32frz,X8PZUgNAjEJUoqjhWC9CVPJ+6izBjYUyjJS06JmQ47M=,39M3M1kgjnLN3d5pE/QMSfDxtPw1uVsr5oklKnzdcy0=,kjmMXSvkRnul69M/xXOPerDu+j2FhDnqdbgVR3wk
XIKYTDqE0eZ501F3zW7/TYzx7wtoAZ6XYIImfOw6bVGoFg==,IaUSexnjfyXuVnp+2/F+QwuPFvwSRbeAnmtw+JMlufT4KaHBpQ==,wnjy6wrDvznTxVv1Cg2Tw8/tVn+qKkbleTMoo6tsh7dVuWhDY/G9S7bDWAWr2bo=,t6lygPhBy+wMHotjBuBDlCCRKbqTJElVJZQooct0XXI=,eGJSyMPPeub1vhtpRUMtGVDDAM+7Tqwym5GNXF22cw==,PC1bqpj+NnZ/N6UBW3bCri5SxD9QGOixB5njJpsI,/mPNGmO/EpqbiBBsTBnmyNRBPpwoV2g1H2vPbBUvEtlc,d5mf7herIP5cqLSFKa7WAPBACORM+t4EiK4lhr5BU1Q=,e6TgyfmyLY5KNrS+4FSfctKFRm2onEWbdsLF6eWV
oNedbqMQDiMxBqo8Vl6g/kcQfEcjRDfKcxreafzzl3DNsg==,V06eX7kj9jreAuyWIGGb/KVCMhtIKB4qh4BaCk3DEidpxszzwA==,cU3EreqpQxLd3MHfSKGEepWqTwA772WpOD3Yhq/Pt94qN80XhJ/loxBGRjzdL/8=,UmI0VJxn6GBKqhgLVyPLvWjvcIc3Ltl1bbG4/VdEQN8=,lGJhYKI5ankH37FBQLaKyZ9P/MH4+DR735sta8G9BQ==,gzzBgoSP62ibv1BRQnhPcrOlNjAywJvHU/fVfQNm,LCyyZCS5j5+YhRKe5NWzSe2N7M2dQn3IYwsIPUXxVB4=,dmaL2UKB4+syzNfD/V6EPORy7XQz3YWc8KLdAIXV7aM=,zEYT7qM41C4ti/SHW+LfyjlRuPyNgKmerjKlhH6s
dg7ZonxRHOFIBeNGfIuhEVRQqJ0zP6PakywxrORmvsO/Ig==,1kI4F5C4W+089sR8ngllOJvYfQYU8keDBPymZNyBePEknsEg4w==,kX41dVX+H3Tb4qhPsk8p4AnhpE8kx6Hg6zS6/ci8aIChUnKz9Wr+7XejDqzMnY0=,IXHiTmZIL3SyUgg4h8RAnzbr3wEUMAz9cWxYfUnDpAo=,0Qh1pcFhI/nKJzw4gXGM4+q2P03lVzZMSQBZWjHH9g==,+C/ygzizUwOvbq0jwtFisLmXbrQ2AOTkJ2qXs75d,MdLQJsrJgAd1Gs7xlkqfJ/EH+bd+DlbDREvbgBiqhTY=,62cHYY6UnhkUB7ODLgFZMmGDNofCQgidtBIGqxhtJBI=,eylE0fc+0EEfhI6TJq3eUtJPgP3qNOKmH2gBbgJi
UsDvGKLLgmTCKuXbIkfzjJiHTeR7SAth/7kc1UOIJr0Rgw==,bg6K4WJartadeHBvshqjOuz8GSSSAPnPatP/B7xxUDMZobo/uw==,0OAdjnvAOodcn1Orqd1CKk2yLm+eCCiQ+S/JYZtX/RLnpHb7Y0U5E4Qgfh7MT4w=,uEHhlWsGMo8xz1i5T7Uzwe7XJ70rluiVw2v1fK6XJwQ=,fLFkn8U/myIPGNZvfmed1KBzs4fvenE5d4SRuWoxfQ==,wPgBEP6asYSDdb50sc6WZ6ZaCThOnyUb0cNiScaD,E8Y3CMWTWBFbDxbSi6Ma1Cj7aSqMAF4HuibMb09wHxk=,Qp1d16EGaSY9m7XGD1kwkjqjESLu7Pxuipxg2cwwemw=,3LJL/tDLYnFNrqRaGNLdChqGZ59dX+6hPYW0YZDz
pLj/oIum93PFfgkofWifHpiXxGxmIvaf1ahLYpw0jrK7hw==,rGEJtVoBjM16a+LDaIk2HXLzMxLQMc0WV45uQp+SlMj8vrWyqw==,4qgZvxOBsLcxcFJo9Z8TBuGOFcJeCert0GHgoab6z3jbs0g+y3b1264+0RAHKb8=,eBiDR/OVrUmkK+/EkhID3CGVwKZk1/sNlR7jH93G3G0=,N4K4+209KKbH+hQWfUOXf7GLxh+XUEZsPmSNuCAOXw==,CXtf+DZjKLb5CpaG60cIgwzR7B8orSs/kpSESnFI,oJYBVmjt7NAdop0ckvooh/IxNw1Cb79xPBKpDAKRBsfA,/sIw5+25RamMQzJuiZ7wvfDgGcKKD+EM6ygtX5+C3IM=,k8bIYzIItNV9hTWcxXIZcR2TY+0XKbOUiF4K5bXE
7g48YQpiyx4n+I7L/GtVbfJWaR1myzFIn6/cu/jwtPBYaA==,2p6kKI1S0sIdbMoQraPww7KYIZREpRyq19fJoz7syQfcUo9xyg==,SMpIcUCQcjYV4mWmQI0M6tB4vZhSL+r5b+j9F41QxodXSrKwd9bE2eBOM8VZQ44=,GOPFyYw58RPahBWLXAivV9zrg2098EJErLmQtfuo2u8=,A5u8kTcRnmquBz19DEc03E7iJfFUfPadokxredChVA==,80eoQaUx0E5iyau3fsmNAs8jiXD2tyLCNgTgueaQ,aGULAhWzQsdy8J9Aj048rQguQKnB82O1KUZGYCg2afE=,Q8YYuiPx9AXo+FvQ9QipAwRB08rIpwazsXrtB/DwM9Q=,Ij4nFJBTUrFwEe763ha8EfqaUff9Xd8w1F6f0cll
US3Yr7gXOKn9+W+RJ42H4BTdR0sz7esUaaMo1b2GxoLg5A==,1rH7Xh+8ASwaMAs7JdtHg+4I9odYzxdLR2n20zTmiNG7oWs7jA==,mgdH/y7QmMGXdMCQ0R9tOBtif4UJy1dSkG/XkcKqeqaPdE+I4WFZw/4RoRJve7E=,xlpoCMM3kZD8s8ID98NaK9TaPGqOOEc8wdaQ7IDMnA0=,w38MT8O6Gq3InuxySJlhVf6wJedDezh9/oXQ1LFcOw==,ATTFjJ/MmukAZo+ZVNRmOpK9MJpQyb0bnruDGlcq,voje9hNQaaKaTcKUplcYgOkSkUEwxEjIRy2vL4Aabxo=,3XnedV6OUzCKsh/tYzi5VXxAKb9VqyHExJ4kkXZvnDI=,9EO9ZXElOo0Baogb8EVGOv0g2D83+hJT5+nvlfpx
m4SPaheS/9bVT4qC0bXM1O1ugQwO+YutALkFA9OG/DCjPQ==,GGYwTiDh8Ip6s4XRHVqf7HKEtxpBE5IVpJLYxAs2ctEYm382ig==,iW2Wd8ZQbzTqS6fX5eAR9VQifKAyht0NgG9DjlaMz6/S3MmOI/82USGScoJ0LtA=,Hb0fT33y4y3qB4whVcQigskQBTQn6VtK6JGjDgsye9o=,P58NwevmfIavnggifuj7eSr2waX5ZjZXObKvzMHHCg==,gmz1mwy1+tJU9sXqTnSM+heT7LD5VfYF6AlD3W+g,ejtOSkjx+jQRgD8tHQ54CJrPe+9z0w9D1Q2Sl1vomqU=,/ovHQ5LxsYNsQbBpYf57GYrK1GAMNLxPWB6EP9WjVFs=,cfvVo/o4hLGHAmKeRgp7nChPoa2gahwxS2FzvSGl
0reo8dr2oyCaIPTiZBCCZHin/0Hj7kDJuo15wFCccfQ8Dw==,+h2d3koLk+dc+pTg7Pp0NOIAxSIE7cJ4aPMqsrR61EPFSlyn5g==,pJjEyk6pG4Q5zGSY3ECwz9YvVTRGGc9QOwycWI3ahy3tGvUHZXhfoYht6j1feII=,9gQDYjGSx9k2VODuB7NdOgxN6Y/gGIgyrKMBw3uh9/A=,yFD2yHuU61wAYO5xM7frA2ISkzSDdyCcVYly4k0+DA==,gzI/0EHVbt9OhR3vWkFKvFj0Y9PuW80zLrH1+jCp,GUoLsVsrmnv1WLhAQpHN2bEFz5wgLPmbrlDoj+ec7To=,sgvQD25HCQHv9QLnSQSbOEtEV9ZeIl/Wo9XM3/8xsJc=,HeUPW7NJZ6/QKMPFObaRiyzu0v22HzpHw11dYdmG
IW09qP+eDUgtB2cAgzSeeb1axVBhIuYbhHn65N4Xq1s6yw==,EpmdM2t6DnxdpVXeQsFc8ny/eDb7187HUBZdgibb7wMAUbMknA==,Js82kDdiybSU7yU9NU22tNzevc4+cb99dAmwGEVrbfkXMFdnArmTwXe4PPXicBc=,1MV8OaDFQtjWqPThlDtmDma4gmhW5c24L1isTbuEaBY=,zxAs5gyyzyUYBRhbyE4y6q7raAtsJ9Bz0oH8KTEpJg==,JRnOKZHoZHD0BxBQnSDbzFsKR3WdTWml2x8BlGR0,0aV45/apj45LhEFzY3yHLZ29KZw1T4LwBVpb0XhWweY=,HdoLGkVbb9B/OO00NtTFjpUwGV8cNHM1Z8Ri7WCnH2c=,VEbgXiX/X7xF3V4OxEkoQTLid8+a//eeoU7U2pin
ti8eAI8s4iufSZuoKSO/srPoIilBWOIwG6eKYD1G12yB5w==,ejCUanX9KhIFlN9lynKPFITSM84W7dzhNP954zr3x65qKRaBtg==,nVLS688GAVYi7bL/rhQVNuobWXqdNeYzHuCf/BD00Fnpo7cgLctjzJADwmQ04C4=,croHWFudNckZ+kc5rugeclHdDjoM/Sgk/vK7eESC+48=,3F/W9+nDYEep2pbmGqyK8++cvXm8DFK0LxN0VfZx1g==,n6qzW2Wtn0nCgbNj6sN1uGVCd4XQAOe7qw3iBCoA,rH37QOL5j8aUcC25MzTPJeBwEw8rZ4rA1/pE3rGf59w=,UC52q2jnbLL1u+cS/hIJFB6juwJYHtH8yHsKnRqSBwI=,wMmbJYN0cGy2NjmFoz9qnFk7xieBa5/zzN/ipoTA
+wk6z2i+Wnp4VUzzfSR8haUk9KAmV8jNBCa6/VhWTHlYDw==,TsjxKZoCqk3/6YT2GI55LCkM9U/b0OvBawYOpnmYKP6kWey+kA==,BSb0sHdCBYgLYaF/VdGNLoz9bnUA4JEqKAza5Tir/+/lM6HcdZcCa/3hUVFFlCk=,FILVvPWveCOTGOBlCfqYQ/GbzbxWSe9OaKW6cVTSfLE=,iYEsnHtzKnW2B/FnYIgsRfCy+kPIdUM+WIGuxu7z0w==,IF9WE++NPswJJuH2dgNN0P2C0qek4xbr3QeDbGry,cOuXHvOOOo73ecacx6m18ppjEmxZw1U6dH00g3PZ94w=,zy0Tl+PJ8R/aLNC5JIiMoZIjKWxcylDM0gMtZH6kpqY=,u4+xYouo1dDBfmyK/toEaZ34819Ur5CRy7nofPc1
QxXtEsk2nuE/a8CLElngGTPRIEcCTvWTNBtbEtE+xQepOg==,6Nck6UYOw8N0TiyhSucmcCQRBc/ZUfQX/VslulTPSfIsqAkyrg==,OWNEKAIl1/iTo0eBATakId23x2HuuSuVrsX38NqjWPWZwQQH9Raf8W6Tu4sQmFk=,t7arLjuIu1WvA9VU9TLQy8bQjtEVrDebAhvBrioDe/Y=,DN980NVSTTCm90Lc+MDwP1BES9NutiaPL5dsyygDMw==,en6Gu458ffBtVmMwZOEsPxdOTxtPFUvEv1JaBekB,t6MiEi4edagcaaxe40fPdAXBzC4fI2R5i/lkiQ/AZ6U=,z4F7skah98CciEZgavvHTntTQKfnGv8bVKWUdP724Zg=,7K2n3ScZs33rNBKZEVX9BrzWGZyD8TrtJqU0g/zZ
3nc253c/L0Ob27LoYM1xyYZY/t5sPVfrZf6HJ0ScxM8zLQ==,fFv56CHeBfurvhyfrjXNsZOGpnC+Yo+kwLz8dp6IBpEG/d7z9w==,FJCN4IJxC4xqk/MVg6dNZ97jduuE56KyHsm1Nack7z1q37j4R0iFep5iKwLVoQE=,A7ed8oZeEG0f0B/qfS720qCyCBNuupb7EEV4lVpEEVo=,P3ElzzlPaUU43/qjY57lDLyC5Lj3g2DwNNWzdIX5wg==,GTeXoiqZVQDn1Rl+4oYNjTtsqyycz+LucGQ2dINa,A8yntMGaZnPUKJmmV+BOj+kMqrtN2jDMx/U7SSIgjl4=,EO3Ux4OYdDPJrg9FXt2+bSrYvI5Qw6BjHfC6hXirqWk=,CjRDd7wEG4VDkuaSkzZ+OwHoLPCLF3TJRxq6nvTG
XbAzf8Ch4L1ktf+V3z0zVTAkDpsmYhjKeTMLEFjOdu0D4Q==,KS9tLGwNQUXW3HPA/hi3epQG9NBeB7Y1cWcqI8/4Pns/eY5Fuw==,6aTa0cNrKswPkoczvYOFPZ2WDuGp5CDEpDIXUQ9xYg97ugpYftfvtwzf6mAQfqY=,aApXAryPK7qII2L1anzQ62BtVJgq7rXzA8wsbfqoaJs=,BNz6iHS3yYRQdvTB3ePAH1w1greCmTObzPmSKbdyGA==,dO7OTAjesVMgdc//g9E+spLiZa6wmYvsT6EJbUg+,TLeKJCdShtBXPX78x7o8L59x49fSVqo6wxpDUIeFFaI=,ILUV3gAklQj2xFzPncuwlgWh6KmTX5A5dKCBuRsbHq4=,id7iTEs8XeGjZtHMu21sj6xvAx5tDZavK2QtD8Zb
CiGmmtByTSUlnU/QO43+dq6rqeZTGMyM/ukyVTxlMhW1zg==,5+uK4K9tylUUi++qbUmZrm8ipwIbAv+QqgL3sHvhIxWjCMd9Ig==,nSa82PGuDkT91pGYDKsy45tYBqyLpS/u+xsg1ug7Ml+1ATXSITrk8SPhz+0T8bc=,HJ13YsH2f2S4XISAAt4BkgunRgsUkwFm8CrLnqEAUfc=,Sd5QWHJSY/w/tO9SEMifJ+NJChDyfY2Q1u+XM2U6YQ==,h5Sa2SjnlpL2OxvPo5OhQBxdSXjIBV1WWEvxanhA,J5qKXTljD41uWi1F1X3s60oZ/CUmjjNF0yifbLd8gvg=,PaoxWVUSRM08Q1Hx8obn3p2ce3bqUGJu2P6ntTSgArg=,RMSTuzH6eWz7PrbQNcpT/gjE7LtsLQbYTQu5wCty
2ILpsafRkres80By4V92yiT2nEpzvpYY/7hrBBjBJbKAvQ==,Y9GibR4egXex91aurzmPVsQfjb0qLCWfNj2uHKFzIRMUXql4Mw==,k/q+O+y480iHQLoHa1cS1ZN6SIrq1JqLVExmxK6V17PaYGmKvpwp4KAbL/XdhNA=,DGy4Kx6S0Tyfdqsmu5JLsAwppKsKz0+819omKWCCw4A=,1CeP2ATFHqq7lPdQhM5BcAucfPJ9yN19Pf/vp9hQmw==,bWrSxgiahA6sQL5qaeMuzPChfh3LWgsZBTsHTOgH,qdwpErgq0+j/urzLyaevzvXVQUh/8bXodEFJlXzQLTU=,LYyNCQn6m14Z2M94hsDlTp/fOnQBI4lywqEFPOeDLjQ=,zf22M1hckkh9I4J8CYTvtS/wyvTvUzpAgOC0lYCw
dbCQVHnGMCbSG6bWYQWq0TtWme3psne53Xr2JAGUXu8rxg==,tN5DG4j1IIbazG9DLUWMDY6SJM5/PukRjy5r1Mz1ybNITTlMGA==,xTfD9rHaBkgGTfEHvYIDWk9ylSZsoH1eN+QzSrNvNcQQVOwOTnt/AJ//hXMStwM=,7ekBXiMLrpVpj/YG2DUdpKYdMaMz9MvRjzUCH6I+4fs=,Z67ptXnbvj4svfAv2rDoou1J4VneAfqqKw53KFIjoQ==,bl+txlmsWEEis7yAv/4TW4OV36BJFvWPWCs1Ny4k,xzaqk/aD7D077j7GXoS41GfHOKngpp+3aowa1vjv3t4=,mUPC/D17TW7oyabYgf+jIVwfU3UOQgjc4MYYOfa6/Ds=,nurxGTUwfjDNZhxC6xFWzmSr4OALkk2gpt+Nl8LS
gE0YHpA7yFPo9skNvtlaG2YSclfaLC3auDrdIxz1wPLK8Q==,Ik8eSPFQCCn6MPhnoUz4hV5EHezQyimyQowTum/91Julqq8n2Q==,/h2xsQiWVBQF1IxC/uWvxaCgXGIXdKvUmoTPOK0e+f+eeVli4/L+TawaARZ05qY=,wz6mmd2PqDyN0ifFyDvE5I+Oz0ZylwlzV/Ho47is68I=,RMdthRiWeQ6lnVjTAWPSmZLyOQEjffMSEHSpFV42TA==,jKEjKLbSGboQbBf9eoWCDlCbGNZTfdTCnkNSrsUO,R29AbIwT15YjywntUAxTh9/7E2gvJ2MY9faJs4tE5dw=,Trkdybl8jf0WL3Qb34krvHiSr89Ge0P0EvufjZ0Hnqs=,KGW5/LSzF641OHYmE3JqXc1vc44ZVaPQ/FMMOKll
+DT3qZPlQSIZ5Ous/Z+MVf0vFh3NIacKlRvkdeD2BzaUHg==,yHhAYnjpFUnULUM5IoS3WtMzMPPZ3pTm1H0pOCCQ/B0v+PSgQQ==,OLlYRIEwgnwjqeAfckkAN/u5yldObC8nj74uiyqS8JJHBoQ12C6EU6YGyF20OLw=,WLB464rV9au9mqyVRPftn5ULSSa4U5fy4j9BJ3GZtEo=,OPV26SXWRoaNMgiaRRjtmU2RnucyUAloLv2QGgXKYA==,/7UpM4AX2j4WBMAzV+NyUCn+bMcZjYf0Go6mSM4g,63AwhwYpWzPYhZLYxLbj49e5/12QDaeuHnzs62cHu/c=,1PT8Sbb1CLV+QgRYshDd6yXVYftNG9BoSUGFwx40Om0=,nob/TndiDEnv3u38KwGZZTByIBHqvUaAK2Eigv5N
G0wKnrE15pdMNnr4kW9+MlZ/vztJXD0QmWQG47OP8vg7qg==,eRBmCrCPVblF7/b7bd2fvDtNXOWAi5Y7wTAx/VSd8J1oYkNiSA==,7vhbPk492GARjU2gezXK5yY99CzGxiT+tvXqkNQ4WXH3Ip6yt6VIkjbY8gyCJzo=,rqKi9TqOnHPYxSOktxTTZNia5qb1e7er9rXUcLBtlJU=,BaEYMCsIvd01VxXa3U0cGe8GwZbLt0Y6gYqKG99hLA==,zj4fF1CUjpY3k8IKf/h9mOV5t7JkS0htWqdOkvti,Ee08a6EZ4H5oI9mGkweIZgj+PpdTj734w1bfBHoR2ZI=,NyNXcqFjFkW+hXb6f/EMkC1U4TXmrFLfj/xMnji2/aY=,7+ssi9FQ4acnGiWxEk0AXy+hFupD3Qs/4Wt/jf1C
8iN/xAkrFJSEk8ZWruB7p6WQwNdgFreayDkWUXorwL+dwA==,Hnur6RDvWJYbB+GBoxcy+ALSgTVIsCAdIFAwc0ZYGP57eYWwrA==,OWZ0h+PA+NXE10dduCeZXEwgc7mjo0Vai+0+IwdBCHlz1F+rzvyTXiSYeQ6g3Tg=,qTOlpooY4DlogwXgZNpln+9nhvMxrMHTBGxYNIMDFN8=,dTNiutvSlz5CcrBckDLC81eGDxIU0SIIPt2qQc2RSA==,y0e41MgRA2Teh2KnI7zqkzy1OV/fpfaCAMZYbMTB,G87ZpXw89Y37iVuW/ZpibvpMfUlf5LL3Y7oq9qrFdEw=,/DwDtqjR03Y+XkpQpcWKVGTbdciQf/a1Dq/ysT0gi3I=,9WmlJvdfCGKmFsoee4mEvipfyHvbQXaP/CFxO39f
dEdabdnmocRwwA99kr06VB8AfaFIhCZy0PZc1v5IzembKw==,zB65cOp94C02LbS74DtjhgRQsGR54+p60aZWnitZinaj/BwLZQ==,3lBjN22mK3SQth97VJLQmO5kTE/Q+dDZ6Sk5sBlzRDYrPewVc3OziWHnwfiGi1U=,W92NX20O2C4gpDcLt9Yd8trlU7hqVMBu+DZyQMmgVSU=,bapR3n3pjfjTelMUZblJfp207t1yjJoroaakgz5Neg==,p6337n/1zOBVynXdm5XN4aePI5pbqKoG3jFv0aQf,3gGhXrTMdTC0bWcfwxkVcyGq5mXMrvOtjZ5nEXdTxZE=,u4RG+DP/t+z8TF3tFgtqpJ046Edo/vtyMoCpbVw555U=,OwXzw9voiduzb4ZA0wCJ4l+jhJdJR53iZp5LDWu1
DBOKM87iMhBcbAOwXyv+UO4DDGLTy2KN85gXwaMRLGE1Qw==,7wim9cm4EWEkzIYgyhoiaUK75BG506ElATzMKHbIWtuRdMSAJw==,lQqFY9+ul06mdM9RA1DK1xYGeetPGXK3XXTxD1JgyHplshcBcx3knfYc0hNZtpY=,uTxDvCUQUIdFIInHk3je5RNqXvQvVJDCrSAfZ0ataow=,H+xxxbr2pLHEm5rfGPAcqQMcLYxQirpiYVlZ+b3Cdg==,/upcLvDEs45goa8jLMHjLw7N/3Yy/OgoqMd4sCMG,JzWmBt8CYmT5ME2TdiaqVLTeom6qoQV5iTIg5gxsLs8=,suxe4PIvMWkMeoB8MJnfBs0exYpoSbPHo+NQlc4YYrg=,8Rgf8uMuREAHlkWgd8nmjuO2k13g5I+F67447Fsg
qlS+I02/FqTk6t5r32yWm9kkD/Lp7LMLmUh1jZniFN/2FQ==,+SFKDBn1AQSJFF0ezkk42bil2z/U6btCNsQx9xfU3p7bRUTvUQ==,bAaKUPWTg0dswanWHhVOVsHzfPgyR4k+wsOAmZ+ox1AgWd+C7cTwIGvKTJsplMc=,umHnaaaJvoFh/qS5nYX+SgaQWmv9xY6m9om9KpfCMSs=,JzD+0hW++XJ38CJsQlGcAAB3yQDWn0cyQYoPJvVUag==,4Uj+NkBNzogompF5ISiSeFShs2HjajZ1YiNwoWul,J/2IrVhLekimTLUUfpSuI09x+7j2tLs790m6qkST3Es=,pIKxHIb4Gxnzth0BcOel98PBdmEhufzcQq+9/KYIkJE=,Ud+bORpwsCES6MkMrKgFobBq85PrHPVrsQCB2ASG
+oaNPrlQmoKG1X/+iaUeHLQ1Dcv3ScrTKYk/SWGuDAim6Q==,woxRozE5jIqDa4kAIfs9LPQmlsmH4BZQTKZSK8/dI9EpuICOuQ==,XUdo52Bfamsyo12S/XU4Mopzw9YngxXGTa5J4vrQLKvWTPcs8m5v7NkALiJgSpw=,fNIlvjg+Y/LsBzJotdTkgMFBFh/Hj12sOsqIdyzRDXU=,dHIHfx1T+kz1CVG6UZZessYhThi8lDWi6wEMIrwVcg==,zNBq21XdzjgG5ZqFNMMR81BlJndUr6cLQBxU0vOg,78Jdz0WfWq9cApdyQpqOQiEs2Z9/drMeV4ASIcFE5hw=,gLFvYETV+Z6+nIT3D88uLLjNsnCEd8QZtzrQ50JQhug=,ESVDTRpGCqMk/xV3Hgyi6EKsAYYseFQHURdL/VgL
rHJXgdSR0VxI5o0Hnt2vT7GWqoTQeuL24wiJbl1ORIC1gg==,Dvqo5dd9VPhl3uGoDN5vBQKg9qrY55kxS0bbKq46sdC098KqbA==,uuPAenbImsDR4pIX79xyLOlunqC4hL25zZBT4fXBmcgKkicusczoEqXlGSTxRzY=,LCotdA6ObCbdyQFdfqX7kPMp/40ojvhXej1zpHUijGQ=,Sb/oi3eythsesw4C6kTBCso0aMeoSzDtwbBbTsVCJQ==,TY3bWv4azuQu6OeK8lSoBNqixBduR0saqXOnqqKW,AEiwBohadbxPBYGdpqvhKrEn3iD3j9nYYnt6Y/jYyuI=,mb7a224kiRUSAKKzmSrZ3yK5KLPNzgHh0Fza9pMzwyo=,O6K2JSZjfkSV60LqTb5nktI915sjhnaGHxUbQqjx
lHnk5LsW+fD+h8yvd7vu+KsXkxwUgG1T63wMLsOSoPYhDA==,ysGWsB/pbgR8WJFepOdWmofZ1te6G5ilZeXlIWbx6E4ZfmqM0w==,c0r+GrfEnOTbxgj+4sRMeN3ARuADMo93tfAlDBZ3mJpwa1/GhpeUhzbPMUxZtCA=,Eql+OxRMoCRR2HffP9rHNCdBza+PUQJQuwf4p3Gzez4=,Z+5F8hgqeBqv7adUhJUJi0XCsM7cE5AE7ze68GCwTQ==,YCKqd20d3DkOavKPMC4E4TwilV6rOugXy90rhhOb,/dHo8dS+yYiwpoDnL4EaFxwOA8f5q5rfyS15A/YaW2w=,OYE5VomLTEcaNs09VpaHBq8M43EwHOwRayKAP6TP43k=,M7Qz45FO6QDw9Ib00fAqI+OVl6uqf/Awm+tco84I
g30PSMI32UQNo6vZvLXBI/BFS8ovj/5u6Dt8ej1zcsqA8Q==,jjsW8GVC61SoKFJ4QL2DTS597Gpib7ngk/AohoW9fnvXCeRwKw==,yhMCFuJkMF7e8p3wfUYpAoOxBQw0fao33U0xDpX+J2ZzIvkTjFpJZrceH5JYAQs=,EttQ5ISPsJstv21qO8u/NPzKo7QaovnoPNa2k8M6VhM=,NYr0mFHOH+LbEOaLBpxucW1DBgqrIjs7k0jC+vGCMQ==,PjqXWKZ3mPxuCwuCw6QabpkV2h2q9awD64NvnOuc,fj26WYXZIY4eVZc2gow9brOEyFKlOQqVYQVOePyQ+us=,qWJbidWUzZIaom09mzAmjKB52G2MEIreHFHBHUU5zHI=,Nl6zIUKiL1sk35sm2CIC5XhF4nA8XUqsu1xMlG97
jstvKFyyjUm8TLEgYV/OH6LPKy5FCLFlNZltVD2k6dx7qw==,80JFy5vUOkj3TdrclaSTZhWO6mdRFC6wsPiSuOUNmUE8+I6dPw==,mHwMed+eM0V3mkkV9jW/Zsn0I2OIYM9ia6zQOrZ8jZNMUhnhVKWkw/WCAildSpI=,7T01vX/PbSFtyfC0N+M2Ft1xIaa29GZbQL9hyo0Yaz4=,HX+NRy794Eo2RPncAm46DbqNle+XGJS63ClaRwbeXQ==,AXCYebVqGK7i4H2PKQPkrKKo8JWWWReKbNqxKT5q,uZyQYQILr+/rI1nafFp//NqADLf/8mKFRGkJ0DBSiOo=,wmviUexRIyuTB0cLublHo+3KBsRClswdlAhwGvd/8+M=,HYTZTedLvxiISz+qLQt2qwxw6xo4L3ZII2YMQYE4
gFk+Q1ecFn69cOjqA3UrtX46j5zlObiB8vFbOCFGVp/mAw==,rfYoibhAxzMMSoqhNbKe6nB6AP4792R4gD5qa/nNiUJi+bfcLA==,8RWkNXkgTsun6bQw8LZML24K3Bf6tLLYVviqUOJhkm3QCn115+K1108A8ZfeLdU=,M+6I/ul6V1WvXU4QedhgwyN6g2R0VVF7hMPIKbZHTXQ=,y9zQgJe5lvcE8JPz37lzXLpNzbDswVL4QQH/M5GL7Q==,v6bEeiPlPun1lnfg48oCX9ju2aaOf2YeQRMMD2Hq,vu8VV8bwJAxeDP3Wm1cahh+U/OXy18+leeSpwptikJI=,gostRTFaEXgdd4306K97nQlCyecr8BqhgpLK4UTe83A=,khaz+cmhwneGjUtPzc426zvwPvOwGX383ZvkjfsZ
9O0qQaigUYS24YaMiw8lm8seAvqB9YfPcAyHCCAoByooKA==,wLqmzF58cinsSPbyreGD9rI5HVl2wyqNtNO9iwdHiKMYY0Y1Yg==,yoEpDBeGSmqt9Z6YdMoHRoxdnk/4zYafbyWwdktknTT2BRzGMlpqz8hZhbzFssE=,u/t7d/A5r+5JTm40MosYGS7YKFdV+uAtbhUaXxBGh7M=,XlXH4mZsKtBP9GjnDgXy5PGTw9oIUFGWGhr57Ub83g==,y3Dpw6GSzqHfNjSzwuPfG1CxonfoLjO9M3niIbLC,ugDbWt5I9lmIfBtg79eTz4eLSnXwCaU5jEeQta+Rz0T6,IeKRABi+XMLR1nhTbCK8tI/cti65GN3mh1YrKQdIqJ0=,upKw/780wH9FbwDtplUEoJz2rL7a9Ma6yBQ9M5ZH
z3ZPWDDH2Kibjmu+RvYBWpwAYH8uEB7vtbK+4brddyCzew==,8V0lUKLUeh3L8FUSvS/eZWmcJ/seKvIsYcwDipNAHqiU09vJDA==,4oQYE7TZ5goewXShUfDOK3SDzp1Muaj045UXRrnebNuwV+vmJMRuaXArWafXPBM=,zXNGKij7L1cJlGOFPyDTInamxo9UEzuCdkwpkugse94=,WSFpzbTOJ/MO2nxzqloe8wL7IlR3IUHuwtvGYhYonQ==,Z2XDjtUQ8GsEr/pAzjINQ0jW3JMGpA7YjUyxGOaY,DWZfj6zVKK1clJdmV6HLGwL8fvuJbIOfGfm0M9SFeUw=,2FzJvvvT03fYuIvDzJ7Xl8Sr/YX1nt+7V8POF8EzJ/c=,iPnmmM8pmhjxq//yFYtfpjxST47hLYD+6SO1mgrV
KBrCxRHQDdVNEsyK9TDznynfHA+PFcCzUeYqDrPmopJsQw==,vCpS+LEewH7V/saaAVmYyxDmTuKxouqWLmwcwlg3EOZsNT9L6A==,k97ilZ4nhGYS8a+547f9sQJVf7yJXesffG6d0Y4Q3rHndR9q/XUzCnhsJCt7ubQ=,IxHxFJn3Sj1vt2sTsWoVazkxe+f7GghTDAj+yIeJHv8=,bP3xDUfguQGY04BtMt4HgQ9w2wt0wzLWGPtJT5QKiw==,FZzIN30osuAqFEyOZKCn2xREfJCZzP/933jmIH0O,qZX+xsHqdzOprMK3G30t12ApvRTBz77MUWj90ZoxVzw=,9bIBC2bGN8oSZvYXYjs9QUL/FeerxFeya8DB3KbdXIc=,XSE7zVzr5VSwPR0FryECAu1EbVcPBiyUzPZumKSy
gs4dWon2blfjMaYridRUVXfJm6ZBWlBl4VwvkDKGRwhkVg==,wQHd4dYq7r2k+ktmAeir53uDTrkkPXuwCcMLY9NVcGIqhesiEw==,LO0uj4rwr0lBQcziIfmRwCjQlKmJDkXvC414NYJYNjHD2+Cih7dT6s0ClCvj29Q=,UJ7NsTuellZzeq048uDwont8W0b8oHZe64kya4dhda8=,8m6BHrz5HVJEDcmARF/zDTa9SuM4LTAtAa+BwvZ89A==,b+HrssDYm03ZtqrjgRj8A+VHHsOCp76kmeVvXL6x,OXUIJTulsNeAlGT4SsVBZomu3pmvyOa+0dRnKDmIV30=,mYzIwSiPBm8gERVzKcYf5OlBp9Ta5O4x9Zei8DokM5g=,jUwaRWL876pUWbxB/ogCnITLBt9oWHKvdZS6WY8J
MnFj2BbfHwOQKBzmlNihY7Ncj2Edf1xHmFi5wcdQiLnXaQ==,z7oDVtgG0BBAvvMT3uXLiCwM3g95RtxliakD8uwQXWSL0kXHxg==,xKAVhjfHNtrx6Z1LurxJ9LM48ujCDCzwLRrqumCxEKWd91BDnieDrh3dqxtEEpY=,BQbDg525rTUNpLfOkw48QRUPrZgHkHkI+rr3epZLJUA=,m01Kj0L1XwewvLxxkpm/nIseP6elnrwL96SJO0wTSg==,PQwvIgEPhWlfb49a41IEk6iW/fpPq9DQoR2yvE1L,/4bct2s60C+7TW2IKFFkhEF1gP324AsfgVFjC20hKCc=,qSwoXsT6KD0VmVT0G6IOHIxFOLLmTlaEFUHBZkBjJ5s=,qMxgFIKBD5DsE4cx+C/vF5ja8+wTD28Pyq2yEAZV
hMwVLJlkzTYNBdNwFZE4jEXqxQn99WMAGm3cFtMVVk5wVw==,yLwocLwuGhBdRP2KKE+iaV5foJtagnNr10ujmYlZJkbkyrs19g==,DAXr0lHtrEn0VKscPYFo5Tx/C7cRWdVesMhYta4AMY7XkoHO59VcccA+FlW8oPg=,ttTdzyBvFnQ9D+gD87cv+/A2yTB4Qt5WZ8NgfM7vj+M=,GAqJkZV/lJGq3hlCJYkdmu3WMvfErKboZoUkct40oQ==,6jLIzOpwScJqGm4Bc/Ann9eEd4c+FZPABOqeT9v+,cEX4/AYQcnfZdIOOpP+g4lMY5GrJGza/anB2TWV0T6A=,Eht6UqH0TqHFOAlDGWaoomhC77/5zqCviizEdd1joNU=,UmjZQfWCA3hOvmrVjpspPRb/mZisH/nIF/nm3u0n
fj5ApKSXkNuHqxnBdntwhoA8c40Pgs0k6+kmlH2Cezz5mw==,PAYf7PqVQEq6agLHthiqp2ZmWS6odSbPlto/f7anJqBdhB8FJg==,xAHbC754Xh5rXuNeje/DgS5TajP0Fhbx0wGJGc36blnx06+yw7bB4+9C75PnfVo=,6W6qGA8FdmkdHoHpkEvNnkqQ4GIzie6BhCStU8HGYOM=,eBc0+3byeLYJdVBp38vVvKxsRHqLjlWR/FnJimN8Qg==,aZZjp34w2IXtwDB/1V3ZbA0RLhFT0UcIALRNiU8+,mMZhdzD0Q8mHJiD5HuBkDJgeh70pZDnb7wjPUO9oxQg=,gptfQcaZ8VCe83i7kJOvgEgGPtuaVDdEqUQLsE6arkY=,VTZ+gsSwX3JVXsfmlGMbDQcfk5VmTsRTHMxayyq0
2B9X0b3LhRmeMYe2QfWxwlPZJ/R/RpTTsFcfG9F1TMZQBA==,KqeH1rPxu80+cIs1H9sL7oKFdtbxpSFhQkumT6yDX6WjMfRYJA==,upAQ4pBRRrAaT1CHotO72FvTiTU2MUsGNmOK1Mj5h+yzDeIvnSyQ/NOgJKJ/YYg=,V+BP8ks5HEluMIcMFrdjFpmZhSzVllYRlHrtzbxbG/A=,RY6YCOXn6OzXKo3FitSRsM6xQO0guK2X+yRVX7//VA==,7Nh1+7l7yhJQJuw5xQFWptxot6q/DxdjJbB6yA/X,R4undhi8bZrR6VclXT9jSq70uDOvvhsRMdLBVSnqTiY=,b9U9/WpL3gTZHfFD3yYQrvWrc6Pz4bD+Ks1GEV1tQ2w=,I8eKLjxjA43FyCCUe/s7IrvIIraiZhvRpFpimh4p
ChPhg/4EWhdwl25GOSWjNAnafQvIMVqRBvcI7n+JifYTHA==,BdUiRU5f79dgmQtwsK3ynXaagIbX22LLdx1Ly+9bVdT1o5x5Xw==,E5EJCttXdOsi2BfYjOtvtezSlwrbnSZR5g3Wyiboy/IgDNTDKGfkbKRSZxTDWG4=,hHa093HYItNbJnzTru66rffiPFm+Tj0IvyZWoW9rUBM=,eUxQNqi/ePuC0ifgHw5rwDQukjnlOHVjQHt+AAKmGg==,oEy/tonrvaYUR1eh7XXzRXbhxGACTZSYkvKyS90E,u3YO/5gwN3O0EzOqooJjR98WW01A5mJW27c0EQkAn4g=,yzp9csAknNrJpodiwnIX5rPZYK3iDkSqtzyjf9bKpvw=,dtoIl4T5sq1nIJjdRyOsAZfX8CsG7Z7CRvOO2lU5
jwz7q8GvNl+bjq1jAZtu6LOFHrrh8jofv/pcBdzC7HunZA==,L6IvYZfqmdas1xjXY2Yet/oO6sgEt5ieCYEVoku8Y/nAL+mGUQ==,XnuNupPK0N6X4gaDBsYmPwHwrB7tDYU+UIrbbq8VJGhoE/MN+JnUrdLZ0CZPBxA=,cyyMgFHdZ9H8k+/VTKKnC4IR412QrZbm5wR6ECOv8BA=,5O8KA0046gvXX3EeLAmUxZ9SDVkzMPK4Zyg1KQ2UHQ==,IeMTWk/don8rgPrZ9GVSc5eitiDGgyI4RpO1eMF1,bTagygQJMBm/ecZulkWej4deE+rcNjd7pz1mESufoVU=,6AFjtLi2B0QEZ2A5SlfIPorQg5OPs/2wDygAT3d5kGY=,UW1LQsRg0NFLkK2C2iJLs9nvbYzhISy8CuNQAWio
nZI3M3JJcl10t1C6maZykMMLM4bIIy+37LRFg6o9jZwWYQ==,tO9LHFh14RA8qduUgTXXZoAD3YuYw5OynPnRTtsml60O9eFUTg==,1AMVfPqyDsC2Ou6AqTIoUXaGOew+o/llBfVPTYMHRTu9UZlGSZQLAdCQ1qdecao=,2LmVWy0+8GOZmA+mGP9JlMy0CSyykdELCY5UAFdTkP0=,f7exg+t76sZK3YMyuZyrblDcOKcHgHuLGJOj+EiTSw==,YQQb/dDfb3yRJWbwAqppYY5+dVM0XLhXW02QJXzC,jNDv2tHMm50Icg7KRTpUUCoZTb1TQQ7e5oaXnkFE+z8=,5ph87MlQDYAgCFA6tocLmeACPBy6tenhvtwOs0ouBkM=,J8KJau9Wo/ntJrjH1RO0WvcWSLMNQa049rfadRjU
lpZyaSdlsgL2EmvPpk0q6laYKtNRbE8khUwBFJQkQ3IwfQ==,623vkKuK1fJqq/BCk1sRixLsCqvv90/PxvKL1/rh/BzQT7JiaA==,nW/VH1DM8U9uotBZTnOMyeV+R6g+ogp3OrJ18fR3S9/uJfWhjnLxWNIJF9MDBCI=,j9njiIZB0fGIrH1pnZUxx6gmVadTx0/aQVDmMl9uqco=,CYeqPxlCN9Ed61PS2QLWEesnAFdFlQx0ETwrV5f6sQ==,ddQIrbKzJCwX2R+56wOQX09QvHhxLiUyE/I1hRqa,dC2Jw6/gz3kuIFMV8JCfCz2Z+O16nYyFMnqGqo0MY2E=,grdjj6hRNVWOUFzjafacVFaVnippBZitIlXx3pk8ngQ=,Q7KMHqSwVMNfA7ifKkEm4GwqKwmxlRB/Ytwb12tg
Dyrd0zFnUtp1PTLrQEqXXD+WEnNiEYtijpav0gnqXQtPMw==,bSOoNBremIgZMKee+H6qksamgjDbSbWSrBQkYuErz/+KDjDNEg==,LP8I4AMbWRt5bcxkstIgQVsuwcfFYdgSfuejVsWWVRP496an7SM9K5dmBYrNh24=,iKxKaX8K9DaW+7xqvPQ15RrRJJBoSSac6abXQl7tfqU=,0pDgTkq+0+PEkilUXPKfnKbl+zk5qe8OaX78/GLyWQ==,gLrB6c2+8g4Y+PUzgwvCjBBE53x220WrfeIuFuwF,8xlxLjSc2vU92HpZ4BQ3qf/FMXAxYF9A28yxS0B012M=,XJnozbE6PNGnebgYQZQmxr4FE6r+LKODWa3qr2TrpW0=,pfbxFom33v6fvPISGqk4BfVTIK2viK8QNzIG5y93
gpFO1e1E77QPm4scWlgIhX2NJElIA+UX3iYARjOP031X1Q==,z5NuIUA4eipMIVKWIQ+wLpssIbbITTSc6VP2cn1F3/3wVNY2Dg==,vXaJbEnlRVe5Uv+AeE9V/YESOoxnLG/U6Qdis2wlADH+/dIAgFvdr5APbOroN9c=,2bp28jXsH0M4k6eYRJkozD+xgV+Be01WD5Qej4MHSKk=,5zYPndyT0fsU1WV2OkVHiTiTvgyUcEXiecuZguk3eA==,HzIFLlQ6Q5qvjzRm66mdX/KX8cobdDXZadvO2hW8,veWaqlzqc/iNLAPo8H0qoh6ohKmevTtT1OKppGG5VEE=,gGDnaGHKcqRE22Bnt8DwK/BWJW4dHYGKDqtCg80xLws=,qW8Ij/3qwihGreHaOJll84rcOEBAh+nrp4DEksZp
WAaBeeQCLv00RCK/fX7FUGdeJcbJlpYzu3X/OJq4iKwArw==,3z66iOVE5aJtra0M5NVCZzDnt2ubHAWLAHBhO61QKgHtzF65YA==,HSBtRqdtp29VyTV5zKJDCSttmomyfCHdS44AV6Q1DlFi8yyZi/OK20uPLLsBPWo=,HzXR7TYjkNnQk3p0K7yST0zIhFsujXJZB6cFEiMQeYM=,+i9w3upgqrAjSzi5Jjdk2M2g/zweoD0fzV/NOkgqiQ==,+9MdEceIEAVwZ1CrKJwgW0T2GKFhwsi9pK7trF/v,tI7skzAFURS1YcgCQAGyKXCV4nDpWd9oY9BEBA3hDNc=,0LAej21EcDD4sJerDFuWuVkyXc/b7BH0S38NibE/1go=,LshU6busx6gb2Z2GSClrEXfOz99ctNsWh78JafFi
EU8OexDfXehQ6Uzcw0Uc51dIQVpvY/wiE7bx7JTcDb7zJw==,TK4ReGH+i0TKJonOee2MtvKSn6yDg7JWjFxanxvttFl9wKJ6kw==,SielgFw/SV52BAK/O9UGz3vwV0YUShei0G8+PLg30H5CsJQATvAvZi2VoAJLQro=,CVWHwbVlrgVOu9M/t66RPjfIV+KKt3tE+ffOBLEtA1s=,GupgaJimH8kiObatCuSckM3+6SlieeYncaAipSt/FQ==,p5yBJChYxG/Gjq6KLwnov/QG9h4oRc87hTmYov1t,ybj0ig5mEXJIfbondRCBEsWi5HHHNYOs4vdw4j13xz0=,p02gqOunPO66qtMGGjaUWrScm6xjOdxmql9re6FRUJ8=,m94xtS0iKOV3E6BNOruB8qXDif1/ohPoH+Dz3w8/
0MJXmR9a7KqsSNlRRj9dRA/iqDiAdKw+u15WuwQ9ohjycg==,87CMjAmUtiv+mHkJjgTX/ttcrT0oF1huVuo6VDcPOhg5/qF9oQ==,UHfW243SOzTM72pB+/a2oTDKxqRR3H8N//lnVv58IooconjahcBmVP7ojLkn5sE=,MUY1/znOFh3oL3DNmtIoiP0gAZp/f5XkAsyv2S1iU8I=,XSkJd/ZBXZoJsZyP2cQYma5t/mzhsB3EaUT31wD7DA==,l/NOdG3CMO8EQ3GG1SCB+AU6Pf6GSDwt4jIN+Jdd,ZHEtDAXXtFoQYFAJAh174iOf9KLvzEt/8R5l6Zb7TCw=,dyNHPTrdgDwCqhiF5BAvT2gccwMRcppXAIYJyHLBDXQ=,e8URqPz46Tzxmc8hleuDlDWhGLT9pbLFSyssWKFZ
ibcWaKs+1F0EH/BiMohVu+jfqlRIK7EGUhMyOoeQQ4GMrQ==,vlmkCO61rvJN38rpfJqPNVrcTwXJjUMFZGEe2o68kYzTmEH8vA==,Em6EsMfX41j6LdA74ip/6JScSWxOVDxflhN334jLAspOO1byOMHsF6NsDbAIjQo=,XeD/JtIz0Bl/2KT28kNwdtinCw6uctAPwTLgCDAEBsM=,Hvv9KV9GruBTQmXTH8Yuc+Ef2i+SQsfZtEdHgwvPsA==,fuxitZUbMgkxXYE8TnhlfQSDUEN70ZXu3gm6X3QE,AFNBx6CYx2px7VuaxgQx/fNS8MXZbWmvJKpckkBR3cQ=,flv1OMe9GN8AOYIj6av41YmuybLcO+KKqDOEhu8jbf8=,ul7Wgl31pSfCVJpQUnBJEE0joeIzCqgH4vlbpVys
Qn6CyZSYA9qLMPMU1Cb0Tw0AD7oJ5EWepVcRx4C5ezwmZQ==,F5PZpN+ERqZLeI9s9sC7Gue3k+U2+pc4J3sYVWIThvKRVsHTKQ==,g9SLFqvRiv8lqcVRwQUpKKu4K4qy0g8thB1qu/5nVZA0Wt0IhMK243xf2ajbTPA=,NJGsj/8dLgCAaul1ww0VXoeFwgmg5lq0KcEEWgdzk6U=,/3rMlMPIYaVC5Uenv0/ey/cn+slwOlvCayKqZWsgnQ==,6UMYn1dbgJDBOqQq1PEkxoy7QHKjrKfRUlcEIMPW,qAW1xYJEWUAl8/0/BYB2XDiDcKe/GwrUrkQ4KBnI1IM=,6NeXYOGi8xdBjzpE0P3SY192N1mUnGaicESUhMNXMCQ=,GDkRK+YboWhbdHvA7E6RYCZNGvPb018rPCzPFXkX
45NJb6VONx2FL6Lsv/DegEv4M3zKoC/rT8KTSL78UQ6oag==,CW7TFPulfpjQiuqmJ/FXJZpYaSILJNf6YvDGITSsRq2oLyPGTA==,ctX5OgtsbgGkchFHidTI+q2C2KIRajqfFJettMf4Km7P/laW4vVq+EJdG+1NMGY=,KuSfTYIUeZB/3nZ/+hqdNyULNkVHSkX/l/s5i0Yb1io=,wnaUIqb0a+a/AjQET5t/t1M8h6Mwfx2ZDcOrk6XuGg==,DdTgZ4l4G/m+zLWcEOdTmJun4Y6JYss7mzHLJBCj,gZKxxiY2TryWefPxE+RB4nq6ZbDNFMcBZKuMsjhQM60=,gBrZ2Wf0r97pA3fCSC/4T0vjriTsz6UP+Y5niox8fzU=,2Ku8BZX6jpjvfaq2i30CIz2tYnwSs7Ga/pF9YdKd
4q7+2HoIzoWhvStzwjZY24TcMKrTyr2Ds7ZuiQT1FPZRFQ==,5td8InziCvbp+Pvb3hhE/4i0qtsEKImt85eX+PjcySFrF+aHqg==,i3TGDpdLc0hQjs+qHsMk4qkd3qY/+sg5FSdb48wQr15MlREak4yJiHyGTwG71Zs=,nqFW1VMHrUhXFs7vveIvRNfGP6K8U4yvWJ+JjyHvtjY=,OCptrkacVlR3vdxV3ujh0Co5hnPE7p39ozEPSny40w==,+vpbk3VsBjgKDgW6ws3xx+/phSVQiw0FWbQdzwKP,uqzSktZtmwWq+fO68nmS25EwcOv6NtDhRxw3+goToMY=,i8i5WQuTcbVt656o+DgFOo7rBzjFg2zgjqxkXyE4ARs=,6uY26ngML63L1EF+o8LbivIEvmQW+xH8IpSeUGBr
M+hwh/lTuXBzWyVox300DwlBP5qMI/Mx9b0m8ycgAM9WXQ==,R4qVKw59K704XRnAN8yDkCV6j4vXMtCvTMsWvJe9qqvLMTW0qQ==,ss/0uAGThW9K8wjUwloJXvqmL6uaBCLvRwB+ADVE/5xJqvp43iFwUX74Dft8PGw=,erzrVNELfDQYd84zygsGzXOEGy1it5mNbiqD95wTZb4=,Xku7QyDKAMhus6ge7f/toxDXEdLy3vp+S/bXa9lx4g==,L/tUuJtwR5kc6vbCStAI2ajSPMIr+MyneltNLSBe,6TcLADGm3zbls2le3bdVS/pGWRZu9q/D5sqkyKxbeTM=,ZENHkpEhV+78OxeJJz2a9qXZEy6Q+PRjMt5pPVCSuRg=,iBmcUddw0eAEOH7BoofyIPhj0sgIfBbpr682KSrI
vn0NjQBJLFe6XxLbB3Wdo7KpXSViQ5UFvcABZXqhhV9G1A==,sXkY3EP5Odsd4eBxTwMHJeQFi7oBGgm39nDyrHADjpvs+v5a9w==,xXukjql9WYkMWYyrcBNJNJ2Y4NJMCfv1znfYnmQqOx/PXvZ7Ee4RwcfyN+bWP1I=,+gWHfEPvaoNCaeMSEMZyJ+xuVMO2864fc89QpYZ9c1g=,Ad4jloEdzw4S5F8G9TAb2rPdDpU6PJ4kP4aZpW0wmQ==,4yoTXQxbv0BubjbYtW4ywZiCItDhuMtIHQtegmFD,xSIvscF5z5GwDgKo19WasrMdWXxS+ckrb+xG/StKVN0=,/laARkQGwyMJH4yV2VkkWT+bEJh1FJKz4EfjadTpsuY=,W3V/ReVObE0MI+Tf16gu0lXw80A7FFpPzREqlCXd
MxJg0PVWSXqo5p8d81np4z/zMu6vnHH5BpYalONVLXrEkg==,ark056yizwCBaNigTkniZZDiC0u/t2LHLY7xBMmUMwS864ibpQ==,qIc6JV3dl3nbTXuGeAo4t5wYR+7AvQ1zNROVgP5fLinZf1U9+xTAGTNIrWhGaoE=,ENz/5CzLOWwWbcPFnibJIfDmagCTwvbc+FtXjo2OWOc=,+cR3VDcBlL3o6oBWRzfzczdYw4W0B7WWtdphxH3EJQ==,P7XZfuWr5tI/7Wn8HUQvX4Bt6VLwfeJNaEebN03/,GnoAuUwTIsbX6iopVbNgVY44Hm+EEYzV+qgKLCfAJm0=,72H6MSHqLkEtZINordNWGW4NkSYc290mJ4xmrHn0Lrw=,jGbA/oFNp05ygYQ2/w4XNQhL8Thh86CQjya3PmuW
nC9H3sTC01RAVkEGt7aUaR/hvB+fYIjt4OvyGduxKSsM7g==,cZOaHRP1V9ZUAfoGG+oQhLP+0nwSuBgOLyUkozWaeiyNjlBaUQ==,k9/BdVBKwMqD9OvSMPyvYCkk4Un4+GuCM8jRTRHxELUoInoxPHzh5A8286IgDx4=,qM4gEkCLidvc6fKSwmAKe3hHMX9OyABtABGHPYEOUvY=,fQSedIF7iXuC5RfYyoNLpg3luKcYzrKne8XAHFtYMQ==,u/z+Gsmvw9Cn8U70J9KPbD/qkQzb5M6OBPhNHLfl,c37XYyA9gyZtCvlShZLrNpk04JIk/T2JIyY1k+8J/t4=,rBBiLEcqTFvpPGQuT1/kDxuBl/WphqXh3sPYAoy0dLA=,ezAw801Pab0S+VoBE/HWS+qMs1uhB9wslZZicWM7
KIlA6Gau+ahk9i+L5X/7HOMyCymLv7uw1mB/x7wN+hpbCg==,tX37rdOdEP0BJvx7B/QSHhJcQYPAJz/r5f1xevSqnIZvR9gnvA==,E0Mx1fMR5JblGbfEnag1zJRSXtEX9155b2xqLDpH2DrnLo5uxVNA0BfbZj8e+uQ=,4MVuPG9/u3+fgGquKExIiDw0pxtK4BFnk1KIAeVXCPQ=,N6AOvhiGoA4PPnr5JMLy6TfnsCx2pMI7i7JqcLGJvQ==,bgybMBvrsXwzHEupDhMGey7wf4SjvixrmUBDMxuM,xHlm2TAs8KN3pVWUYADkm70eI5nyD3B9h0f6atGp5kU=,UQ5JkBHz5zfiIWRFkzMod76wknHEoxBYitToGZTcxNc=,NhpL8GTEJvSTInohKH3EUXpTFPdW6s5N0L1WgJcz
JQnlolR8A+C3i5nHGWRqy0b2V+i684lvINXpMLKTEcBUFw==,kmoWQ5Kd/UZ1fIyf0WrOd/Bubz9uEAczgVNoXOx8vO8yKMqIMg==,kPdhu9H4joQERslr4kVQVJJLgPQolUPC99EkTJq3ufFBC4VAREK/vxY7qxu/hNA=,wY7T+8VEB2t/VIasK5prCOL1NPBq+mEYV8cAnhlMujY=,Q2y1uJlv/IKJ5kb2dnBTBwIcgjItHCxuXORfj/mJyA==,DHFmYmGNc4CL6KsrJ9y4/AJhE1mgKBA7uxM5KIGb,s9uFZBsluz/Of3h8urU2sWcvl0I5518Ug0jRQTJGpz8=,wc1w+X4EgRKu3/n77RGQeIvXgNOwBMoBM3PUiyc3sfM=,oeWZqvWFAT8EwD0JGRDXMGos4In64r16Jd3paNhz
G/MYDb9aQf80WDEjLMMdapEMMyIjGp6dpKkaONqksuP6Ig==,2TljbmcFds2uGqxJWoOElVN07OAO0IrxWUrezD3NwHQcM+aGyA==,WmWEyvGwHOnNGFhY1AK11wlTMlSFLS6QsDIKZei2ROXGby5+ukCHGVocWdC9m5E=,IIf+9+eIN/oY8vDjAvwA5eLJEaiCquXNmrxka+BXy6Q=,teyD6ojWXg5wKpcES1w03iTkwo6lUmxeJuwGGvkJnA==,duQHwJjS9VEeIO0dl1sTzNVQ0W+i0r6Q/3mbLNj8,bMgCO6dpaGm5YqCxAkKiIr5LlxWYGwuaG+jRnEk7va4=,dZUDIADsonRVjCEGe0Kl6UPIxATahhl1XRaeqS/DZh4=,Ndxqrkbc6Lr4iAwjO9pFWbNvXdQyl06317BruuPS
6zL4udJK2KIaUA9xtJZ3HUzsJmlnu784P//KeayDtfmypw==,Su72+mCQSdzZRFBrNDWcRdbaw9a1wOMhgjlYys7c3ak9/Yq6vw==,xugLiuvwf0dZ3N9YHqUbKAVkNMIGi9qEiNUFwXuPQFMO33QiPekjjGChd4a/AZk=,hcNE5cT0eU79mz7IgzMuhMUCDSf8355SmcTCeah6o4g=,ZQpuFQKlu8xkUMvX1cctrCir1850aoRUYAmgL9lRTw==,OrfiI74F3tNMmV0aBHEWLCGRpclDxyQHEO/HvNq1,cKxwcfev7gaVcvDRuho6sQG7X8va6L7KEREu0DKov3A=,W5SM1TphSquOr9parvLot6WzLXSesHn8pdpemRcw0a8=,JvcqrKzDaWM2dHoGDlelm/8lbb9a+HlbUe04rg6E
2ZdzehzUZTYmMmvgLFNGWR4eyqq1Qj+v9COi8ImsTy678w==,y3YhK0nbaoYvgScdTgnUdqTg+GEo6y9gdX8OZ4IDI6vmFH2+1A==,p90SwAJJ3s2w6zNUZU64P453wm8x+RH+wzEhU6Q8rh9JXwRAOwFpXK9aAl8toto=,MUBqxg0ApESXykr7dBLCO8sTKriOuz6J841mcWNanVY=,tQKoLrX7MaFCKx+qqs5cd/B6bns2SJblBLCeWDpWDA==,9oujMfqjFI4xwtnofAOjsB5AHBmlpaHAUpEB/hw4,ZqiJwV46eFHwlc+mzABMv6Wgdd8evHs/BrM9+4ElYww=,lO4I+KUzyL6x0fdpj2Usv0AhCV0EEMMC9gVRDGAX+Z0=,tKbOW65SbGb2Kt4IHUf0f16Yvqw9pV41a0lnUTwB
8NZEp8laejhzTM021r77j9dGd7hZJy+wvs3xlHlCnjZKQg==,5dWRDAZ6Le3sRepqgzSpIW4eNxaOBnD7NAbpNWrxsTlp9aktfg==,Qm33OKQ9tkbUPxGKf0kvSztZOuLyTaJxmITcZV2S8UEyjSjhKc7I+hNE9UxRVx4=,Nu0NQg2SRTLldTKDSWaseKGR27mIWtjh+LpE891tmV0=,fJSEdUxDyhQAqKa7LxorAJVonbbL5He769gaEMFKtA==,2RzEGM/vulXgFrfB9kmqd/svgOV5wGK8V00jNmkC,989/tNcZCrZgtEknjEqvFg1ngpsW6CGK0Q7AosbSJ+s=,JNQycL6dhHT3Fsm49PJiGZwMNZF/o/ed2Z65ROv9Mn4=,aSvkFsaCA4YCreu/Uc/jJ8jZMR2FwK0tGc0YZH+o
drqrBcJh+9rYh9Z2O1C/AYlFCKUyjiqB7tXZ1nVxUSGWrw==,CNbK4DBTOx082c6xmA4xT9r6YkyE6hful0s4qfwaz2tuDJ5lGw==,AlDREt7xiwUTh3clPd+DuiHcT2ZYE+qRz06IIE4vqe83Wg6I5781eNS6M0zw9Vg=,fOLbTVP2exKkk+1JYgBXT7J9XyXB49G+ifmj6IA2bFk=,iOZZ4LKnjUHZ94Gy2RGs8w1iMMMfZAOUvx7cjjiKqw==,hi6TT47ObX+XWcaltbpVvCkRfe+b9nJrSmiG2uQv,rhztbJpyWXtzVf713moAsQDFmkge5ZeQvbl0iOkg4Hw=,g0r5BT9igZ4o7jbzBBgJbwh9Ov2n/48741mSUT+FvLE=,6sQWExNYmncxoI7N1QWGORqgNkPEWjNKmW02uAwo
hoNK8AniAh638VzCu8TBaan7MH7ipk6ZtEuY4KgO1a4/QA==,u2UaJSBDBw4owTsRjhEeCi+xvS2VGEe6szdrYLK2OzgkPlw1RQ==,4OxxPML9y0eLP6q6Z5sUdPcIlFyQWHAPj2hBym3+qG4qSjTFMR9GNYo6nxhW5MA=,cgr79Y0l2dBE4T8WLLSxRXSybxEeWywi1qrXVj32bP4=,zdNNZufD2kjs/8vc0qtLyVLGbz5NlJ5yPYUTshbpAA==,HVsNVwdvQFREAX3nij22tRPBrXZfbWHyNWwlzpJq,mRVSh2IaIqG73vgssgIcRyZebACsAogaTKpTmisz71U=,EE3LPB+MgiNhhjn8iUGTO/6/B5IP6bqdNvDGteVcI+Y=,ZC6VM6NT9VATu8jC3o7tHpJOkseLPokgI28v5gNC
EW+FMrhtSPo9XU1Hx5gKYVApWnrrsxWdu/9HZDPiwDcE5Q==,CcELMxlwxw37wjWS1nS8PLIHODMhY8nELzGsY0W4Spad/TPy7w==,CHofwjMcc7mXNhoaenU4bRY6Mxlcr6jXq/EW5hJ3kr/jeH7AnwBzMoCs/rfRoaE=,ovCrhzWqYfFe9DRJ7BkknCt5xf5HQjeKieDYm/bflso=,wZbXbro+yTCO+cHgr5ijOkMByQ6M14aFLFn511wulQ==,S6A2wjlvlep2OdYf3NSUgFw2e1UFBDAOkNMKnNQo,5qM9AnmJ6TxaaUdlAPl2TiZ5svIbNUE1fj3EXy9Seos=,n1P+aHmxaOs1YXmNM/dcBH33K/kSyeFcWfKcFyqu9w0=,AsIupjFFrR05Sy7oSoGrx/m6fJM9g638of6Cb9u8
69ayh7S3IJdBpUswhKpQDnJzcyAdf7UrujNqTvhH1YlPTw==,3Pe/ERoswbxjj4ydySmRZNxOOkh+eb2nMOxHxVC7zG0xC0s/Ig==,l+Mr9EnWdkRKyTGqOcBRIAnyKSG+bvcJooVhKrNIte8MATeSa3E6qbMuvNWkIhk=,oaPi8FG23+nHMNarn/Tw5qpVVxb+yHeluiTBw0jQcgY=,KkKMt31TCAlEP0BAhArwr7hhZ6ArJ4dBbcinVBdL6w==,Cltc6XPZKMDWtsRo8FEUgGQyciFRRLDb3B2adeQO,QYnjQr6mRnmqJy48BSgGxdJp+s5q+3C4sBmXZX5ezv4=,6xk8QUojQ6Cg56GrrV0WELSfupl8v15WzhgUzKfcisY=,P6K1yYD5NoICySiVBsDEvEr/atB4NOqm/E9lVVq1
HKfDPmjR0aNzhWEGXRMF1aabkD/wf86zWVbDdFy+tJEO9g==,boCSkB6YWWgH86gGLGzEby/WV0WKrTTE8jHvUY7nWc6oieyGTg==,yXAkMwDcVj27T0sq3GU3A1V4J7uTO92mrGB/LD9HlDWKvRMQaf8ZjQoCjUHFwAY=,XHs1Z7Ovb1HCpxCK0YDvu6u1ZSc3WAKWy9OC2u2Hmfk=,3JMbNAMa1rFK+d+GMaKoY3NyHK6RA+HaP6Kn1kuLJg==,JtspmBV+qIMN0FtD0ux91U3/+r4RGQJXIZgghDUr,wjXNf3X0cNR0pqxfZuDiK62l4Z/VlTdWTc9l1XalxKU=,HOmAzOcKswHhAnFjSoyQFfpXBmPCyTUsfc93RpLLa48=,6eAQMbBCaSdA8KYKlTqTPBKaBp+r61tIUOkhWDE3
fKow1/fA/dljdrkSescW23IwLgAMqPrk2bpijjye05KpWw==,BzoDy53KarAk7ek0jREOB/hc0unn1E8DRFDFMHo+dy5mDBlEZA==,dinjZmQZ1NVmtwRnodZ3G90GbPZhTrS+VHMjIEPU70Ftn6O93aJYPfxbcrFrHao=,P24Xg7burX49GOba6UK12hIUUnZuXtCexN0XHdey69c=,4j8EuxfoDDQl99xj6NkAVLFP7clWg13cmFys/FtXfA==,nOKW9h0Pq4SVeOkmJ5G+Qz98HDaSazp1HuPjqp6P,7hdLwLfkhafO4QO0/5tVeZGnoC2FUEPPJKjb0QZdhKU=,aVgUEwgogW9J4f0X8ycBk1SVp4vIxYRa5i4aI3bCFWU=,uVWw3nAfrmtpIDcgd9uTfQ3bWpH7m8fkX0G/9b3c
adnPrs6SJjvIdyuIzNqrcHjsss1SW+2WoQp3l2Q4gEdSEA==,rjprlheyagui6ezJ1f8vaTWLfZ1UJy0UZxxSJbfnAi45AcsGsw==,6ogVzwpULmRS9yuBPz/5d8DdAyJfvdC0Zhcd8oaYiDPoa7PDGiH3XWjCKxO65YE=,LOQ6y2qFwV1UMXiJoNI0jBCEpF3Q9MSGgswHREk9B0M=,fFmvgDkzXDnGUqvJCtntAUhJHMU01y4XdU6aBtaBsw==,jAnQ4ubuHChi6+Pau5JYKkwTSu2HI40CifN2o2z+,A9TPN+JPBqkrc5/QhZetcM62SUk6ZxdfnSJ9tbSv13c=,kvPbBGSFUewT1m4l2jyB1ZUa4iMXFm1Cg+dPbC6KqMs=,DJFCdBx6wnYbssT0h7t6ewYOBsqN/du57uF7cu0q
KkIqNU2Zv4v6/FH1ZbLCAx5mMZeMdVuo7y5q0qbm4sK6DQ==,j11jO4BpItZudUq0MsaPmqgg/qPTWIOb5fONk/dHf3b2VN2Rsw==,cNupZ/b3wwjOwfLCi8D9DSsQR40Kcqz85O1+QS6qwI6HzutmVN/cCIEhqpIBB4M=,AR4EYWHbfYouQtqHUy4akMbxFIAlO3rIwNenWG26wcQ=,JYFcqhznASedtVB2hJ+gO+x+1DaOYAEmD245U/1IAA==,bID488ZmHa81Y5C9ACDutnOpx5l5vLALIW6Z/jIP,DP4ygwtrRjxjJywmJe251KGl+ALmKwA8o2QF893HqFM=,+0lpHNMnq4ApORp+9onT4yGlXNNLnMZca7QVfAkVPpM=,IXOXammMMByhisvEiFPvXHsKNgDtatyePCvUiA5z
zt3LZSG7ATGD2n56e2JsM9Mzo0T/JlL3Lx595kQoKOAE8Q==,udrZKyl1wM6lYpiFPh4DfuuC7eUFZRIu3mueXW02o4NWen+E8w==,7GWtfPLVKM2IHsLIuHtTCMHiCrb9IUKVSiz5OJa4nQrB6o9WATb3SayIfzNt+cw=,Hq7qO1KfX8eGBHzcydBgw0UTUUv7bfjUzEJ6KumsYEI=,Bg48jZwMv78dLg13TDNUVWOf0HgWjZAo5w0exH2m7Q==,3LOCjmwTKrPv5YJlQb9PvcSkeBuz57N7kY6dyy49,jshBMSbJePgwsjQ2OsET000s3G3yBbqo3l4PGpy/iC4=,tKLbMAScpiqF8KrojEgXACUUGZyXhPmBJQfhO7XhegQ=,354ymUeawL2WuzlojNmm+HhVdfY98zPYFI4wy+0+
DrYq0CzMBcl4ZKEz+sqBuOVCgfHrpKSPd/CURzL5I2/NPQ==,/rEB1N9RdVcCSQFvcn5RM5Yj7J8zVYOIjs7biHD+sbDQbxk+Hw==,aZWsSC1YOGOCmjRKmNaedtUx8b2rxjMDwkjV05pfT+7DTJ0XIx1zXp1M+DzZB3c=,DX2HAnPW6Gi8Lzcz36oXnskY2goyVfJbAFxmH1tE68k=,LlcnVWfcBA6EbUw1FsSgAbaFxRpAg7ozyIo8RK7QHw==,Exl6DLQ2op0/Zcif9aWgXRtapsVJuSifNR/DpPjn,IGCDGYjmYpl1AZmKvtxdxd8jZtTCwKPbVFm8oWIOlEk=,oWk1DOQigbsAdUtOMQ2ldr6c9d9uTiEiOZGQS5PHiRU=,0f2I4eW/h398BOaU7ESSZlo0C/MTeAyDo5vj9Qr/
ZxY04zeGka1fwCUphUHWUKCfrOXxC/WvG2nXqXd6ekaqRw==,LuqWOonU5m3VeBdw6QpHwwvU7GQNteW9XvJWlCzGOfbfbyRrRw==,x3Y7l+99JduhV0Jo4RUYn2RcUyxG4Co2EyzNwDfULjbI0E9A9b2loRLeUoS7KVY=,lV7kaPJ38B/jlp2ekmhzEXVvKMxZrWDTPTDOL959U0A=,GReNwRv6Qvpr7uOsPTIei+ii8MKXS1GptiI99Yxcig==,b1qkUIoHdR/zZrwn2Dsy4HFeeDqcmavbzwZcSlAA,z+VYl2G432Q+8ppQv37oWVNJ6M8XUQoBbaOlysKLEp4=,RjDgwk1bMoaNaWAtKWEy4Ih/55zgfi6WnJ5sP7c8ZOI=,mQykfnYK0DrecAzvJGBQcXMh9qlCj94y4D6V3VwX
p3UtbfaO2rjbI6pHE7DxgmRamyiIOunspyP10WNPUS64bA==,lpVmrPBsFCC/knHJM3eBhWORwSRz6iN1XvvCbMcCzVrz8nAsaA==,UyeiyvUuVk8ywx0FCLonIp3gH6bufCnF44le3Upz7yOXKpogFZ/Ig2mMFwiS2HE=,SY04hmeWUvUgSFFYvCYDiEr7ET6DDlkKyUAPd0VI0Hs=,KwycFFm7JU0yUfaKkU9lMEL8Tzm/D2qf4fto7ZnxLQ==,S9CWp3/J0GDGmlZhllwhbeSZ2yjjPrm3qa1zlmEg,JIF5tY+adPz0LWovU7MofqNb/xmOdsgAkMxKlhILVA8=,rBBeoYAyoIp2H1E4vq6iKMNFr4sMevrqPHYSTR/JeSY=,ZtB0sWLt7+CpjpeAOMQBkR7WsmWQ3Y1uqydaSrmq
l7gbvLrnpg3gg/7AuNIkeK5v0bWXdLjd5f/w/56i3UeM5Q==,T9zIPwmr2cEY+8WMrhlsd/VWIeGIL589mpGyZVhXLdihKq5Otw==,Xg7g0Qf2iBSmf/yJch/vNYHDn6SehCQExMLUo2AYhD5LLL4S+mTCt5h7sy+GorA=,IT/+bDcVLeiQyZDJg3u12ou4R2SlnTo8uPr6O5dxVw4=,P4ef7GGSbmQCV5gdtWMAAur0v6liTKlT8cr0UBd8xw==,3cxrw5FvP136JXDKpqW/pXUU6clG5gvextCHRpap,ez3CCmobxJhjP5cF0+mrjtyr4c0sDWt1JkQkNLGTeY4=,Oo5JCSo16ZjZ2Swidv/I7r8gJxldoxXP/0uJBFQgEGk=,2XS9dsoSoEBX9b8IsKk5ATL/NlwnzSAUXFCsH6F5
LSooCGhyNe5GJj3b8CVvMiezIAN0P2pR2sYzwsieJiohWw==,TKUEvuhhcEbbIMX3bw6AirCZIUcpUskr4HvaMcdahSqaN3/TFQ==,G6BJd7+zOpMV2/paoNrVv1hfYqPunoADeEM9UVTy5VwOZl2tdCcFKIkACOBnDSQ=,H0L7zHD/WbLC//Y/aNgasmzCEXLVw1an7o+eZCLCMZU=,V7YaGYWMl3y/k4YLRzLPUEz+gmE1zIPqMFv1zBAVJg==,AUbQd6Il7lmt3xBxD721vaZ0SGK7hlDb52pz+scC,5jC2zUq6PUw/8Ossw4ijtdEh8ZCBqkhF1VHdoS8F8Wg=,PIfpkFpLuY2l5dgZ3oWaiBs5ESjVBtJhXqvuEE3A+8U=,Dsuwd8p+aV8g29oMDkU+7zr+kAT2QxsgMHAEauOJ
XQYkvvFyBUrzhDJErHbILfk8iLM5RpjROFlJVXb15dlxyA==,mrASl/Jxv3nsez9+PPnxMUv0HCi02RQ2Y+7h6lXstXMimtvzAw==,uNCoDREdoEECQT6JkWPfpym1m/DA8JR+RKrFjmh1qx0Ksgb5l9RiYmkoVKVrImk=,ItnhH8PccLglEXdgQyZTarFjflFn5QMTeazX/hFgys4=,JjErake5kaJNB0bA0KgLjhXmHa5xSCuyw2+OZEFI8w==,4QlFJRWfeHW6H7aS3MduJhqYoIm14pIMG1KhI32+,x2sUF6N9rVLn0sjnl2hT6iXInY90EUsOTepmkhdU6Eo=,dhXFSQN/rY+QmZUcKP/4+YQMAb1Y9CmipfYSpo0dUNE=,3Wi2Nm7yKaOzha1VkJsuKxaHANgSwZOLSNuNVw8i
v3yavbDRaEd+U2iJ4CXLTMZ0TrMJXtfNppuEokXXQaswNA==,YQH2zNh97pcuQYyIsuln1/sen+vfn+nWv/EtBCWzW14GtR1ZWA==,uFp+rlpF8H97tDd47kP1S4Xkp1f+vCwTApNlImo63kwyR4DLqiFJxJ3jkiI/ziU=,k7QvkiYcO35w6aqmQU46ApXvQMpgF63qwasNfATUEkA=,imGVPtvSjzm10G620mk+ztO/G6V6tpAdL4RJm2Zw0w==,jETfhFyLZhQikNklwIwwB8rFE1Jku2e97U8Jg6iO,UbCDNUBo2/+ZaUW7hSInELkNxyJt0nwOu35UGBVrzxs=,/GwoF4VCUzKoOk4lce5nT1GAKmJ0fCdWg3UTzznWVuI=,00xpJSmYtty5mbXddu8MQEqFuHJl89n4H1KiKqkA
PxTUKYj2zwrsRIzLgmWpj91OMioCoC3m6glTx4caAxv49Q==,ruX22DPvEZ+hRcNence5Wbc4TB2rC/OkprhBtViXFUI4vNiIBA==,sdnS6lzYc4psk5zzPVnChg1ZvmFQLANZRpEIjGQyTr850WxKhn/t4iZaA/mXVzc=,u2kygYgE+HQ9XE5STpXtr8cuBE4b8JZdCK8J7+Vve8c=,VmweOMONfEqxymVsQSNgCepPmogYfc3SFt+2Wu4CgQ==,p1jdoE9HHR+Ed1sLNAQ8jvGBhgbzQH/mvMwVoFyX,eU0lsHiJKoieTg9wYoK0PjbkoTDqB8a6OboPlOuW67k=,fM7AVj+CE/8Rt6trKvga9m2XYw9S70zCfe1Mko8gRZQ=,grCXNy9GdoJdziOUMj8qiNNkya5bwax+mOmJlmqf
ZxPhEVeMKb7QaZmIT1mbBqbn3zywlOWBOEqY/mxo4inCdg==,IlzNw6PyiFc/5peBy0frgk0nI7+k/Gx8gwu0o2SHXfig0t87/A==,Ge6O8sS4FERPWSQ1UE6pifT9k54WZG6eiKNt4598GsaqnRvMIqGPl5KF+bY+7e4=,vQTJRrLDmaLTccIgq92VAl6FpQoldSyPa1qzTmyPGOQ=,owbL+fEE5XYR3tpVGSowuG3zTT+ICFXJ79lgAGfLUg==,ObHysyfP1I/p/dqMGOgCx3wMFsZCF3CyFJagEh2W,tivGsaSmc+hRhY13SpYYmI+CdvUBNLz9OEao+9F61Yc=,19vOkwgXimfSz2A2FSL2tBPyG7U1HaIPKrmnQmFrGA4=,pbD3AT+YJqQH+eDGIbBdLSchVy+oWqqxM+Rjiso5
nQBmqA/kg5oc7oU92g4j4TB23Ef2zUMqflC/M0OWyDL1aQ==,zXBRWjVnAPG01XprGMNDaU9fTj1F65LTxo490vaUv8nRMi0kOQ==,KiHIlEYeFdeZUKWFXx1FtTJ7NwKo8xwwEviOat7Ge6H9w2Y5iYZJA4HS+O6QEJ8=,91QCocYPwuN6wsYJBd8YBkFrEJWtlh1nDDaem7OM+Lo=,Q5lpBP4qZ2X1zJTiXh4AjaE1e2bwR5VF0EcZ9ULQOA==,991IXLd2wPxQG+0/fLwZnQeGYKiH0mlO3/tTbJ0o,+dieJV6yyhFYgoGmIZ/XPUCYyaRd6sSwPH9Q5VMBG6M=,zwNyWUvueDUehc8+lmQ8BtNLpVgIRht6zApLQnd8PdM=,pbd8zLleMVC2wxCyawvocsdD0ZGtMXhnrVqKtknc
fyYzv4zVujNnquXBhwFOyQcwX+pjga3Pee74STM7fP87qg==,2Wf7MD0UbBnSxGplntmeZTYsMYZGBivdYUlA0VzHdW+ddg7uOQ==,TFp/CP/wwmOqjSAZ+XKKGe8m+FYHhnbYKm/lqsf8nFUuPP14p8/sfG+MFcsLKLA=,8edWJu/9oi5nZRC9jdN4Ps6FCK+dUYqaRkNdVU03518=,YzZBhFp/gsYTWtVe0LjHIYuybPqLF3rurRb3yVH24w==,5TUOgSgT/VkDm1tCoGviL+vC05bs3BBgkfAmgRnJ,bBo91zxoIw65lKRi0CKk//xzHMdCB1ByBiF9k/Z4bOE=,2phCedTPWOpq/Voy6SjgGLyKKk/8+LU0VDvQpQR4Df8=,7RLoJScglm5C56KlVxMgIwYnWo9CF78cSre5wC/R
kMtNmnsek7O+6SpzcGHAXTI/j5iv11iinOPeBtPOC5aLrQ==,ewew3jO7dh5S3wTXabo6+DBvUSbGesrBzmOqyekVQhHiecmnnQ==,afifKlNolfneBdEdvkKrhPX81rBheQN1JMauFAcMsgKMXv/I23K33hXnYXt0jWc=,mvIGJH+FpzRQWKzfvyb1qHXY6eWmJ/zD7uro/AMqoRs=,0JGI44+Wi+Cl8lpRtRPi2p3wCa+phVecNhfCPvJskg==,SLGRg1AXu382sy2OvH9vUmkt52N8De5BwupuUTgO,Vamu5PVlO0fALDEf361MybXjIHDO0cJV/Yy3vBJzKl0=,kFBfH7XaljYFIviSSV1o940RO1vQT2YgcXbyXK1vB7A=,c5Cson1W9myJmh/1e6neRjAKFueZfYvYaqtPj5vz
0isUzridRpFgt5B5Nqo7XTMuYDuEO0AiG7sO4vdYA4Vrxg==,6c5I8aTt9fFs9cDyeE2HDQ+oe46nKDx+4W+i1IjYTI2xSDWRiQ==,3S/vXr92joFIa0/PftbI4DnY/qBiYiC7zl2D1xu90kJokbFeDsgr+4VE0TJ4jf0=,tItfEo6dj28wZDD115m1BX4hSfoCgeFFYnS7BRc9nz4=,LBOhSIHsLEwtLEUkEBiLdugUGD0cKLOKDptmoHClcw==,486pMtCswpUmxTdYcP725RJQhg7wfkKI0Iq7ikft,Njsvf2i/EKUD6CKNElFAe1PJusDuSR/nBrlpfsEmIHw=,FnbGmBECcs2/+jBAh3f2N7rrqkIXwJWxvwlVEj7ea/w=,Yo68DhrY42MGoRsBmsAFXi6qS29p+PhKd389/IsQ
mE+SSoE7MYfGYQEgcFdst6//y40V9bialIffhAgyXcsKZA==,2a8DEBT3EUSzf8/nVmELG6i/iVZY9WHom6HLTBVYTZbA6FUZ5g==,JB7q9jQLEs7sy7U9o4T6+rsaYiEj/fC9NciZzRa3k3OHEWleHWxuClSuunEPHwU=,cXR5aAiNKBuj89g6EvWKHEfbUMtLhlC8OddJHZX/DHM=,xmFfkUtpRZmRmPRm7v5e7aArR2nugcrAfB9ktMkdiQ==,DNEM9taTaJUs01tN6kgVbOVbJ5thoXTNHOttNV/Y,9gdsBYVUZDQi9Vgh57UVl7n3U4x3FsHuq5Empg1dYRI=,NzK0fTMkw01HdndqYvIxtdq0Cn7LNIFoHgsYBqZ76Es=,sVD5hPzsUIYLHzAnb2FmX62ZfHyho5ZooGf/MqCX
XKntZ/EfB4yFqxHI9gRdGJapaJyF+tFa23ekvjK6/ydFRQ==,YCo9Oyr8PyBGHRfctbObpJ7IDWZJ8X8MJO0M+v2ftq0jR1/ctA==,Ndy0kS7aPMIlgeqIN+fwS4LbzPPze4FeYRV6NGfYiZaOqdS1HvgY/4yGl1ltRw0=,XlVa7WMQ9Tg7hloLio0XwsoZDyzZ5aDSy25NzicGsjs=,6RM1/Gx/MByMkrL82fhzYJaRbEq4dsWzIxQ8vpwyeA==,ROss0c7i2LZJoV0j6Jw/3sy311b9s3mCAhdb7xDV,H5cMpqT3tljO3SFB2EXihrSgj9aDcG/M+78F+VJ3r6g=,kz5tdsLAwTaBco/QZXI56WZvatHG9HOcBVkiPaNQHi4=,AAJ0xEY9vr9dc5dsNjZOOC95MXI1kcsVWHKL/vWG
klYAnaLhpxerpP/BTJPCLerAar+9VAd/mkRZiCvObFzEwA==,o6r+Tu9+1auWp7xoAjWcbqwLCA957LMS3Ka7eS4+w/XQWmLteA==,1hbIKTSdh4vUiW34v22US1aCJmLzBWfLk8Kbl9XNlHrxBOcLqChbrzipIboQsxI=,eIzCBxZqLljVUYh3W2WnF0Ql4eXI/gl483l5Z4VV2bI=,7z5eB004SF6VaWNWbYOW2UkvqSmOXwQA7vQdPUVAmw==,MbiMKwIpGR9Vj5txb3lFILeiY5fjuu8n7gAIHyeW,pre2WNGfBWpywMs1sQ4Gsf2wjx7f8dsnpde+YJLE93Q=,vZ93Zc/MRFVIcH6gfZiJEWue1kOfbjSgwPAhFjdshIw=,EWrTEWkgeNjwy0lS0agSw3y7M3l+n3wy3mKDX8yH
S6Ah/U1cxLzZMQkiQahPbwerPW6kKZdH5DTOs7X8FjUp9w==,XXwHFYVsjmFghib9tIVyPCi8uKD1F+UFWM95R/MCxnIjciPVww==,x5PVGcxWwSa/FtMTBUO7ZPZ0Fy+FcSNVTsmYiTooH0L/XdsfiZpk94SOzePmw+w=,kMKjeo5piUuqzdnuFW/Kt4RX7aCwWHRBEKEtQKM1W7M=,O8NJ3zVeh+HxghFH1Dp3ucreuQkBMULCEISKBGaw+w==,0esrE9VsbSJh3AFLOPUsq9XmQZTD6LUDHQT858na,N5wWWevAeCKLvHFbgpPWtfj1Qsj6nt6rXywX3nX3bMc=,EyuJ+7imLiTjl9jSxdZFThtI56ZIoTvRIk38ztgFDcI=,vxoayBNSS3lFUS7nLsdDCaQo6aw4lOgTq5uPhd5i
piL1XSFlw0fsYdc01HOVlFAk7g/yL6DF+4o8Zo+nQTLl/A==,VU2ORlar7nPmLALbcQ3GIzX/Ze5S7KQBSHFTf4Msf1ZtEHAdfQ==,WRO6z5h3P0CG9d1AlbeG73x1+V0OkBupvWRZw8gD+zVpR9csvBFMtIPPr+n3keI=,Zlx1CH1VRLtATv1AiT1J97F10nc28R58Kpnd0zGcKF8=,9dQDqwiOxfWhKevFdGHogwoG3j4wOmCbZSxw6I4GgA==,EHi0fyARzGf50susMP/JDRnMeXQYaG0FZPD1mQII,peReBI7BcPqe09IevpO8gVVeltUxf7zyof7VNUB6nZQ=,XOYLdF+QXyDk+8jfIAz7MygB7kDEKP/g7iiyi277VWA=,8XJiAkFESJQVXhmMnDAipJnFxbTYpT81Cn55D1if
1mnyZJu+bswLqryt+Nj0tuhuwQ2Q5Hr/zhLCZeooc0h92g==,U0eyGErYfpRUGO57SkcthAojdENIS6wSdx1mq60C25NJ8P36sw==,3WXUhJdm38xp+K3bMZQluqWY0fP25BOuYz41z29FD3X9mNT8QE3ljL26kFmJCsU=,Cr/s7DbTRn7aqw1nb8aceiysTFB2SQfEVRwIlsYc2Wo=,VvK3kLt/MkUV8uDrOlTq1SxZoJgqJxps1Bw1C/lTZg==,AAcj0e/mzTH07qnvyIgVPtyvDHg++ntLt4REC2QO,GCnzeVNdDqtpHX8zKALxmHyDT03iUHBVLr3F5PuXQsv8,YYFGPSiASfaKFbalFvmpyzgAmLAinjZsiOJg0icb7tI=,6DqmKKXL2l4HlZRCEHVbNLB+Ho7d1HOK324qgIge
gtQFin6yGH0/HAlao4Fa1Ub0pEt6wuFaXT/wR92722rhbg==,vklJQknWHxMouXHW+1SGxwMaJUeYNXQjLGtwRNOY4f0OtSmaPA==,hZnC441JCfbKT1MxEWKx/kA2RvyLPKCu4Gk/TwFP1FFxBlNtV2DjbE/0vv22rCw=,BA2ZjKXhPAWydasUCZmv5XDOf1apK5lmRoarcA2L0bY=,rJRWkCiG7erRPnW2BaYKmOKTQOfjnlMAdknkPrFyQg==,K8Ip69DvbcibKr0H6arOOyVVx36yDYbMG2d268SJ,u4upaluEGEhE5GfOaISWD2gtmPiYiNWoYSsppR8Z9Sg=,nJcUkxakMrudhNGi6qZ7nnTu/gqkSxGMbvx0uz5k0d8=,r9eaVYrtqZOkD6RXe97MSS4oNpE4xIs+NJDGH0f7
Srywi5oQqqdLnBFihIYq1/DEyqWnfgsLTQOs0unl3GI/Qg==,omlVRFvWpTZFZNp3Xf2KkZmJsYNhKRw5MSnu32vO6wUbe0L2nw==,c8fB6nMcUdIuQd7OJlsFfr5LuB2QFPylDf7lxTy/lD4vWb4ruNgyde1aTv76AaM=,fGM5XmX+OEXIQX0V83mg7WQDFJODPWMVjFVFLEX9Kpc=,irPZNNlQ48scSs/fphjej397BKY4t6IWmzIyudSNJA==,Df7plORGYehRiZlHseLmU73M/cvd8mPqfELxc2vi,ald7ICKNSOufyq6BDWt8E9Q7O4z/+VrJJd1cfaJC/pY=,VltLTpZYlEebqJnaS08gd5vn1Tv/5eaYVVgq3EqHSyQ=,YVZQInP+b/nwDAH3Mib9/fxnRz+DxKNHYDvd3D1t
2x28HF1Yv4BUqC3UmQRiCIs6uFjnj88yiinaeTqmJy+TeQ==,gmk3Rs+mQfZC6rV+5pArbam2UfBrYqP7kFH/8aM+3BJhIAvwDg==,8lvsv7ujbdbWtnMXmqz7zCxv/hL9EuRbpSaKmEGx6bjosYrAiTjjKhE2owBFQaY=,ci0yorogSygI0OG0wMMFvR5rHkyqX35ftyUFvubIb7s=,tx5hPPtSmfNWQBkgWWwuhEFqn8tqG5J6wJtoXG+UUA==,AvDJwmnMSguYz73emGRypsEJ0cByn3ry0vFsXaTh,AhxDk2kPp3Mnuxrag/RLbmcXvQhymx5UGH52HUjzRAo=,5th+iOc4927FQGE6SUvS0/MSwsLoBcQ6bSQW7afFuCo=,NfRRlDqGonBZLhdtSJJn8lk6s8y+hIrjU9egIftL
/yHnuIr8DLVdsSfUaT+1z5M6Eti+Hoo1ARnE4qS2JmGTmA==,OPwOolZrLepnVBHdryS0YQELO19VpYPyrNFLMFTJxjHF3Oanjg==,PnDtG4+AV0rsKwfvpP0aCIzx4Hx7TgQRKYQJNK9zxjWMMGKiUkye9h6MR1NH3pw=,adVqxT6ilMOunn1G0otMJIxd1GuQdIqpAYML/uBww7s=,QD6C9BOGAaa6dhDRc37qmSErieX0vHdGV5xz2OVbcQ==,N4N1IDEnCxQF1mrJbYv3fiZr4XbEG10SXicHeooA,Bu7+s9XSwlYKfbDG7LBo5q4GbU+PqmdYz34dug9Lh+E=,KpDFOSz+6cPhOj3tIhMXa1SdZuZXq6aY4qawRQS7p3I=,JQu1X0nEmoZbOdUXfDJL6v4A1rnGI83tctV0wQo+
zp44HmkYG2pap2SMz0LoiY2rs+FIO6iOQgTXG3ZejaW6OQ==,4ggU2izwnuv+YZYtZHe4sK64G9jbKr8ehAgn1GdSFVdDfNWg6w==,xI5jT75+bpRSwxmnbk5zLOSwyEB7FE7mxIPYRqVIUfdVVUZ+O2j5O0TFT+H2kvQ=,GQUoOJSEpDOK11wlK4L7Rd5Iq2alutAe+ZZmw8Vi/K8=,QydITHcAyZpKTalSTePiLC4IsrO5fXPT8Zutw6lLRA==,QxN+UWUvmnbAv7dOMhSrHHFwF14GEOXbeLiy9lTF,JF7n+fhRKeQGN+OJ+Ai2owuo/Z7gViwUTSF3FosdD6I=,Jzi83KRL0uOul6/D/C+r9fL2PgsEUWqOC3/V8aP4bhU=,PEnY1G+PYDml+AeDIju+75y0fSaOlytGTKj3mmLU
SIzUW4t4HbGbYA4KN5GUap+9GHoMra763jhxxCWmKlB1RA==,OaiWmlqPUsnVa6PBjsAkwZBRzeFvHsBDOXLCFA7O3fK4Bgjpsg==,txDMAiitWcAUARMWONxzXFnyxpi9+8q7TxSy52JrFbNVQwMPPUPgUaC1XbRdNeU=,+p0jPpYTzMC+pLw4L/ZdZe1b9rWYaw64qyArd3EjOHU=,x1V8TgQU3140cvzkeFQaoxtJnKkMsmkQKmdyvTqhhw==,2/LNdtQ+jelCIj+6v/JjhqHazhDLjJ0hX7H5zGrR,SX/sNy1udeXIMor4pI/1DZRJo/5c+WoIHN9/4e53izU=,OYv63angLyeuHohtdCB8YrB+oi+gE9SvTDf7xCf3XvI=,tqMzazS1q7a6Q2WoyXR6Arwn1PDb7v6YxUJHlsaC
tlXwq2xcw6kzpq7/eIClQKWhiLNz6MTJWQ5M5FCIqwBcsw==,APWF3MV+TlRNceTqqYE0DuBfo8521sreBXyeyDPXUC/MFvn4jg==,+6JDaoWearXq0E5WPdsi//mJcZhwfcs1RICaXnIu5IqHYKAXYf6ioqx/dFPEcgo=,k9giIe15mrwi8gev/8RqOUvpdLdHVNwYj2Gbi5FYNoU=,qIGtThsgJ6fnhbsSeJ0GmFnp+mJs72WYAPBe0C05JA==,/khpajUAl9vSzhgte+70W6Udaj8sh9ztPT0hldl2,6lJ1l+isIzM41mY/cid6kPB3kacCzvi9nzUdhuCxui4=,EIfjXhpDKK6LzTqH9HwdDUYsVhQBeIYRfa46DOjDuhA=,BblE0oBc6yYrmNCWtiYGrQonxi7ybbDkM9dcLBG7
r5TpmPN5/eOU/N6dJjbHgbikHotPeZT0E79GvIIWf7jBXQ==,8ClQ+XnwiXUtU9B7HltTRqYOPeWlmJNfVqaNrDNQF328ZSRViw==,hgFiW2xq2Y+uOGLtnTZBXU1eBDOJUuqT+ZxmrfRndY9c5+9KHfki/riXaCUJefI=,toLtXnqRW9o26RXmuKVDy7VMQqOoTG1vL+kDRQow4KA=,sJSSGlwW3JklOCCDa+1+7AMLsuSPl2DTinzXJoZDNw==,xM0pmT3JfenADxScw67wJkc9xhaeXdrXTuQoW3Y/,hM03z6K2aH/q+3qkL5EMnWzpm00PtgeWDQfWpMr4AEs=,zLbon2gaDnGXAPkqNsHdQ8G5GEvuYObtHGqqEJ9rDi4=,nm2gxwQ40yz0bFjNpbjgQuYA1e5cQAqv4F4OWenI
IzV2aCI4vYuwmRBqr/qwZOqab9X1gmnNBLuoPXtDMkaaAA==,tzfGFewcfb6kYccMe7uYWh8jJeaLrfRiz4DG6qfXVJvKFEXJ1Q==,JTJKgj94k1HpO9EQeoy09bXcOmpUBDVeyBuqm9I1cbDLv1RLUcs0m5iG0Dnrv5s=,R2rhjUwc8Jfo7GR9SwhOoGZiW6EIUffkaz12tXJ/Ukc=,jbGPZ5oSpYq8Jo9Z0Mexg7Y6WTXe+bK+EPVmC5KskQ==,UJoq8sYiRdA74lviTDDN1jyLJt5JTudNuCw1eFZa,ZoI041WJ9AY5xDcqZLkMiMBSMsEARIlGhqF8nv6u04I=,cFfIg53BiPMYWUk18N3dkF3ITvhAYOyell0Al70g9eo=,j9y38+vSBrjbbXiQ+g76fi/z8YGFX1HZM6wtl9fg
tFYrHTxtCpm6XU8RyYkEmf77bHykTFD0DBzrcYKtR8P2Sg==,1AUAA0ov3sEhMI9UTM2qKF+PE2y5dfUwtn7GJ1CgtRcHmwIg6Q==,1ioX9ydb7ZuP7y0iJYjjehKDTW2kad/IFwGGSHZbIaAVn+ZTAxD9mPSDI+dxd5E=,guduLchTk5XidV/U2AbPf3L16iuYwEAjoSEMfNU272k=,csa4CM0wywMi8mFcOrezW5IYZzLnEGs2wlTXuP+XeQ==,arnvfchhL6EALJHgsnmELK0fNLaGbQ8JrW8M4rN1,vCVXhZu9Sii4cToNFpAAKIbXKa2hdyrEFuDlcfYDwKk=,SLDnoe67/iMEW2pyUw6cQO0frSFcIqqJ/YnzrpQC6sk=,kFpsClJcWqlGnkHZMOnczyx2NOj5Z+fSsZ2NwmSN
oHE26w/jaLQxy2y7fhYff64qjK+kgYyjKPMecpx4FijMCQ==,7C+AOCTMtuGiTaVRcs02bsWJgiaI6OgUhN8uijaDsQqC1hHpRQ==,MIG7FoRIlCRiuojQYpG82KWPnKC8OlcvaztXey4ERAcjtWZlNEvY0fI6T8AaisA=,XidP+4NWqWOCH2FqcW4wENereV3kabGr8YW2rCDpjo0=,Hex2QQNNTJ8vc/VctAxOJ5OblzG3djMO1UhviX7Thg==,6pLDEXb99T4ZIuW4cbDhJ82zrqD3ALj/+vg9NOWL,1ZDIF6R5/WeZ4VQrmtp2+AJVcJfmLv1meTElU7QpC/4=,NhmRGLPFgigdiwtBFsRJpilWdrTbzU5moUkuXRmqhS4=,g8b1Ft5P0zF9npYZeFtdpKreBFPbM6k6vWCNeOys
PAXkxnHIIlg3e5tkOmkv+UrdEMnR0ggo6WbRRYtQUwEr6w==,33qOxqSjR5Hm/wseneHGSLpXg/1+WOCdzLcX6y3xiFvdK48o7A==,8ZzThU5McIaP18QzcDdMg0OjjjZKj/mIBH7YHg70Ry6iEpQ9JJNQh3iu3jpmd/8=,dMxHCnoLbFtYe4W2t2jgfEvy9BPWCSWP9muBWnkPdck=,x/2O83ofKW98IypIfOAKVAx661JukfRtoij8LfQDgA==,xw6Gu4Mx2uHeBIPuUumrhOk93AKggoN+mQMTonIv,dywVuZAz6/KVlgFjlBExOhGdAvNATIGs8fM548I4a38=,t6r2r7f/ltwYmGIZMjXvBBm6DLVgd3KxxpzWYHx2AzE=,rCX7oz0BP0wuvj1Il3UJSfCg7A5YjT23MK23Qvbt
qZq47rqRmEx7lc0XsA4KYU8EMxL3u8ICyUWf8v3ylw0A+A==,ouKiSPM1bYSVKfVppzUtbwq4rJmAFwfQ5tyCI6tn9wT9Klcdaw==,0gFHdnDb1S6l43Bh4Qz55V8xd70Au5c3bDkpoUtFW24tT+4g+QhhEV3/UCFAZaU=,LhbU18Z7Mzls+I9jp8J28eAqLwiflHh1+KDhZ3UHgzA=,AFEZuo7YaYBdjKEVDMVBhg0wdSwmq470tq3dV6ArFA==,MSnEJvCk8ItRuqXUCZI2zu2f2Gpj8bK2Aq87eJ48,Djovkl6do4mukjDDovFhECtxzW68fyYBJR+YrJcn+y4=,8uwgPGlULD/BUnrmagmkDqAen+ZS2r3Wj/2OZmSJyVw=,teWC7/Eq0ILy9zLUnOJs5+qeoE5CqzMvTHi8/PRn
LtieIgb93/6FZtK2p1C3vLy07/7jDf4RZNnrEX8T73Ny8Q==,cyNg9k+EzAVEE8G5CfwJvUL+fXCO3npPPZ7G5PnStN8dHwaNtQ==,WegaCwz67asl6v4Xm37ASmf8cdYXngpqKGYOzaUX8XXJXIVOpwSq4fTs6QbbEjQ=,Am0IptNKrfhYgSyJMiaBXRnyNMe4nXuCE7OQ0sv1VZM=,O9V4++6RgRu+6KSZUmFBXrUPuWsFEPLYSwOmsBAQFA==,vMF/xD+gjp9IBRDCWNccjdLZGljboap9sRbVVJIc,qsDWDRjFc9QY78KnUERbtqN8PA345t4vhegtfjZ++M4=,/i9LGh+jDulphNUUTVpDsLmKS+NDSkm2xZbfmpBzfX8=,Rpo+itGDh9wQdYYzABodFqu1hPi4W9MT1oy6/CLn
xmbZDpxiMJ7zODh3ZAD+BDySG93tTJPsKDYEKxWhQspqQg==,Fj9Mj2HpDm3apKci3xETSYtAC0lybXuxKY/Thqs70z6nMv+P7w==,Lvix4DzMrbHENElikqKPAVdlE0p+aTUMSNMaxZ2pIaQkAEplv8hlOJXG7fzvYZw=,CIrhEW9aGvg72ImroKBpall5QK2djFiSOunp5R+oEaQ=,oCGD6/IDt6QdYMBXf1Em5KKdb+vd01hiu2XWcf5xtQ==,nCFxcBmveNAR64AwZImQ7CgxNjvFqhRUhai01di7,NOgV76Jb3UhCoAt/Pl7w3coqVAozxL/YWWLMdnL/gr0=,lVyYa7hdEbLrd05p1EhyIsNlVwAQzMyWqjeCXnuy61U=,rfFEjK/3yAKaeF6738Sjshx/HfwSUpMjwhKbQxRN
D3po4Za7mh4tCfyOEbQW8noHuhzW2yNxIV8+3iQxcSZF2g==,nQ/o7EyyOX6tBQF9CbX79f5cytGIH+0Ba+uPz/3XVaEZSAUe0g==,LJIV89ogmBubCA7I1ksHGE6cjERwFykqVTKQDJawwNbqriFl1vu0O10YL8BI1nA=,csGeRQzlr+qvAOn27lgVtJbvRJePdRZb+O5qPw6QChY=,koflCI6tNWoK7H9SREWQ3FpBHNuhpfAG6SZ+ovz+jA==,++N6bblSSB+t+iGaQkDn5VsNVYqmFcb4uVKbgLXz,cMEFFpWn2g6ke3CLaEaQVB4pvCtTCcYCSsG5Ken/fiM=,jhA9l8mIJNTj1Z5sv+fiLg5+64MUOgzQ9WPxGtuElOo=,qQDhzfVXOKIJhBTrrxE7s22mvzIsljQrqTej//Wr
5B0NnlbS3zQn7eZg/9y92EPrsiHoK4AbCdKatj7yU9ZoeA==,wSuFNH/BIz25lPmD9rL6zcO0cwtVP+zVJkP7CA7TD595lmvsyw==,i4tKo4u/dGK8XZTCJP6wYz0dKPcue8QJOIw1BWu1hNxqSry94SK+iap704gTZuE=,sjUJY5AHdVCxk98oj3N0i8X52PdihfAqQav9AIXwcL8=,YTjNf7wYNUtuOK9Z99+bnEN2mlKU0slKxPZfO7Otvw==,qNv6orNJayhspNhIRn3riP6Kmw+nHYozz4Qyk+N/,3zkR2xe+BXRhtktAluroegiapySwx53MA12Q/uu+bAg=,rytgIC2p8qnVAo4vOdRv7rpdglUwYwkqQv7mK2Tbbyc=,k5h2f++yhxaatMy+GIU1PQ+yD2unbPyhK2LR3JXy
RgS+FGWfatenoxLS2jSbMIkEXSVZ0BYEOQB0pex6VfcFkQ==,dROQ8Hx2eHb+PkzrY/7Ms88VjyfYLU2rUhSGFgzzzrPFN9BrAg==,RzWnszMrDEcfu4OkXuo1UYtg5CZYflJAToWrMxmsJ42PB1juTJnuGfg5iGmtLV0=,/7x4JNGYb1UaES4spDzXDrgjQxCpGhya9ir7963f0R0=,bTrHSL42dvmTsPs52Wfr8gjtr8zgZ2MnSF+12xEVWA==,OJLGAvkHf9tuZs2OVtFpWjNJ0Jg0NxWqiZcVaoWt,4eXBKBfQsddhkXYkeXjEjadV7jSLMaKkhih9ch7yBgw=,00C2dDCEEFD4p/Kmoo+Dzq4ujgya3oAHgPJuKxxqgvM=,nKQxel4ssJpVaaCoDa3CgT5uaPKTDCDzEujyUbDR
aJbhhbTfqStT1jFyPm8iAaCgNQrot5mQPqlrpR9eEyoqYQ==,vga93Bh66/sIpcawwf2Vg9RUL9/jfFuZd31Gt986fbYFywAH0Q==,x8H85QBzTAxCuI0HXvQu7jKZeeVXvYWi9JfDIOYN/WQcMDIB6WigW6YfQVN0B3I=,WeoH1vJ/QGTIPoMvmUtUhpdhU13dniRMwAmOLQHfdQM=,aHKHPv5CBIIvPhdMPUtCNWrHOwKpqrV9bIeszhHvlg==,lFYeKwk0NBOAsdEIcjIM4gRn8PW9k0yb+RbBX4Xc,7sApkxjP+f7NDjr2R72yk84RuNB0TDhYPGwweXCrylY=,6/kPTLKJS0usmlfk/4k0HsokYU+d/D2ALFXgE9xXLxY=,Sc2ZcNtpFmFpLBCZNvQHY/x7537Q5qwx7tXKPMXr
3Ez29BNnUHNG4yUr+PNkGcz3Rv5yUdwL6kP5U3VTKj3/9A==,oCRRuIHaBLq/bw4+87Fv2BDYYxBSuLE9KU0UxaG8wRi2G92rGg==,PSmdmvV396zh+6YQfu82HFMXsymXIrbitAPrnV/nV3ZCePrkWU+gycF5slgqTS0=,AmVf4B0qbub4SVMaqzp5p+1be/w3QbZ0nSn9GnpdECs=,Lp+a1+TmYrMI2onMFKWWVr02cjyDpIJetDU4E0A+Qw==,ZfiKBErcR2s5FAXMvxYHWz9g2/Pld3KFkvuX/F2h,Dhm2trSJk19lQ7sIL6ly1ByN04bdd14SRRunKMjAGvI=,MXJp6nZv2rUp54Ka/hED1VzGoaRvQJTDQGJDHF7rkxQ=,/dy45LZEdjLF/zzBqfUK22cND/Yrx/+w8PG/pnNW
GKJ1D/mfkUJsrDQkR8Rv5jL4FUwd9s77Pcq4y/4Vr3xXtA==,2fq79G7bYURJ7qY/DsDbv9obxGaskSpY/TIZewUUERKk+7IGzQ==,725hET0EHvTLXtRrs12IxxGsTzNWaepl953M/tjzR6yqJh3A8/PtP7v+ZqK1JzY=,8EYFQtjhkwGYjR+yB98sIdmT3GsP76wuF+xH4fl4IAU=,Y2xSqLw+5tGWIf6vnUjpwjSto01fyPrIeKxwVr9zUw==,7Uhis1PU7DxVuVfwRw7CYz9jwYyn45t5NcZw/+x1,KeyATBIGZGRhRWnmmDi4cOBkLIYAaJ7ZryrUxpQyfpg=,U+jYRLyHwO1kCOCoetDki5sPIksk675P2r5l2zVvuBY=,n5BoFPEjqgZ23A5/+rrZ1o8qndJfMVd4POhVgpV6
6Us9ZHz39IK+11FkR0EEG4v4Mi9FGFrIetGdEKPddmaYhw==,BZgOZLpqWLmueF1A77arLHlKuxN+aewaghVb5N9JUv9mAXlOJw==,m3EiUq1xhqixm1kQIo+GsLE3QEpzt7/RDuVf7lokcT044djCWepX0prgkpeXtbE=,gQLSMqgqPg9PQBCEDDUzzsyH8ZjI1n2G0N/Euey4Pk8=,uYSaMfr8tD4h1UI7M2ET0kOMR51LgPyie4aYkMsYzA==,hU0RMIHre1RcqivX1d9i5Okzr/I7u7rfwZkPmM4Y,11g1Xg4ILAJgrAAt/A+drNPpA6wLela68T1CsPHXoHU=,TdRXNwtczJnS/SQxqjx6uk1aZh9Od4Shxr8H1tfklWY=,mFeE0bQ6qWbjCNnCfgF1CmzwDso95FCt5CJNvLw3
HtNeC4z5t87L5O78f+UQ/WNu07hdAepRebJRM/A0r6NYiA==,FIWL+mBt7wutZFsZYsTNbldvRLDKOSYtYX4U5e0tZPYRKAgQPA==,nRT38siNOtElEJWlem8WxkBoNJhltz//L7/E0WfEi+3j3xqQcZkfOGZ/ztEHVB4=,D5uNLWJngFRRB/mMz1ir39a/WL5+NLt37c7cKiixxeI=,nmDa5BE//vzPjiUO4yBdRyaEKqvJWRrXpKBWzW7jhA==,yCghS88xgJXAchrYMnAOez6fEHoW6LsP87dDysr0,NbINoLgtwNx5mdGU7mHsbv0wBqJ4Kegm1wo4cVFBVk4=,RIbaRq1mG3kbbeMy7dUUZhV1sFyL9J7vGwi6NucmhLM=,EE4i3jf+zaNr12TLTu0QI76E85uKv0tLRXzFpL6u
IYL6ybxCSZOwdtKI74T4F3uJbifNCjMA7ICVz2exPLW9Hw==,vN0cogKWmNUy6ejB8Q2WMZyJ5ABoy/ZwCAqvDTkyVyAWepzAQw==,u+koeF9RzlSBxxxbpuhMqYes6M7jV256emLpb6i6iGp1WnWo2Qtl5s5sp83PTiQ=,iVoUXTMn0hfjDcOaz6tcimDBKueZwImrIK/7tdgxHBQ=,HA+MTFcIB4BKFEbmU4UHGALx1IkQzASI5pt1vTdFHg==,Na0a7bfDKLAH3jHFN3DDqCCc3rO0ZKOY4fMMD25B,oE+Sh8howwwv+ordGWXn8j0/UEz52IqmUHonFReZMOM=,iP9llSTxeVgLm/MtE6KdqX/RglxzFYvWEbxYTEit0LU=,fq1PBjAYKYzCxUxTkZi4oF4Lwp/0AM9ltP2dj21O
d7NcJBDbsxjO70l3NS562xlDWwr7rsRROMBb7IUr016BQA==,EaXZmr4WA/qPPwoxUDj9hPC61m5WOXGiL09XA9ttTxW7trE31w==,9VVDC50k3aripNRpBJ7wTwA9aMyqCXJTSURq5vn5/OqiiBxJpSlkKsCfHnOrVfg=,PVl07kovGFHOs2385CefFBgbM1CagB4dfoca1zR2Kcg=,lWNtiJJV0jgcgPj0NnA8KsROkQewGr6y6XGl+QSjBA==,ZcXHYsWgBBMxMel9nYACCG451hH26CpiMsuhmvfr,yENFeA4J9te4dmbFXMVSFBl6Zl8C4S5Gv1osx3asd90=,n0nIosqc+XXRSj6RXdqefOK7PVCbVI0QiE651PGeT4I=,vX0sZASXBVar5rMpkKhLeKKu5YnodmqT5k+5e716
wCCE1XLTZAnV14Wqn+NM2DB15E9mU64cSejsemj5kdMchw==,r8bZNMmVu9i6CI3gK0nov5JsLUT+it47pWXFd3fkxH1khQ0vjA==,zQjQSuCn4xFuYb/bFgfAI5yA1sTtMuJSkoUJj+kSKX3Acd9MrRC5gGcNUVcs/lg=,otKatipa8CuQcoZTr0VwBy+/rinZEuNUuKUDhmoer9k=,qb5l1HX6yyguCfnRCNN2NI7eSEluVa4iDpYPT4DnDw==,Z61lOB8jAMHOJ2tDgEOUvm+FQFVE7G4b7TlGQLsx,L5wdCZzUhkuu+Aqh1n3PMUuGe24dYlSc44ct15I8mXk=,+/YG6UhzHszjQmfQzurb5wTwgBxHQZrLqmn1lyr+kGI=,lKbh8i5NDwaC3ARq2crJSjcus4TS9cPnhxLbsmks
OKE/wJTDxwKaLu9wP+/XyihAae6WwuRE9dVWhAFypkdajw==,iR/3FMdyMsndTOVizXP/ie0org+xBAdy7aVSBHE7iEH3IeKywA==,F6Ew9RyuD33Jc5sd4wbI0mqh5SCbtI6yMKK14PT5rHEaBNgX1voIDxftD39e01g=,+wU0ICGBROLZOeDAO3kEFKGrgH0tgcHGomA7BZ2ZbDM=,I80oOtTgevBiwBO4YkQU5RKOYBuT93ImDtveHZOFYQ==,lpWCRYSi6EehXjQ8XRyIv3LktLRB5vCP9VGAMZs/,44eVOR8V87EscMlF1VMAlROAXBo2WThxOHCASVFwo90=,qWK1o9S7vttDw4jWOHAVGXWa5+W1Vxf2qKw5fnXpFQA=,ckIno9JvkhAmGRBh4CUeE0i3UyrCeq7U/h3mNwED
DxnYmdk74LXoZgEK2E5ksEojFcIKFghaxr0uPangpYW/TQ==,x8eFgDmO6xzlzq6u5/Ehg8mBk6BQhmC6f4CPs5koATd8tO2Z8A==,xT+fEg3h+jsv+CWucFaEtvfeeCVDsWtcUYgSESfnJzLK6nWlkEgc3xu6vg/i4tA=,1GvWgL1xHiK9XLonyDBQCGarx1xPMc2K2XRZoeg3RkU=,5kzMkKCJKNXly9fLRqQkhLUV649Fk4JdXI6ydKPMsQ==,5CYwucmXp2RsRil7oSTvAaI3MMJ00BTWoIl0cvHy,+uwyvYTtXrueG6RiDEkrWUQ224wTp5l2PuXQiR/pz+4=,88wgMIMA9WZDdQ95Grb1edw8n2PXm1GL8ZjwPFLmpSQ=,sSJLXYJeMgcxNnXOA2au4kfQl4L4BfhU1f4fZFtD
w46sWbV5rmjyZOg3OSx9KTU5IrQQTNuR3zSRX3YDBLUJFA==,LKf4ikkxYUdOh8TM9GnX4UM0JX29ibqNLPXar3JD9kYeNml70A==,IIueQmJv6Vt8uMtc0TSgM3tjDHmpRm7zjknaahsxj5miwkwsjYWEGZJeYUSDmh0=,3XrldLbLVrnA+Mh0EJiZjDF79M1ph1yu5m3tChEAwWE=,WnONvYPOsp7wIA7CPO6VS5m2fZZQhYBN+t9MHzNpyw==,sw4x6pO7pCY2Nz7V4ChtGWPbGjwZo2tHEwXkc/dr,L/4W+Zkhb/cAeX1LOOLHl2ZYh2SKwsvRx8nTkvcptUU=,E8gCmp+/bPMpWdMOuF4xEBV+SlNd/ehXP2GzsUngnmM=,sP++tdYx6GXXo1lNBt/OZI3JStBkG5XjBCRLPMWQ
g7a2HnQ6mpjDkLp8L/JFj8qXCafuA50B7EOUTgr8YeJxKQ==,rROxXhUN3iltao+1DbQ56nEMN7ui8iaPbW/IhI1OJvUsz7F2+w==,3oxJAxh+kYEZ0p1QIfIS2vKRhoiz5RJRATs35HsktjJgJ3tU09BpgAsVgX8Aapw=,N3sGVybJiT2Zql/s4ykT6L+2XGtceOZ1STdBGQgtnjg=,1f247xF6y2RWQIRv/p0N1sgKAWNdPL2aAX8nUb7cNQ==,xvgjMGWK2X6Fe+y6Xfock3EaVYjsW7DpgU2wzsGM,7y9qVhR4LuiX1KaosyFhyxa2WGdAoRpqor9i8R0YwE0=,E1hlVOBq2ytmeGFDdUNPASuSsNvFCeocYyq9fWKc6IE=,4yBq0UC+35QdTcKmfljFGsYVzunw3/kYa+TsH/de
A5T3sbUfnMeGNzemKxJzFUmiFAJFwRL8mOzhjGCKArQjgQ==,1PoBzj2kR9sjReN+rjfpDcFMEscVHVVLmbrdHdIqPVseFYe9yw==,YlOFU9AM1Je9gzViz6DlwLD8Q9s5tlnhTVDH0eVM6AtDK6IO6QgItla2afJnwj8=,7UpoN33o8SqXEYwLT0fPVVfrq08PzO5LiQWvJQ3kH3k=,jiE+T59/eDkjs1OtMk04Mss3uLtV+xS6i1YayWDVSA==,0cFynaFrdFbhJ1jDzFt3Qip0T0zrf+UCnMeR7tOr,FZD49ybiebPnIICh+illhuePM1rOTZ4S26zS0F4FNbU=,5hQg32WoKf+FBedPEfKukvP0HbadXGpPI6b4vFWfOUc=,0z698+TCEvPyf5k3wUNhCcRHux/h6cGXYCG57Iba
8ZybeW/2jfDOvC9y67N1HrDmLYbNzQ1DZZJBPK5CZ4Qckg==,O81eitcFEbYfunlvZBzDhuOpNI5GvodymabFYQ7X44p7okfHvw==,brxS5JbK+9woIA/aub1UrjacNWgQ7VPUOQMlSI6yDDAeZltu3pBs+HpwAeLvPLY=,h27+Q4eav9KeE1xVTiHvKkwRROIQ0BXebf1mM25f7is=,VOgzMf5kIrxIauhc+fmRbk/iQNcXgfumxuNlm1z1ug==,YetV+uPgTy3bvLfmbllX+4VjngXQQIfqk68WlwwU,XjMKEFqR7WCI2XPxSXc3aJ8uK4vBKepjPu0BPwsz1QwD,K62oMqANIfS+poT2718AuCvWY5aHU5xveP0/Bd6KOTQ=,khXr0T2ZQCsVn00zvvqJtIZfFB4O7kP45pK1UbzF
MZm+h5GD3RsExWNg0ZhogqZuo+lHn88YUweT1wdEDF1qmw==,A27J48zE/6pTEt/h44cdZJy+TP9Jw9r7sdwiOBZz5qnbTTffXA==,jJ2zviSSFmNasSt43JUF2R9flrbsJBSgUHf2cR2+Xt3aVYymrcMXj1+PK6sLbhk=,HH019q7FewaW7ZubgLNXkvnvEhRRWM9dUVHyVSwJSUc=,4c1FVU5n8SY4rpn7iHxs2ctoWBFNKqFC7yjry/hI+A==,4WWLRozUXlD7q0Nx/fRH1Oa//gN6XsJ962dWwMLg,tyrMMQCKaTSkOj9W46wmXjPzYkY1/fI0rKxI6RFYmQQ=,GTNT/QnhkLuRvCpt9fLzbjZYdg9mbpZu3OG4O94uSKQ=,kyG9HsYTodv2qWLuYQ4QjkezxzGbeDsBdhuwZnrP
6QH/m3T2SdnWdgBvSVCBN+9NEpP3zJijlTTHY5rmtXqh9Q==,y9AZUc5j43J3INUP3mWbs79QjUWEOYq0wJm31U9EJ9mp1Yif9A==,xVC8qrBN+tL49O1ccQ34hyTBUScTkzPzuIWN4UorTOu/Y+XbUDx8BN0nItJo9vU=,CGU0+m6vGTMt/ZiK4SCZvY77x1p1dp6E8nqfeCMK0HI=,5AyfAnWc+88oHkgYg/v1ktvmNPmjdr+Ue5pLMPL+pQ==,2Zr0TR6f5ili0g9bIg9dqmqOevb64YMs6RJgJhZJ,4IKtLrGRDQQOCdlvmC3DBS3YyM8ysiqdCiniBgWXTNA=,OW5MW47Bq8C5F38kxL27GJhHNlNXgZg6BO+b3CtR7fk=,d03hhig1t5UgrKhz1kd9Ra0mQwK1AImnWmXJo7N8
wO8Lg7y8LvN9k01Bci+2kzFO669jIip5vIF5UtPTiBlYMA==,szjUS4LwFphBXDE3XXDDUHpWFVtZlTBUetPND0Cz/s1O/XWB8w==,x6FoWmj5hGeYDNdcmGSgkYRXHh+zoBIV6UjUlBtK/i6sVVv4GnNlBkuNMEJ9oyA=,DNo9a0RNddtIFPAUx33v0jmZjIzamWbZ1kYSlTL8Ihw=,JgR+vNNroPMKDviDB54z5npTLBMDs5i5XJytYoCpmA==,9pVZZNfPAqAx49MNNo9j3Id94qweQq9zXcDmrWtN,h2mQb+Rs4JfI+albUpB/D+pbXktd6X6Hv1RlyqVhNqQ=,fQcSTlaUJW0p3GZycHUSVMf1fpUumSAMHIqZzc2zaFQ=,DMuBrpapkpht2nF+k4F3ZXe+6ihlRjs+An0r0WOV
j5hGpdF+nIhtmq3eaAfQg9KApBns5D5kalLYNGM2LbM8Fg==,dLsGBqkqPA8Z7ZDev9/iiuFNnXeTB2Qs3CYdwuXiDzXLa6C3EQ==,Y3kqwS9qgXLH1ZL3xMlGX+EKJXL23WB1VPaysVUDBcSHqB+r1IYficsJneBLNL0=,C0fOj6xhfxQZEnsYFfG+qeeHBc2TR67JmcK3MJbiGKo=,ITe5M6JhREglcZsTavTjGFXyJkM/orY11phkRV2WWg==,lhfoWwe+sDNlomS4pXTvEmg2NuLMQ30ZBnLX6EPK,x9LWZ2v2L7IG6ufbffr86jkRTMjJeGo3zr8/nZg/Gfo=,Drlx+DhC2wPrVnuA/L3AskHLLeipGA6jaPSAVcYMyeg=,JeYF190t+3vaaz3ipIagpwQa2tRPPO3s+Sw+p5uj
lynmCGcwK4Zd0o+MYKGGXAZCb4vzVm9o56Kx+aN2dOC8lg==,17yBLK7LpNu+UEzLJ+FJb0QbYRTHylIleIvUeuwysu6nnxwDog==,BsF1JpdmN1tuU0oUlRUL2z0a0XoFZJC9rPN4KMgkxdjlXdrW4sxJJR921wHFh/g=,jrhpqm9IVAkqS17bz59sZAZJUtrumnTixwiOvjS+9Ys=,A783ouWNw+fja1r0BiGT1EoCz/t0Tlkxb7xr+GMBBw==,7HZXfh7gX4j2JGwcROkiNRu+6qzoTUpFAle/paE0,8AWLHVNfxmWa4kehhWuXp/r6UH4exGC7RzGH0M4ALiQ=,XFmfyJL1IlfMAhZRTUY8K5EfLb/Oj0hK0flRvqx3oTo=,T99udAeo3jH7s8dxNnuKBLgxlUX1dmF3hf14vcsh
NSETa5BnJelcnwoKC8MuS8p+TgwXowPy1D8eTKJnkfJz3g==,wZxZL/dHj5GFFhk8Cg1R6cYRffvSXiOPy50rlbEzbOj1L5HsTA==,780+d+0sPqiK2G19qBoFn/vVfnMc3IvcinJ8SUszNKbe77uAWuqgI751/UiZF1c=,5SPAfPxyGEnHo6S9VRENcVCQvRg2ANGtvQ2u6PbJH5Q=,PwShosbW262wT1+eib9Qt5Kh9ANKAwIYLD0kH8RglA==,XpzqrH0xgB3xa4nmnhQxXOj5oLjMqz1FoG7v/dm+,y4R1Zr95i7B1e5/UY5l0X5JW85vNwcRZGfN77oFiP/A=,b7X4QmDnCGolUp0wyTTh4l4FHe8IIgp3ipNFzM2oqBs=,gsvffBeZetZGa0E+Ix4YeTrCER7TUklY4Qzo4D7I
Ow1pb77Iz5BIXkt03TEXpkO2WoFES0qGIKpZcHbEa2hNyQ==,RZany+lPp9s53LY+LvkCr4hwqt+5S+HJAqncYbw0X76De5g6ww==,vB8EWvt2/UOME1YKc5lM3OSCCExbuU7/3jPc7fsdwCxXS4v7qAbEbl3YDx16OHM=,CPlp+9wFv2nHVAtnRWtrhPfEEGOfd/q0/Bj4MYYXjrk=,2va/hzHybQ8VabAlBTj5Sopp8CWAe0Afnb9KqumFtA==,MKU7dfj8BeRec3W077NmsuuN5uQceGPEcTMXsm5E,JwcMIRjHp6jXrDc55DVXtoaRYZPiQ69nxDQMtNRCT3k=,4WSmdwhB4rjT+X0MydbyKvOlZtKmmFJI35HPGT/UR58=,noCHdUClAbIXXYnwz/zvctmRlUAQ6wk/k+nk/Uwp
wGnAuIgFK1bRWu1nW94AVi7pWtLpw0k5b4asgZTDmXvzZw==,s+kLSYwlF/2SK+X+JaQLMnxjrGIv4LoPQfTW0lz7YA1gdKmPcA==,Ux6t1nm22RUXc+L6EBG5LlS5HYjYmSVV6FRXqFNr07dgi0UOJ7vU49SmbZ5nLEk=,BSRtXbj6buyv4Y58f8eZsE9pCDlKlxFgPgF6CrIrHQM=,UU1LDUs+bGGLELpAtk+YEKk4PiWavcfH6oudb7/XaQ==,sROhZkQhLkVl8G0maDeWuPVKY+mnRXSwjCkocGWD,60F7UHQorXLHpY2Y9xh+dqAV4ejRTJ+/qMQoc2EwIL8=,yXgm83Ky+szrE159JNfFCToG2dLJ3QXuTPLE0JukgDE=,5XSK7x2OFyvMqS3dgOfdIvxRaQBLCbjr8VTTweff
S6yJGSKf1G0D43JJdLXP2r1f1woPZ+npqpYByIlq1DONNQ==,uu39LQ9wBOfLoksBtgHOFsyopejoYroz136kTM2FY+IIawVkDg==,0z5lN4LFWYReJ860gky0rFM1OFYCDyXFbEK4w3gA+f2c77PgCBlUR2CqjVzp4ss=,QNMskvW83PCD1ZZnbWD7FVQoJnJ6KCvBkBhvY21cbZE=,bO6Tgj1kIO+VJFwPea0a7qzMRh38OtvWgK5kc2yYBA==,OujytCE5ZpEFel3yF8TfGaowJBY3TcmyMtP5caXp,+vCbl+NBjefoSnjeuKR/skKCGONBJDHkz+ygl20K/lg=,ZufNm/cVhq0lziW9BX5DlRbarCgOX4IRTMA500g2rM8=,0k37rE2oRN6zvE5rVKXlSXh421YT8NJMfZ5KauYb
0UDaTRAUFKE3xNSHh6s5TyC8Zc/7uFL6wiUJPL4nUhdL5Q==,pS8TKXG7F2MPl5vunOrwnqdoj7PtuV7jh+tAQNz1uQ0JhP3osA==,D6ivMn5YKBRGh55zHwvbuH4rMldgzYpk5AtDiktGv+QLG4c9gctp+19+P3VNq5w=,C74hezhsSYjwT3SD+vqdiDDcJJodH6IGOce5IC84sSM=,amuYjYcYjtXY58hT5h0kol+CNg6YVB3aLOdABiZD4w==,HfndShIbMjTlA2duabArZ9a1h6lJLiU0Xl/Dd+Sn,79MVi4bn4VVPfnU7RUCRqdJXTE2Aulq9NYQDZ19ToYo=,vVzu9WgD7uckJ2URQmK/flNKivjXc2M3KDQEuujJ7Vw=,kluylkI1lypNn2vy7nv6MifhbU7vQHLApUSoPzx+
WuFWf4wymWcmOQMzOLAv2W0uzXBLXOLNOvcNmLzsDxN2pw==,jza13AfaJUKWhBq78QK6Ciz2weSRW8k0nAxg9Jlk6hz5oRxsrA==,31OcoluRjQFGjrtttUdqCJU5kcNi8H87fRuoy6rZaGPJcZ4CPfppg0pJIDnUq2s=,4w6tq/wMIkP6um0uDklOWh8oCFPmt6vK/Nl2Hw8ZVuw=,StQJgs2mC/8Hs47qKBKmMqo+ymJxVv+v/tKrOFEzYQ==,RR3BKoxO8bCQybLjhQnzR/5ir0kCxEq0y0usLMY0,1pac2UI2gr2Fz8HaxUaXGDU+x1J2A0vhnWGlZRCW2S0=,nwblVxlUKi++hA5ZFwQemZsjnBltfpHepAWFogNWl7Q=,YmAxzpPoaB3HW4S0MCJkRdCcs8nGmLRUbjWrRK5i
8eXuRhhrOUPkTPgVV2UZO4kdOglLvanlCC1h1iH0MzflEA==,ZdWYBE+65wV4t3VBrk9pincBFwnM5nFX6K4bXZUM31iOVRRniQ==,g/D8OJ7EfJwzReGsF92cmSfe6OLD9bEd+A7MiiloYTgeVyZYLQ1OPRf6G3tArYw=,ecFUcodVpLLmqR3nmHMYcbUn92ptPdYXHlBLCpjnK+E=,iSgP2Et+zPYkyjdQnG9gEB/5VGUhXswpChjpxB/1yQ==,MVHJNZ0I1CVv7RgZnDJIxAKMU1rwk87GOSBcdz3n,i1D4YHIN+zo4+DWkLbx0Li96V3pyb6EcRBbrB4OZMbo=,5C5pxjQKCUGXj/EC3ZPvVJ6mf0y2DIiz5cIJGklAteA=,4fK8FJVJxnXPRbJN9KFf+ydO7PtKEKoDQGpcZpRa
dyNOeO4HL8xepLHgJIfZNq6zLrZiVf6wH2Rr9WWuFFZxHQ==,mUtG3wgWXG+YLsb96lTVchE4xa8xnVEDwIvMtPM4QVBQWRCQXQ==,jnsqUI/RaMygowccKikBRH2yZa6XZDvqZa7VmA/mgvN+vrys+RSobmO5ikTib64=,VXMUrgmWRk3gfNDlllPKn6tOuGS1p7WrR/UMqQ3cjeU=,N/btg9gQJYYJ9aCw5Et4PFsqd7nFgIcroQesntY7Og==,B7PbQ29nP0v9GPRV/XtMYcPm0/Btxrg7MHkS4pT/,/1wvsP7r0IPIUfdK4XmlNLPABP99o1lKlkZe7YNS5Hs=,VGxvpQam/UAbalEhMo5jdXinWhgwlpqFHxbzyWdsMoo=,WFKcorwvFJc3dPsb10k8ggVf9VA2bDu59qHvWl0Y
8Vc8SgGub7Q506duV80zX69lw8WeGk2k5HIc5tpBDbYcnA==,vFpOd1xnPR3k6/gTlylxztDOYLCDUqEW+bcNezuQPUVGs3A7Ow==,C8cB5SYERrs4nwE/U276GcNQvbrdYLlUqOLCVqYZwk/ugnZk3CtqWvCyL6IXSwM=,cLnYXvrD/LAQxVXiSZMGYWYp9nio1hV0hioOfLAQ6u8=,LEviLP37sSjQYb7lt1NvyUJOLnNPBnICZ3eL+6COOA==,4plCTWAfDzRuSs+jXW4bQKEe5MPQStmH52HCG+c1,yHGouavFH9C3pBHQmaQbiWRER/BxNE25moIIUaD8kIw=,c0Pi7V60agQSk010r/1IQ1HXundBIjS3pBIQa50kvP0=,UstDagdZytKod44KBm+UOQb4q9rUPVJ8f9rnmVsF
UzorbcIwVyptF9fOZg3Thfr+PyCuRrJAZEMTB+fy2ofS4g==,vF9RWQyX4frlcyMt8YpbnYBEuA6q1phico9EO0MGPO6i4unBjw==,ix4tFADIuOqYwv9fELPC/28fU3jawFaoRux2KN9KBlU0wgqy4Zllljex4lNXrNM=,wamJMMVHHVU45dFmWh1EtwYbIJazJtGoYDactB2SchE=,uwjPDFP+QohkzjJUfQpxteJme+7cKkH9ctzURG1GVA==,+3NNk6PRV3+rWXxD49SilSMiE64TwdjTHaAorN6l,ZTjjYTAzq66Qd+eo2OuDn+CtVv26lTwcvUPFE8d8EeY=,VPf/md/iDKUBCxVu1t7jtShmHbFofoKrFKEXsGaRq+k=,sld1DA8D78OpNHGv2erkXDsw78ZOtZH38MWJV42P
cgU0ad4rhmk7kTiiXkZDMTfiBJCUMfkEDTagxzxSsfwvBg==,DfI2r/1EMmqKzbhK77LdODBIsSlEblDsx5IA+kZPQrAGoS1PJA==,zX8sagdhQqi4oNv3Z62Byjeun1riWMk8F0lLdCLYYDbbCeJoTCMPZuBxoXmZrO0=,cWTCstGpYJqoBMtJ8OFDMVmKEXWxtNrE0+EQxjDwh9w=,jrlfCPKN7HifkDKZIbyyx+I4nUOkk/pgsfw4KQX0MA==,RHNpIhg5ugeYEksjlb6VX2ot50/6lz3UtbHTmuBm,Q81K6F2PCMI1TyzTiUkb3zHUMakuAMoo7SNWeB6lDZ4=,t7iCGjpQVdVIzj4y221UmjeC7F1qYCyee87seheiUOo=,VbdzG6rmkP/O1++c6yvDEZC25fw12lijh55oQgnS
McW+jWDCXKJ5yEOhhVXUCuAP/CgS/FwxAvFicOyTSPkk/g==,0XUCIDQ0StmBgY1Az/3KoiqRPrqCgOOiLNduzdJOtV/Ro3Ffyw==,7TR/cU40RFGOayeNrL1e8wk5UiNnJmxvuz6cmok52sccS/o3pf9ZGxtEDZHOs10=,kjttywEgSpIDmIeqH8rv+kjr8JF9JaPDEtBi8duWgoY=,O9XzEFlpr6Uw5l7UutQZN+KBkcs9J5/GeWFFe0sFPQ==,jrJAbvB1NEQ55j9SK+3RYyKzuqzvEhhSngP36Xpm,KQZhBdGaG/lTFDVYroVjLWWFKUl4pXXuG81i6Pp68qI=,aZN+VQz1ajPwmVirluODbeK9DKHvnsQVlAYKVqvB17k=,7zVmyPNFtyQHupO91WKqpIQySXbFxPNRRrfPcqL/
IO2ZR2qoXeIh9+vt8s0EQpcK9bbqa8FcpO6WSYOfoAYbYQ==,m+afQ3105/As69KmeeVXxTs5z6hV3HGLampLhtDmPDoGrTxp8Q==,Z7QlXryN9WfMD5IeoFzvvLtzeOvDn9o5ReLVjUCNYzZOV7YdZR2y9UZgyNQviHY=,wEMtbYxszmsHnET/l1QEtmu+7hVxCvjEUqJ+EAQU0QU=,RBpx4NwsGmFM3oCHPSknIZPh0XaQi+hY1FcQSHhaHQ==,cUMbVIbRxIUP36oHyjIh1TBExEVE5vdWD9/VgF+X,j7QRJMVf+Dp8G+PIpmSIS9JwVFGndBAQiP+IP4Fw2j8=,1jeCu4N/yABo0ev1V9RXv7kLnCcvji32n8odcbpJCqE=,xD7Pkqah8pundbdV78WgCu+IXGDoxXIPw1tOExdu
tgylcsSjJtclLkJKzEyUoerJkDHBJdOhhr1pXT5tDU89SQ==,Aa0gqZlPdIoCgNH3Tks/4SlNCLIYR51jYitg5+Aty/X36yB6TA==,EMnG9L11J88/9lCr0CxZMtKEm463RvqEaxMkK+JnElmSXOrVGPgXVN/TkZndKaw=,9IUcwqGTn4ZnEaMSm+qPPoGw0V2lfWvTgxLUe4Wx+rA=,KO/idM/YARVW4dKnXysPOui6F4pjnkGLvdnHIg0QbQ==,+Dyi6DhKOFRH0H5spHRQh7Jd0G77K+3v4KSyBXoX,UX3561sd55leVBunQZiX1lJKlz7bfBuwjtbO6Uhlowc=,Gb3wf42e9AVOZG+jnaRX7Ru6EWzr0qVN/Zx9lltKq7s=,SftHujTq4HaYm61jDSzxzhzvfWjTcsmKY35a5SE0
KySSfG0pX1HV+Kk6YkAY8wVUVhZtzNf6CxD+4OXtbSwF7w==,dfb/1wdhFwJD5ieKczBtcv4bWS/UD/0wuVnBytFsNQhK0pVHKw==,msO+MDpsMFEs7PMxHd2j7a8YdVECCLU6qlKk2CJCzrcxA2DP0vP1hbnB1d94YqA=,tJy3k1BykBwlfI+S4/xce9osEQWS6v04DImuPFIaIR0=,0cPcj/r+DhwIp1HQePtr8RyIn3heLchaCFXmxSmcMQ==,LRQgoHInFpjk6xunpEjf8KXbAPFI6o+4v/Di11Bi,nyqafHbJNkm9OqXRv0FWTWEm0yGCp6qQ6KSvSO8TI8I=,WFUfevvjPnRKvpxhsySh9G1ECDH6OHJZcM3kURgZ6Gs=,LPMn+Q1z1OrHtD0es9YT19yuGNyoGbSIdPq1kBK5
NIH8gKQ+rEJwpIIlS3/gd+UCMS52JlAlZkfryO5aC3imog==,/y54GL9/ciL16pRv3LL1Onqmn3eXJ2KGvjhfjj6EfEPQ2Ltyww==,QcenfbdhFd4HDbGArMzazDhlT+40rloYegM0oJcyv2O/ovlg//rCOB9d25um+Dk=,olJgKYGhxjOpsoO6LW+m5q+JqRzZzEDb/WqtFgxEhh8=,ukJFQA4lDnDY8JoV3g6e/5M7dSujfUXeOYelDJft9A==,xj8RodN5OpPDSCcXLC6ILY3LcBGYmj1kN7wk7Z7D,z6vQZj9SJA8lql1fIBZhnt4Yq8tzDPznTe3guaET4a8=,+9Tyhn17vzdOm5b/y58QTFR50WX8FAnNouVokSQz/iA=,+PGCdOyorDmI1n4eK0362ILYApp7lJjxBpFdvm6e
lnaL0MoWQKeffyxEmYGEmD+Bdb1TmnL0554bgU0aQ/nnqg==,1n7DRKs78ki6Lpgj0k2ik0j7xJreJLYpiWcjO4Lvt1jw9rrxeQ==,CMa0FeZtBpj20Pg6UC1nNQJ3HbG5BJJump2d106kSM555vtfSFlwuLQBOGPPL4M=,26sC/AJMgt0SMifKf+DDy1ohBcGDSAIAokC18voMFFA=,9hsjsW5tDmT2c6F6in+TCoYS/T7MCac9G9aXEqMARQ==,Lb616Yn+3dXAOl5Ry+VaD+Tk9e/B0rUgujfkYaNM,4FWAEgJwvYwLRrlU5IkB6E977RUnEXcsbQoy9+GXDKc=,G+SDU+njxHtDVFP+6fbw8ZljSvIATkfIs2RljiFtHqY=,EuIyNY9rVLyjVNGSgm30nWTDOt4YkTMQ1yqH8mVL
YZfv3gMdc9/ZKzfSLWIf90U7odRC+uE8hKUE3DrAifd5sw==,RNaLJnrPFDGfg+nz4kECjNtMTTCK2kvx39vhgxIX8wS7ZFXfDg==,DtsAgzPM+nVNIpAE5JAyLm+g+X3w0af0S7p2JGq54vi3d1QdsnUkONrBi8knF/Q=,eHalEG1wskX03m7ShQ4rkeIdIp79rRHwM11MG0tteGs=,OU6hz5drwsIdzneuuAp50eLah5P6UBctHQ1cgId7Tg==,oHwbnw3b8oOvlXzkR7cDqStEOB13hOKeaksVtxX9,csNsYg2gze0+OCopKOuRlfx29Ice5afqxXwuzhlbuUA=,UM+PVOoCMT0Qqi5H9biJIxhxVjX6spTcNFtVNZphCMo=,Nv21T4EL+9kmhfysa7t9IGq8uazro0hKhBPGXU7p
vLTtOHXOC3OuzrTO9k6DW+fJOhjr4sM8cVNnneVrXUAGtA==,2LNJP3xnN9AuIwjPTdvf+ka/K0k8r04ROuf/qh3Pdv/ZmgzBYw==,MpuNqUHcbhUE63b3lRqsTXPvTa/SSDo+wSBoucevBHxn0YKG93RLRaVe6fdhWLA=,0gf1Dv6n4FBhkswpXq4d8u/V19E+psWzRN4A6IVody8=,dabSvHwVWf4kP6mgYi1yaRresdQftzImV3YRKWdXfA==,SOWgu4M2NloWavgqblUoh1nzexLjbhx4wFjxy3r+,ZPWeqPxBwLJR8fj3AV0P9enJiowRJ3at82SqutxobeI=,ANvtw8EfVwSVASm21wkzU99Xw59NHxePB5RGGw111Q4=,qke0YU+wGqsjNQxeyp9Krj/K/RxnXokD21CrQHam
aQpl7bFR64TRs6XOENx0QJDGQBYx3+kLxJgvlix67TwF9w==,HogzBe+JQeRn41LXHlf99CJmZ3ChwNItaISarlas9btJEbYwoQ==,/VO3TlcO5Rojfvj26iVxq3B9hEB3wmRWm9sLKNa+iu8naOHvV7nHlN4mEVa+8XU=,kIquWXznD5MyMlUvdWFVuWhe6eIrVQTcA4VPa88wwTg=,ezqf4SL7/xf7qhlLz1f97gMtBLvTgUZNinqmujuBFg==,2yYkhLCI11Y13pWF3praCOtLa9P0jgXv1MP97XU2,ldlP3X/QC+UBvGhlPZ1cXyCs4682cChlw7dZ6FgARDa4,1XhRLYcM76WEUJ9jvl9OYBdbWWRDRy/qLVZGs8doTEw=,91i4c2IE2cE2QxkR3liQlVODWEk5WDfY9+vw5nxf
uGtr0FtkvuxaAu0Zaq1pk2+YVoRRg07QMgeSVHfnhmI7sQ==,gDkNXYQ7Kfk0nE2Dcx8OXmWjJB/k2e91OGz3vgrbrG3O9VQZ4w==,yA5yobuF8kkIkV0Ft7f+ESqu2YBRDBMe2oeswTgJ7PDudUrF8Iq78E/zO+R2Tp0=,qtdiCocdMkuvDXreoQUgDdVfpKSXKf7sD4pN3Zym0Dk=,8MUQiu/x4IxXo3JOk5Vl8t6NIsbUnNHwqd+IrT9YxQ==,ZGB3Ur+dKO+qlKDF5hR1mLIqcXJrc/K8hAByOX+a,LcEsD/AoQbFM9YR9+lxpPWkovy9CP6/x9bHTVeu+1wE=,iJG7dYtWjp6bw6MNVv6gvX2i5lf7ZzfsIccRWJs8Vvc=,SfNGeTUrFhyNmAQ+jAfzXqKbtgwnO8PZ0Qw+Ujzz
/xQbQLTWOFPysfmE/6cJ6XrAEygu8q9wn9NFwpgWyM9X7A==,t1uUbrg4PWBUE8U3vDgvl/Nuo7t5EJ/Xs4yJYE7kmfRaHmNbhQ==,x9GkL/GFSbiQOjqh8LTTSbLap2FvVxg66Mxgyqo1uIwFSkMOiF8wK0voCP6qwU8=,6aIclx+dKYQegbeuJ6zpUIEXvUDeDYbaCMRAjpfT/hY=,dU2AOKmsy9/fulDzX5EOUikaf3MJVWAncRB+xtoPGA==,cSvGTYtsBUkAsUr8yvgsvy7TwEziKSgKtr/z8P8M,CUoWj8XiPoJUzTcYy4oD9J5sN69+yGmTETL/gusQbTA=,90m+TNeDtgXibDBRTeMj7vCZaINtD21ZQ2z1J331KtQ=,SzQu3BiWnA12hi9u9cCdg8Gop/4X0aoRbS67mKsN
qV22tg9BH8og7xsnRvImp8gJtWEVAU/M8Uj3A8DDQfJJLw==,OYSKRiYAqJDGXl7tRYh/qM+qJqh2leZsD1nMVPfWfo2xSwvNSw==,aRmYtuGmcFwWM5YjdI3DHITrSM/7cJ9rVHerNVF2ARmd1VBRm/LkTEqy8FrnB34=,z/jeytVtEVxr9u1V6eimIkcMwAgEB7XhMC4itWczm4M=,Xubh/74YeKPsyMYrrrPhrkIDq1ZRmbfQgGyBGM1/aA==,s57a8HrbIVWAOeSlk1G0zZuJcYJgjca2x4UqBsRn,67CB6p5RNC5ndNI0VzPE/8mmEvc0uBVUXTBTxH6mt5Ej,2ghQKRpy8ziWbB3MR350iabIDskA8u6jPFCIydJHVts=,FY8dsySSYwPtQgQBf6hs845KTbU1/oB7p/D3JdIZ
LJidE7j94wF5pGh7G4V+RZfaecD/7AIjYIGk4zD0ImXtTQ==,pvpQV6+w22v9O/s+Crjyo6yeywdNKkDLOG6lAnkxJS4f2txc+A==,gzxax1veKMg+UEbCVHcjH3YSyLNEp4uLIMFDi1paqpNG/u3QyKgQsJgZAzRdWiQ=,EpjVCWJeDUglaQTLewv7bejnXJZLPBMk5nDRVOhT6X0=,us5gl9dQXr+b/PlQRSvQ1OVv50nXGD0CupKm95AQmQ==,L1vnD4t8JjV7lr6mkhbDGDO7HxHXH+TOhJ9I4LyZ,M9dEw97x3o2AMjxonmBRHvhH3l6KYqAY1Di8Z3GXo+E=,+Ls887Y1usVedfPieidzFXHawQ4CY8+rhviwx1qbs8I=,GAtQaWf0qOjWqGi39LlmrsgWsG6hf+2XtpJCGSSL
RYDanKbaXVGO1PQS6b76Y/3zrfeYMDaM4Q9kbsJ3juGYRg==,+8CRKV4qRifgJaoPGTcMQaTgr/ejuBDLrpvdajasGwN+bQtG/Q==,KC41OCSkqY0OQNCS175IlfsyfZMYrShTjjZpCn69spElEewpg880GDfg3cZCU5c=,PEa3FwJQPV44T6s1+Sn5nxYqa5asJTFw2mNn3cEnzM0=,55cNMrS75iQIEb4o6EH0xaIF1w3FEeDMkK7YyW1SsQ==,jXb+3PAMlGTL54LfCIkwDlr7yp1R3JilycW2pa6e,07tROmdeMSMK956ZHfflWKsovOVEMo9TOnIOQk2pPZqK,NfGqFvtZWfvn/cRNQvTdRlxUl7r0nj/FQxEaeEnWprI=,9tc4eSTbQAft0VA7ppw/Tf54XTwxcIHTtKj4RfVp
LWx597oUofH4OtOof3hWc3E+N/opMAJuamy+eQBwVWRH3A==,oViGkKrk8ncoHQVIHEKP0Ubg1gTmMPVhrl9Poowe/c3F4To5Kg==,9EBPvOqNJK9qAKwMLdx7sX8IgV4EAK3ud/zhsI/dbVioyAZQ764BWQ+HcyVLX7k=,LItFrav/pNem5aUljH1k+hGhjJ8+sFZhLrxS/r7J4Ts=,b8scV/6vSqdDaljM+mHHgv9yihJJpRbYtcS0/KOJCA==,XlSRxyTyYpRJB1YHeKrCPJyD3GQ5J1AAyAQJ1TDT,0blst0FzqaH0/mU5CpspDMWF1foYgepauIRs19vt9tU=,oc1QSgJIYOJJST8yeJ3GnEMdDlMQRDoZd+SOdT47+no=,8bF98KHbHW4LvhA17YnrVNqXv0ib7O89zKFm70F/
DJVOlkIP1llZL2ZyX8hXGbZWCoH+l736Kc6dMusqTq1rEQ==,XFNkKMR2eYjtSiy1PaLh+Yc5DXflRNdecqW2VYBfpLKY05HK1A==,vf6mEQldd21U7WkKAIod2Iz34zO7Mw10FBygQXncu+quXMeRwp8f3qMo+GRgUbA=,PZuMWOO6PaWll8fEX3n06D6ws+5WAA0Bskny+ehJcnU=,pmhoDhCdaq5UaZUMdMnijlKJpRk1CqY79+hstJ0o7w==,y+MjJvmKbRJbDOK/p154j3l5dfGkYeY/CAgSny62,rj45yri+QZkaJ4SrBRr1ZXVVaAU9Wzg6Wxfg5onj2g4=,Q7+PXPg3NOYrOCekJtzWGr7EhM9s/gIJxXc7xW8rE38=,sYtgKww4l7tYA3pdeVnqQJav6jHF0BUdtXTaoQvq
3PKaxjuFs3vwWilXkJuJxK6fzKBvQgnuiNgvteYnCwatZw==,0edBhf6DjcUFrpYWmaYqyrGCYQ1GqumpN0u6cuRz2P89ZGqNrw==,SNOT9C2bRqX6/kYwNWsnCOgLm9p6CBwtEBIClYZ85q5MiV92s619QByFISBkFxI=,qVGSMsGYOYf3VDpWBWz+7/UGApJqQQG2VjSa2Bb6icc=,KM2Jnz9ta8Yi2sOIdOcfxzkSnNBhMtErMqLOO22rBw==,d35MAArtyYNFOjWHLZhuXs4twdmq3BVo881RCGM4,z/r0OpTajJaghkB5YHzzJ5AHBx7TdVXCOyZ6+bP/ku4=,3Ib3nnTeBklpkpj7+XEETSV5aEu3DorP6V79ZAEL6zM=,YiO4G9IHIg0Q++sqHzgAgRuqHobJadumPY+NUa35
joQONzFy9OGjqp8R24EVp3xgEHcmFhDLcmUrHt5Gnn9Cmw==,G0gRFD7xYtlvyO7o4uLVlJmhGSuwIYj4CD6JohPEwyxyvAG4mA==,UjK8nY0qaah5o/uP2IeAdB1usOH3mlnfLtNfnPtvhYA4eK/aLnfzTbwJedsOcu0=,oXCpqwUsglCAv+M5DoQHdQlUnssQzEpIPkI8F6pYb0w=,pu1c8G4rEv2w3H3Ecv7oCm2AhJpSralmhEpaLlZ1jw==,5sSRllLfbU5g/PIRydCK/vO7DfS/qyVFau6oGgUq,sR0COeWA1uM663/zEfBte2Ffe+Y9w5XvqyuDZcrbeec=,od3/RPNNPVMGTxtFlWHcGtjG3/Qn+En83O5lnmHoK8Y=,d17lh/3Vl7/3OquKXirEeEdbMtnzypGVruoUw+hu
Ij20nn5g8ysCk+8u+SvaPI7iG1cRMWPV15qkXir4YnwW8g==,JW+lLyTpEkdclO5WmyL1jMf3J5QLP4qOT9qMGfhHzqLTLtpxCw==,PDmW2lDJdkGieZ3A8gjc/ssZPQJ3opbkNd3RCSNZYnMgx3A6R51JXXfu0vl6LMQ=,OKJLoDYY0cpu1kuKn5I45GYUuiFP5KZwvupWhoxLZ8M=,UPcYhKNmpSTes0Be7RMVJj4+u5nK8xpB06utCC9vfQ==,17v866oXR52VKpUaJEJK9wgNjRy/scrV7p8SjeOi,1QPrAbOTgMjs7l/XsnrmfNHKSaXpWm0toKOQEp50yms=,w+wHqs3iuG7puQUZm+m4GP/L3NAZK3nLmtN/LXloBys=,RmJLikmSiEs4app16hnyE0ryUbkvLdqZ9eTEFiNp
ADaaMme2qJ+zk6R0CUp+1FwrgS8v1ODlFBs3ZAAieCDLHg==,8nIjmCQn/THVjzOdrRgLKLHdE2zvrevN0psJnI7rr2/p78D9eA==,gkLdsGucbwJGj7MHDgTvNfOHW4Atz7R9Ubj4/46Q8HVimt/JoHyBwTBVddIjM5g=,QxfmGeun2WbdIVp2Y0AtT+myYbtimj2GYKsZ9ww9E6I=,nwviea2MuQn0wK5q3Xu7SLJqzMAlyueCnfWISMKFYQ==,ICBcBl14/KliKR8uHVWqmMik4J2I/2gperymBBLG,3kl8fwfh3cN9ZvI1XPT7zuQV2kVpIXJwe1lx1kd2daI=,7qghcJeEl7rvrT2QfL0rFBc5945+iGxz9yUuqrFKGa0=,75LzGueQpZAmtkGw/Ktdpcpqua8Z6g63StXxdDaU
kSzNBqlHbXJPUkFxI+alfswqN22I6zwtzCwCum5dqqFMkA==,mG2uBLeJLv7EuHRFa0djGgXsggXwDYECDWCzKacdCKVRaIBx4w==,vccNgZ8O6QImk62pp8GziGa43CN2280mtEKze22khDPUICEqwyArVurqm0rPnys=,ye6kbHaxOwsc1z9dBYNqZjfA1mArAjZUhNqptsEcQrU=,ICeW33i6cnvNOQJ81NqpnfEjLU1u3hl/Kwp+KpyvyA==,MSxL3HOTseR3KHiPsMbfkaxiHtlgV3ZZckTujYPH,MRIngvkeQ/Mx2yCJDAb86XMGKUpw2i9KgIUpJTP+CQE=,taBOUQEaWO5gGlzUR3GWBBn9QKC3w6i5/iNA6/4v6GQ=,+nKZoLvCeR8hJpoXuESmTgw52U1h+9Xrt4uz3BF8
xZnWt8dRGJEEIyXFMCwGjIhHpjI3XNbS+VEY5BgqSrsf+Q==,SQadIRIDfWvDMKowEi1HW1idSr0j+o8mbSqMtYSSp0WQux4/CQ==,zgXkU5w18rl8IIQiTJ9i6j80P0sY3nSUJL+rpaOuU3eD2iN4bnc+/TMGFElPtz0=,SGxkaD9fU8bj9P91TowvURbLILvVc0yX/RqVxsx9oWU=,UPurl6ht8DUUN29AqOYdb5X1qIqEmjY5rSStI6Us2Q==,OF5h0j42A/vQp3Aa8TruO8g5sp+SZjUTk05RruOf,vhLP0gPkBHbLdEnxOhCq871NhYeUqBchO2osyqJVxzU=,OcYylyE4CCXgHy//c5A7etf2HQPTc7/cUIHvpFCZUR8=,sw6HbIsuqrceTgiTLuuY/mjXl59XSg9oDCcFZQV7
4/i69FuKktJW9nxgXZBhOKND4M4BHJlEwRMDH75tjwmmdQ==,RKFbwKHD5erP+cAtqyr0eRlZgMIEgyOJaB94qqe0mUHf/dcIaw==,UCJxGWYbf3wQpVO9cC/BQjy9X77WodvaQzgi41JWE0eGH3iBHw74QRNuDnJrU0w=,DmcOujKBYJRI9jhfb9I2TSkWn3IFnYWu3AM+6iT4LlQ=,ivx8w9kt6UpdSqn0ts77+oJPI3352j5IKuE0A8cRPQ==,N0d4Qafo0N6qt9EDzexHIy8VmdZTADycq93qjdBd,TKSVLjyCuz7vqMf9wVZgcuo4xXZIzD45UJVUEMFugkY=,6oXhkg5eXqZz/vTuTRSZxypH6+Ma2XAH7fT2JtOyiDc=,cDbm9xiaGLGOK+UJ8BPzK9oWVD13VrLab6Hiuqix
ppo8kMs2X1icGsnpPvWaSc55ie710ghfKr0/9X0V6oCJDQ==,cZhvKTB1D5fOi588Wr4/6WeLAa4x9vPc5h3B1wLcm476F4sHsw==,oq7gZ6aJNAx2G4etdeZfUXHwWO4UsJsnzyQbwM4ejlQ0UkX+ByAUJJrkw8/vg8A=,4bVegc/GGIsrBuAQI/mN9ihcftHU/TL14iEuasQ9iYg=,kPvKOQPk93ixC+OR4CgwTI1UZ3VVe5XuP4LdQZ9mNg==,5BAU7pmwVM0ugOXlIrfxXk707Czrt7vLtIQ16E+G,FMQP1mooMHS2Cz7Ndfb5h9thMM9nrwv+vngmKawub6A=,JruaPX1IOrcdf9UwHD2g1zZOVSAsfpqkocMHR/iJxM8=,eKBFvCdYqNNPtXD1QN/3gF6pqRKfoy4ktHqeEymY
dH+3zPtOY3u9mZdp3ZfmhIiysc1/bJF3AZj+QWm9aF4Gyw==,4YiuPls/Eli52GQOqSqfNPi/XA2Zk6RhzMVm+1+csx05SnjRlw==,v0NwmmPf9p9h4MJVAzCFsQBSO5JVBtfRXXpYHojpRY/YYxVa8aoNAd4gjLGhP3M=,/F9OAMFO4UcFSWrZh34ukKZA7aZw3DtZVMk5nYRtrD8=,jQQf5rK0qSZHM+MoOxDGXQTma+JUWyP+NIRAY6VWbQ==,iVnPBtJYDrJVgC3rjRBR7SJGMJNJo5BcTorSCaAZ,VQQWQCqR2IMfWnpuEymch6ojKevPvvKP6G7vU73MhoA=,994jjdxxbxlxi+SWS8T2oT48PsDNO7UCnTWu+IIvI18=,jG+KP/BjK4DjLgm3yGj+pKsO/jjhxzFvAkwbIZhn
oWM/5Z6kSkmnnwllUPUHL8w3dQUTU8LzTrBHufqJf60DDA==,zWNLxt/rcRhNCSJlkyTrlsCmwKqMdg6QPSKUHl8Cd8vDwAZQSA==,xdjZM5W9SNgtQEr8Sh7RYsnCxMZcuCiuo2k8G7WL6KwiWqAAiAw0TSwbnk7HXKE=,jNpkD27Zn7sj9i19wT6e9H4hDm2x3riXP5hBNV5oMzo=,637jsSmc5B4i2RftmcUKB7XE1G3vOCYUTR86KtVZzw==,38YQ0X1NuQqR0axfgN9eccWRqfqU2yXQuyclZZ3q,pzLtK+a9jdwIKOImb2sjkddfdaEhmiiBRzij6gfNu9U=,YjAF9NbgLbGzBoC9LmZFKqN1DG/o92pt1omYHa1oQzo=,HWM87Xwg9DuY39Lmcxn95I+tKnLclhUqSIkihrGp
r0DxTp5+kHtKxRJ7u4EJqfAbDGldDpE9JawgPBbYo3QCHw==,0ofGggmovnXkW2niDgjpXKhvxHf/VGMY2G63r4oPlwyT9THEWg==,Ato3qx1YmvPXBRxDvSHOSGkdxE+hAuC/KzImDBq3OShlVK36h2W7atl9RkfSqts=,A7fIVkzfAcbIa3g4VgoaZz1Nyv62dbeK1a8/yB9iM6g=,qD9IvswLaXvzrE9j17ChOCg0K4obwVaK/yIyGI1GrQ==,uaMWZ9RJ1knh1QCkl/JqT1vruy3Lscz3uBbDGFX9,YP9NZuouk8jZ3P/5yo96IrmH/SL5ujXc5mSpfxDPleE=,Sr9oAvFDoByjoPwSwLTWRc98qCwtPR8sNA+TGDR5p6w=,R9CEfQL1n9yvLkBCTm0/jNJD3vju5E3/rSU1LTYa
ILdErI+coMnbnNaA2WfjDIosHQ5NUt+3bHNhbEpHmvD2Ig==,K7WGISCrlIyLyJQmGz4rf/06i9DeFGoCl/5fXffPff+j7MQsQw==,fifSG/p+GX1Qjbfa7yCMTyzolYBzpdfsBsE/4gLMlMbpDLMsRh/ge/UZquVDoOg=,Ja7CU7pQNB6xjCj8yOsA58fwamXu3kgGSOz+Frjcx+U=,UTMZuCt/o/fK9RQJNqu21iY5FA5g9DyBiUtqrmGbcQ==,qfdIEH4Xu9LaQ3//M+gc/5aMD0I5LislPZVjKV87,HyU+X6XEVD0vic8oNqy6ZPZkX8s4KOOPOqKVG1SOzlU=,w+bc0KTBcpjNASLi9MASgov+5G6uIbgeZndlU1r6NmI=,IOci0k44g+RExgMB7tQi1sW8nPJXtxFfN07liuoi
Q7/LBLVtjmZMAGmMCl4khqaHX8siCb0+1ZOc2xCgS7Eq6g==,3zcvsgQZZfb4DkUiqZPm3qQsp8FFUbCln3/44eunrJCneZBgig==,YvaWUFVYhDogBU3d0R63M8umS+Uk34iKNs+NoOMZjnPzLOjf6vBiPttowBk6f+Q=,IkIQaL1JeyNJ/gaZ4Fo7wVftY1NCmiLuWuSe1+lSIT8=,emxKL+nBs2DeoiHX3F+2d/SElJk61BHw29svF9g0fg==,Q0dA78FX/xmaaV0vWROYOtH7JYDJS4ndIT8v8H0O,qo2rIq3czs647x+3bv5uRWY1X/yrs4pTt5KXj64wvpU=,r8Dq2ovVGOMcJlzUgRg90PK2saGd50VZmGuO5NjsZZM=,MufdqI15iG9Br50ZRfngHOfeFAGhECWqu/DElNOZ
cT8vwMRKwIQMF0lVrK8IbMdcrpBLApRdI0JUF3qWRJJ3tg==,PqDvCkng5401OQCrZ0EjYCAebhz5kzZ800EMzEZy3leIqmwOxg==,H3MqXAiU1B38a5JU3guiQJbNyD7/bEobTu3ZGpez2ajzv56GPriCwfrC85wWIMs=,wRyqxeNaGERCHeYJG2fgvCCBZwpJRAeFS9lyGUjD+Ao=,Tk+z0MrtTf8/dbY0Rm50ydUD3rO/HZ09DHG4W35jfA==,cjcogaBRSXKX6IPGS1Ypn1Us1Sxo1ZKDI3iSOQO/,IrZaXMT8nB4ukMIQTEGcwiCWSpLGB/IXQtkTzAHzEe8=,k6wdUBuVHJje8f7vI1WPyoxyWmrgaYny5K1aOTp8OBA=,C1m9O4iJkjyTAl9/5hN6CWkOykD/l8UWIpIDqc92
3LAE6G/wPwZ4YuubcRiZYa9PTXWZ+rSdlQqNCRZUmlo/eA==,xzi7EnNwWZaeAOrZKDCzfbx7hW97xGBTjte1SI54y5jutWU5kg==,JnVtBfPmgdd56GLfrvIymWt6nnhTmOQQy/2Eizt4LHYqhMrMKoWfEXqvDIrqQCE=,2cidIny7ra5CKPfjL2gBVY10dclIkilvzv1+0cui+SQ=,15jPwd6L+tG0MNBWydW99s1+7zEVAdVD4yPmBrbBfw==,1nTh+GUGpixD3haq8bUndXriXHyGkyKR9G7q5nj0,Ifw1IFZbPKf+W85ntuVjxpZdfYFRywDGs/kd4FEaHCY=,pSbjAswqwZOmLZYxDNpyly6uXFaDwaLGPPvQKVrh0CI=,TgC4HwRNLmiLT2xM0L6FSMsS5SaqZ0c87Cut2cGV
pSxEY9VGBfG436rl4A51akyhE2BB1U+Bu4vU1ooRcMKeWg==,TDDTcAkoWvzRB++3rcHeXsCRCO59jILdekc/pivesTamqqAG6A==,RNSlgB03zW9v8ygYu5NJoQWR8gEFQeXpVjqwR+f2O4FmwY9nxy1p6Nra7ArPBFY=,RBpTXK57Pgvs+qoRTMHsg/8e0U7TeshHZBhvgOUyJrg=,CC6lKwQf0S8JEpWWuCu4hYE/pMjuRvDU7DZahm32wg==,rhhsgmBvz4jkTo0jfGVzt0+waYeFlZhAYN1Yk0iU,di83fct4eBYng/fesJsrHyVCZknap/RmtWxUPiExViA=,FI4BcA42iUPH0AD64ZViOb6Y3oEYg/POQsIhrbeKmT8=,J1Ufr/NrsNzzTeSyLx7I3qTtCWTJfWLvoZ0qNOZH
/m3AQGIzENxI34AdVyhOfTgJXELlwNX0Whz7QlD7rRAiow==,ER4z3IytXNgeHwn4QHhNjfkvoNCS+g6uVLF3+uESc/h+VIUqcA==,p9hT9czuxy6ZCiKfH3U8YEgEO+zKPFaBegwRsktdIy1aT/0PYMNQhgnpE1MchJk=,RmBCdogkHU2RCrlNuwCasM17V4/VN8xGDc4sXf91iTU=,Bmj3tmZbVbuH6xUoVLYMjtZF+h0oocfHg7RsbBhc8Q==,bgV2z8y+Cw+x4oqTWydoI0oOssJAswcrJ5dCj7OK,gSMPM0JTkK1z3meOJ5I15z+aiWdYldnTHI0yFnLOhF4=,uzPhsyvBvNI/r9E73KyHxSOwA3DVAuL5/JeXKvJKQGY=,UF19KzfduofyGRRNEL5ntnC0mJmilcbBrZ0mBXXO
Fm9GsY8gGC3+Ud+wuFNVfajKkmvW95kKWuQvr02Xs5e+2g==,UZoZkGfJ+lVRdxyYe4ANvMWeHIup/patRbarmUipwia4Wasn5A==,TgFWUdcF/Bd/yC4HZLnBSm/ENxPWXWdiP7y85v/Xvafrp68gwVg9yQF94/fKTpI=,nyMyHsEHjcyLRIWc5N5WFekcVYv5VtaY93o75dThguE=,uNESYu9IK47GAm/8/5F34G/NmxK0LjVdzHPnO3D/Tg==,XfKGPzqO7KS0/olnbH+Y3agri4C0S68V8jJL86EL,X4FHcVvpCPnr3dxHx13ZPSWeuXOem7FRsfEPoyN2exo=,XG6YyYDVo+1Ko242nj1Bd7ELSEokF0rMuB75LSdFU/s=,tm9Lr5lUBoZ0xgh/An7MkSRNmT3eHWiCQE66LiHi
VTQr0P5QKI5PnD3NiKu2bidgv0q4JepJBCCIscD5hfM6qw==,6rpYbxci1gtvS8P14hOxrFm820/hoaXXuB4VaouiGmDu9UFdWA==,Q7wjsrZ9CHTrsiUeY2Drb1a8gGFcwftOWedzcbhD4P6FurDPOdAz2NTUpFp7nwQ=,kRgHc0rTa3kcjajyFm7fROMrS2rHQHMl3H94iusXM3o=,CZ9o0bPsiMSBNTiA7FLXud0vPeX22p45CIqxvJ9+hQ==,oZycn3ANkYqKzHDGEGiMtfNPWqCcx9a/NHdNo3No,h2abe8DSo2ZiNAlx+3LOShz/FCpnIzqDiegQNwj6SQU=,/4rGFulZrDucB/uVUYq3gIglLS7GkH8yOW/6vzvwkTY=,SzJ5N87Kw+aUWKCyCRtZPRwW8bTaXSL6cSyiF6Ou
sDgwN3ri3rgGV0TcY3OeLGP90T9/isAeNcXHD8SJxmPAZA==,bZMKQVAGiEy0EMWuRKcEnhdTRZd8zD+jmYyepFcS829wMnzhgg==,hCDf5FD399nkHcrsC/qrgq1BLljqXl6NI5oErRXtIacL5nrq5QF63dbme9YkQds=,Ce/xJ06sYhPpMmDOIFUEtR1lIOXwAuTi8o4JdDcolpE=,mo+BJ5KjNGq+egVwk/GYqLmY3L+2hloP0HTv5Yshpw==,hdWEuv8i6jlX4seZB3Nl4k4zNiRrPFtG0670Ctcn,h3cvfTDTnCXvY9avjqBeUiqaOxbaY5ZjP92DVxTp3yY=,KztO7mb4L/TBW3HgrfAr1c7inoqB10LJbuYTNqyrLtM=,yMbDW86Qo8UQ8VrXRfnT01HEOsMl07IZ+D5Dgg39
IQuNx2c3bs1/BAecdSe8NWGgLrdK0YIG2kdWHp8SGpogNQ==,340bJyCMctIXkcwkfs8tRhXcK8Kea1/6gq53s11kOX9NU9em/w==,j+gGi7zuDRhA7fioH+1+D6SO3QshSTVA1t44qyzgBUXNHsYs+5bfJhJE4UZuu+4=,PDFOx9g/SHkM7/i+m+QnHagzhh7e0C1JbrKyQUsO4HY=,lwMl+ArvOxgAmIiKcGdHcVF74iSnG3ySVJmqJ+jP2w==,xhFuppcIkpC58ptvWK4nHSK2ddTX2ovEmWrd8Ssr,Ub6iaSnvtv5NF1r5Cn6/PEjeDbKGrp2h4AiEd9rWyr0=,eH0fySq/heESVphDaBL8HhJPySjYL9JbHJsNhst3bbE=,2Xw0aplGukpMFc26W9F+6tMh/IsTszwJUbHAzxli
3x4EyBeAoQd+N5dp4sOSfGXNZFIBtG1rGo59ecXIBOBLvQ==,e9ajfHiIR7QrfhPXKbXFErxoHN4Lp12RQU5iWQkOr+LZKqM8JA==,eFmNnlQgaIbSbYS+NDeGjOoiuTdjbnSMJW5KzmSfcAqN4i2gWtAbS5ZF6zhnHT4=,0T9bc4Tlx6c8UUW7oK2r/9qMTeWtDKtDLMdmWznakbE=,ruZUgh7HkJIP1MCchaOKgWsJ2PR21i/4GReXp3utGg==,UOFR8dug03fZ5GsOqu+U6PeNK+5GufKzLK3q5vz6,VDmlJv7uqsFqwNG58yaQNJCLbylBl7vtn1/S9LCbHkU=,qv0Obsi921h75Z1CK7MR/tD7X0xA411nEzKxUj4CfSc=,Ng9JRkiwGQrgwne1obMaqQ/Lv5nxccgiop5R3jOY
O7bmKJbv3qNnSNiqw54SoRPnji2nHrpCCAGFYyOCmJHIgg==,eJCmLnHtNJUQQY9JcPbHvnUV295vWOt8ZaRJ46kfi5kphC5wqw==,Z7v9zlVS62E6COA7VALFFEJtlOLKmOBtXyUmgRbgAk2Do+l3LxTgpb4/xBNOsF8=,zAF6pFeMfhm1beqj5VTXugjkmko1KAKhJ9XxewzUOFs=,grorboY4YdGfKL05b5J5+qH2JhlXqRbzwPLBsNGLBQ==,6IrYGWGRGtxb8EgfcZkWGqAh4OIv8zlka+flwRHd,MYAWn7Y+sDWeBv2B0402uG6pMBST1+pZ5uE3K27u9pI=,kZgn/G9nVxobFz7K63S6m2sI+rIdDeOIThpp8YF8xNY=,i2WsK6pf9UW+sOC6mhjRxVIvBxzNRywn1UA/HuAr
HS2JVpDWP9o26RvoYqFzmxgedCZ9XYf5cZjDtE//n1uu9w==,xwyUcKZahe892Gg5tCMW4z57rXvLQZbTZnTY2e3dy8mjJO0Zlw==,NxxOt4et8Yv/yvM38zk8A9sHqOJ3Zg92tz0dfAjJeXwoC2zTpJU4Mm3FL+nlG8Q=,O8J47QU2HMxNbN+8LrogXYe4lQTuvt3lH4Ym5uD+uNM=,5be3rjLyqrutKWi8emqq0SeCqytXSRejfaR8mYXywg==,R3ehLWYM+vVPVWtYnNLsErNBMh8uRqiX91w1qFdt,++vO6TQMf8JGypRI1RYTBzLlkvCud/CH7ztMpYbh3Ho=,I/xTtV4EEwd3ylxPIBHQAPXsJv80mqPLVTy8YxD3Pgg=,lmaWR8apiaRQEUg8RgQn5ti7rEwy8MtzR6vduDXX
90QhcwunZsvecVNUxJZczbfkR1XpvvwKt8QZGmq1vhMtsA==,Q0PnhJaw3Azg6qznwuWvcgcz3gjK1ECT0ESgtzxaGaEEo6cwBw==,S0HQok0wJWcwejBe8NizW8PF2vKVztKEN9HbFIf1XL2ZFuVo3l0dcx3SxUxtXjA=,4/PsXfCXvhNOCVgTHk7ElqhLt6UxNIU3mTRoGdjrnbo=,s+TC+8VHB7on4tDvjoUgtVpiZ5A1uxRM2/6jqZsLwQ==,c+pC2ATc6oP3NTSZDfmxTlgmrBezpZnGZXFzyjls,L7JczTpUp6SxEXbOWPAMBeHk5QORrDGEXp8CL9ioEeI=,v0ydpvDY4uTlTSbuFU8cInUJenkYNAU12M4grAXqEOo=,PmgVAsa0kDtY51xXevXx9JQ2tia52vltxfRwY2yI
Y+KplE7pT7v0WOtm817NrJACOUmlcY/u2IiC3A7kNwQBzA==,7mFjLBPDgn32Fme2HKAVuFwgilQoaBpT3o+jQJJJEZhl8+gZ6g==,W+rTNXlpP3+biTmeo7yB3uHZhTaKMObgMuTBXSD+PLOLDUuiswOV+AOnNN8JHio=,WuaFUNpNGJfR7z/3qL6onbAaUrcqOBlqmu8VulOInD8=,NBbGs/4APzPJqZYajkFGKWnLG8x5OYJDdWXTGnL84A==,9/0HoQqp8LiB/rMiLZCo33Hr/sIQuLXnzvIu4RSH,9e+TLBES6pWI3EhtHf9gU4YA3rG+ObtNLGUdA/4lue0=,S7d0pDH8YYNeqDPYHhM5hfAq/z7/nUmzRnZWTLhHv5c=,8Xqpql7ZJX80Nf99BBih0qke0YqAuJXJFt7mxNOa
BlwYepJ8ULF/AnsSPSRRwv+46+9Ug1691GGVtOxsZJPeiA==,NNbHgzJJhcqR2lGM4WSsGz/PQAvPL3jg3j/rLVHx3ANTtip6EQ==,3dlIoPodBGyflR56eU0JTbn6yv0vNhSpguOzkgxpuMn20KMpNgCqgliZ2vC4VOs=,n/eDNRDJ9OuthaAWtmfRg2m4+4rbgOYPfNb3SbYziPo=,y3BPsGitBRP+Smzy5t1CYOgqf3JpydXITbaLwcAPxw==,l719SG9AI5pHcAY9y6I9k0C0u5SmxcuxfgPK6YTB,m0IM7QCrY7Jg4di9pGLPKT/hd3jCEy3HCqWeq7clsjI=,QZD4jUrD7x1fjKJatvi4q4Uw3dYH+9Dz1gcg8c+vrps=,wdTvIukju8C8DdqTXReWa44/SjwlNKKFbpRYOJpY
H9635H26ZyB8Jl4wh/DMscg0qSUYcmEN43hpbb7Ho6J/4Q==,i6gCvIetbVa46Vwkm9xlpjqu3QThxtKCwI1Y2m1HaKPUBzzwpw==,DxBvAwNH6vyiSZ7AQfkdnIqENmZw05RW6zIbbiGCki2AwjLD/Vnve4nh2x776EE=,poX2oP91EOfLNsmGadbWwtMPKcsmXUwOH8xkU7Cl7R0=,s8rqOKuHgud1juuYZTXMrtK9NxcW7jDU95fjKzj+Fg==,qLN0VzjDATN3WWc7yG2jN3TFYSFUgbrNMnMF1MsX,5MECJQEfj6ePxvl+gOvPvEritUAOULJiuEWTJ+i6wP8=,RaPb+QSNJohE0FUVjjaIVfpJAm7dDc844ecualckuJY=,p6/zp7NSdrrCzR8Qj/OtvOIWTCIAWHD2etm8rlSd
ETNG2i8aeJs85iXm+xFbVWA3mV6+GYZ4EOZ07oJik3VyAQ==,ujpQ/8xPCjP0ReTfmiFrFQ6aoPeDpyxgCNF4Qw3kC7hckm8ZXg==,XBFV1LjbxGRvACkS1oROq/K93jJpoP3uOOnNkw3ih8wBVrZdhlrVwYP4Ar9jsoI=,b0lhML/R8XVZYcZs64sWavnScNoBWW48wQ8dncaQ4+Q=,biCfvoqVr1ok0GTQbYv94WpVhn9KViddjUPilUqV0w==,e6XkUhwtWXfRMIV1ryVuLiK9FlkJI/ZLd4qOGyGx,bTBrN3OyhFFLhDjHRhm6I3YwfaC11cY9ICHnbyYKFTc=,hu66BN1MZvNmqLOnZfM7E8PY1TqhiO8BQ529Kqz/iyI=,Ean7EXjOzwJ2Ji5tkr16woow4VTiFYW9JRk0r5KV
gVx3F7G6RZPoPcz17ZsTqcaDl7kMkRoEPbItCpVI9hhPAg==,DgTCaUb1vqYrDZHl7r80wb3cFuPwrsDIuG67bam2WKqorMHGKg==,U9LweUZbKaX/zLFxsRc52YzGDskJuA0lT12drxp2wvxOyv7RJbcFrqvYTl71T0A=,JGEo9wtErG2hCfE95VBMCT78A0XGZKSfNDz15EHRN04=,wS9QofdPW8In2iUQ5gZIyI/o5QFVDGUxsc0x6DiDZQ==,hFraDxTMmrA/dEZMHus5t+xyDhrjy2j2RRfMNuXm,6XbGASx42u5Qg54EweHob+nW/Kl6Tc7iXSzOpuAiv24=,qMfjLAkQlKgXuGPyR5e3+UHvFN5UQMbBOa50elNg1LU=,mLHsvBwHsiXiklL9a/eRXbeV2XWbhBQL3iu+hAaS
9TYc8/0gUArYjRFkBAG/BJtP+8yK3MCLrHcue0XTwiSLUw==,VN42MiUdTpqDJVsySI0Jr+hufuIWiVE3+PV1CyX8f5kXA9k14g==,5U5KWwBFgaKHfGIEq+ZaqtoSX0u57uGFHUhhrohjWdxKOidsAt8MHyzMHSLQjGI=,1nADYqVC22EBjpFYofXVBVQ5tRwaIJ6QA1TFa6eivZo=,ChAMWQzgkpOgYI/locihnMFyMfloaOjEEWJC+Xmj6A==,b+AVdHTVR9IZdUWV31UwKdiXw2MH9ugqAQC2vM4M,FzwtwNeLjbigL52CcHLuo8rk2HO0r903Wu0gajVJNNQ=,biTh9EMBMaER0WneKK3EVT8maM5iU9hLs4Xj0m0nbdA=,F0HAmV6a26PpdpNcYgrDUE4hyWoMxdTLR942oEbx
FFmB4tdyQOU4t31SQ+9N9LM+A5bIxIlGM9Nf1T9WplHzkQ==,7WwR48rvE+jHsR+Q+NqBYS6nYs4/0tth+pwa1EXF1In767WRiQ==,TrMxePoIoXDz0rnO+/6aw4AqTvatGprYY4M9aHL2kPhZvS8bew18lFQpyYlW21M=,SHjLI8WTq/5qohjlFmsmfL9Fo+jK8D5ZJ2+WwqNqsto=,P0p74G89AGHt52SfGORRSNPxIikk4EHmpBFOaAfkYQ==,kxe7XNj6U5FV+nK5jM/yzod+Ey6ckShRkBge/I1I,T+ipJT0u6yQ9zO0AcRE74PUpWrkNhj1WPLTksTt3zE0=,POdp/0WLlxfMeYM0CmKQ+2Wu8wSZsl7jbeArOmDKGUw=,VTI/E1Eiij/vurnfD+wndckPqjFDOV1xnrGq2E4l
0Vpv3Ah6ueEiS586tmbkbkxiUp8sow+901XeupLn3KP79A==,zHTxhdhg5KHeiQd9py4somISB1PGmMfhQmCXzGiFuhEF0Os7xA==,486PwrOXdkAd+2qzuPe1zGPCTqsYDWXSa+JXRj+9IrIWz4IO72G1eiloyqs/w5w=,zotuL4xryXu9NXFYev7jpMI5O/GRTsTkJWA7Rqx6dqg=,rYGUkv92UlEqK0FzVOxsfwEjQ+5bPkscMSGYih6lVA==,IfCdj+86Qs+vxjDyQtO6gl2oeP/5KRzbKrQN6er0,EcDemuEBwljvJ5492FBeGad+MT/WhLjtxL3Tsv6qqaU=,bda56FD7QCJN6yS0nP/9m6tIKYrar+Rhnk5Hak0Gaik=,q71dZh3Ze/5nZZ07HCkAQkuOFwEVjBzJuOvrGq61
WZrRKvhzAqf2Srq0Cm0K7V3Ok5d6NMHlPeisOIAq5UNgcg==,qyB+ftGlIRDkNQEvYwVYvO1EjbboobGPyfSzguUIB7YGadTNlQ==,F4n8gJmo1AddiWpK9J0py709q1+qDWs+dHepKO/XIQLADEYRpR7yUw1bIZF4DSo=,glTH6Hwhl53o3Xz+iPHwEeOOqZ3zAoJX2GkpzXiEryc=,Snkom0RU3HkcuZ6jFwJtd6WzmT+i+ms2pobn6ToJIw==,M9DYdc9GtKjZc5aBnKai2jDgpqg/7qVayIV9dK2v,wNF2E3HyemrNKq05U0xUdY+ibLS6ur0OaD6F899XJa8=,YpMHg2hpQD9orRxs8Nw8/kkEna6iSahkaBycTVScVQo=,MuM7ZaAW9MU1EIPF4NAoRLu3jNySCZjt7ci1ZseC
f1AtvU2dOxmYfCZyxBj/HqlJxBtPCEktyqBDI5hUABSiIw==,capJxr7AnhvvNvdnXoTGq2D1iME5Xz8WA9JqXZeYpuw9QyKT1Q==,B0UpRpjUj6A4dORgELrfLnQvPhFzE+XSl258Ze/cNds2szho60Gz3517BW0HxzA=,4mvRz4KN2Rg5dx1KUWVUofsFAPRd6+hrnHa/u4nhOTQ=,cqTqkMJJjkBIwe0OVrjcvVka50zXLZWilscLhBAdiQ==,ME4RqbNLzEiKQxh7BjLZz20FxjFFZnZ6Dt7GHTad,BfVV61dW9CefLVJwiO+xMsQ3snXEYDJdcS1a8genY2Q=,zU/hN6hRgahMYOiu8sd7JLZz4ZSenJhwnUMIOLkM05w=,xH+uHa6s+m5y/VJ3q6h17Hxm0rFH80guOck7xePY
RZxlZOqEO4YM5+ejcwEzPF9whcChkEGQW+2b5XT3aMAXUw==,uAOQVLSSNRgKeI3WWo+B64JS5B5j8zAstjuaD3WPIX2aAN2CDw==,7M2DposRhfvjef0MzKRQwqFpzYpQVvVu6dZnUvl5gtE2qGmH6wVkxDSq7hTzVC4=,pHtTij0zsxxw+lfB0Q0GJUln7DAsCW3R9pNmfXU4/8M=,5FRqE/5+eQEDqF4QEB15tqeNev2sd9fVb8ODhBUyWg==,N7FwsGClGdYxzqGfjKD5DeQQzr5qer0csV9pJUDx,lQ461Rq1Ww577ZsG8fBoyPdied92RRG1x53Iqh09E58=,gMNOb/BoI0kycqsupAsfaFjvufm4Y5JVj0SDtfcsyaU=,V4cXOLuepHCVE071e6z7lYnzQPOd4YJeJA1vIqGo
qXQzgk0iMWoEzrt9K6svoCrmwSo1eq7e1JTkkCK/oG0Cyw==,Z29ULDOJtYpGlsSQ3j/BleUiSzSF8P7TnimBfBlZeOPHAzf7aQ==,RmpGzIpqwxN7B69B4A7jcf2pjho8gzOqOHtnk2+la6AB1geBDEiikF+WszWZcoA=,mBPbzIj2w46uiMk5fsm8DwYJ2ZQnpLowX/q69EjmdW4=,D4ORW/ppPvBVqcGd28EB21Kqh5G29Di+cz4LSCA8xA==,tINeRgqNsQRFhRodDix2bwewJUod26R3dnIAiPZk,KOhfGERiVWnsp/EFrAxzJ6cql26hiX0unL43TWU+6YU=,vESD/PGKr/v776/tpWGod1J+pqhYjIwDbc23Ly0/Rcw=,Mh+YD76+MM+QJb44k5w2r1mZta1P7TwQbRY1CRIa
VkzIgo746ScBMZgTJGWNz261ajPMgPnGuXt913Th6Swinw==,guC/CDHy8izdzgjyB48jNrXgYBwG8wP4k8iBvikB3iV2SFaf4w==,VGQabc5JP0wh94gqtq9lJIS0RsfBzjhXCwSni2xXtMMfrXFDGEZyYUhEbLfW24s=,S1cxLp7EvCzJQyTpgDkeh8/LlZyGO9dHwtQebJR3Zps=,xmqPm7lSI97EmdbGdLYJhw3FyOzOZk++Mbs/Lg3xrQ==,Gg/wZfd6oj1MhaTTzOGa6p4CTIGxZHQaAuQPqsJL,IorHpTGkEqkZDZD+TNF3k6XqO4bPmQBkPswhTgc/+7c=,KA/mqJMNO3JaXadwJsO16UyOuStzCq4pw0rZsobrPRk=,Vof/ZbJFjUt07y4kn1wI7zr5G8xGn0zkS5SDw3k6
OPMgqE2YE1eg0z92QlroxbWFRXuM19lhFgAMEgmCVOtcMA==,AJb4drfSXs44t9d+Hvyc2NegwZZpN/Z7X31MsHwurm3czcmD2w==,KZIZVJgO8VCmWnuJUfL27/c0s/Azjxn9OdFjJ3dH35YwLYmLRXwuQ4PATbWMsCY=,Iegdx+aNcrW0D0aZoDczvck6apIupdnlJy0hdMTDXuQ=,xpiYoWs5Z4IPO16HuFkrJyaQJXFvlAYo612FTW96uA==,qMvQwKKs6UcWEPckWTN49EUp2//EjDlGbocW2PFf,CqcsF5TN7Tbf/41rJyoqrqduptxhmtRxBaZD/6UTy44=,EEMEZ/rEUJZcF944QnUCgqZ8+f32WZJ7mGGtGn82ouY=,peSee/SuJot5mapmkZjhsagfD7EVl3E0N7Rgy/r8
S+Z0eSQt18mkH2qQeuCd0uqtlpIkKVUvATuozScalcdkfQ==,/PtE4acrFJcS9oRyEnR9snG6N8gTSFgQsBaejMFBjM0zDlR/yA==,QBGh5EjEftN546uvJuZNSdfwP7cVu8vtJr0py8bDl3BxCU9aJS89xQM3I8dGnRQ=,viyrPs7kmRbKOehQzKx7i0liuM7d3HhxgiazwHyZGA4=,9Orft4YYARtZSnyUZmCMJl43pzvh6KyvAYOYrii9CQ==,cr/GuiPW8+6xJCnDSn8IXvqDK4dnG/O5PfKUbh+G,+6eM/VS8Ye/Se7Yewru9Lh4G7JA0j2GBKYEvRUR7yDo=,Kz/ZOCK0BOWJIDKN+MXLvUIwfYY9+wEL5A8yo0IC9g0=,V95fcmEl4x9i4gBi3/iovd5+WEZ7CHvQHBcG1AVV
mAh6C5vu1MCQrZxSLGWGyTIsYfNiWzK8YTXsazPSeuoJSA==,m0ih/tBel5kXyNb4tty/8CPeNpxjWnfx4g2h6rcTY1Fa1ZZLzg==,3jtS9tg8AvlyHpgizGPUk4Zht7I6INp6qWDRAz4qfTVl2D/iNl9JKnry/B/O6VY=,5mtPfiNfJi3cXxqbYUHMGrKBroe+1HFp/yKTSj+S5l4=,k3L0oXxfp/a1s0n0obHo93S4t9PigFgzBGWFx7x3gg==,/0OLNzlqS+lo7H9BM0B6Hv0NuTYnl80fpyfw5tkN,t8lCephXYQA9+AUkeJomgGt7WY6AG+xKIszfhj+X8Vc=,m/QUfbyKSzRd+JsFc/XR6echEQhe3D3SoRHXMeFhPXQ=,xsmQbyimw4byvIlLEDHgNJGnICkITrbUxwdsoqe2
p3JuQTO/VuF95f+d8ij7QFebOVaxw3W6pbfNzS+1P+sswg==,bgVJt8SlNew8kcvhliTeOZIGy5J+nXeE3uOfEFTupux3qQdu5w==,A/5tKLse78BaNCllN+byabkuQyvLUPVXG9kLQYJFTB6QDZsJUBPcvbv3xmpeToU=,bFrmsv2rCj3eWogihmcEPwFVCgGmZ5i9y3BtS9R/444=,aY+5IsAEU3otbXeCXkHGyMroCq0bC8qmxxwP9HQLjQ==,pfeD2/ljeQFQd274OrKped1/DiRhQhAG/v63DGUT,y4bl5m/hWLiOMR7Vy2ETiIhEF47RwTra29UVSdFtpRQ=,wIauBC70GE5UMCp2nb0xPUkpeSueQT1qOb9Ro/6x12U=,VDcubmVPExH2eBBUOyEoZjH/wFQVp4yBsB5/7c1D
NP9AtFN1u85KjJZ4wCp53TXksEMPBakz7YC+2gcONAvjJA==,SoVfCpVCn4OP6tWJCpxgR2M5WuF8R/CYvZUJH7QnxibNl+S0zg==,2Vnil54WVcrzYoNJE9MZJt6spIrXe+bXJIG6ooqX5vP7Ti+P383ZtxArprpTEXw=,x7ZVgX5HjR+uk0WnBq58tOp/11jOnaQ33xumw87zqMM=,wZySRnDWXbMPJ6orf2mvd1rJ+TW0aOaEiQxuGeHT0A==,bNRy9qnbhKeoSEL6bqeEdvNHcDK16LowbwjJ96ek,LaABbVxdS/8qkjavXxWXifE/bd2i3wkZOobTftn/F0E=,LyZTrH59wqiOxtdBmhvo6P5T8y5rqfSaLICvTGo7zAY=,etomtzR8+9qnxWO561V9dIwKgJ1YOfUbUtJuNPqP
xxCi364n1oOoxgpmuT9cujHzG3YHYqNFc/PfKEBwTKUoWA==,Va9hkw8n5wUi/kp5L7TvE0ls+ctAYgJl4Mo8ERVSohN2Wo931A==,HprGUQT+xXxES2Chwo5U4tYCQ67gIbZjcbEQZ4faf1W4Eo9b7z4sZnyEawUWSQc=,85QrSx+2EdUc6/egZMyilsoKALh4CUaOdL/Luobc8UM=,4hD5a7ZgZq5p1/rfvSHzBcv8z1sqLBq5EeXrLLIYgQ==,Py91ng1p1oO0iy4993sTCdgMyeEZg0SbQTc0VgLh,twuA/mvPNK7HBrCzK5W8q7hXipCtvHtPkxEGBlFUhIs=,YoTLfZjvIgAXnf27aVdW9fHo94zZ/NTgzxnVVzI8nKE=,JECCdezke69Q8P8JSIAJFcN+2k9cZ21xmVNhQDUj
J42DqDk53u7J7ArvoNa2+XwDS9/ykRERuxIkkgijD+U/dw==,8zaUCaasDdzRybYpMz74mfklgA+nUgtF3MEfZmHgde1jwGWNGA==,w43ICiitlspPdbDYvLTR8autNZnCJhffvIt8i8gLn6EHy/9EZjajhdgK0BlVLFw=,OHADSl88yZzduBF+9/eONtwMk7BgSqtEYswHtrBHX7Y=,szb3m3Ril4QUk0iLnnY7PTIefmwO+jshcEbrOx2Vfw==,LwKwT8YjTvjL7UsM+sjWZVrd7xF0c6l6X3dfRdIO,rL1/232n0HWpmABpSm6NNt79yev+/DcvMrHa+OKu3Vg=,LnMRp303D0GcV827wZOYEEO5fq/MvqFuCyPAap8TyDo=,FtuyQwQ7biIOfFXYF2+29tyysJ3guVOInt4SBk/I
13XZS5wJmZX/HKLGEsTQrSC4dplcmlbQwFky14xTWWs55g==,wcjajhWJECKK37TpfRxmuecyIt97tW/W+EwCc6TZ98yrHcAvBg==,dvuq7kKaHq0nMYj9L0y+qT9C59QBwEJbj3SzLGlVtpYHlXBK7hf8pddPm5/S1lM=,42AodSBylyYBUPDM6od6pkhq11lR9ztqo76ZuDPnIr0=,5R9jN1oEeizuj8TjEL6FIX5RkDGGu4rWncdnCLanfg==,xM6I7pmlfcH3E5PAienlhJsBReiE4YMrJAk4ijmI,pR63nO/K9MjxHldDq8r/GaD7P0XSXjEEVXG9MekDKMA=,7da75hTJNH6VPbZOc7Bu0SnI7DgzZr/NxPQRSZiuO1U=,5x6CzJUk5z0X9+lHz5hWCjDOlitdvIiNDqc21URf
5o7KSICNISVEOCsdndT9SmuvGEdN99abyWcrSonjVQw5Uw==,NZC6n1/GXTWzTcg0wiXLSRnzeL4yzaJMPLGawurjyoPAHGfrBw==,IFV64KJSQ6qNPwmaywqUIuAMIc+xTbb1cJLbgjTPMnhV6qW7W1Ym3wgXOF6oIyw=,+LRnV/+rYYaEUUQ9MPMN5Zdipoao3jUG4FlEFhAIbzI=,iJ+gyUpDJxMz+fih1DCyEH/qArms+jcjLDLDVuv8/w==,W1g//YZNhy1qmv5sOIFlYJBGlO5oemRJBWY93uls,N2w6sRMNboh1CeH30CAmOg/DVKUajqeowbiXwtGvkS4=,X1SJLDBndUXrVmP2P71V4dWW7UZqKBxxs5MlQ8lPGJA=,D3pPE6TCjHmE91ZABKB0F9Nclzk62Naoedu7UaT+
m7yU3zMOvO9rPkhCgugHUuzcrSIy1h2MOgtryi/Oo+B8Uw==,l0icQ4hmvjMmUE8PnKR6UdS/rnm4S15ikfiv093f4R+JH+MRhw==,VWYQOWfctt4teiqHtKMq8a8AaXmeRHA8MyQXm1qyuMogwBNcLuaFgYbXAMX6lLQ=,8Oovj6t7LSrHFxRV27GRho3ffIbthFUFsfEYJoqeb+s=,JDFNogCIef9bANshfo0WlvHAsUS5hBC7b2eFzFfnOA==,JoGWXzeifHvczGlhJ5TiK1uW5xXv+rEqoURUkSYr,XMbkPRYmPGM5j2vvf2Z7KFDGozTLLVBbHMoylOO4UF8=,7S5hF7mbVL3jgPaNW+zyydH/gLnnQVBwTGEbpIr34Rk=,u1PBTKAsLnO4sGu95HW+ya1w7m2LPGoxeq10ZvIx
TEXHtbNiKxWagbbRqLozAN8jcXGR9PXKPPZ88PVXg7pv+g==,V2ZYdUdU/rG2KXAbEGhhqzNZZw0XwsIqm3BynuGinGreWwrPYw==,UeIhN1huwylHxPTHq33YRv7h+6/xeF2/RBnmGSG/gSDiCmIApUAKo3viPwNr3BY=,w4UqtLxRph5fFg8XyWW753gnsYEwahOTKTs5KgeCiOI=,tflKvUP+47XjhVekv5xXDErscuNa5gQqjLyrs+jQSg==,/A3jbPKKDdW0X/P/PRNJdbsT5Zcn0GsrsTV4jMTx,/7Zt0K34/6IJ2UQ8LYipj42mLT+qq9A4UEW4OoVJnMY=,AhzBuvld6lgmxUPju8npxnd9itRxxzq0vQ/07Fw4trY=,rkQ6f4zG/wHN/RMKO6QDZs4tpDmonGc0nxBgM1EN
nUVwTbwjKELLxOiYFF8XHpzfyQaL1jCHNmzVlzoGoW3BdQ==,0av8M7b8Y1KjCxP37KJw2mnaZYDfGiIfOMbhD235JFTdZ28BPg==,eBZHXJoQZGEMpM9q/3Va7pNgwRepkAd/Hx4fOUrAwZuLMBbw2P8SCDKnrVFrihc=,OizpV0bW2fUbE89ZKqpsRlnteOj7e5GdiaUzyvb/dEE=,poXwR2wiNOifPI3ALrzU2FeTSqDEUF5Y/IXGjJHP4A==,fry7E/cfK046PdluzcqCl+N4aFj8DDdycUVRcnmL,YDgV0AOiQ5dHieU7Ldeo4O4WMBtVM57cHRZC2cf7drs=,VCi4V6Fk49dlEjJDp9BKGFioJIAHDl4zh2s7W1WKZik=,E0jFSQBj4qIMfuCcv4L8cyyILLohyyxWyq+mSlbK
wLMijQ+9jMuD7+4bzWooODxt40lazvkujDK1yM9e0cDzsQ==,JOuro+RAMZ4B74exXefraz2+RuDzv+mYZoPbBwqziGQmAEFmAw==,9rT3WpFA8isYR4GBvOWJha+oZ3SK/iiVdcPcQzr0YIUtHhST3cTi1dqzCqFS/Bg=,TZA1qwuTkfU+LFxnL7jhzPojkOM3KgkOKw64OdmORBI=,9fnjB4F6ne8/0jBq6kCwtE4/SDiudISEhDKDD3Vxrw==,hc4tl19VW0SD0u8DMKLHY/M4hWex2b1DYk3QdQfq,g+OpMprJU9tOlKOdL7QseMkuCE7vtXU+77TL1hJ4fPo=,SbIjSikDOcxrUOkqwTrL8EZNEv88gYzk0M96f9lJOwY=,UPNTwfWs8JEJKk9g5nlNsRLrt3q28nkKBexAVXcw
lBEOpVOp+n4Nzq807Wyd3IaYAEhMPk1foBNWpib378tNcA==,8coRWyXaRyb13alX3gDwewxGjb3mB4qQ7aikmPbvf17NfD+5+g==,uHy8VW9G9BmfICYkqF8CtMbzeQTCr90bB3HxwcmhfughKB90W20dMRpas+urcI4=,fJrDM2FWWb9DPpb+j4RGLnI/OBhBaPxgPDRmhQJ41W4=,bwJqkCtRIREkH/6CIZLSI3AvSa2BsgodyA39BXUeFw==,KzYTVqjSO9GI0TgCYKw41CVP9J+rwyQuR1gBnH5D,4NEDd1+8/RKDtJTe475dCQ7FM7cxyRbAPouhU61en+0=,50L/+WahMsBIo37w7jcNfLmj7NxkBOXYq2uOzOfmPgg=,JIjrbmKH/VWD4bjUFUMoRxkkmMLrL1pdByZ0xa1e
8xMUHXLbWeWXfNtE15SteXiv6DUPi3OLNL7MpQt9otolYA==,0vV2a0hC3NFHIh6D0GlB7kzePgbzs4IVi40VNND8FHxIDT7QSCY=,b4VU2fXFD5N36ewQwkri1uOuNWxXWLiV+AbMavLrSRP8aJUkhBDJDLF60vN1z7g=,/wZdXN6GIdspKI4GDhKTVgZ/HFNcVuJO7V2Kd7mF63k=,ka8bHh8VJJDVIKDLFoZnAmUHphQO+J9lcmIsYL38XQ==,fAa2L83VJCK+A3d9HnY5wo6E0bDACiMgNm+2HnKW,WWRNZSuwzTWfNxkkjQ/MoBIEk0Ce2IK0my1fW0W7z08=,8TCD2w4tYxQCkvm/T13V3oDlucx0fa3tCbfFocS6HUY=,+AEP5iyOV3pN7Bq8RIHU/wVPgnV1NW6YqA6cYxBi
v6LiDUabsp/ppH1pkOrhw+vl1dg3A9tU4RyGuLWC3w4ThQ==,a7uSB1uhOYm159MjSvoAXS3ax0Fa1Fy3qTrL2S94u5GgfItuY/g=,uCbZ36VeyIEbQoQ8PL82eyj+U7GlrGZv5py+vCpEPbvhhOMks8bCFhvSkwvkh50=,T7o1EdU2zgGhRCAcqwbWNomU3tOJuU5PBxyhLdEVNCU=,eRn+29m8bAF6g1aUgaJyFcNxxntsXhemB2DlpZN+mQ==,tYuCqUfZ7BiYzkj9D5kInafsOBxL7fH9tlfXCjRE,x6X4x6X2sp0BT31uWhUeYNs+IQDvyX3lVQexEA/Vz+Y=,9QeuwA9J/YBDbThHfuNdKAaw8DVsSsAY2dpxLAPPlfs=,D1J7JjKWZx8XoSsrYWSsUFqQaLkiHjOi/Orm+wly
/4YBdrzno92LBOL5IP+BkGk6oqobDnncv8vHNBJeZs0IhA==,KqWYQGY8OI/UnqGLj5xGgJrnksuJaB0bb5ZqFKiRqkXPaYtikS0=,TcBTRhv3oI5f1rf8bg7D1J01eUQ60Bm+aA+0qQ+Zjk9LZDjfhdc34IWeenZd2XY=,0npBaeveULW46eq0lnvQ5LZjUl7rZd3DRZQqRoewpwI=,XsHC42YVAISppvcWBJXlHZY249VR4wj8wP7a6CngjQ==,Y/GLc36ghRZnL7Bespu+Lo/XeS+j6n8MPiNO2UOF,C9FhIhtDOMsdJbf0YbSzNgPITNZ1JLxRZjDyzHc5QSM=,0RKX7Vqdzl/pzi2nqxq/Mr+YBFIcezUwpN40I7BturI=,gdgjjvRs1fjvFDKqONp6pOD7bD3gK4wbUT55bmMy
vQC03SoFEZFM2BmVj3A2IK59KO3CAva2mA5NpnUEvyCrYA==,5eDR41CNMStg62s2179sR7A/fnTMC+CfF3g9V/iSqzyzObvjWHE=,DNgO0PE2c9OBTlX4XzJakCdFZb1Wrm09aRiZwLukcsCz40c2PiAVFzuF3zYVzAU=,oyRkC4zVGKnC4VoCCL55VZ80+kgkJCBkCPzVr7q741w=,/kIsPv/rh01iSV/Hl2vQc4oiWMRNK5kDPGeRhgmHOg==,BMUNaAFsssUheGBxbh+TU2X05Z8yqhJeyqNfTI24,g7p3REe+LAOhzL5cZRTfJ9qAmyOmbh0R5P+S/x83qR8=,hEK7BGAoZtz0wDhCc/b1LqayATNV/ZP22NnuAk4jVuk=,QixrBJz1/pMQGQFZV0mx/L0gsOcXuCW43b6eAwwD
mK+NczPzvXhq1MhcbwvkbkhuchbTEpFkVU4QRQXlikxpvA==,RmKgggxZBSGfFOsL/8VlanrmCOhzwT2a7vY5G5X5A6kK/FaTAuk=,xQ90nldxGj9JbRIXb88C8+XSo/GHOG/LaSQRfmbEtR/tC/va6N5Y382v7X/BnVQ=,kO2uWQO2vs0cB5gtxl04iRUgd+7R9aJiX2l7BFIcVzk=,MnCACsIoklH7a3pjKUjd5ejh1rRAz6nkuq5xc91bug==,w51gPOXv0AWsJ1vXz52iaPrmF1oFrRMdyeqmvgUw,TKMnBLdrzjAy0vBdTxz7hJILm2aQWf2kPs4Eu+c7gH8=,JBNrKVGOF503hRyidFfhdtO6nQted1qKtdFysspqfUQ=,6HMpfJbF+lN1o1MsLu+03uSByva/aZbiGxRc4Qxg
gBAmv245azNI5iPjBGOwk0aWnvSSmvClrjCE0l7GHFsXbg==,2z/nAr8r+7kiSw216A9Al0Ys7f+q1OeojDVNEkI3YS7BE/mZe9g=,nvTE7mRaIwXTRTV/WShjWt+f8jgmSCbuzhFjkMEvaeJV0jk2k5NPhTfu5QQJ1mM=,eCCi5hGEZffjsk8DzTwV2YolWNy5xgWNL5g26sqC+Tk=,ZNMIQzfvutMAT7CDHcNQtuHa1iciwfB91Mca8El9kA==,c74LupgxFGsX7N6KCCgXAZrIjYpPDTR3drmFjQW7,8ZoUFilcBsisNrHor0zvk070+64ouef7uza9zljVi9w=,kEp4MY3gJYMewQ4jsOvnQRb3CHHdcTiv11i3GyBR0S8=,mp7tl9ltwfjvEviCmZU9ZY+f/gCwMLRdBQf9QACW
etxY41zETM51NsC4nCy+KZchfTkL91AGycC4YZy6Kx/hXw==,U5YpSa+8W4V6Q1KAvAo4UyoXVEV8CG9uqbZ59GPegBJso9skb60=,LZjZ+1NqVBaGIPSx456ockhSCZP/M1niydtEGvjl7+8Xapcm9tNEEbTJfSZpIIg=,6i9lOr/qE8lHPgI3KM5AXij8DfP2PShYeCcQ9H9DGPk=,IoURRQo/ueXZnIGGjvWpWPC0h/JpcJ2pSR6/KPHksQ==,5naXqOuUcZ0jfOemp13KMofVu2PZ3+u+KYCs/jAq,fRn2eEs8ZYETY72q7Lk5CxWuP3IMMuP2e7Q9l1UdOME=,VkHhpjEQ9VSvZ69sgEVWSjhxTHFlBDdRixAyI4bGqcY=,CoqvhI9BYmnMC+pECv6tPnLy3zPzC8Kb+8FFuqIy
p1kfbcIOwstx2l/XGZ9m+PPK98ZanSbnimXmdljJoQKYsA==,CmeJk76WaHmJanGiE8j5792ngfIzp75KsuVWUr8dcIXOqZTm2xU=,rr1+CvteGH0/uY9pouezjy79ekTU1qdiVCFJHJ1nUSMiN/1+4YRD3fLZo4YSrI8=,8Navp2k0N967L4sLRoTIi01UUID8ywd4JTr3jIaYzi4=,TcELv+bbL04gpHHJX3kNvsRPNreclGaCCS+eRwkqHw==,4R4DgLKbvn7uANdLPFgTWRiwa8e1IfkldIxAjiik,V7qD3bXy8psED9tED7w6ZZBn5I0DDpWgUMoeMXog0a0=,q5eMTmt1KgW+bzqlFFK0N3iqg5kkWKBhK726g3yyRyk=,LKNyBECbaCXkKDOCfsjH0+BhT+15gAFEdEHfWk/N
/NRSpZhvifVIEeYmfjKwBZkHnyLyj9clDTbHiWxnLJuFTA==,5qGvDF49u1z7cDdfQqnt4cfQEK9auFvnEc06LQz82xHjrBV49+Y=,2p7d3JoK+XaIZRmw+PTBQBEow72DpcojD/LVyDOZ2SGJV3vRGSbX5LISg+qN7I4=,G3n9Xq3rDJamJjjNyS/bBx5xYsFz6h1HAURoaIyt6vs=,zZNbO3/L2n8O9pSt2nKqUBmOPwBNE7GTerDxbvaC0A==,0q0P2v/Cxc9mTcA6Gcuxrk5QBp0LWHysDXNy74m4,p+J1qAYysNM7qjowri7DzqqC4Yad/UXBIP6YB97I0pM=,a4nBKMpOAmtJwFxMPa7pzCRi7C6zq56OO7UsgXf7h/k=,LKr7zilCgmE8OBhVJPuRSWnKQf+w5Bep9TUlEE8W
VgFdVLDs3yeldCcez4Uvlm1C8Ltfes4C4hqtW5h9EGxCpg==,mIWgrpB+9ub5hQTkVP9gN5nC8lNv7vaPOZsqpefIpQ01z9vZouE=,PNKG1Qb2T+ovqNM83FGdHAKvBvVVvZmFuagJuxtGC5win8ZQyZ9Dbn2cKtu6Rjo=,Cse5O05J6lpWewglXTdOLV8ksD7FIaNxDutambv4TlQ=,SPrsiI6R36xjSDPZeTqLPsUdfnMtk0G9M8+c1W94UA==,2bS8j+5UGj9fETjyp0tSIZhbGEB7jUeCzs1tg05l,KNc5YOivAp7Jcjmgc7Vxgk+bSjw9O+WquX6RB5FoAAE=,hMDdSlA5M5zA48fhYqVgQbP+blpyTvW18/R0NVPDQsE=,vNw+zJWZ5hAjooHiMI4IgMVsC6TDa8lkdlTfwgij
H7jXMzfmMkku8wEXVnx6K5GsAXcbJ3rKiEY2oVnBoLmL6A==,FpiBuVd2r82q9bx0eFcqjINsNsdHHcwfGEbkk3buTXzpDXh3Yvk=,1Iaiw9aLIJuFQxWf83aOP/IpKADNhHY0QEVXLv3ImOkv2BxQsDYFxNsRImXZOVQ=,squVCQi91OEOzL4kvxCT0enYVNQSOk+CM9cWgXz4nBw=,smeCqAJR1jP6PNld9bQ5rJ3Z2s4NCUxIEzejElR+uA==,H42J3Dhq6VkxS5OSx7R3coAGol3azRhdvnl15MLR,ayRVJyLXgHIzoWpKnep7v8+EdLFp1V6/ulLoe8N+9PI=,zoARzYvCvTDAVEsEBcJ1fN/VUjxwC3EqwwfwAPzd1Fg=,K6cxzO8pIbN2I4eXo1sFQxBwZs3oIUw6MXBuayo1
/HInLfIAl+BAvqpb4nLIAVGb0le5QPEX18fNMiqAEoXdTw==,NYLffyUG2u3e++Lo4LuOYi99/lNHFoOdLw670CAiAuEbuF84xAs=,2hO8KOnAlyqJlC2O+prpPb0DH1AMmEFoKwpUNFbJg7jgxvgNRodbLKu4XoiGEk4=,KFU//+i9OJkU0vKsq8qJnmWgSQbDxD5+LwVmcwSItmE=,CrDkuJKBvYNYR+x+a9B1oe96KYfwHC2bePvkUIVEHQ==,9wVPxpDfVGxUhT2r/xjaIWdwWkysb1aLO9XyWpi0,wAdNCPcW2kBlMKmc3sEQ3PtbKnqlvXL/l1OEf4lWnPw=,J88XvfHvjqpS/+7MEEb4Hdv0l1Sw/Pni9SQaf/qhcxE=,yxfXOydWDrt1Z2kCSKWhuUZsTTideglJaAz3tA4W
vy+W8tOIKbpCxzGO3jlOHaS9IqfLnKFNafoG1c588HywaQ==,mZ+vBh9IqqT4Xgu7Emt3a6CT2aBVVJudZYRtu8Sn1U+dXqlZW4o=,QesAvDf40aSzwO7xKIpW0lGSqKnADZLa8pwyJNAOWR4Nw51uLMDeAughcyys7mo=,tfg7FMiSB17b1qJQbEWw+QXtQ8gAiOo7y6qyOZdmFb4=,gTyxcEfpWmq+2jKo2gF+FjJUuoMuBC81uXBAtR1biA==,MmAPtxztubPKFAFTOuinGITC71IMQu52IGTXYgIW,udjC9aPCulni1W44UKXCiS39CgaTmDiamzYWXMRW4EA=,TKxFbA7C6QCZYhwbvbync3qQgLnTSA6zNyLSfVlOjLc=,k0mpg3h700oXXDHUfkfCsqCcHPcgy0gxpiL1/xpr
lNtkzmzEazVcoxfUr0A8N1vaRKrvgyrPyNhMUXxBC8fQAw==,iFdEQ0SsXBWln/zfqY67G5KxHKAjWwlQc9se4XEAymILjyq3pK4=,B2VsZrck7FxeQZLku1SbsrGdYsJeJJ2uGpsia76z9BCTSTERgqBTcw2p74m9bKQ=,srC+4AmqdCbTdqdufwqLy0HQ3WOMDf+os45Uv/SFYkU=,4FNjmFVypkbwa//aeXMxOEqt42ZJ3/XWwQmXtw8aCg==,ZzHAFAj/D/p1f6wFGtzBBQUq2B6E2L+IggPoiZQm,uv2LvA+9zgFE8k5taxYI8WkX/GjLRCczCMdC0GPq2I4=,EEzPgFwofD5LqVnCYJeGuPDbjUjetrdMM9JoiCe+Apk=,9aUwieKxjAoM23EbxY1AGdawWRWer8yTy1tdtfiT
NUip1UTghECflrhOq63JPNkhnhfyiXGRqj2DX9BHtYAd1g==,yQMW4dkrrFosfUsgfQqiYgV2dshEl+4yUXjT0NTvmxLMIbeMpOo=,9ukfyd8Bf0v7ta9qiCmcHF1lwHDhm/aG0SQjWM9SdnzavdYBPc21FbCpfnG/ncc=,xuWVONZEOlb6cY6hP1X1oinS0+xbAREKiw/DD3bf4GY=,qewoeFZtNaS446e8SfZfM8EQS/ugXgeJy7Oikf2xrg==,ytM14hGP6cchmhNX82CTCfwKhiqYnzeszDNqEJBs,Il6P2EApaKkVMqTPZz92s6bsqTHfydkQxavw+iT+VFQ=,6SLIJhWK2A5Pi/EAu/UqXbjWwv4DFtpt9cFx+TwMT4g=,/YVOM4L6N+YTIkR/QGYoY8ApyviGrPz5F6Wq4PjN
WjvxNQzxdPMSYbhuKdbPbvRaVIJ5oIM6IAMd92jCBy5Kpw==,EPJq5TD4WFYy3MCxebqdv7t8bHl5RaInFA3B8Zd1JLMQKbgkxRw=,tU1lWZONDySXS4O3VaszdRXGVqiz/Xw1Ogzv092lcvknZMiSLmolfsLIUlMgJUk=,5iBw7AGj1AFBWH7zqOovimr8EdRBOMNS9mr8Tl5QobE=,XV8i3AiB07l/vqsbeiE0d8OhjakEV4EYY61TtTg95g==,wShB1DnJu/6C/9nNGHtpRHcCVHZbrZffrebhmtbI,Epdph9ORnIgGcHqulWWMxEAgWIuyn0EzaS95EpiawPM=,P8L8e2O7S4DbqLQgfZdYnSXD9GjtXL0PoYihlQwACWE=,N4jwBPBL3uY15BWyPuaOdlmw1vje9w21NwvcrvFx
l6ikkzL09mV46BNiQkkwEL5ZByPvMQXPYeWyohb/H7j/dQ==,FINjIAN1lkmC78m0fHaf8hZuu5JLpRFjTWOq4RW72I2/sCIs9vE=,oKHMaguNsWcQJpu6Ampn2fh+88MffeMyd7bPqvohYxGN5fh+ae9/StsQY0BGsHg=,bicmlduU2glChKlBQm88j2B2rF3CA/3hGEnnRTGg+3s=,6lvS9i/oMuQ0jFjuU7fucm/ZTCJRMHvKp7uBvBtQeQ==,q+ZlgtOGsjSUhN/SGZWG4MNvG0QoF9RAUas6OEvw,MaMGjq5fxYck/xj+HkgGMC3FlAcOdIfmO7uvv2bOWnM=,aZIfLmSFrNHHShN1U/qHgZ/dCj8wKeBYWAVyEKyLs54=,KEdn9i96HVufdH6cCg7dan5+Ojvq55lB5GReI1yL
6EhDdukaUs4ACWNBbXh9dNFaMy8VEPQbaiTdvS+bdMc1Zg==,7vEajKBYY7eZxb/7ulb7HFXqFgk1vY1d+kOgLVwMeQ4zjEqrDuc=,DiwixdpAlvH9O0GgMeFWqUzK0Wpoq6lTnZ8wq1jmD0GEj+oKQI6cTthrrSl+3Eo=,rV3nbvz2K7FZ2aV/CQvPPxAid4gOOGnQMBHJWVYKavc=,MaXH4nQVln+kd9cO5JVtUGUG4mEQe5A/5N0ItmESGg==,M4NYYUytSgaHA7RxTzfbWrnTOZUNiHPBcXzvc27Y,9szPZHIyxJ5h/3TntOUBijAhMwQerLQoM02fL90RyY+G,ZisbjLpOpwTjr2x7yLTO8dZ3fz7KrKypSL6wgggqdYE=,CaGmJLUloviin0gY+IiBE9/UL7KAHDi1A0nN+p38
RcXzEEhFTM7BQ4iPSS02hReFzX2HZVb3v2PVW22bJuTnrA==,0M3x6NzrEPjsjpeph09sbCwNQuGtX56W6RqB0nHI+xvtwseiV08=,M+N979Lm/GdB3o1KFfnp4lm6x7MtPFexeCRZsSa5paEa4FQlJss3xsqOoSUDjXk=,7MEp5oQkFsu+KlvLGgt2YB5LrazdTPIS5/Yn3lL/RjI=,BxIXShhWPZ5f+JAckcu/ItQAg599g7OeHb/SyIXmlw==,FTd+zdGYe3i9TbWFJN++oREe3Lt1GPoXq8+RHCYi,emd12xgRUOiIKFJwOqBTbp9qkRlATZIQ8KlogD40mxs=,DohH3nT8BXCkvCXdX55fz8zNxLu2NF7cI9rsK1TNy8g=,sskRnIIwqjDH/KFwqcWM05QyNPicpg3ZlWHsgHU8
u6+VZtBPAd7WtkaQ9La5E6dYOym1b55yO1k+mF8Nxv658w==,TP+zP5Yv2/d+7Eik/dm0WPDwfkExOZs1SXA0T0bxtVHG1mnN4Nk=,ReKO2DfYkFal8RETn1bPa0k5iw+1p7b9BJAK6S3dlCs55yABmCngRQT9oge5BUQ=,GrjoMPnMUICH4EkXaJmG/LJvbwe1Om5KRQ4FQL1aaU0=,f4J1YCmrBkUwbMwR31eGGF1l1nE0SoUsX5EN7lnesw==,8G09tcdk44oSVjMqkJyys0LVDMfgjKKI8mq46Q4C,F0bTXT4KVrJL/XMrU7u5c8d2bJHM6EEn+Uu0p4BxZSU=,/LRbHlLzUpBYaeIOCpecpjrzVZelwO9t/Q+wiIuyUr0=,EE97jfjce2oqUP2wEqI3Y9jb9Cdzp3hi2xcQomrp
0w7e5hoAjC6ZUoDWKeeDYnhGxGj/ykm/CZxzMQEuMoJXew==,GlaOCqrWhyiPTQ1XMNM8pPkbK4MF3UMJejJPqSuLDl8emK0YY5k=,Okp6xp7A8PhRCgLEFje1OHD8QX279KeFxS1JmcHZNtqt++DwrGhXyjfgTYYIbg4=,QyjoQJ/gZ5i9+ej10hLUsOSUTpdIeNmbDf3YQ0JyKbo=,n0L1C4zOO/Z6QyJ09eq4razj8kPnC1xYM4ydBLeGWQ==,+gPQM3kEW2C4WfOEFsWLg1LF0S/AxR0mJXJuhsDr,e1/spQvZQTTCRzK8AVNJ9gk0ltNyP3Vav4PZ20z3b9s=,iAoGKFLbRnh9UtzvEyrC33gTTr+GKsd3vDvKerWsUSU=,HSRXq6U3NF7lw0t+ef+QEOLL+XaZF+hGK7R5/5dh
NpWjbOCWu4l3npZX/GdLsRIbhqPPkG6Bk3kvk09elGyV1w==,/os9WMq62j2dQhWwZuIVwnM05UN2qo+E42u5n7YmGmFGGka8iLE=,tgbQK1Jm7z6PIe3tQB5yQ213hW1bj5sUw6jCjvdX4PItH29rDmC5YUNNJCOoKQo=,vF3NJYvpt/0pMfzjQI4UYnmMaCRVy9qInepc3eNIYOk=,8R89IO0Li0h4MwX1FJ43auuYdyTcGTBOhEhN+qgsSQ==,XfNMhc1b96YPA5f2O1nebZ/smqdETlcJHEq11LwM,9HgSnbIdZNYCoEjF+Dm0xuBIL7LVGhfzyLOOI91kz4A=,VossWWas+BWwAE5MpZhvNxAlapaImiXUWfC/HFbHf9I=,31jthIkqCs7oiretTBLfJ7SFK7v5r0muGxYT7ZNi
jgmli1A+L3Ha/0ZuVTmMzoRfiLvQ/RappWv60Kk+pGfKbg==,D+uGMpK6I7F/CgXhizTHUIS1u6BEHDCmgLUtzwmxDgEsVb9a2jE=,5bjdg2VVsdtV2pnkVrHNzg1u8omNVgwTNCjwOW3IY53NudpR5LQ81hGDxK/SohM=,WxIkQFpgnmw4Ocyo29C1u7DWplnelj8LrP9iRHK338U=,TrM3IbSk2CHDDqP1mZHmGYAK0tcOq5wbDee18cAv7g==,+M80VrzevltfqZ6Vvz1TD2sQIjVjNtWjvMXTxPBV,LlGcV6oqzue1QYcoiaCCOQWbebuzLbbjWnUMM5qTdog=,/Ze29wN5ZiuW2DoT1PxO+otCskYnZD1zev5iFelvYUA=,c5IzaUAkc5PBfiq4OAqTeZcU/7IeEp2GgS1Ujqrm
8/YoYeTZZRqb4Vl/dat2BpE2oXr70zJQm6k5OOUIft3mkA==,XO8VAhHq/2h7Te5jE8lqt/i1QdmMu6gebRD7dtdyvWt3s43cZ6g=,Wc+99bE00NIpUkYHuVyMJecvtKbLofsjSRa1KtPaSylp6DU/Xaa/qfiPxz/OMJA=,/+cRIoOu7l5JTJM+idv2T59YWEITkL/BYI7qP6McxYs=,UJYg7K8i9HhQ4e64xYrFx1LWd9VJvZZFxTMqpbWZVw==,OVMCAHJ/NFNsoMxkzrPOgTyWYSANMw6qrb1+xogA,kgRizSB7Y178OPd9hmb9v6y4GDb4mQaVUreuOqXlGFU=,z1htsLz3RAD+JhcIPrZ07UlEmwappiqBI3978VcOxE4=,6YT+oT5SYsIFijreTIyzt4nIjtCMD7lMG+IQxpZh
IregWZL6ivNK4BKoS+6AJmcevP2G0FOkvGTf8RShjm+KKg==,VjlrTW1F9g3f0cRbnWZEPIersF9eSt25Cp9ohyKaRhpP7JP1fPI=,0V0W25hbtKhuXA8/B5m6G8CD/x6wImk9vViOHJC/VyvUfUyoeXXm5eKzcKStX0o=,BRYq8hMLzal7AAR15xNkXfNqtVMZo2HV+emZLthqmP0=,wfOZL0pNyBFOvrpn1RdAhuUSZ+V2Ur6XZP+V5v3pNA==,o8LerkXNvVbiHz4YhFTnMNfvOWme6MtodPXp2brR,jNi8eIDNAxFBTvIzsP7eJDn6DRoqZjkxXElcu99uWwg=,CC/V04c/kv1GU9kwXpPGBfIgdf6TdnWtCigBjEvnc24=,qz+VJxohyeDSjyErDCS328w09t6GtOCEI2ovoART
EBTSpgX8nhRBVxNWWgWoJmqeAuXEQQK5gFVeDadjK6yGuQ==,vHjs6IUX5TpDxiNBu/8BT0XLfKM1ITMkgixSlcUknH5uYVThL/I=,DnR8g0iK/1FyRH6Spp1P4RSYY7/vZG/FbSHfc28YrmgurwTVgdtQ5mjsuDx2wRI=,ZlqTft8SPws4QjzInOVEvib4OqgmqLdf1+9HWbKX4Lk=,r7jTNYRV42cIWdQz8fFfRuMEI4vZVHgWL5k2qLkLHg==,6/hWsduSlkMZgisHiYXqkytcYn76Ss7b6GPUIfag,kONgciRBC3i/o8uwjZSJWCF0B7l3K/9cqwontsomW+M=,EGOR25huFlf5RNA4TK+1boz6yNNG+jg9ZLTaOfnZgNE=,q9+5tqvmXssKdmllokcXOZc12GdB6ihhWefhVctz
B9kdrBMIH6b9SyfJrmApsv+qoFwE1nonx5L5ngYODG7Qbw==,tcuZsH9PT06Y8ytinkmRmmwKoUkU0sft98msFGSJwTbNGqrWSms=,hiy3Aoo29da5t4ooBLm6MKCBsDioiFbInCj0JqdFtfflSS0B42cTUArt+KBDWTo=,PVpQrjCdn2zoodDmHRNthzCx22ibMsRDrRZigdJQQo0=,ZTANYe2K14iOgHe5q3S+6UvI381iU075DaRU0/C0eA==,2KTaNy8f0cN7mDhk1petqaapPRT5UanSGhb3RY7/,p79xuilm/szoL6xcftj8n01Lfye9yVK8pTzFN88Ldjs=,N+g0SW+rTRcMbkN/wungq9XQdAbW8um7NRSvYYwtyqI=,PATAnCHrIj4PbdxAAkE8ZKPk6YfqWR6vLjxiaqVj
+338d8eV3tM5ZMjnzx7M+0psV2FV7bg9xzQIDDpS4deQnQ==,8vFvY6GPjxGN3BaN4SGAB8tHtPNfTdgGdDqMWfIuMZM18eVlyHM=,WLAgH/mAmnJ83kDAjaUZFdhs+ajFa9y3pu6hbv6+p6GgkO1jF3TZzACqdt/2IFo=,wsSo7AJe1l7xtQAzjeE10xeLufusrelT/OwdLBfXImk=,hU96zLx6/HBs+sE1t6xZTiVAMscqJ+j9nBqot03/ug==,gwTlNtQk4BVY4MiZXI9vZZahmBtYGoKRxzovYH8L,JT812jDcprUAsqWMQRza6c9W+0eWyVmwWJyxfVfhC0k=,xX5qQtRJZuz3qgwxUMBrz8BvxKXM/bG3ChMRFI3/Vc0=,P7KIjpjA7oq3Sy+oaNJy/i4zLEP1LLM7gnFLitAA
0Kg8EKALnnezT8FeBO4tpt4SQs7zuUfus9IiIUtwoznvFw==,dpZGyGuS+PAl5ps+4SxOm/Q/qGgGWlTMmVnmkIgOqBi+8/UkM/k=,373I53FOg9xcnRdkScXCrtCYLbvWgchZztqEu9Zun4rlmCZRji7VbGErCgkCqtg=,a2/ZISjzwXC/236GvRQKAREuaSWJCbx8r3XaBkmDHPk=,1QBlcl4qJw8Is0cc3re6IYrCbyigjB0UOPwBEheW1A==,lsF69D3K+Nr7MECAwXQSvfdtloNnrFKt2Z98Mo+y,0mYsRGNMXmZ6cTMgyPNboY3nlc3f8fAwqVJi25d7hFU=,So/GS3BoZseJ/HD35Ss9/m++WrD56e70PoexKXE2eik=,oBEXKwQa5PZQ7CJIzX+OMU8B3OFWDVUGLMBjxnN3
ADsE4k7XAuEbYvJ79dw3ffVBt/nVjQlR8/utLfuoJ0FrAA==,bF5H47UJOIUa3EI6J+BFE35wf1kzqpOi14boeJtQijYKoh5hSmU=,riw4bPE/iF1es7Jl6k/3OyE2lX0EUVM2cK7d8j/VMn3kQdPWEDTMMwuHxwuZJEc=,LT+lu5i81mBT5/WG7ykiW4o+Vv1BZABxbcN1052w2uA=,9o8eYaAEi+I96Ldlfxe+rOwH8glRyf5CoFVT2AslfA==,iZMnZc56kS2v9xCda4Y3bPNFV/CgX7c8IwkaI8U3,JAt2QjzeK9muO/L3XK+E9+NOBAUkeZrr1HZlt4pKnjY=,f6jfxZBN9s2H1Pk0TSys/RuWZZpgMgqk5q7QmwQpPFE=,4L5sTpGiwSuQkbT4zmO4Z55ex30Br1dtVhTOq6SY
MtaWvulr4RpU9TgX5XQShHM5jng3Hj15dND/vKw7eES/tQ==,1/m2dK9WUGQsPYd3HhrL2gEngB3Z5oilkSd4xGAc7k78zqSS9r4=,opMP7Ig8yDKqbZ4bdYqPCQVd6bvRUQPxGrA6Cuzk/DSv4rYyoYrEWp+UpGdGzuk=,FXPCxVIlqgAZS89vr7dZg8iTplOjHiAnhs3k/rlySKc=,dJBwVuLjrZdeqoRiuz1uqvBr0uq9JQbe8dCatva+Jw==,ZzQZXOYQHW3yi94ngW2n3M1m4f7NSZZ8LwzluLw4,GQtSdipRcehcXR2Dc192MH31C9GUXjDT6Adl5+ug6Z0=,jtT6WikN4OKKhKFo8Ck2oVsVb/dj1S03PJ1efIcQAio=,/qT5DL4zLbIUWFmCzSpxPpJBozIkEjN34N5Tu3qh
UXSBYfvX20obe7FAp6QfTNoOT8gxO6rj+l6tR5Er/DkTLw==,51i8QYcHKBIBlth7u25osPfnQBehOU4HQuZoVLHLdPVJJSBr998=,yuHwMG4WA6BXaf0JMdoKDI9r4WI25dHXfyrFT72VX8wq7s/2jcZuNw3EJj7imQs=,y4Fruh0lxUdiEi2QH6KkhdS2Vm1J4tR80zo3lYIu5aE=,CkYZOm4NrkmCVFPWeKGzvXSYfZUOX/4iOK0u1TSKbA==,O3Kf0e1Jhv8sckE5dX39Hb7QVY3P7i+8TDR4ZAYz,h0zhqQQqvN/MCLKP63Y9lOQ7Ied2UFrzH9e1DaSCFQk=,llXcCLiO2M4lObkIRJuYHK12uOVroaxeizaZxW7GfyA=,ZZxP0fokw8Ks6gNxNzpmPCbkY0DSwatY8G9BqqFJ
4McSZzHue2N2MARA02QV+3RY+dnJiM1uJNhfyuWxRgosSQ==,B+/RHhLRYJI6nGEyYUQIBmYCy6+8//ml7s0A7dCMRfdXUC0O5Cc=,ks340EQPxtNAttKoBfia0c/oxcy48pThNdHLQFEgsXOPnPgZoIBfUNGXxOLxZik=,bCEXA3C3i2hEUSGrLhmKQgK4dpfI2f/T5FqDY00nEYE=,lMvFKE94pqFXjC3i0yg2oWmAP2R+COys/NKn64lKXA==,Y33tWalQLM2ccIvh+tE/H6ScyJWT7g/HBNzXcfeS,AY2QPcMYiUYepurW1qmYancexqVKcfImeK1QFd5NRf0=,uvYsHKkwZ2gTdGsqIG79cbvD8Wiyg/iNYRJMAYqrbSs=,nbAzDoNQBFbxgaqSFpUqkeXOVtewlNAnVgvmILrq
1vanYq526sdImevVvH1KDyanYFz+0ZYHMxyCu8ADpQUJSg==,y1LsrvgyuVgvfCmx09oWvnkm4pEIYivPyMHeA2Dma3s4KKyXe8c=,IIt2NsrHAg7R/f3broCvp8efrlWoFQGsN6Ig+B6+G4DCFcAurE3b+xy19l07Fnk=,bfdihpNDflFjRf5uJzbrz9X1bQP9GQnX6oWiDVtc8l8=,xVYFsERXTlwgrxEAKLW5K64Qa7UQq0fheHkLV5pPzA==,279ciBuCdLHO8cXy02LPh5o+/xL7fRw0k4Ty1JlR,b0KKO7dQbbcn5GvVPmdKpo+CX7QsOPdICRFtAncgGJg=,QOOoBVgiomTLUz/EA3bVy/XvGX5OTC6AXBoRC0l4Hwg=,eYT+yM+0/d7DO9si5YxbqjU6Ed7WOKczChTtJ0kc
e5CApMijS+tqT9zFi/uE1cOSiWbjAx6xLQ56SLRDcgARDg==,/jRDEO4EzgLN60LCLyLTyeSC/WEl+WmcTCGLhexqsEpl1J0xeis=,/LwOj+ArjES5pYwpJujXLHquYJYt+4RZvJqUz2C1ByTcZyQ4yNfdQ8ZfXPlHHzQ=,dzgamnLoSaJaUwmfX2fVfzjpUuUcCkaiIiOzouj2FIY=,nVlHiVGVJgj+9APH6455RvzlYh+I56H4LA9WyYpiLQ==,vzVpW/HTUI+GheJA1BIgcU0qPBCiiX8n86u3V9Lw,4/xpDn577iJ1R9HviMb6F/0/WLN0dyNh/bVDxQDOzuU=,xK98p/e9flro/7NJvb2JToSC1WVmvwYw/AaW9wBRtnc=,fwBa1deNFVD3NxKhWOf90GD0skU43cCqqQQyidK2
BJF7QOWAJr3gLHt9XmrRxhV8/ncNrNFFsoksVhX+7y6L0A==,T7uG4+MvP/sxmoIeeBcXcrS80Ty+dWjzQpkzbwpy1UHxRmStHFs=,TM4VuRgm6/PgmiMG1vy0AcLj5bvCB2uMYfHf/vVxITRRine5lOwMjsuRqO/sCSg=,YySLyJQwvTljjwYIS5TqfWiuwFo+E2MStAyh8yuDgd8=,dgj18s9Im9W8o+rthW9QUBk0MD/gy2tf/bV/0kgQNg==,xctJJSK41ZJ0pZB/FaQ6kmBO+UOpT9hAcslXf/W+,w0kZaMgrCfNmM1P/Ug4KPLoX/yX2K6lsIRBUR/xb1Vw=,jbSsQR68ctVyCs5s0pKGYbzTLFvlbOPcfI0q7VXOTW0=,NkcFU+Blv0OSeEILfqWrL8Gwy+/1FTAd9Jscfdev
J4gPpQfQ5dSFiIN0cGizYtSonO0J3Z2ImdBCqZe4/xcQeQ==,B1uOkWiQE6renm0OwycMhvQy/K/oZGOcEsCU7xOzhkVAEfos8Os=,g+FxL/CDcn/dru7nHl/NVVKscNocE6uF2gBfYQNptfDlSAIfRBkRYLXuHw3KPR8=,cleAsNfEAy8P7qa/wDWeBA9iJv47S65k/jtS+eLZUFs=,iCTerkAONDqq3EK9yJVIKhlkkBjoA4ZGZuQbo2o2Ew==,weDi9e9TNUOF5nZn2+hRpEkozo2LQ7fcu7nwqi0+,WmcnzNhQEMS9Re9PVD/fJASaxN2tKRzjknrYahN8fwc=,ZCZfDyDJETb408qD32Wv5Jg/tswCiCANOtLfN3v2has=,Y2ckRsc07CAP8DCvHlzafVrL7YrbuMddWz19KeGl
liBru/yhxKAgyjxvYxlwcqKcPdG6OWceAw0nVFBRTANPIg==,xp7ZaWU9j0rPBA9nQ2m1bk2zuzXqceXpWhG4gYSdl56WUQCqc0k=,+7Gc6HnVPuYzg/sVz5F6MI1VDrluKV7YYWECY6obHfdgi2ZzgHKXNKKyfgyr9tc=,RbRYoPrVnnnrRJNyqtsQ3MTbo1ih7IiSv1WQ47xxlq4=,+eUIL/CScvstayVMO8un+PrRJZeJ292ELvuZ2jChCA==,tQMYu/UXN0lNAuzSshW75SrADwneNZqBfvw5fpfH,c4V+V7675T4HirIHFo6FF46nzJ5yCsKP2+/O0b3fHRI=,I3ZYaqqdRjXcAVxn+lWvmgke4WNrAKAwu0OY4cqd1Bw=,11rpT6qOWjqbQDUool+z+mpKJzcvv5piD0Awee7P
J6y7XK8YbZG++PsNtV0HWssrE1JzaGGHTScYudykBuAm1Q==,6Sg4AGjuFFeNJQqnxsokDS4rbsAL8yuF1r1NALy3OLPBR156dms=,5VuqXww4DT4eeL0lS5XQh5Ajkg63dEAIReVLaXJVCUiYivDC/zGdeNaN7OPc2is=,A+4+LpS50ru7r3/fW7zDy8TejiQC4D3Efue2SRtpK3A=,JxWMdw3dWj3ws62ZsJJg2qwM0Zi57CZ/uVPl5Sj2xg==,gGr5cO9Q7RSn/EKwmAXu/adwO8O3FAde736GWsoZ,/m3y1wj5hLcgv+fXnFNEBykt8HjLK5dJORekLUc9uqA=,ybYhpL9WNBfwv2D2YiOYYYcO8avoLBAOx52ijfBh3+4=,eQ80f/P5efj7QhLx+TeygFIjlbRJ/WrfDwV/eFu/
N01NChc16v2n8bmeI1jnKZF2Jo3M548f10uC2kd3Dfk51w==,3mt6ddVSVDyxGWijafkLKGUDo66DFa5MI96HqgoQiw37ZxEtD6k=,jUq7alxJNDWqKlm9h2SPZjx8NQ4c8rzbWn6c+3Hpv+LOgTGV6c9Uhh646rU6faI=,makHdiUV2YrwVaNV/ylT/XTX/iApaH0v25DTOxeDKls=,QTA0v4Q3G9BVtIvEq2roOS2Q+lWjEld9J0bLdxwmtw==,g1IorNcjmxS8ZG+XCzXpzPKaj5B5MC0joSvyxusZ,UIOeOM21YDamTxhyeb6nytCmLnwhHCzrMQWw/+wM0+Ij,7XpX5sTJQQi17lorCxlpjwWHtEHh+V+j65JbfNnQNDs=,JEHpc5AxN1lO0kSGr3IVPpJb7AMlSjUYnlA+KOFe
qRav8mjuocEh78lFR+xp0CqWO64/9+VZ/b7/t+JVklLM6A==,v2Ksajevs+WOprq38BsZbDYfAqSv9WLnOGbMVGFkfPzSXOMzLPY=,t5ATAUKDJ0WH/aJKewwsv6rdexxZ9nglll2k5mtT28p8ESkmtF/DD77wp5auQAM=,mVabHDVfC6wvvxXwbDnsLQfwnXLxqRTCDzGS3UpYqD0=,LKHTArSqrcUvWuPq0BKj8bbbLsPvXlid6HTPEsiFUw==,8EMlcjCayBc33cNEpepF1WwyXf6/8JHj8wqEw+av,vyWFGRzWPdFIFWNLYdFa0HMMKkxOGs5x0HeFdhcQX8I=,Mhm7R8LxnTmsuLHKp6iioM1Xif6vcIGGdrfEYyDqObM=,fmgZ/4O/MJDzP03WMEbvoExvI499Ky0F8spzPFq7
UbxryQZ08p9Dv7mlkHYhBd+L3CKMhDrkAYHwIN8C5OWAAQ==,biKulz6jpX9wJE/PvLqutkV24BdMN055Tr2l/I1CKX/NDrUFZxc=,iEZiikSg7IPiucFXYBBaXy4VhML8gsvh61diPx29VbnWrWOgPT32i9eItgUK+tk=,z7OrWHeosFO1P7Xa2U8A9WL6gQw9fJUHwJ+9tRGtzCU=,u/TjPK0DjNId5SJOVOy9JRLNh91DBYhQV3YA2aC4hw==,fQYe64pJYep4wrTIisBsTFa7L/dC4T3YDHJErMyK,aChGZYeadYM48U8nkXC5Vrek/2lXPxAH+FOjeM9Iv8w=,P3q1ZH6nM4ao6C3O/jD8UYdJzldI4T/kVLq5eZIyri4=,MU2lXMWVulQpMkl+WyV+PEmx+Ez7800OvorRJfIj
reyPe1wey/QSVyAOAPvlvhLlcaZe7UVL5Grv1JIe+UanAg==,qvlwmRm2PV0VahGBYoZaPXcQgxfZU1dtlyquIGE/uioMlMbk4lo=,Q9B/fsV8va49gXMMtaHh9S3WgkMpo+VheKgWekLCVIqzuEtsvyBibZkkDRy+8wk=,LvB0nqGAoOtJwggRIJ+TRA+bMfwcy3djdjpIYIBiZQ0=,kfHfardo9GvV7H3bNWKWPF7C7mRz7dT7tLFqqIU3mQ==,V472sExpN8CeZuC336KJD0GWm0Q1KID0MKlck25G,HBUx8Rh8UOxzhUMCXO0ekguCMWpbE5JI0U/7V+Sp8zY=,Td3om4ICXhrDV4FlCxCN1p42SzWa5ubZP56FbMeBaV4=,EPY2DqxYPQFNl2uDGGA9epSvmyMCW4dF0m/PaocR
Gu2ulz/UdHExFLXZO/kj1NsDh3ovwKfoMWQj5sJaAXpqhA==,vweftg2Y8iEdQa8dxQ3tT0L4iD/7f6n7fXVJFwG48aZoh6QUygQ=,hBjk9h+PknyFkmqtH7W9VHew7zTFPtbDtwBbMUBWDPmyjxaeOAkWbqWSXAW2nek=,jSVLmTLp+i8d/JyCud9VmUDJ97Oi+uWKrFjcqgp0ONM=,/Re42pUdz2+aSiBB9qg6JocSPvh6FnRoTZF4AThUZg==,avqY9RUPYgwkKZbbbKctifLIv3oD3/hVPItqDAyF,mLEp9mSQ+VGqw8NCcbnIpKy0ltP1ZfehJ4fShMbNp6s=,bqATi8UL6HIrKG3ZFB5WWO8X9rVx8QE/cRywULl2T/U=,rAsonU9xkU/6XXMz1UtCVyu21ktVz/cJ0pNZIpE/
lxFAJLRCSHR1sMrdw5aT8WLfRRv96GS8GZVM1ZcPXAa3pA==,ZEUeAes75SmYA3SsDTT2KqfG+Ifj6swxZ/q28XIfZrvSkPp1HKs=,I2JCuKFNT6dgA6iKrdGGPbS/mjl/As9DWys8CJny2cFnUCRtNcpEGgDD58Wx6/A=,qhMn44vQCo08d9nfRLkhgOEHYGsL2jqYVusa5c5MFsI=,47pD3zk+T8ZdtaHnDxoTK5B72rVZJYxjLnz0/eMFRg==,llsksuvOZJOqvoJ27e4gzvlOTh15so8YF3/R7v7C,1RMERh5iRtGGa4zBjBLMmogj/bkKJDfadJi2NvFTT14=,IIC5YLgEiRpwiwjHTBTMRyYdZ97993VkSH3774mbjxs=,Ro0OqltnMsC7XJIIE0NbjFRv68V4WsaFioVimrhu
riHpZHnKT+wcsGsrGbQ4kjCOqmuq/RTFu7JQffD1MuF4zQ==,klZ2PlVqyugYCSTvzJkD/1WZLbO48fixeqJt1Xjl+wzH0D9gz3E=,wyyKhR9wkZWWUcakiBIa3fau8R6NLV8yBOtzKfZVVYzfFSFdbIpCVg6Q3rfLtfg=,sHyhjG2Bj/nab/8QQY4jfhye7N/KPD6rl+7vrCstKgE=,NmupV0KEhMgkf61InzQIs4+6b/zlGvkDNABuqDmlZg==,MdLCpGliuh664Nln3FDEB5u++UxVwDbF1zkOqdA9,Ua+MgKvjmk3ap69lWd1tX6SAFsRxqIaN9Z4f1q0IKX4=,16Zv+xcaNquVUBlj/Yh3jnEYLt8sOslCQ93m5fs+8FM=,a1ntp0rBw58F40XS75QHPTimmZzXd9aSNrp9TVza
i4ZWxLTnKDaNTzDSGRGLqgNuoImV2TCRf8cEBV7pyW/+Jg==,k9n7C9xEsq4FuK8G/q59pnp3hnkP9P7wYDNQVw3dHrkx7DtgiuQ=,ty2FCRhLLRBXN7A7sptGnfgcVsSa3Grmiq+36JGySx2nDOQ/99gVBcRjOeTEgpo=,V9pyOXpPNqQ1+bMQbNqCUerPGUzDoEebTjSH7LQNHv4=,3cpx/0wDaNeE6tzxy2of2rEZMxm+eBozr783SmQxLQ==,hcLiGP1I0EqSx+SHhsIlwJ9SZ98xeHsbz4HIg7Me,Mxeg1w3RRHyUoKYuEmZ+O5XAbGyeNvdoobXIMEDHeGA=,VR/eMDNmCvIS30JMm9S8O0H8K0sq2Ec3aUnCZ7V7VP4=,MgLkbdsNdlxLqAKAPQi0rdRI10DDkSIZq4O1mJXA
i3ryCJnhP+RQKYq46elmGk2ocaee4nlSZw5SNbpczTts/A==,ESOHCfwqs3VcPf6gDck7ikwwKQGV8VccKdHd8XXvD3aRlxUwwAM=,hTWvq20Bq4NdsXoI0VuISEwlyrkpTaEQO7Ilw7EEYHqU9LilrYCLS//YMO8M178=,h/XDWom5DoGJD8R28bKUETpfxv9VhzETImwB1RirHlw=,OkM9ZKztFZlaM4J15AJbzaT19Zj8BVwclJxnhyD+eg==,pfMFMp9byu6ZSq4FwIHOfg65HWwzsDQ4LG/FTCZM,r9gULNTU6wnP6l6yCh72aXFzkFYAEVCAd/mPZ2XC5+c=,7ERnFRIwppqBIZ4J0pLY/tl5czLZ5MR7OViS9VpyAa4=,9pwqpo1tEv5OL4qwX0dPG8Gg2g7GD3tnw4tR+BSE
ZbShaHkd8GEdm2E2B3yOicu+tAhF9dLRNVR+GJly/GF4Cw==,W1B9o5gC/U8cHYFqki4QFLVwOgAsAihRGUDySJggKOtUea/tNb4=,Ew0hKjvgYdivtn3UQ/BULVy/7i1EL1o9JdJtpaRni8Sra4N8VccSqM98UoyRets=,nCthdLXuvYBKFkhfMQL5ljbcLB0BkkSDQVpd7VU4jZg=,FLsBXe4ZOHbmLCHXDP8fhyPi76EGeXL16nUHOAS6Gg==,CYNvceFPui/05wPKFgecIjYXcoxsoyZOy97i26gD,zKaRD5brotqHqm2WzwK1YY5Mtj79bSiwUJGolhR5U48=,e501esTMb3kCCgvIgqg7vT6R5FW3OeUtu0oXZtkTo9Y=,M3Oq18yowC1tpaJrJH5USYMUcAZ6bS94aH8TsgDi
LuzaWCUaJeoCiQ5yR2oB2nsRxqYMfl29gEudHcN4oTl5Zg==,EQzvBlsgtcFGLAW1OfZ3dUBLt4mDFvIm5k8Ze4G7CYYBZKY69Q8=,UaMyXxpzDXhhM20QflKpYZtxm+12vyRxpkvVGG869tPJTqmRfgLSLKM3madFLMs=,XJ/vZgR0VZBXSMTQTMyh9IPraG0Fdobgl4agufgW3M8=,Lo9vNFV4LnhcDb2Y9lyMJTK3TAtheLCVnA/vVEEU+w==,Lx4hnRYuJ8PHd+vl/Plu0MYueHfcEUsNPz7ZL/Cn,szaR9GM9qlpxKGXl88fc/X9y1AS7ER0Fui9CBbyDamg=,mpm9kdWl0tIovEiHkGPXonjXOrK07wbps6anbC9OPto=,tXmabV+7zzI3oUL21xC3ugbT70ihckCn/IYwXDhL
eSaFaWMUQefx/uR5dq70ZWB6yxHKkMhknwMWwBe0T1ITCg==,VhJ8n8pXSA21IDCSNSQ++klaBxHPcqDfS0ui259GBl83HC7GsWA=,XgJkzkTgiwOeW/BCORnVM6SpB2C0tDKFtxyDqxtiLgphN9rpgfFat91XxPB+rfg=,pC1P3aV9EOOQ/h+sxSW6mOLf+Wm3VFq52TXX32d4tXU=,3WqfFAvSOsv2q7JbaZTX1RFRlXdMjkUOj7DHMWwrDQ==,GBKIV/T/3h7Kf4jdGa6KNn3QUVoDTOXKVlcgPhou,dDUO/YYcKzIBLtJ8csRsACAD+AS0pxvAoJaEeOYh73Y=,PTNoftfOYRahhi3r4OoFBUFPYbgRV3BzqeJXRmbNkE8=,DTRY6XYxVhWBEZajx98m/pDFmIEBcLsZlsnQqHnm
AT+/hWg2DVYJyalqO10Xt1JgdJspioVZ4uPBq6/ujk1j0A==,oJ50Z7Sd90zXREw5IoRkKx3Zuf5XEjvMlvjfEG6Y/Jr5ZhXvfkI=,OJO+Ku3P9qnwkLyaeQ0FxsY3vChwUokxOKjr9cy5ICG7eo1WqIAWyKA3perjmpc=,37xwjDTPAIvbPQaQxmPrYhdL7Vi64UhUMNs5DMzXJAc=,lCI8mXNpO8EWA2ZjHu+mBijNUnZXinjDgbMgVeSDNA==,mkH0E4GSt0J3Ad99nXor+hoXtc7wTPHtP4JCgoyo,67bOTcrln3HJyaz5jCoryeimG8c86LJuATyHlRvNmgE=,wICSbJoDRMWteJeK40yN+zolgpdhBLpWuotocFflkPY=,7Hjis3gpKncjOKCpF+ljQp4uxt6E7BkkK5lTnqx7
d5SbfVyI9B4/Dzku/CIFOdb7fntdAdkqpzuSqnHMJrzdOQ==,v1hnHEhCQe0fWKRfJ0AFnnZyvGVd2Th6830EEZvYZ6f1wSTLoDQ=,s1EbtQir+S/4Hrm+FQr5BDaV7SPVx/GBHk+PEM+ahQGEIFomv2Hbb/4uNNajJn0=,gbCHQ761S+kblmDq6XPoe7swiq4fFSUZKjSggzVrG3s=,nsY24FcUtvUvkv2e0DM5BTUo2QuHAXPUwqf2yyatJw==,cWL4JzIvFbejAy4ab8jo3IhMVZjInrugk8Cx53vK,P9XINwi2fETQwU3RvQYdLo2lFr+NcdO8/pBjUASJI6A=,/2HgSQYdawd1GUhDdMypF97IZwmh6xtLN84hn727BJg=,IGoFbahmUf0hTk7PoyDmyEHarUGrwsBYkV0A5YQx
GWpwwYbkBVuKZN4FZJIHelI2WMwbgm0eEVT6ALx65xSpaA==,vHOW8msgeytpOcaTU67qcx+pxdUoNKo2A9R9c5iKTMio9jkWUb0=,gzHckaQBafgGU+UhKOowo1py+hCxSuDZOYpwiAwsgkRnc/YRs3nVmb8FJAfxu7s=,Jw61oBqzwfa4AtmmB35PT1j7sbHVoLC2cHo6ey+guQs=,C/N2e+v/wf/WCz35KQHg1htl8kVHV1GNQ2ZX7aIhag==,LJAxy0cK815mrmyr9z/dmwfw5+kjYx2aKIeK3oTY,X/waz+wpZ9kBqV/TgzdOGRB/zz5Bi4A2MRsqMnoYWVg=,xmo2OAeNJdme6T9g0gCImVS3ILZwtJjlBoRx1Fx67Rk=,itTa8q9t1hA6dkLiF4bQn2XzTTya2c4QvBzaAgbJ
OsivlSryQuORGhAShQd93hOnK3fh0nxWxY/DkIO0e3vSCA==,qZ0aMVSfFeczmK7Ue98ptqSArJsOlTbZqp6Xu9rr5QEQFgaAE3s=,M0z8Q/7QCpbj9LPfl9SYgIn6jajwCYxCvwscXJKT7blBVlQdAWFzygYcxNQCubo=,3Wa6TptZ2HZMpH070R4vxp0VFgYY/ZSV+KcioBKm3AA=,y7jljFX66CAggYSvYwmmj+LtmPvb1gKnWRYTx6H4lQ==,Ghfm2S9mbuo9eN8YNTeHqmA6dTNd/oVwju8eMKM3,npvg0tW09xCplPeLQwi1g3Uk5B+gU1eOFekD++dyTok=,NrpQJ0xaTAuDCYVPZt+yJXN1DTD0NwrlmG4txyLUAWg=,nlJeuEqCVgnB6BmwrHV3mHjwmvNZ4trcX5E9UTIH
zCAAIqz2VYbF1LlpK+10E3yXXloawhv+6+Ysvtq0SLts6A==,dH5u8spyYaWx3nhsPgEoMuFQHd+poNoBC1EJc4Y1VCPYpHvQetY=,3IU9WjEfujrKphyexXH1GKNsO/5vX50ekT2/eFKbHyCwyb9//17kyzAdYRR6BvY=,O/lF/3+WTXH8SD7ZcfwIGA0ipx+W2JZ6Dj7zkU0k9Fk=,DZIvEDR6mANcKcuxjqk9mlkizTQKz16DpIWMJ5uwaA==,xMmZxL6Gr9HR+U9dWJea9ew6gAtYoJiRJ5LpBLho,6o5lB2t9M/lCIoNorvH6Z+j3ZejgLJQ//sz+Y2cgecs=,qKA9t0lePjqD5tznL4/X/AINNxGNaKyylOxCQ+joQ5E=,x3Jp6DNrNY+LbifjL/wpPoiOY+a+FTK2xN32cwjH
9O8Y6NR5YwsktQcre4w2//x9BhOOpLkox3Abyl90ijc1kQ==,vBuN8pRcpCY0E7j8YH+7xM7qV+6nSTJK8VyXgRiUbvpGOJlxSQA=,q6uMk6ZvMlfIaptWONuj6oZD+LM3OUtiMVxMxh2GeHzNgJr8xvVpfqc3n2QBgms=,r3gqp8Id/26A2EquMW7N3ELwDXAHjodnU/IH3iKeksw=,WrCLj3F3CCtDwCVrEEfGDVLpZ9cs840bfubW6WdUeQ==,vALn1j/UZBTDz/s1BymWlEwYFLUC1CymMc6G7N6t,jWmbyZHf2rzP1F4G+bswNNtOosfAcooo0H3orIGne0s=,nnajxdcltueltbvQemHIWGQLVMOBdTv2k3A19QvTjwA=,omQ8nUjlXFTC9JTuwMcvVUQylW24cLDQIdZiwqIW
XSRJoe631hP/X9PApw3SBPNFWxP1Yze/AJFl8pR2l2he9A==,Zgmc5ccfm51o2UGxBHJB1OTabhpkP9AoVxa+pXICuXfPbubJCnY=,CFFSZPp2sDjObBxE7q6y/cgjcSd2lLgSlCBTWB3hbcK/4CPOoJdJ9oTHD2WPGWU=,jqTtG9O2f/NZ5gfFoKd0cWXOFl1HJdRexR3bs5f+v9Q=,Hr/mcsmfDzUtR7hiBl9dmJD6/gUkpw6yJzOBKWPC6w==,745ljheaBfnG2UIWcG7W/NKDJ9/ahE21ul+mEYoy,ojEahtHq9uOTd+59OYOOBGcsI4NNGLiEyxyPjh6qxto=,SWocxJ57nrJ2YXFvgd8XdIDOWau/Cez22rAyrwpNmaM=,Gl5Bp3/qxIvBdGjWFVDnaPs9O6wpxSL/myMPXOWu
j++NdgjEszbXlwEncDpu2fmi/CTg6B5BrZsIl+I7JKkcfg==,WfuidFrqE0fIocWuQmJQzKoytPoVH0fXqlwDnU2iwCPT7b+6VUY=,W9Tsb160FidfbdG/XWaNxBcS5DBDMB9cvr+LeW7m6oYD6Ku8HJGn3bYgZIsLZlU=,op2TWAPlSd855y2NC/fztwTcU8It9+1ISu3s6Jgh5aY=,aehhheHExyvpI0StbPbofgQHOd3CdKU13sHxPlCt4Q==,793crbbCO2zegZqgY7LzNJcpvrTiW3QPivCyTnFz,MDhHX8mfX/YsFxyzhhhnNtmOFvTv75lZSld7jAIT8hs=,RG1wlbEhtFZupwNRqRfyzKmo7ITYP6YEC6bKRjhf4I4=,xM5eKTq7c+ZUZ+WdLwrkYME/EOf3Z5EMJaZ4L35S
GI6UEdqvUBh0L5hQ4N4WIDj2ZoSRskgAdFzPuVkNRUzXrA==,BkSxjY0/JkJUBnpyQTHmCrMg2eqgKL455bMJ9dYDsxpIybiJOmM=,lvQQj18TrNpIuynvUezyU1AM0TMoLtOIp2D/b+AyaTtYj0Zz34fuSL7be4f8P00=,akp7HXTmNmbxjRczwiD2p1ObnhrPiv9fPuyNtU/urIM=,PWQDdlBSj0VgCALu6tEKvRBJ5Nz9c1FnSNi/Uj5WMw==,xHqxI4jA40k90xc7dv2phQ6NXh7dW7liAj5TjVeG,JAXtQZRziQ2Jgk10yRhcV/wA9wgwViYUQ14pNtokGV0=,R84/Q4FWqSqb8ZwPA2Dg2Apd/g/C1j9ksQ1Dunx/fls=,6CO3Y63veWvA9Z4vvnk9EETqE0u6lgzLUo8h7Lfz
BGCHOUXmbE7Sg5oz60kELHobS4mfYjcpUaa7yriEQJ08Gg==,zPfHfBCHQrTT8xhhtzlRxCr8tL3NTVB+U9G7P6drABZ4Md+pQAU=,hlVqn8viGcixq9L/T8XU10soTk15s8zqvVneXFkeqkd4wpvlnGrtrkypuuwxFhY=,VpHHE6dKYfu5L2TjCSqkvtuhXEOYCsYy/QNBnZwSmxA=,+W5Ua3sOiZjjlWN0EYDiPcha1Qx00Vj4CVnLRZ1EUQ==,0FBq6p20lK+nQRGy63dLSXvWNZuosuu4Ww921eU1,vrb9rZd77YnT98VPms3Gr1z+SNqJ8d+qbw2oHiCIDxk=,fvm+1YpJr1i5qIC9OoZmcahUXt861OwQPKI7u2e2Zkc=,tOFyVLlTT/8SK2NnAVNgaaSL26PYmNsaTDeUx66s
AJpOWFZyFh6yM+QXuWBqfyin58ONyJIaQSkv/KbDzKAIHg==,kLzsEF3oGUM5cZNJw5IVegWty5Wt2lY++aCPVCJ5XPX2HfB/GnQ=,HgjQOytPJDz6POs7+90fFxP2vcKj8yerAccKSsp7+MkmHBKl2Vl9pB/Zj7LSGDk=,PG9bwLSdJa9UMPn2CeQaAMr3eCiwXu7EK79+qrlbJNU=,2/PNw2/ruURweekxzXLCW1fRSI9KVIYVdjY/2HF9Gw==,MTnO4gVYAs9iOjLSb9NwaKk5loDXq3ZrKL11GNTW,qfckePOaHyoOjEkk2ZF7FzXsj3TtSVQKzpwAnQ3ILfo=,Je1UOrxwDAao8pGvS4RUSPj6zy3eRN7FH4S8P7ilRTo=,oNh/tSSrGCZ/xIjQHp3i6tGhmjjHNuXq8F56UWxI
VOz5lOQBIGiSsamZdYF5rtrCl4jdJgxjLpOlOrnZ+D6PfQ==,9otkK7Fhf082tdLVzojgsZ+sKOIyvTyjEHNaclIu3bAzVMUdZDg=,pR05Jhu0szDUQ08dFtSEIEe5vvYSOPPUupUKzYETM+s3yJAkXCp/26gLPsnqons=,gMpQPcCJdDBKHEz29XAEivmzjCAiCd4e7XNn+EH9Eog=,P9W7Ep+PEYdU/9buqEHN6pEuf3VVQ8fvOj9mZfPFJA==,LOI4DRcNvwXWGl1WtoPr2FvmhVMx1yUBYWpEc/Bv,Cy7p06HliTdPjtVx1j8ChFPdMt5el6a6z7bRtUGFJcs=,msB51SoV/KGaTIKlvRnh5q+zLrT4u0nhWyFTHgNl77c=,qWU67ZpAn+uxUfbH+8KlS6vmfojZn9x/HLY2EW+B
/edbDYN4uBWWDPfj1C2/Ufq7HSZRqP6yhIKW46r6qTZqXg==,rU5iCPlXYh47oXbG+OR4AEKOf/FdP2sR9HCoeazTYuGWQfGBtQc=,+Hdgpx49tTm1Zz7t9vPiAZoTv4LPYAd0DDA/CXacBijhtfjvp0oEminJRZWkV94=,kOBexzoTaFLiikbnzretRCykxGiqTPWVL3D+1wjK0no=,UXDZ/o2r3ETAMWsqYeaX+PRMRfOyCpflR8SWgSiFWw==,H8+m6X2RWoYHp4gZL2yC0pGfSUH7bLUX5hSJB3ER,ieysVdII3XantkcmQq+36vnUh8oEzmKBMFCP99P7ajA=,R4kefwRJovHQdbDiaDjhPcJZ0O8kQl5Dug6X17JVwLE=,CvrTCVGSU33rPaR5H14+FKmdq9Z9C44AmeKLqJJw
yHMSGODC5Z+3/fHK7F6bqT0/WL81LCQqTJDxLJU8ZGUAww==,/Linimh3jcFcceC1x3mC3EWz1hxISmdKZgQJWfs7Dc0u9klI5c0=,yKrCswpo3GgFp7N6acL7fiddYCd63Jnh8WxURaDeBY0WQ7PwkfT/MojTlettoy4=,NBnPm1dTBupkUiV8IsovQKBy7PUdLb2L2v+v4pnwAdE=,ybUcFXrwM7ON4TiVSB+sLqDkcvCjs2G7J5SLv+1nUA==,Ddjcg4+pxyMcLLIRSmLcEVrO4fjE79BegUfC4ftc,ABLwjnJaXMiFTtn32+JlojH2605upM2SEC5/xrkwzMk=,7VovZLsMod0WZDasijSOz43ojxfn7ckV9IIb+BVLAvc=,VFrA6FWR5Qemn7jMSwPX1BXpr3ZU72XjGE0nwZiw
FBFLois7UX+1J6Z5rMkZsI6ckL21WMY3hQTVVbDg53BugA==,zeY0kRnwWxjUkbi3+t32qMsMw7f6AJcODuy4DHU1xgP6Chop6xY=,TUSL6aSlPL33fzyjlxpNNhW3kIvdJ4nJDqEavvjKVYkwppaeJlfMF6DvLDO1es4=,gBkNy5WtmZOl3WLJQtzoROM4cvsgtswjRr2O2ooAVUI=,0ZT9meEc5gDUKT3yRWELSe/wsaCTKuQUWWmblCzBSg==,OqVCKiOBf/2F+Vm+UhCkGfriyqtxxaF9AjJR1AOo,uF0Xn90D4AtZ/vg4wk2kDKWLEY6xSp/8YISMgFvASmA=,0Z9jVCw20g0MH4DNJBGbtBDLMrezMXcBZp3zjkIar3A=,C5qGxm0gRpYZq5nQtw/hnjC6f58iQcFGsSbneFyk
Di27kFw3EWjZJih6LcDh8wOaWpVcBE8CmEPzRI9slgYpRg==,EDYI0NBpGccGCXZutl6osygQAvHlxWOT8B/ss3yXBWCKDGYsoDA=,33h/U1yxcJefV/a5Gkb7wHT9w3fdE7gxtrCw2XK9cV2EmZuHp2n3SBD8DjK3P2Q=,Ei1zTxGbs1zmno7nIsyqBfF/wEtAuAfSRXWgbDxNT+g=,ayeQPh5kJRqDNGjmrlvHSUxRza/5L36p+U5s1we56A==,coi988FpJ5BNCUu5YeOEsX5lDuxEIH2OJplRnz7l,w+dokqIE5miRkq2tH4NwQEcmqO68xOguDTe2mjc4igw=,8zVRNhoSYDAR0tlepjNOrSAUfwYVgJ5fT9vPUmdh60o=,cf3ILltTT1VzL++7De0VGI4cMYF27HmlzdLVGmr0
8W3IGrGKsrJ+PZ06RS7wJAc8uZzKRyMpkGs4u17/4dA4VQ==,qLxh1+ieL6Xgp/4IlAwbPZNAq7EsmdtaWdgRWhjThcGRdWSVdm8=,TalQofD5WxCkQ+j3pnE+ktk7xuE3YEJa+jqi6a4gSHsKGUgXxG3upgoJEQQoNYc=,18kp9ewHZSL2kiy8kpKphw/smnnXHvEUahX/oT8Xick=,9W/ftA/26xrFS9JXfN6tSoiu/T49uJEH3Ma7GCryVQ==,ypAHU2yyTFfB1ly8+rjmm3yS3Nzd1gjwcDI1aJS6,2t2g8uR3FTrinYCZYbzKb0fQZ2kKI35AH+/PNBrXNjs=,0QCkj4V1b7mF78P1klE7CfTWypJC7+ckvRXy8oDnC0I=,T5485fLdadRqkNn5cXevQqbXg+vxiDzocX/4f9P+
SUmA5R77R/DT5Gv/n+2koEAGjXlz+buAFHHtS8xH9L7mRg==,jGsW5EfCtgzg+teXEBLf7WVSrWKYvhXHR9htQx75XOAH7CTnIsA=,ss81Biqw6DJEa2RvpFrHcxaaxbwBvD1scXJOUIwlqPLGXuZDGajrdMdBm1PZD4k=,o19pdH++X7VWjJiIIrDDoTx15cs8OvRusThhbFrcea0=,8kPeJ1N74TCTsdulM/zqG1DoUWp3C+8X4rFinhpo8Q==,TWoLmwszQHciufVL6JIZeXGOF5anHjf3CfSCtA8A,noUAjn6ayknrRTDSQKFrZIKOgtxpuW/brQTRrUyWyT0=,bBhgBixFDcS03NJW72nChWCacvNIoagIPoFcVWd9gTw=,N2YIeW7hRG/SWRSPT9kofYqUw+yV4aQYz0Mg5d9C
zGW8IIlq+dPvxiPdPbu63RQurkTm7varfKQZHCi3Chmk3A==,8ByXi137mJEV6Sf3FBN+mNFWf7oPxGRsuY0EOL9Sh73/yPgoI+A=,X0Y9FITeLJ5dBn53txiRqbMO1iEq1LXOmxheR9tOTq4EQmUVkV3LXPo83oT9WFI=,7f1vYpYrNA6EGsShyPElM0V3JLPLnyCtPo2wwPTCpGI=,hdScAmwm+SSrhITZhnlxiSxs9SJ3KCtcOyxdKMGsUQ==,3pNdxczHr3rqqO43W0DbMdeWnZDtsP92h2IYzjU/,xvlHBYjR3QI3AXUuWR9YJfuR9ZNq0izkSFJH7F8AGOY=,aCNx3xS3PDrPnbhuy65OHR2L8jPJOAvVFrXyBebsjh0=,od1mmh+Lwdcdd50RD+V8tkNpgvbeKMBGmrgr53Oy
+e/wq1ZrVWR8jIDULyjD3Nlm/nfjCvYv4oFlnr0Ply1Xfw==,cA8ifAOSVtH/1hMbC5ayJ4Y8Spv97YpcqMf869CTIguJhiwhqWI=,jtqQqYzkwUEkcGmm8WuvVZg3Hgl9JsSRy5m4AvQkYSYj8TFTR6h76z6Kw2A1auU=,RaO3y094QScxwpY9P85qFJHXm5qXm5rbA6EY0FhrP6s=,/iVi0l8M2Y+DsQgEvQi/cepRNZ0qslEGpUahDDBmbw==,RdEBpuABjSRW9uQpPVMrNkgS2isjRh+33ePkgxbN,7BYVpQ3wGUvG0qG3bpjqJcmq1ToLGyF3/jKh4FUo7KY=,e30pw17fLnLrWPGoqetkto1jbrTz6/bJhvZvlPzDVnQ=,jsh0dAINDmhtm8tYjc7YlT7EN1AqSm5nbGBA9778
TSWQwkQRtvBQODoMJoB1vFMjIE7Z1GzdsGITh1ABxb0h1g==,zqw9A2KQU/1pgeBz14hD6GIXaeR51HGryivINpuB0d/U1nfnqLg=,RyoM4aLEPxIFpqEnDhRVvRSTTSrRWy2Umo/9N4BdWZ1jA7XERtY0jTVhgG9qhOc=,RI2o6yWCiOxDdZF1qclHTBO2VhBAE+65bfZWb0/junc=,b4i9Yx0pr34YQdvJ4Fi9vyId41hamhhU/jdNtkoLdQ==,oA3mDudfAGWuQCX4Su3HKxTRTQJUxzJk4SRcMbrZ,kZ+jJT+Cawmypmx3taIvk11c8VZB5tQub9HgDDpnBeM=,nA9y7NJ3Hl0joh7Kgk585ew4O82qZumpuLazMP0qgzU=,sa31IgIywqiQj87cJ4Hpsbg3QHBYqhs0BZ2+M89S
iwzyKHv795Cwfwk4uhAu/sbRIgwQBu6sfff6QH/rrcDQ3g==,VNgbuUxNcq+nnqZ0S9ukQyPCmpxF9DZenmRSwLV5kj1/PlqturM=,PVplmmEy0sYvdv15bFbtnnA8oJu9gJ7zLkyo31M5XMDEo1espRcKHZ4eWLpRets=,tVzErvQguUXkQC8A9ZC1+JG3WfySPZUFNU2gP+lkvnQ=,Azr+h//UAcchwIxYS6Ff/JnWO4Jbjhr2m58QdjEnXQ==,uKC+xqBgv4oQOYGcUOb9GrusFJ35hdswBgSfVjAa,9hZ175YjHSbZOmFoJ6sHGPGKGU/jZf1ZxgSlaFVdsEk=,WibYdGbNU755dYPOI083H68DH2EdrUagKUjnTIR9CFk=,OaPLcBF369DWrHj09/9CLXgZBSRwtY07X4mjT/h5
aZFSRdSIFOKk67P5ceZJD77NoEn6wCWgWwV6H8QzJRelPg==,sj3doNlkAW1UtMzNoVzOhPAYuXvJPZO6RpGaRDRukAnq0EQT2lM=,iizhsnwYT5qZ7p14Q03Fsps3LI1OGpuiY1ufSlqP/1Px2cTJoWDZOPgTV3zKPuM=,/Y5e/p6nh4Q2hVjLKilhtTmJcy+pPqEzIo6KzlEJa+c=,qbi+WQf3dJ7lci5T5tOUXDECdQGWinQLOMW+a0qmDA==,6cWJcc2iTeThqmBsyc7jgv1kZb4K1hwDXtIjcL4p,3unSEZ0PAZewz6jbfOWuAx1E0w0amo2wExsYfCGl3h8=,C6En/CadRjrb7mWyt/CXV9ZNIDxFAbMq4tk5xMvcrvc=,CAWbMK+bSIM5CTvtJQemorEp3XKnJ/BrA2ltHfNr
FWpGc/B08J7J2FHqp3cs3roYspHSbRoDxt1mVm8rQvhDPw==,dOk5YoqsyUBRj7z94kNywjiAVdbOxkEQ0gKh8AqK+4Xk5ohUyZI=,rFKTz38F08AEbU5OwqzEqePcymbtqrCxo9tEKS83PdA9pCdj2WhG3HhFE2tJQDI=,PUT2jw/YKz1vXjT7agmoUakWr1YUighRU0roysmEVoE=,k5HMyFTaeAEM3aC/uBYtxJiKGVsGPpy/R/KkIWqYjw==,lhnJkoca76yx92ym+xQp5kkQsxvLgT/E/siw2XS8,KHAqJRNbofAhXaKfV0z2CmvTkuJN+lrSv10wENIYO6M=,GuSx0iv68xuP0ammPHI+VRJF4GCCagte+mEOAi7wZMU=,tAm97tBsBnOdsadpAWOVV5QH64RJ2wHEXE7vhE1M
D2+55npbERFI0Nvd3S467WzM+b6b4p4y2rO68RFHX4ZyWg==,r99o032n4ql5W266URrxxtH15zO/3GVqhuOmF2MStxoalsWZ1N8=,agHqthm4YMxQKVjBglKrBdFYw7QGNWKlC9oVfYfSvwPx4sxy0XLugHwz1PnTmPQ=,8TJDwdTm6bczKnvVuw/fxtYvDMM3NIWDcdKvZDriXCY=,Ro5wkSnHHsIamf3KhIssD7xHkMpbo0RQJ6PUEKRY9g==,gXnB8xXdGw9TRmxJWeOC51kPVGQrupkfohe217k+,NmfEG59K08uxQuli0dvN+v9H9vAxGQ0mpsCRP4d286Q=,1j6LwVkoDYZBf/Var69G+956KQJKGSCkO6S+ZIfXJ/c=,e4o9zwjEHD12sgZncuMvDUeGIESSMJ4MQlNPO/+j
99rRyNvEu5GKWXXlS2oaN/OctHSvzv4Qcx+D4n6SwSy4ig==,fYKvMpe5hNYGSMZYjFhZWSnRZ0zh/drJdKSFOvzEXsKQr2V7aBs=,D1M37NBc3XHSSIBiVzgEwpAIQ7lWKb94q93j01aDJdrMDplCNcgJu+UiWca/4Bg=,Y1T8AEcQmYjRibjf3vMLfXzqfY3SeIWD3Q4i/wZ6PEk=,npdtIQ0LxfjXbUGoz13+76CXjhuOnpcF/bDrH36LsQ==,TaF56dqZTjd7wPDjlXFQ1pB045ahavXM23vyzgVP,3zKmerCM37Fon+Tim1wH4aWBvhDmQk2NyI2Vq1x9P2E=,aGEvmwt6c/We1Ffdk3DsadRhLJ7onQLoMYEIgzZQR7U=,/xZFCh9ka35Cgrh1d16rk8AEXSnU3RRl9+VdjTfF
r8SwA3+108Mce8EsLjtHms7AmEc1yzHX9AN3GQ1banXA0w==,VtWu3uBh1J8laHY97sttyJvKPvLFTrk4S2yd71UYTzOmesiLIEs=,d7uIXh2t4jR+KQTMEaFPoS0GkRZPJekRpFJ5gQ7gTFEllGhSUrTsm9jRUQh1u3M=,BTkJXsN8yCfpww98mvG7SyhkVMs0VdHXB8k73rN6O1Y=,lKd+VMRzGmsS2BdFiW9OqEpJdzof+KDrowp7zkyfQg==,1jyIIN9lVWAE98Bdqgj970C9tUMNrt2xwKaZf3G1,uKNeZIlZ3ZYUQxEIgmrM65GR1frdYabxDHn0wOlO740=,es4X5QdJVSqn2JJrZAVfrPtl5Fz4DE2HKT50jM+4NKk=,2HUntDJ1NjhxEnyXBqTFwjHjyjZKuhZr353dFHlk
9hM9+yarqyIOQ14SWjyNf81DPJimCObDL9nJCuQoay8bHg==,BW7dNbPIzXE/C0HQqy1fiXpYtXsfMo29Auhi+rILz+A/QSJC27o=,ntRT15Yfey2FZ0+RRxE6ThG0gbqFGy6VwnDI19Rj/f4264bZT3fs45ZgDfarY0M=,wuUGaUcZxfoem7hILs4qqXKbXHk6JW58/S05wIhkmQo=,db7I+ufyupEE82HY7ipAiXmmOhl0NodFBaAjfwxYag==,iCrofaIh3xNgtEaP0pu4BeYnW7L71qHXBx/adfMO,7JkcLHmN9Z/IAT9HDJgLkwwBe3E96emu6U93pqIuGlY=,0/uPsqHCWoSeYAUltGCz7mk3P5bmeEiYHVUNUBFsTLI=,dRK4njMkLsctZCb77FRp7VIwzFIvWFdAXBxx3HN2
elvmesguAOQxuPG18OD+YEkSn6R+9Dpfr0q11z2XEy0BKQ==,kx7ghxR6S4PsNPcnfRYILPA7PUICxy1YrQVpAIaZdDwd1r5i8ng=,hgqEOlu3Eq95v+50XlrWI9LTkvVS4mCW4st/rBxvqzD/coCeDq73JhvQzAgLFrg=,arWupcDUh6V6Z0lA3v8NcwoExz4ajzpcBgEl6HxlG+c=,OFDxOjelruXmV8ZVx0b+7qAmj9PrEbQjPiniHyvthQ==,YfqZvqUtjSRZaYyiCul5eQ5ftjuB1pFNMTljlxRc,NTTfCqZBsnJ3ZgNKUHMRHNheO85P2XoiwdD1laBpXjw=,QEbTdREqWq+4M0awO8pVlfXj8c+Na3gL4H7/gWNr9Ng=,EkzPF1QaRVhxTCRZQAQ7dcF7RK/VBIGh/jvMoV4I
EnxAJQgvPaJEi/F1dt9N71yWfqK0eUIjVi95iC/w39uH2w==,hqwyOJ5gozLw3hL9DwlqhLFdhcd89Q0uXkIAsLSsJoYLk5mjav4=,IdGw+wwOYvviKjXhKVMmsGTzywnCkBRIp+LsTZMxV4oTV7NdE0OCpK2jvFmH/58=,6juW4dHtiak+oNehVigZ1QITvbiX4MfPJ2hejNwoQjI=,NlpS2PiRTbPDYq+UIB9U5kPBtxHV72yodmA8LbJghQ==,8ddXJvRHDpcEJjeqnmxYWYw9I51P/W4hqKaIZ6k9,0xlW8FQuSk/AQM95YFqX/8MRqoAd158NacG1ZGk30eU=,CQ0Knz0NFfZlbsrxhJgVPyC9+1V+FsBI/SeG/ZN8+Fc=,M508y72YVMqq9yvk9qYIfZT4Z/PnbNbvy2ViDnNz
ZUBsH9giSiApMRPcldDB2U5yr/d031ksGwQ7gHzx4e3FJw==,mqHxuQ5TkzTkPbcsIkL84yyf9aMJgmItX0pEQS9uBpbpHUcDJAw=,HK7wb6NidUBGlZqftrDxs1QsOIvdEdeAnvCBhBott4QUsyKpjwjHAz6omTFccqI=,jVCklbsQeoUY9r4mcASrV6N/loWiQBTu3tJIYsqYq8M=,YHB4TONwYS0OgAy/S71jVUFTglijBdwU/MES5/QDZw==,tQrgKrrY7GzECKNEDMUXFFWHVXEGd8RElvmnaUU+,1h/uE0kyvZoHvppUyUbUNcW/s8ac2wuBR96uhOEI8NQ=,gJgCMG7IHuu0AYPLXMd0NgClEsxutW9+j9HG/+PpJws=,fp0+HZ5U1m7ZZ+6e7AYYv6vnu1aZS2CvvPjA6rqq
7Pdxk7WiovzbAD5oBdbrxf/xRFjpiFQ2r8UwmFx6g0/mJQ==,Yk/lkdfuKZKGUSTxQnPjSrJsxNCsvBWvPl0kwMMM9tWZAwVL5U4=,Sm5cSnda5VAcHQmmW6+9uKjKLQpRyBRHOeqJs3k67/ysinCHBJJf4WrtzOiQxJU=,pFgFM4yAW3GhfNKL6KUqiLWBfBUb5PXfXxLMNOAD3wM=,KiHyuWtAgu1ZO/TVvx4aH5VS4I1MOvcpa9hEvRudTg==,4AqG8hic7U7OIhqaYxwjbHHyKSDjhqZ/Plbd2Onl,r53GrOinPOPaNMWn9DlB2Yg73WKOEDPISQ999S43biM=,NHvldrT2DQDNVuGjbw4e4lmLhX9D8ZmdKl+6I820Bow=,QriDkbJsgiO7IZm81POZxmsbY5QLWIoXEkPwaQ0g
qLhvTYH2YNeX219SceA5XjaWcAuiirKhWCiZtilvUkuvCg==,SkN6/A/rudZKZOuhWAfpPO2Zg9s9iVgMG0MCC+yJaMBbTGeFUew=,HwOYu7WXqbZ+nxPkYa/lrog1KMamij0mGfG2gkZ/u5w2R3odOvNF3SIdyWYDC8E=,sDBcqg3SeVuaB9AxS0BR8qrdy9n2WaXcJyIS4KSAX7M=,X1C6cotic5F6nqlAnTPazqDR9/RsoIKTeTM06fgy6g==,1wpg7DfhwUG9gqI1ZdxyBckeJaE7GeMIKmS52bbH,mAtJiyHH54Xx54Zd0AdN2Wwp49GFLy+YMk3ay1tKm5A=,eyz7Ol2c9+IzE41/wfAR0FvRmbgnvGGiyhXFgi9+yPs=,LHH1tbTDuZkM9uQ0ETS3ud8M0cjqNpYfnWHsUN7r
NNyh95oEU5LLcO2Vb2C2usIJgLB8QozkN+64d/ISJGJx7w==,Dq99r7zCQ0xlO+n/xNgOqmaUUscLTE7b1INy9NOh9LmBlIMEQss=,EHes48FbEl/XV+CucUMnOPJTQj0WdH43NMJZ0T0NDsJkJeD1qiegEAwJg3aYNQk=,3HX7kUaIMbZFf/TSSMth4rQPvA7tmansW/CnOIoAu4A=,JhQ6GhkuIj9W23BKl5lpH53Z5WK6qYVjRLsDkcaqJw==,RWipm37UuUG6bjJsPKx69074Ru8wlKQYnKpjVazC,+Q/oTzP7zoiforP3XCS6SYuvfQ6KSOP2y2l1ygUnpTA=,snDPPhzY4QPbBxZpP2U6S615wRczH3NFbCrQhIMxYB8=,UazAl69WMVLD84EDo6Aa6zxHwzV2Z/PyS8sSS0TZ
rJwyv94XWqIqFYgMFLgXpxMxkmXf1JDWMWF2UvM+iRhGmw==,eH+PgtErtxfH1goT6M23G2jrQw2y7hLNw2GBB/4Y3HbcSR7fb7A=,HPzdEWrokWvEbTFY7lHuJxWXwMlCLGDcFetRf32wHafjr4800l7C/lOHAV5IpnQ=,bSvQpMY2fE9ozPgz6sHPmYce4Q8VP8/aZQFPRNLbBSQ=,UyvDNCzCfCSn4M3SBN9h6/zfAPpQ+KS0lXfUK8VWjQ==,H8WTnU7cUupIBb6qivEZ9jZgxaLlV9JEtxVCDGMZ,e+91HF1di5sx+VhuKZKnBiP1CLRwwbp08NwXk4hYfLc=,JSPZk/hV1/NQMIHwRi4PA2EARzyDTkdSEpU0oCWhhB0=,x7Xt+cuV+mLLXJW3PKC4+Jj++760Ent8Y4AiMMy3
qaeCZ92SVewOeqVrEdZCQBMn2zLSV9pYpgtFkp50n344sQ==,1ApN6x5hPTXeYiFKUA96W0YoswAYaFcoCl2GPpcO8sRuGIJK7S8=,giMixDTFNekCOiX+v8AkLp9uSweKe3P/GVSf0BjE0OC9zJE2akn3yAbBvnmNYIQ=,jSKjLT/I/d4ZNsGUg3XlZmyIhVWWLW1lZ1BDsWLBRG0=,64RU9sK0HPd9/Y8bq3fOOyFOzcagJRifI1wDph+kGw==,90xF2p2ftlo+rUz3XiJVltyTzCLin+ajBruv1+Nm,GJRvDle3d9MzFnmKnOvChqnm8o+C7XRqMy8zvYp8Nxk=,I6KcX8RzN/JA92w+Uwl50lYDXHXjp8AbyVcL5wGFG0M=,WVC7WHpuxwM0OHvC815dOXl4mBWfiUTJB7I4V8Or
Bk1JHRln4QGS2dx8Tf52RCDJQoU9JF2KzYXRsqH0T9gksw==,jg6lHuWDqJ/V2xxOCd/h77p3FHLSFDkhw5S+JtI5LebHf+1VI2k=,fPbibO5i6zXO/hk1bf95iLvTS+VShg61mhEv1i0ZSqLJBuIkjcu4kTPYMJsyENo=,iLJqPxVOhX52sXavU5UTUGjXDfuPrWhkxhzJ2/quMhE=,N8dceG6lqpwbcktXozSLfAT/uIe5HC8MKmnj/V5ihg==,xr9uQAsn8tZkVl+mgxd8OvxN8lzyoI/J5bTNDx7k,9MQ2n3ByhIdoVLtO7gLBWKxR69GZc6RvZhf4RFVta4k=,kyebqhNBcxvyVV1tcxg1y+/Xmu0EoyAkpv10WMqXNGk=,PSaC17PfA/EQ9YJoKEJYWqiPLYmfGHAqoB/PzDVn
CjftXmXCkCDsAZAtrcydVQDHe5t9+vFFckgr+yOaOafMZA==,X9JeAeSOtiLmIVwQ/882W2pZAzWIrUSdX6IzXSKrfoAy6S89mm0=,W8kvdDyPf74S8oey9N1wzL9g6Hl+16NwgIiUgPwMm0B8ZDx2d8LDwIWt4seqXDQ=,oMSpGyXrxbN2QvBDNVsErNXZB5viPb35Kp8oFNPLEvo=,VYlJXhaphKXvN4S+wcjC77cKcYrhW0NhX+11YFy8pA==,1kGqrgadWSHluQz3XVw7R3NlBPg53sQGvuiyVVLF,2LIdLhzAlJ/xbOcz/AW93Z0vC59Ifsr6Lzk7/Qs4+no=,OfxPq8Sc3t7/Pguit0nQT3pXr0lgj7QPBEpI8HoMbiY=,Uv8MmSn3m8S4QI7+GFjPij8np+tdIbRGp5zdDUyQ
CC+UJxh7jGjW8E0pKM0bAgrrSeetG4DIEC2uP/CTqRU0mA==,mK6nDvyEolq+fcr8h4kG/F0aCc8eWD5jFnpynWoCyRNpdjC2iqo=,k37tehc8p2jZgDqTE7dJalOlNIKPzMoX1g9pia+HeWb6P+0SYqay3NMkpf3LlQc=,UcWQIwpXFZ4sXgeAYsSHdBJ5SdT7hBfNjuk/ngHK/SY=,cPju27K56s7oBDtBobmgQfV/AFR5gCKLkugR3uUCEw==,KOnft58i81WROkndEx59YyPegfNn2yfwG4liG5uD,QdhjnlUi7AEeoKdfz2eU73oXzKaSM27gTb58kCEOrKU=,S0C0a+Udo2A/OnDPqocwuZBrZ4QdR8+f9qHouxWj+98=,kQt3o7PvSaxI7zJW2+XvJDehRrjjPPHIECj8VwXq
Ol3eiGE8yD6s5njLVpSUJ8Owv58lnhF9DrM+WxbE0w0wxQ==,wVKYM2icBACBJhLKh3DOHYB+YcGfKAbz/ypZ6Hi27TfTNhff4xQ=,HuzDsKl36AcVAA8EhWsbbt8cgSob0T1GYov7RXYPMRAukrpeT6RRpOJwOj0TVqA=,N0r/zGJxCWh46BUdxMt92ack3UW0V+k82CZVZeBT68M=,Ndboeu1Wz4vYkKElQmY9PPsfWeNedX9ZApIkPhyCCA==,Ymt3Q3FTNL8MeTRgkgjZ1GdNObA71walCXrweXTZ,yQ3cNjZzxBSGnm2t8Z8rK7Wk4QvRcOyZ6qwm7D5jjEo=,u5/OwmODCPJctiIL3TzAr6AuNGIZ/AVNjC6AH8xbmaU=,ECQdeYH4PjNaxeY13GbnDZRUpvBcjjRQogU+H6wk
HUQuxdccjBgiw1jtQtYi38iI47omQpWccLghn8M+F7r3Vw==,wTVwvX6D/nf9EIhEuhjMEbHdLDR7wCD1eb/r3X2V2QB4Zrwz/io=,LIMbF9ovQasgfZXSOSXSsfSHLXWpYVpuiGbR51Zc5CMFYv38vFTrGzRDV2DDYyk=,JH1qG0N30Ti+KPn65u8phSuH4qKsZ1UlmE8tgS2Ptp4=,D9exyndQ19mvkV1dsEXTeyKn8AJlspoB+zojwje5Fw==,8a1P/yISk32KXPPC5erTGgGJHK9qpmOMprQKZ4n7,maZdAS/j5R3Ye03jjmdBS0+Wm+eHdeQCVMlGlSbFPUA=,DjllrsZfXE2F0+IwmOOwf8G2WayPRfrHtq9iSdbZNOg=,qHGaz7YLVbdGt2U6eTLZmtApG4JTG9+Yd7b3mAuh
mFWM+b8zAE6uyWil1Cggx7TsafOCdCWc8DMVVu2AEJxHdw==,UmRutGnA+tdgrq6slmc6ahu/flllkoL5ShnlH4nVyiCNR7ZLPOs=,Ulj2i140rVUESyTE0n4Xkvj603K6BjHXiJa4Fjxv/tMN4zs5XQgVGGzvOndRo5k=,rvCuMZcLTpPTu+yYOrryUgLNGyO80Q/qsUBCtq/7mBM=,z4ZrywTZEREFAk8iCHXch+cMMrB7GZlyDLoqP3upXA==,0fbuZuZMkLgSduK7ynDGDSErhZQmhnXQxx84Nrxk,4uj9n3wWwUpeSdE1ChimPxgzWXzLLTZs2acJCMbLyp0=,2M79d3/NJXqVg65zoM+Dd1mmsfxfc9QOcNidmyutAkw=,iCs0sLhGT/8Ux0T0HyBpAj31S0k9SoOw3P3n3aXu
9zR7K9iY5PnPqqTivSlK3SZt6oFrLm0SrsFD2xBuUltCJQ==,ugzdUALdlCdD/4Z4szVJ0VILTgVLcbX3EWFZlCYEG9q1DG5dWZQ=,nZtIw+bBC3L5eymVj9HuMaZgs0kEy1xjPPVTWjCm1h9QtPOXqg8PYoGMoxxn6w8=,JdgxcfTuZY4x7e15jATEOc7rLALI38qE3scQPDiOvTQ=,A6W0vfaXvxf953k75q1NxZdv+9D8RKk2ocPdcVjU+Q==,WTOijUK98PRr0X3Ce9qrfJiMQTH87xdfvX/RoW/B,d3R9hpYnUOxWvXpIPQ1EwtFp0qP1Um6tLrt4IYdfczo=,ZqAhTXzxVrYoQcxkVNjJW5Y84bwb8RkTgsd7g8cegC4=,/oQgYJqO/ssX1pyIG244L/MbJTj42SmvPjx1uiFG
T0Bl6Lzs/ybAhcX5BzTJRa+pszWWc6bs8n2NG4UWiREnpA==,ZlGBZjwkxD+t1XalN0vFds5Y9d6b94BN+K8bSMF7rYK7boGV3kQ=,FxiXcQo5CPFBhfjJra1xSwz5pbCoAAdY92k3XBjswT/ckBkZahVFUv4pYOyOqeM=,e1eSEzpempslGY8DFDUshwptbOvMLA2R+5BqCuLox+E=,Sc5UMSJtA+13EAAGYjGvV649hx783UrLmDRlvt4bBw==,0asIz19Xr0qQ4dXzyXj3V1of7YO8nniZzbUrdwY4,PC2TKubhQfFzFXaYI1qWopnVS9Sw/zfIIEQG3b4jhxs=,85bZqM8bOY8uFvjPcMKz8XhlqtV4GC6q8aAkodPeC3Y=,FCDtNNuoxJmrbIgvaVb8q6M7lyC7jeLg9yV22TqM
9071lWUrpZ/1Ie6h0S9+JllrXIdBhQopDGpGnlL4mSuDpw==,WzOv9Xf067RbFa7Jmy2CaGzPRrsLXZdNC8Mg3VoQrKBD9K4H1WM=,MZtAgCe1QQ4VQEpBI+VCFJBOPIy2ndcSUrGgEiB9EOv89z3dUJYAoi8OX48H3TU=,Y0yZHUKuKzwPhJsPqtRsCj+q5MfVSfVgd9IRyjI7Fs8=,4MkhvqygIFN8bCo+LIuEG4J1b1BWW4aPIi4AxBwinw==,2NOQMGZtdxirhaTGa90GOgchzQJPsUqzHUAbzgjn,PlSB8Q0Wa7X5hISGRSn1bdq2b2GAg0HFB4ciNDmrdcc=,26NlBJ64aANqKFgU5nbO4vMPC0DT8JlD9tXIBWiB+8c=,tzKDys6v+zueUOEek3MVvtqGNE/wXxSd6LwKrdau
LA7VSBMvaMQHvETMqLXMdqSew0Cuxfzz2aEWnGP9a8zyUw==,ctF4WWk9FSWGY/LilWIH66Tt4mCCDKi2wiQ8M4VGzsRCUT4mu50=,tnK/a5xv4qRZNjWcpRsWE34AhwH3zMIPvHCp1jaqUjXelFJv2RNa4ebS+WZa1NU=,b9tkft5UTGe3U1ZHpotfAt1jMGSY3S9O5aZq5fUY+eo=,//6dGe4EFgCusW19fbGVGL3GmnClsrTmwzGcm9w5Fg==,YcO5m6zsgVmDlSFXfZ45tE/VK2tc5z6QOF9gCsut,vQZUm/Wc3iFhK9plM5z1KSjsOH9FrGE/me7mNDcMvxA=,mxzX1vzdshAKcqzIo3T54iZFCUy66qp/XxBFNG2SYJ4=,owzXWeh+/VKhaxZhQH0m9+ZvvD/e//GFLMMowG0K
YDqn7VlSADo1dK/VFA62aN2C0Zs8O9xO/vjtsy/zvm1c2A==,CwZNKQSxrezoL/lbbarzTgbGY55vpyfPqJja1S7tt4gzD5r6DAQ=,vBFe2Jy8XvTfG5Hp2mlxc6zfd6x7hYZFqJX38rvGEorXWBQxvjdbB/kzG7z0ox0=,rHk2+3Vu8uRzPI5iLAEOrILi22HSm7XHREoQR3kribY=,zYaLBV5SRYYvkE1xU699qiWc4eXZSt9elZo+5ScsIg==,Wa/hr0A9lgdrn/KPTtvaiaMWYdK5g9zYAaLIUk2h,DCIowMy72wtjq6DkMT+WyB34SgPphjS3IRIgN/DOVcw=,lw+0db1tomwWWAt74fKO3dyYQ6FlvKet7ctL7GbitQ4=,vKTFHprYg/iepP+sGASI6LsO8+s+Fd7dvsLkHI7Y
TAXheegFDTxaaxuC5cigVF9OoZyAmPGqqzrsd9Piqs2iRA==,KK3H3372aVorcvyydwKh8YcQl7/ioK/3jnRIC5pqmd3gqDnCMJU=,7arbStRW8V8/jIUKBD/7YC+FmZDvEhPIF7QGfhwh1gezqI1NsLJO9uvpXCv+sIA=,nA73gNZDZrroalq2QP2ZDbBTscD1/2Hlzu+7HwcGaGY=,hbn2yMR+WxBlynUGctG2QLnHMEvdN8EwAVyz+3nr1w==,/1fBCaRidakEDEXpvpgSvW8wWd51ipdKgFuHW0OR,fkQXtHFK0Npx7uXXNzlreqs8YASFcuLQlZj7Wcr2mZg=,5aiJNmVusqGAGaADYLOPWnfij8ESN+BAMxfVQCwijoQ=,oweLC5GhowhQia8U4Rk6oZV2jswQZsQmhYOIz2aA
fliQ4YGG0+iakTKbz7Tq7Kk91bhU3sSveZL/NDktmdOLow==,u3kcwpRtKLMKIzV/9jSSdDZeoL2GK8lCuvSdKi2TbZh+ITnFZwo=,ER/rWg9YNQL7uIxZNkbgF3M8h0CZhB1Ji7OrT31/FfGHvmnTeYFyL6vY1v5UHAQ=,auisQ3B+UjbN/60Tghx5aRdZIsJGR81ksAH/kyVoPNU=,tOTkh6Y8R0kErvEWBkLwvekqx1XzaUFaEU797fJIgQ==,ToUaL2QFhO/nlSq+y5CV7Sezp7UXM+tzl5KPlS64,2/DMgAwL5H5lWyaXXPIWUwPD9K8ONvTQKu0WKl372wo=,Qsvj7HOZi3MBLVaid/xSO8njhnTyiRvTGXl+EhUCtS8=,g0UULBL1Oy3r1xMNKdhhgVHyqjr3Y+U4OKaugZbD
BaNFHRsZl9yQrbZursPvLZGTrA6lTCuSvY99ZiL37s1M4A==,w4h+I5TTLU3v3Kc7j6bQPcxkaNWIBNBxesB/4m+oWN+J2Uce9o4=,bB2xnx7QxkDR5rptj8fKy8qv71uc6XT8oN4vAf3bxF4Cx293w99omkyw/JuzagU=,47LFlT7sHnPXgazgV44lrSGD9UwS4mgOO6xBMe20ySg=,VyX5gKZ3Hx46lwDqQuuGMYsaIFm958BbppTe/RPDKg==,nMoLnfQlaU3//EUemMjINjYH/BJyJAp1z5jgEjra,qNWx0iyGbAP+11bTcwfdVFs/sYk24qAlWAluhmCPFAc=,P4vt6nE9i3FH8tSPqah6Dg9bv9/0dms2LXFjb4KlKmA=,sY6UNc8hTS0YRW45sVFe+LteFUJl+oOr1pjWHmhn
I8dMeLww6WaWSfKK9yqyJTHvK5CuYJd4Io0fJ4C7qeU/vw==,ONURHL1YDwef+Zfd//LG/fzeti/UmyCT4S1edJXJuoUFdTEZmy4=,ATPy8Ed+L+ZRSijefzJ5BBv64WFgMPdXxv/xKFUCgWUDNnRy99+VPTsUWFGcIOU=,zwLtyZBUOZpKWpcK+yWabXgVuqhma96jYM7JaGwfTS0=,X+vZtchIcFVtHsaUYv+7QFJicwYMG4sKrct5ayVhug==,8cimRR5BK5iKxwmsr4PRIxw9/H5qVeXc6T7V9nck,49vWaN6T2xeeX317c4/P5baIwV4eGqBvk7yXjr7WU/k=,4yLDLGzYAtrFnxpIDy7hNUj9WjKTmlFJfaEhM7/nf4s=,ybupq/Y0crywAp5ZKGYnIzsMTy9OJmKebCFeZ43g
u0h/cdI4pJe7CcKBhe/du1Bu72YY8zo+WVry4HKv7PVmcQ==,ArCepYrYo1KJEKngzf0mrn7KzJmcusLKHUYaEvsEH75Lvn9MMnI=,H55y02Da/lG9AI36CAzVUt3SPHclOxENe+u9sAj4sPSA7nc6Eb/bpOz+EDnkb80=,6IRoEMuGdoC3RQorRdtcynjhlS0xKjl28SFHUtyTBXE=,ivDlAMNV0Sj1KGiXWmg331EfwU5dD9GFy0GScvjA6g==,yDXsibgLEXeyZQSLu4S5WFT7W/5HggvykhpnUHIH,slRPwojGbdaEhyAxg+ditP0k0T8uSL4OfNP4gdjO0/U=,YEXKc0c3mW9aQNSfXddEPAyOJiJaF0Td2CIJ2CoHpVk=,egd76+nLKUGkXfvHWfQ5XQhMFkUIALRaylk428yp
qRnSEKkVQrz4qpcAzsETYm5Xg0TXmlbYUK+pafWzn0Za+Q==,YJnWFovP7yu6/uWif3mzOisc3bulVDSzB5SJ6JbhcDdq/XqPPkY=,oTHREpUvW4OjsR33edpaZnF+uFdEVtbrYcK/4YN76HRqo4O4hE/qQiXxs9fUs7E=,1H4FqyboHa05l9bJLGyAkun9/aTvocKBSNCaFKd4OWo=,vnDTmO4kmLXQskO0UKtKH1Ed/1wr08JT5Q3lmC+urg==,czgwaML+1Glzc7CLlAauAGSzW+M39JCt0QaMReRz,4bbBWMMWQLdPpjoXrPsgnPuDK8sKvncjaWet4JbTuh0=,v5aK3652K0JlFBfRI7336k38Gvj6mTbOVET2hyNTYx8=,VgbIURdh3IFzAJZACxTMShItPr/ubFqeoTPSGhDc
VT+N4AI0+1qxyc/ov+FyMWDAdgAkQuIANforv3FZbgRcJw==,12j6+eSDpp8Jq/vY73LIA4tty+OmMMAnRecw3UFWGQng/zgC5zk=,KSjipZwhioEeUIf31ZCX2XYMk2CQ1bjud5Lfw/w8RdMUQWgeD/WNUy8tNdtsDkY=,Cp76ZjSXtYT+A0ERpK6Q8pzV6Sa0XClU6B3cjUIuQpA=,/uJRiCAwsC7CdyTBpXG1O8e7sovBQ7TxljJDqpieqw==,pIW750tKstWeELuqixrM9egwF0WPuB8RJ4lLPIGL,1TTSpfQ0m1SQ5DGIvr780T/YErzZcCob4e1VjlFkRgM=,6KsHreoFb4QD0/c9RDUqk3cWtWq0s3dkovd5AzKxhJc=,yPCpLzk8siAcBP3iFBt36DhKmJSYYmqdgwwM4h00
I5YsKWpBPktWIAildaC5ugnA4bqNBtUIyg/qp04Q0Y5xMg==,iDJblCDP3BrimK6X4rXu0nBkWKLe0COvtvHqrMXtB/cqwMxrOT0=,dbi3fsyXWygZdWgenFHLG2HOMjf1YeG5IWXCeyHjxz/c7eH+crIlzK5HyKRyeBo=,2dXrIZ8/t4OR4Y7lAfx6/7V2cPCOsZyHTyPfJhW2+SY=,E+9Ij7HscxwlVHFEpseqWQV3p/Rl7bDFZsnzMxta8Q==,d+5Tr6lxw2JqHbw+9Mfy0sBlrP0/OV41u/8F7ofa,S+SSXtn5QldTwCHX6Fd0YwD9NrJuynbqtqlg+oz9EmY=,cKeApt2aPtqw/2eszdIdIRI08uQrQnKrKAIWUF9hhpY=,eEM9FC0FLlttk9Ak70yBilAMVVRaVeQIr2B1vF2R
t/hbVuxI/+zcqzfqE0ISNmTkwvR3Gf8QgL152sTPyTnO0w==,EoENmaqzQVpAiF5JA5Wcxyi73AEiONkPHtxGKCJ7jLtC61v/NzY=,75Y/XS7A3bYG02yupQeLXCeopcofWWc9+IqWCf47LDVtX99kCjk5ggvfid+Ee5U=,nu3V4MGHdxlLzbPeOolbMQHgrQAL9LRNdBIGAeRFip8=,WcEt8xLhYkHqTvFZ9C7VUqaZCH3mP71zxOw1T0My6Q==,yDo+CVGyOCew0ll4UByE3IN92CeknTs1oQqLczRh,tAad1krlkEM27RLFO4gatRvZMngZg3Hw7rJBE559jR8=,rBQ0VWHiFA4zLHho3IZRw0eOFcC4jT7kwapD9XwwcHw=,NOyXH6VI/fhHafZsY0SJVyLOE5ixwpfHB42xDJwf
SF6Yl3uC/hrL/4dC17rt+kNXgi5EJ2qNWRUZkfuck2MpjA==,yWajDK6LCzDpmH/CA1lhl2PR/C6HYashukZtILAsGc/yLijEtew=,JsPSVPm0z3nKDlgur8CelcngLsh7//28zHBKTVgJ6ptIseghbYAg3Hgqo31PMc4=,4Sv4+WhdSAurBjgtO5o32NiUWr+f0evi8wkkXuquS2k=,LtebgyHNZAvxGJrl3KrPJfbbfZAgLqwyqHrRFlbl5Q==,o/4GHv2yJ5w/BJ2k61N+FJvzqS5rEYg6w6+X2glh,P4GhPxdOKDe/9wzFluEdjHmSpJxQxSfhth/TZyA9640=,w3deyscZw1vSs+eisZw47FZcLy6rFSodRzDUxjVdlrs=,L6c3SAoqnYVaU6Kajc99VwkEte4GuirualrGXDDx
xEUZ4rPcZhEKe0gRoc1/Lln33fTa7uR7cdLMMCL4U66c9g==,Llw4i1+Ma1hcN+a8XtxqQtQjCPZ2p8s2y/C+YQlfhrtpFflPOIs=,s+6H3p4/DwvOBA7jzP4ChNhfnqBTPyrSkGxZYG9i0UZCz7krpHcbkLzRH8Ngsk4=,B9OkGnneDq0TQv7bbwr+LWcPIoTdmw39ceKFF2a3ekc=,toGcggTjbhtyZTDc741rrgbUtQrru/BdIpHXcSp9wQ==,s0upGlmCXRVC+UukLvvp8+ccrKWy9T5pqXhhFCmF,6b1A/dPLFDHFBH0/N2YECIj9CqTRr/yjvHdFbsCS5bg=,wY/AQbfhTQvXmE/j9Tv7Ej/j+oo15Nmj+co4Ey9UIRQ=,X/wAxSxCINPbp4t2KshUBXouZCnzCwlGZhnlCWX7
EHexRnnkZPonm1DNbtR/xA5eIcz/Olxo55dDMB2Tv7U30Q==,eEGNx5yW5YLSoJU81yY2D6F7FSwDrd/CBX4SYtoO9ou8Frk80DU=,XeC+ui1altcoibc8WtLKL3b4/Nsj1VB6FLQnxE0TTaIKUcY2jOT8fzE3uYGxijM=,/tPMm+k6XCAH7YgGUh0TugdtmbmbI60KQgPnu/6dH+A=,SjIAeqcgDGbK3rW60MIf1iT7tUl1283usbsYwLyyvQ==,nob7SvZskOzg1mi+nzlfm85pdBcSwuTaNNP6/rL1,lbTlLO2EnIzTnYNEkABso+VxxtFDcY1wiNdMFpT30dQ=,P/Sb6PvfuruIzGjSn+FEGS4wmzWfxWHgRgjPZd5K8eA=,IMLL6MUrcQWtENW7NXeFdZSR78MsMtSMwQxLAQk0
PvksGJ69zdlV9oLu1kLGKbAgQ0bcYCoXI+8YgcMXF7pipA==,0Zjn30OfZS5SdGta6WxXAi5IC1vQEWvVP7RqrDWK0scroGUyPtc=,bqnHRoTASK3u3Xkwj8g0KZhfAS4c+d+zCP4soEbHL1hIG9latMkRptKE2ZgvksE=,9zDLBqGwWTcFXJnRLeSbtpAffOfv69AEU1yHjxhhg4s=,bMP0fr2DwFy9ClKibk9+vWdamNihO/VKz/82w4iQ+A==,mIHDcB4a/OkrixFrIP+tBVLSMpCYjOR+EfuLb0xZ,NWtCVeOwVMApSkHcUNOikOxoXEt31CtO8XmKibGg+hY=,rZZnH1iEmOtLg2Po/3adIy/PMp0xyJi+YUt7Zq2rqyY=,6EfMfY6TzvZuNKOE/Hux4QOLmYMJBtPYHX9IgEgx
sI8d5XwTLcLDj6cndVEopSmsOWn1oZP93/g8rggl5h0KuQ==,GL1txSAaMB/QCTYCnRXiosyD1kvPHWyMvKRYYs/Q7BkuHu7AqW0=,7RImqt8MDiLwS+XMg2mBTyLzOsRMBaP7r9rPuCuF9s64g/y1gYEmUg9gThYYiG8=,6ljDvo8XC7G8AfTb5b8tCoGzuKVBHSN+6A7t96+2Yx0=,bhwECljL8q2FBQrBKFRNo+m+BfeQBN9OyiILbH3Zhg==,1NSXDao8a4cHiYFsoIKKPbBJjyp+3t+SOLrU5sPt,qMSIY3D6xXXjvKoAZ8+8LrOM/cmWVtMI6m/UcxaYz0w=,GCpDLZ4Jvw2xx2rSwG9MbbNWP9EWQImXD4xa2J/jNro=,ILuXF732fbrG8SOh4Qbm82Zus1K/hVxCZwrTSx9m
BAa3Yc5GjQt6lteJKrkjOS/epLZfU0RwfcxXgeDcFu4sLw==,zECjeMFRbW8za9+23GufiLzOHUHCJXQ7MpzbuqAnEh0gQuuvqrc=,nj/kuDA7X5PdRpdheJSnGC2v8D1rYXjQ9p7AHdD8VGtsnMVVhxqnniFnw69z+90=,hcs3jrPhxSf7lgWcFxYwxSUb3lHJY6bxBinTNnsm6eU=,gWttzEN/fA2aRv7XtTsHyhpHiVtaAmYjslSGP2g/VA==,IHVl92YK27vscEy4yML7wjHqT42iCPTLNMOYTUwF,SjxFP3rEtlYByCVpQ/N09Ac0u7PuvgdBtIe9l/ZwFN8=,a3KPQ6XzQZG1q9apbmTYsnzcpqNbf5IIgFz+k0cYImY=,hyQlVPRPICEieqW/V83Fb3ps6icUfdk2D7Hg/9DC
lmkws44j7Pv+e7zMFil7qUrM9pXjCveZr3e5Jhy7zbdj4w==,fvgdeSQap3ydVEex2g4/oYHa/g6lL2+Q5KCiH6T2fZF1h6gMLgo=,wdu1o2dhOw8y0onOHwvRfcs0Rc+Ur/RODCcdOhFNnX1WG5dYxQE4JnAYsWVavM4=,Ou3iQTwTwRPqJQpcrOIYoeXrHlij64i2zSrz/l7fcLI=,xQ0Z7E2wYjxzx8TM8aDtCdNUF3wZwgGBuNIVjeb9Og==,OkQkvkXqibMlU3Q5w+UYQr8ab6mgF9KR/sTLc1sH,gHTVYtYjBPiytl2lIHGuBQOi7WF5Vzpx6aj65W5IeNg=,ZyPVkvGGqbbsY1Npw3btEtmH8FjTH0do3Ps6PEyuJ/g=,d5OHiPio88r0FA5PbA20oeGOA0SpMXFyscrcmU9Z
7Izj3i00fHE1IKZy77aMCDmAE475c55NjAhaqH6VBqVb2g==,JQ+PRIo28ED1Wclf3yuXLhQgszFZWb/0WjF40wIHz+NaHziHiHA=,ZqUaYBd96JhMZJqJRBCW8G25euBdQk7z0+2lRo25Qmd4atsI/QIM6X9n+oDFe1Y=,BRJZlbxbw6QGW0sn3Dce+pb5YnMKVOFMdAaTyVBCnfA=,kLa6KkRP4Pv2W/ogEDZlgmIEvb8etcv/1+L2+OKR8Q==,pcvHjXRw80RNTwcBLK9RPerLNYB0/dpwN5eizaf9,JW5PiIO7iG93J9yAVHlpPCNRQGGAMHA2R+dp1SqfKRU=,oT3FkuvIewkYZmUErZDYiLfRhT1kyOOjuySYdwGkFSY=,3hUSkPiGrl9cYH9WbMRYasny+rbQFCpJsiyQObE+
PP4lq198ngemYoYY7esTXEselzZNTqdrm80iOAPTJJDYuA==,NrAP2Tdg5aBEGoGoP7hu09KivHY6XYMbIU7aK/LfhHkuBnrSC40=,1Yt1Nd8eUbLxE4ol6Dw0NymmFPXA5PEA8cZ+lWHB3E72UfQKCMQgi6be5XM57O8=,UD4OmEALwSnB+kIppwWdBXwsn47g8xhGQLk/lHsHME4=,aqa9FyI49n56WJLG5VMaxjhYFYUDeJtHWDY2EqbylA==,tH8czn9Qf+6O189o+6Tn3G+/IXXuyZqqZrCX+/DV,6w+zqOBjCyv7vCAbba4OzDJrKSie/f2eR/Xt7hzDa1Q=,+e9qmI8krGo4Z6m/HkxIz+alPsnKan7tSMdBCR1YmcY=,9SR7blTSay1nnBSvfwBZoDFI7G0c4qn7dMoITE6S
ZABJ59jQqrrzPZxJL/7BePYHv3+fzOVd/st2PR9Puhj8Ug==,njDNNlRzpffUF8PwGU1UrLu7yEkjmn0htcCsjGXL/733X7uTt8k=,nUKF9ygJeApB/XJsZCUe6IrVltPqo1TPH0E2iI7OQtk1j2TUC9YSF7KauA9frWU=,t8yk+m1Y0JldTyYBXqw82UuTiBvfR+GBy3DnqGq29fY=,j1dyMca83N0F4HM+oRmVXN+yEQCeEFBmdGQdQFQQUw==,RDTi0oymdCCK3qqAAntTk1O4ECGFvtxOhsm5lUNx,p0AApphPGaLPoVkI0y5KW9i2BPI5XvCQMY0ckIbZFkA=,xOeAd5NTP+g5S/Bc6qOzOJoksiz/W27tuKPylYTMcZY=,aeg94g9OOHf1PQWxxmiLYCIgt5k16QIHVO8VYQyG
puF7irm/WvzGbK9mrgIISb2oJiNefr0xhUDraxNx70DLkw==,Eb0mL6P+wUeajEcuQTryAb3cW4SOWmqv54TxO+iQkCqQhQmC4Dg=,FEkQ9xYaj59D/ySG2V7DUdr0WzcjGxcLx7KwxrZvanDRfLPJFLP5VSYdZ+2+F/g=,sBTfiRhIMjhYv3s/v9iXPn22SMByiZAbjNL33qZYMDY=,Ubsdgc9+8crb1ifGb6VqrJzraHYzDghaMBIepbORaQ==,eMdTRhvF4mO9YMqtF+V5Uhm2MqN0+9qJ5egnmwMO,t6utEjYtJghkWU0OBrcpxpyUqDzpa824YXLmf0fgkKs=,fqi7p+z3TJ+Lyz3nsTivLqNTnWvQ4tQufaKNHYJSw6o=,AjDfFO5Uso3d8DZdEkrjWghD31M20EzoiU2zQJGd
ti4mtCVgiyASmjckPPwxKPVg5JafrCgR4xSn2JIEik3ZAQ==,q+N6NzF8bP7i1ptvQXhzlV41WKfcdgYPPjZQdu3gSv9cma/GGLo=,Bi6bs3p7Nfml5MC80HSxr++a4pAaODiu3QDFUQGWDM0HC958LoWpGij+0hR9mgY=,P7BL45oj4YRVe0nHXcSUzygaYDETY9vgPGm8U5067Oo=,dg8aqmekoUCWsECuGviLZxlrLk8WY9lGzbt+VwqIUg==,1KQ4JBJh6CHHJNQWX93r/zsW/6X+ls+Nj3TH4Vwp,Kl8ds1/sYMDlNYDCug+poLkHqrf8uH/Kk1BOvPAgiVc=,szBbLGGWyp7tqypvzF8UQ2Ryc+SzPSgsrBnsxhXK2eU=,VNAOfxGoDipbjSQuiViH8OZ2I0km/sO3ke5vt9DV
NvKx/6mFNn2ZKJa2cRRHXvHC//Np/uNThGHk6MURZz7JoQ==,7psLU0vcmNobPpmFhHENaqS6rg11KDHJnUHxdcgKL+qyTKVh7fU=,FTTfWbKWCioALpwQBeQuZ7YZ0ylfgU3R4i+ixRzEbdY/3dnRZVItD8+mqFZf0cw=,/HCTqYc/WLfq2BYrsLEa3FHgz0cTjg70dxjnfm2HS24=,Y/DJvo898yOoK7MbkEVfhDC8Q6MWV32IWgg9Na/LrQ==,+gpYJgaB0e+xqNwJ855ECbfG26KigsTilXlPginm,6jeOdsPOgb6hgSbFRWkOFasUstxpfMxqgiVW0lS0C/A=,OwFXA4ceY3BJSefPQBq1O7bSecyAc2JZhiYeq45cKMo=,ApNwL6GMsy/dyES/F+JOKztU0mNCBXdiHKJSniMe
yWKVQpm9GfRZSFUyqNinhVB6cgSE+97+sRcrvIlDADzQiA==,u7LO33rUGn/xEiaucHpKoEt2vtQNvYmkn7ObyPJdxq4Hh6c0K2E=,Stxc7FX/KKyGqgNIuImKA7uigYa4sU8tQlGl1KlOoYpnxkCt6GPrPiB/milZ9x8=,rx6wWatEbjjpFFAVjUaD47XnaNQzgXaNby+rOA1IxKc=,QzF89q/qccJc+EdZco6JTZNc6vwQyMhiL0kxYHUc0Q==,CFeOO/cCA7EYrNp1sMWXCA2TOWdvaw5YtjLC+4qy,qzbzhtB40vDE4+9EH3gQyVjOd1rvwHt1BA8OEKLMFDE=,tkgF+bJZynSwfwWXrtPjCKDBXnJbprSGZ6CvZxPjc8A=,tKOvrhEeF1ZIF1ZpRi8Iy/CPPMFm9re2IzqbR67s
TtQtWJ7xFhtX197BkYhZKBGXvudWAyoEdPcmHNs6j8pMvA==,qphjmB5wIXabozASiFR172/4daDTeOj/gxixTvglcDhi8q/Eomo=,3y54X7KIGb0azgeDq6GeDV/y74xkvvfsOahUfjSEk216q2ubw5nqZO3C0pG/SQ0=,zu2kh1fv5p8hL+6E3qHc4I//7uCUFCLgopJwJvxEvrk=,r9QbaJbHaC8oXYMIBzubIZTyTMXVGcdpR7SVm0oqKQ==,R25cOY23Qk/9B63Tjc/khSLIVnrNvJZHuw0srRJ7,t5JzXuq3KGFA/LZJGwywEnAqQ/usF7k3/7xnGMaGt+E=,8SWb8hGY6wRfTu/JlMd+fh4yasu0JC9nYvSGN6iGuIU=,B8Dw4Q41/Ih+jv73kehAAWt932SdzG17jRHdk91+
WnaJ9kEdB0kQsDfNe11fkWyM+VKVMZTisfNsI78bx/RcmA==,jsRhEQzvLDeQJMEiEsupOb8qVxTMDaZOmhv23eirQnRpDIzKv1Q=,9vBaRI/t6PDNkG2XlvE15KGOqwZLWwAJ6Sf4mrGX7hRZpwRp7KkmSACa4dxn1is=,yLd7nR3Gk3YHpGUpLv9ikQiVidXJSek2CGuhcjc+F/s=,JjHq6ZJCK/q/abz797yffygTaLgxEizZNAaRERBVJQ==,mPUwyTs63Z5TrApZ6dpXW2+Qa8o9xHyFxpVEC3bb,FQf2IGt6ghvzKoVED5KIRsTVt1m+xQV8dZxgKovBvpo=,ZFjMqygGxd1IhVwGYRinAhQDaO7XhIJQckMp7FY1YS8=,s88kHmniNGexWnbx3jcUQrXXMPrKM83MFNST1T3X
xfgj6DkbmT7NHc/r3Jo+aPzPcrY7u5b0TbtDYTyFqCwPKw==,xUq5SLexZuYDolwGYEsBvxXs7MRS6sw9dUFkfh39hew3QWwjiLc=,/jta2RuqN+Cg7o3BX0ypMjGh/bFw/CioGB7sMhcZ9kga4nbkENMHRHmJP0JReIg=,U+b27I/4wwecMnguf4cSWXWmgYPEvaODxRnhZPNQ19c=,vbLKlxYihnK6HXoGRDq5IM3tQRWM67UU5NOhpJYpkA==,9Mq5Sgrtn3L9s/eb+TVThXD7NO5WUqKf8D26ZN9k,O5Y7+hQDrSrwldLjzTG+Cxdd0/vodEvSJJr3zfxlc6o=,lUz2hlH4zK5Xmz1qg2e1F0rJuoQpaQvS5IV+s19G1q0=,NDajRTTrKEia6Vv30xaZg5g5PjUOU3pyIUOYyZND
CQ1swxKl+CmSCnFE3aW04jJd1en+A10tuAGz+7D4SXsEeQ==,ff6HqyeJCzvVPyrDQObYGN7bMmNoKyffi38SuW2S2bOMj4kV62M=,zKfNK46Nc4nlUZvDwTQLe3T249XDypzbdxA8RaxCJ99fK3WqRzjuSggFa4c4Z1s=,3803VxWb0Z1tcKDUrGKz6ODc6pB69U3h9FUD8jd9sqs=,jUjj48qm7dFbYDxD0AqanIZTPP/wmYYf3o306wINPQ==,KDR1nUGpSRtyiXcT8hPd6tMcperbfPtT8+Msm/Wg,cAFisOlHiz2FCtEps5csSFmVKFVbn+WeiAf9tok2Rn0=,BpI/6zATHPfwjFUEdKw/GoHPd2ttzZ7HZERbxLYxYNc=,FdvOqG35sIjh6yxPBpYiOkzvlptnoNaMlBM9ernP
0ahcR39XwsVs5wFC0QzinBuqsqaXo38Eay+bvyFM3YZEqQ==,J6LD+iBUNNYFDvnhReLxf/8FQ+Hs/OQY2mHETQqSDQv1HOczq/c=,mS+mPVBPehz0zfocZFtLbXPv3FBC9N/FNzHwuRoFeZ3hkye4SZBD5gI8ZZ6SLbc=,LxCMe036Fu3iypKy+/OvkuXTJeAH5M6fzk3J/TqUmYI=,M+aNpJvLkt0Kd9yO5cz/+k4ZPYa5YHpkzrnhQz5usQ==,dVLV5RqWhv4QjR5Y0b7TQyPZm1cKzyV45OhlPqi0,eRaihPvTUbqD4LYyx6RCu3xDxqfYfM/6GlghNoYP42M=,nyujEmdNFW8kBZCljMVPHjdx+uRH/3+NaeVX5RFnNHY=,0qya6lFSFEuiKRUkmCbO+eOjjLi87l/xL1wwJ2zg
+wjqg6jzBIUOGNFtOKlaFK5bGzr41zU4Cde9OiNX0PERcQ==,M8N/eYpsv2Hnq38P1tVU9AeY3spanQvxmHIMMGuMCSrPYl3vNU0=,k9YugN4x/ePwdqzQIWblmGBqSQNeHAhdWVBcp2K9twznLpy7w8ud9PNvSyN1LXI=,Vr+VIKBrCNYye72KqOntq6A7wj53VDmY8IdKQXBW4bE=,hOU0tr8eTg0pSps+FGdxaUbsZEtgz9YYaeybQw2h+g==,nmPiD4jXl7ZpUbuiZHJfdo+H2u2AqI07QnPgB2bC,u1kYhLRjjEeRL/5PplrCV1Y3ZNdfeUWX83LJtxk+VOQ=,EmRMQ8xvCL2Q2BeHAWcItY9T7ruHMKaFdL8ysCxDJTY=,Lmaj7+aS82ptBgun2mTb17Fp8PGfD7pIzcsYUqkv
jxEDmd6gJR3w2IWaSWwzJ0dSBA3bY1Us5FbNkTGZqrIC8Q==,YIuB98pzcdj0mPibpIrJNuFjVNyD/QbQUn3LYSYU2D3OcsMJT1Y=,jIIoKICCC7WycCnIxynyk5umFbcV2+Dkcu4D5li7GDp/n57YLxDQoFbHDX9VeWw=,ExBvwowFcM3NUGAEczk7uai7Q77+0bJPq56kGhqb0KQ=,eVCghHohL5+t0960lEhl/h1pLUC08E213y6k3Y6qqQ==,0qmdgjKTrpHxthKzjgGS3+pZMCbEdI0Oi2OsJXCl,4mnDNS7e3+O7bNcUpp8/jUepXf30BsQRjpOG3u1TteA=,lnDnQae8Z3HyFZQuiWhA2+nn7BkeYG1JmrXqa8BUa1Q=,7o1hPb2I48p2MAMNqLPlMRaYBNxrKE8aoGVFGQki
WVljySXF1xOwTlgiQtV7FhEKAp7iM4IcON9Emkzk96GK1Q==,Jb61UAbVvAhhmTsjr0htt5UCzUjUmtGzwFHxi9yLR6wNXrng2JQ=,+v2wZO5mZuU/82SGGMtTqP1wfxrTbaf86oAgAcKEsaCOdqSq0IM76QsN6VFmyoM=,VglkdLsnBySXwu3UDlR7pt3lZTYG6oetEQ1cdt+PFdA=,EKFKAfQAk5G20lywSv9Z47epewXxyVA1dq/wShOWHw==,gSfynexKcvDiXmxE9NnjvLv6ScpEs/PvnRzwNW13,uh9uAm38TVlg86FSg0bRDTJeG/TKmvFvMJbartPe+g0=,17qxU/1k0qRCsvK4dQQVXgf5t+6gPhfs1VpoDKW8TZQ=,1NwA/jGBL50X9pcSS3YDO2XEykX8HtT3UAn6ZxOe
ujGJHKPk0rK8cnHkCMXLYckim+X7MmLfKRJOJCWZk8c/9A==,F9J7rVzSVDObkRWRBnuTq18tEekMYwU2rOn3ryi3ojUlAUtZYYs=,gPliNVoPewiBL8saEbaauuVJqFzAF9JmcXnjnDK2fi9xrN5EpkWkNDJUnG2WnlI=,4tzothVnE63wrXSfbkOt4yxgifuBBzUqp2tS573Y9xY=,HqkSjGHJ5dA4DoCK2zlCG+Pp9uczpY4RpSLK+Y11Jw==,Ao8Y4bNB+TQfNzqhos69xFXDI72vlgkLkCKtwV6T,IX5kjHVMEZnFA3exxYH/6XVoQQIJqGDj/oOyxbubFuc=,Il8tsEnR9c5FVArShFfMRgR8DNwu2Bou6VsNlnPEi2I=,wNbRWP9CqRy1R79S8RkPiTDXqIzmnqeY3Q3FNZsF
Eoh+gBhgHf4DKhpBt4Xzi9nZnXMLDPYUcSnjZhqSXZhsHw==,qusOCBwhKdF5NsiCgBuDbzV8kf7CQYrUrslC5Dv3cMHs/dKsGnE=,JiU6wU1k4tQSNaVL9sghgmDTLEE9bH6i3pIuVnB1yh1FfoPRrnCvSQfPbzkTk68=,Rq8rfyIZZmxs32gQFo/ETKeDj/wvWwv0u06ldKf1t6U=,LlE8yFrrxlDdECvku9iroVD0BQVLgJoii3/n1s+KFg==,aJvTcg0MHe5fsU92BMgn49clhVICxhLvQQ9nyY0Q,pgBhyHoWwjBShZZxo5JPo/+8XVhVVm3n3saj4gzOgak=,NUaFHXQxeCv9IH3D3RfWmLef8miz3JeN8Kdo6UHh8A8=,lG2tVhzsOTiDrbCI5Us5N2wtFc0i6EIDM5KDxJFO
Uzzwi/ilAIBcwgQPPJZJVdqQaFeDu+2TIszrEpUpYCXEZA==,ounvJnetReuvvLkW464ocril9GqERMLKdXKezFQkLGHw9oB/Tx4=,mN0yRSZgR6YxOAqC3pgmf48fMvU+2X3BUOe6DLzhL2eGHjO9KWfgzW+MtnbU0DM=,fwx5qVmyRZv9S0z1MFwNrVytRZNK6uGOpibPBRwrjgM=,s10uWo89jvoXNtRMFGoc8AJcb+lIFEvn1Cno67UJbg==,MpeWbTqDAxME4Cg1uRp+g2JboK1mOffSMpp6PyMr,uCgktXe/TVaYUGf047Lw7R6lZVNhEikJuWSu+goaSu0=,H0nvypoFFglNxLdSWzBIm3OtIoHl1xO/GYzN7T8VrRw=,y9Eoga4z8e5IQ+uIWC8IwMehw5UG/cK4yonZK6wu
/HDRBW/Pc0u/Q/ny0gWPg3IkrpRNrAuv/4FM1zhvDOeHOQ==,qxShV2H6E+4BMveeO+SJ5CmoreTRd3WDMfdtNawWT+zABS1WqHo=,XQCslAKSDc1gzIjKTgc1/x9vUFT2FYUivFsZm8rwGjri9uDwP/kIWrstXSrk1IE=,4jkaQjmERoYeubtBFi32x/xblaUfGGzoL/dBs0pcc8g=,jRdGtIm/bshOacPeDHHeWADLa1EYfKBE6kr6dp+aAA==,bI/bXf8CgbfXc+WQA3xTjmO+n4TdQZqcebVD2RmB,VxqAxPRWtiPASPu6H3sameTvaBzKAhE/r01iUTVyphc=,RKNtqBVG9MSqUkJJHzne7PoE2HBMp9TKZVdgsxocxO8=,/cqmEnDn8wDbt3t1YkwbJhEGsmLWDwbtumjdF2nx
DjeZ4GoL4dohycO/dXcuDXzBzCr/c/2pxWHsOknnvD6vgw==,8mPkzZaLPdR5MErhi0MPCt7gLSQRmeDqQNRIzv/0MuOoaCwFJKM=,mUezmNi0UeJWwn6L6zI+CBCQqUdn79iZKupSioHbAVu48ZBzSZwI6s/Uv1aJQYk=,dSgIK5zhuB9nzvbuyn8/gdlycbVvQWDaUyYJMHvo98k=,4u6R/16wCOh8NyqHBuxF4HUkrP2siWdzD3bwnmOz4Q==,9meApNMrNIAop9fXcIxD1mUexJ6CWbyZ6URQx9tR,MkHDuXs6re5lTThR5iPDqr5r/W4Vyde5Cw+cib77PUcb,XUamj4WP/w0UFaN5/HDc+nfmX/ZAatK69sDbO0j5sRQ=,8IgUd+66D3G8JHoNZYZScQq0EnybCowr/rEcWQmM
tEuTU9lG0VojXoad64Mj4MvtlyaEN76ZTdrBrzhELPuOzg==,zCwf/LIiGUjHLL1+7oNgvqfJDyHlK3lGrbmwyL8xjdmqCt10aNs=,TBkwZ8vnJkhO2LTm9xLPCONre0y+cTBkcK/iAcC7ao9hC+Acecz2zmJwdI70NxQ=,7MKeZeY/QMSLgsrqKzwOfZuZBUxeiRNW/JObl3iekXc=,3zb96xHWg6m3r1dQW3+LgLpBqickA4dQV2XqFkQJ7g==,oq5z/Ce2F040tDvRYe3rwdfl4zoDee03l68Atr7G,U5a13LuA1ujTMOrJbbNyNUVVNAUiIzPHIWIGzM2LCG4=,JtERlUUSXxdV+LJOLerPJTRasqGpDPB8/bJF++tHDv0=,T4N61KzGbbAWzAa5fFWAqXde/AoZ4iIKuH8gSU6V
O5vHmiby0ZdkW5X0jnpSLNimDjkviwLdOFYMZVNHxfcGGA==,M1qT1tJ3vth+Zt2wfKMy9g08rvV5eOEhgygAt3PyTsM7GOiYSV8=,RXjAUU9v/wPIgIVGVKqRYq4Zp9ZcIwG/DAFFRwTbZQ0QRmnn97qCOlBRRCnoWt8=,5Dfr2iPP66hFgYL9H9vyfynld+mTpjXuMT+Jm+rMmcE=,S6UpTuWVIwMUYXl+heg3kyo1Ik1QjvJ90sDheDU7Vg==,ZPzJk7elx8lUJOrnQsSIxgKhwxVt486FVt6ZBwJ1,X6G5lPqaF8nQVvdWwZERf3k0qlxguwV3PfOni+Rl5k4=,PGZjwitCFQue9Nz8URsOIBYzAA9ouejOJGJkIoBd/C0=,Zv8FLZJz82q8C6XF6sWZRhX3NEx3QRS3Ye1oyhFN
Qz6dr6u57saurtTv8iDInGHwVdD88uGh9MINwDNJHZeaEw==,V3kGogfGGAN2mGKoZnZSYrAVYoMRhKxgVhjxDaefR/0QnraRbcI=,zaK92acFZqULaMDMDIMjAmAMQIcpI9xsz57uXygx9O7zFwfY0W2tFEjKnRP2p+o=,NPdigoGX1SQZZH4uravNCGOsIojfKxaU4FuyHwMoCB0=,1KcxUk58I3jcitBHKgYsYa4qfhaALowiJwLVxbhqaA==,n9o3a3fklPNW9ZSjLXGYgF64RUDihlptb749VLw5,XY5tFTJI9I0IFUOrmX8aLp91VXIqO0NyYWf01m2C/8o=,713OpE8eq3DHFgNjCgXvkxtS2hDUAd0w8TVlybTfJvI=,pV66wztLyg4DnaneZ2440zuNo4Hhsu2HQG3n6bqb
OLLbXw8JeJgZxEL1ww/lCNSJ6EzywDp/V7ZjSoj45/iyDQ==,DxRInPQ2K/5SyCdtIa2I30fpjOly8/oK8T4ReorQjq3e68FgpLI=,OU9Je8vlpKy7JW4gcztHOcUN6qIl3E27yJ1yoDEGlq+/UpBRNedrLbxSEio0Mug=,KCEeVgIuZuoGTTsxC9wNZfAp0sD+qQqlukPp4XFEd/k=,Fq6BGb8QMOXwbWS7bnxohNx6YkI5HoVH3DoCoTFgmg==,r3bGCYgjhGsjfnTxeJ7bkbljBEsZ6hIcFtug6QRW,844bGwULSPX3IXvKb6/0i12axKuYr7TW94gKoKZWj/M=,gBeGJ/yGbwqtDPiDmcMDSxSjSaBUv//xIy9P4FiJI2Q=,niFRoe+kuoo7T8KcHyIBxSIxne6F29BnHkBs4JQl
IcL8Uh6jChnLdm+lxhzt4ZnokzfQNwdQoIJmdVjsoeUTtQ==,M+BsshECSkMJgSe7t7sXtBlMd65d7iLnx8c/NPSSKizwg7SWlNc=,bLYzJsr80hxxgv524xT8dMHQVpgKQ1wLnz6Htc2mTLsVcBrXcCoBjmBcxx5mhN0=,87v93rVTZ81TA4Yj/kXN3Z0AB5UabwFSl556zWJvjYc=,GEybzb29UpZ3hj0X1z0kNeX2qrimxVMXNtytYFSzKA==,Fc62vrRi/qHRWDOE0XlnhcmPZ8NTe5NM9VvSYWi5,fHHZMgOpcf3TMplFN03wffKZ+aea9jyAdbLySsOceG4=,wXoCciUVhQK2tEAguJPWugzUDsKKSXirko5ZzR5bh1Q=,7xb8vaL/TxFtccEGcSFGYC57IyiD7BYSjo/mavvO
FtNRgquck6qq/mGoSv+z4CJzDq9roaBwWg7/gMBD4wmQwg==,8T5k37glNV3lbnevWA58F6N462rgtjme9PBNHi/MEFQCft0C6k4=,bxlIuETykWKo3wGlaxzfAAIjV9JAm868b9RQiVMjuz6P9pZR81ddw+QgIYQHxTg=,nz/TObdlh+xLwJpf9eoZm1A1d1XuXe0SzIEeAR4UpzY=,9ns114fsyBkGlFEIyYCqYw56pyDOtaQEfiJRp4HPVg==,Qgd4ur7NopWAMXeIH/5cIz5jF2uTkllEIjENtcsM,wlV99e932Ng1Ba6slOnTc+2cNifiPKIpLi1cjHE+fj4=,WCppgUt3VDw1zfsMsAdq3zxm6rhvKlyOWgjvOFT2ses=,ihx5YtzF5d+m5Lx+/nFZDj633iB/MCvMAvisLceF
gYkzyNxw1l+olNvIJGtvdFIWj5jGPpxg9eo7TgoV5mEotw==,Yd9Lq4U4MUXWYfgMK9h4rr2VOG3QOK32LpE6U/cbJo8bfJFn74U=,29Ln49r7LWuxFmJFW4H4/p/UPxpEClP7PaMohekVDvxDC7k47mdPlBao6Z4x4B0=,3BLKDG6It/SuuCpCvoBsXKRqwEgYmCDG9eMqXKMYgw4=,JKUr500K00VlYfbNRDbwRyNFKQL1/9gpKiMgc0p8YA==,2K1fP3VrY7h9rH4mr/4UDekaU7IkhckIOkTwWDb5,fC+R9KwLQG4I4pt+MM+gKN2riCKthVHAF5MFnHrwOpI=,ivQINBwLpOlDdYGwYTXQDXQqsv5ISK1J114N8XIvWBo=,fyAXR83xRYk/1JjYhRKOZ8K9ZD+VX4+7VhVR6hoS
9pyKnKpNauuSA9ZvNsT4t9KMubbocoY7Ofv0a5WQmq/wIQ==,BuEOh5KmKi6BxStiXYw6DQ9QXHhx8vNDtwwYhIjciiJbvDnIUVE=,2rAY9ChoxK1jWRCamKl7sKfccZkvUgMLqdAnffKZD6E5CoJMvBHUF3UH7ckveEw=,JYhq7TEtqDTQ4rTPTtgqDuYfgLZNomGbGeabXLcLMDA=,VUF1cDOz7KTerxXly0CtqhiI4fCpcWYsUPACtju1Ww==,sOca80/Y+nttqXOKQ6beGEjGdmvRMizv6/U7mIIq,PEKe6pcUHHiCBXOQW76Bcmgxj2tmdebx428ZPhBWIzA=,F9ah46TkRmLrSgbT7Q4E/QUtxze4YSF6rpuUYvd8JbE=,OJEKhGxGbOVqJUuxWXDZ5BCfflfrAsoR9QH2E1VI
JE4IKhPT2hGXcQ5s0HDuhayObsmMd4p7LYxDaNixGFU2og==,YSIUq2AeemkCYwLKfZR4pntcV2EkKezXlm6nvN0lYXuryG13Zgo=,YR0blnE1epicZsuAaCgS8e0h5ZlfkUPlDKUmsr+bvR5D/N4N2MtxcpaLruEFne0=,Snk0hEpHMi/2SI/YRZ/w4JpbzPALt/IAv60N9WBrdTc=,+Py6vZUUKzU6GwzNDYPIVca5t/VivXhafdqJZngDKg==,+TF/YjN5NmFtonGyZEWYYDW7NchPyhmC7L4edPPf,10TW6x/HZJE40CCnEOr2C5iwnV4mfyORvZ7YtHAu7sA=,l82MnwXDaWfO8Qo4NYJzZ0g/ZcD5BRE2zU9KoHEE3FE=,IGhWvoQv8fWUa+/UegTMFB80r6Cg1OTQJ6l8bE0r
jn+VlKqBp29KfVQXliXeSg6WDbMuDlYMM0IiE46WSW1FaA==,x5PK2hZ6+7Jzh9QlhyBv9CJerYgyRBHSzjpEScGMIQ1RHAGYJJM=,R8QDFhDGY8puQgPpSA2PqNEVeEbSbix9t7sH2EK3KE87A4iJiHt7Cx2rxEZzzFQ=,GTRu97ujywZRXL8a+s+kBfzOB2pDcQoC0bDBkhUMXhE=,kzVxDKuRVfKTRt9M4J84oAeiVqr7e6ofa89rQcTV1w==,zLFuJKDJQt9brxOd25LMnIl6FBBfsVXv2wSb4GkM,IWBCQBsc8Ryv4i6O9bAPA15YtoBydv4gfcWUGd7ojIg=,9/a9hdjj7JE+snNClEiZGP9Bc1XXIEv//5nTYq+eU0U=,j9uiTIYCGCXYwq2D/H1gObSgLSmaE4ARI+IDyHyS
ZkSec+NgGxlWMfqMgnwOCSq2kQpy1UkuJZKz2hdf1OVzxQ==,T/hcpxNHmdILc/p1iC84aXf9uDhzyMxtPPaI+GL2L9RSYBS7pTc=,LcTlMwMQtH5NIytS8h4pw32N2sWU/RVh+ySlOZPmQYXsvICM21Y6R+tC0WiKwFY=,aczHx9PhVtb7dr4jtkwh9VCA2L5jFI8rbSdX48jRQAc=,/6yftBdfIcvho+fS3jhi9D7O4n8w4ASGNPuD7hH7Aw==,BBNFTklzUTE0CWcfWuYTccgK3PycYudFjPX9tvTV,zfBKkPHWTN9iBv/TRA7JzFdJQtLFm5xH6/EgdNJ8Zvs=,1p5toDMACEp2+38UYGvI6dVNeA04RllHypVdVaxYkSo=,4Q+vYTIY/g9elBX04fZsa8HTpUmS5Ad1473FE6jZ
TEBODqJH59SAxeeawTOcLX+eztsmsY/I7RzhY+CphxUUMQ==,oUzF0XTp+ytql0Y0NpZMv/pYvedLDHJ2/lhFyLxivwP4wmtVJcs=,5uIFBeMuTX9ctPyxOt+0HgPfcGY87VdllQgZcSEoM8Ru5GJmKIJJdIoqTb23nIY=,kX/QW9nVMxAwou6oIlQUzRAPKXTujWZF344kH6ZN8mg=,dBZiz4lH8eQKOdS3K3r+NkTaTo3ySEkSYVHEHLiVCw==,q+HUezrcB5Q1rrObry3L5q0bmXmmXY1NBwfBynXD,Tc7CR3tllWKT5EPj5S0X7gAlALKbOLu7R/0hCmdEf9M=,AmKfVEM3VFsFvaBVD89ERWbpEvnWXP9kcmAddW4iH8Y=,kRKdtDfhbutvff/f+FEcD/0MdINuMcOhenMrX8/3
QWJou6ODnJjVDoDPIa7zXj368UlKGGDCoGQVxqr6w7v8Qw==,gHXayzlrrURynm1SdfyCdLsPQdzef7dDDbezy9xbu5VJoJJ+Ih4=,I0bzevpdAhDtzPqMDSJwtzH5hU6f+ExBO8yDyg6ZJIZjr5+nOOHj157dnk8RJdo=,sPVU+JmCZN/4T9LnZbSZ3jdhP/rPIlDMN6S0jfF3yhQ=,h627vEvYxucbuF51rvRuhOQdQl95U/udYJmbIgt/Vg==,PwhFqil4yjiOlrbTPDx6crmQkWMjsmywZweIam5e,VoJWSKYKlxL6nKNohhV1cL5R9cP52M3mg8EsY7A7hZc=,G4luU8v28oVLU3h7SIRI/7X6hCMGqvMdKH1bao9VOXU=,Ni1ojQBNxdfganp2oqKuxr3XnytZJWcHVPDo/uPO
gbVvSKWFa8GcH+owmrQGp2Sn2HkFHBm66nXuG+uuwP3K8w==,lmETrPgyU3G8kB5JVXELR3dX/RMoH9MBqC0vKWiOkUuwIcgNMXY=,+hSP6CZIi7ZTKnh02IlWzs8ok/+yeJGhdZZhFhmNe8w9BC0QMUJBcEyhb0MMSeE=,pSpk7bJ4ycV4zf/B7eLzMrIyhOwFajDp4QM5tJEQGE0=,w3SqofOnUOS1Fj+k4+aM9MXlW+wIN0aY0kXdXjzFyQ==,SV1QtbyE9z/8XoxrDN5PHz4aj4KBo/kb0p8utT7n,dIhiBAj+Y09v1lfzr4SbSsWSCWs+AJ26qiTOpUGN3DI=,RzoZwxaIRW0zQ3WM98RkwPjZlfCKkg2MiqQnuVlt4No=,NwHVwFzYwB/CuhBCKNVH7I9nQttA5B2excZYY3/u
DV7Au+QJ/nukNqzfcC8n7/AB52qm/hi51Ty4wS/I0iv5sQ==,qMRO4BwOC1XtFR/bpbtyixnDyaK7t8ASa9bL2NB49PjbY1OSYgQ=,APmht7ySa/qafIdkk1ctCgc/dnoShZE66G/XUI6tQBcbqGGIjHz0AwbP7zXJbPE=,eR1PjxkoYacZ3QIAiKdipGKSUZJxwPBseuwbtag52Do=,YHlt7ts9iULc8JoaetElZM0L0ubMsH29GLkXV4W0BA==,SaowfleST8D762N+LNthnG5GZUU7uf9qX7ABDx02,ebzERCHvcu1j2tJjuAYkp8otKgYvjCWK/ESdV4yohxY=,HeswsDGx9dNleYl2IhRz/mKUpg6NP9vnJeTdGTvtHsA=,hVzdjuvlvJiu09NHSmi/NQADCiRuFSa7+5RcdWF9
7snuQ864gTqabBbJonK4Kvox/vhfbTAT4JH0EP438ac5wQ==,B9yCAVNSnIh25fQB38260AYOwheRllvF2ZvL1CiDrd1jrhouLec=,VYeOgdyLf/IN3VuVXkeEPKd3mJ17MD1waqPxePgA3wRIdW7UlfEZBkZi8dil7PE=,BfWjBOzFHL0ElxvWslxtZCE66Pr2w0QrbydNSI/FRck=,j3sEp4Yfc5K09YjQV7Lx3oYtx2fes8ZA3KbKOHIzvQ==,kqvKUX9lq5QvLSYKJ01SPv+5bq3Kiml+q2DJq+jW,JeLmm4lAro1Ldnc9lB7Kz20Yccan9suEOv9dAXXxMSI=,SywBZNnr6DO99QwL0Yi0NFCu7x5e65sumcrBjbxHstY=,PuzlhdEUMy6ZXFSvpOVimo3HeBLKEc108MYFTDCk
ZW3/FLGD/QDBkMj2cdILe5P6J9Pm308J6w4FNAU/XSzcQw==,vvJxkrgfzVBFNyIanuKC88kFNVJ3jT7vVIBwMpIkgekNGb2Xz5c=,nQzjtnM3rIbYe7hPsoEdtu+N6UP9/lpKt993PbxSXuFNGa8eZS6Ho1N2DloAcCU=,3HCoKbql41tRQ7vVOAVbiL/IpcZA/BjGoR375lKNY08=,/Jrq+Mw1lnC9aopTYCWnYGUPpSFc/Xkvcd3DQwMgHA==,z3tZZveEqfvi1Z71vyeIu4swjDpHBxb01+cbwg27,QN0fzkTDVpvwbm3A/H8pRoJB0GAEqoCN/EzYsin+cfg=,UZgn/dSvq8jMnXAEg/zyLLL3P0yNzmn4a5uvdVqljMo=,SYVP/uC2OKeYkt6RfjLZUx0qCieVWveCgr1nT/Sx
RIsVkUL610cUpUQe9UeW45kxzI4hy9gb/C2tf9zfEcgsow==,i2qfwvt0lIKIQqbvo2Tp6ipLQ3GdKTIlIy3twEWxndHEiZM3qyk=,GNBlxHudE3XU451FezMVQe0NN9lfrItMdi158XhB5pH4auNandJKRhYCGyKzetM=,aDRFFLUdQh4XOCYbBr3O4SjBpLj0t4gA5OJT8C+Z06o=,Ky7BNyh9lxEVuwkCayCe53wLQCD6Qc2f8PLptInACA==,EUmoUiOMQeXFw064I/KbcD2MYBH0a2MXRACS5xG3,TrHdPhcGDHiZ1xTxUJADBKU4ZKnxr2i6/JDqHHEfuxM=,moors7bcCNXQ38n558hMG3qzleSk0Ohn44zGqWZJYn8=,YS12gVHFCjbMQRk+0cy+CBvGzWhzoLrn3XIOrRe8
aw1ahyaM8paFIeVlrqJ8OmRVIwt0Iu4iBq1q9fNt/7YAyg==,8ucTJm1hWvqpFWPEOiCsEiz1UlEO0QhhjPF/leXVYfy1ZeiRR1o=,Et37MZRZuv8kkPw0cEBxKc3KoT2OUjMyxw32KZQARrMTGpzaPLPcw9omESPiJFk=,AfaSiLh2i1EemvYlZaRWDbXrLL4rcQxZwhGyzRSaTCY=,PuiM15FFUlW8R7MR+9nmpkWFhFlSx4KcC9mN2Fmjzg==,BwOTAU9hQPvvzAgqDNVC9Pkr+LbMRjv1S7ULBTKk,PHpSgbdSLGjCOQ0gnKsWD7iyJMOnIY6pUuV9CH+WlLY=,CnaPu9iywy8OOKoi9+3z7P3sx74duGwACMnA6/DrcBQ=,vZPGvicO0wu9Hmky27FcZ9bIsFnoTwOfIGNC0A3t
vrIOVWo3VKXVlMp57dwnxqfJpEkqA/FImo/ZXDAqPnHNyA==,BgAvoBlUSXwmCL87DBv/O0bmXm7RSpHX2mUyoczPRe+VesAloIc=,f6JjzpvQhU7bdi5QsDRk8MFCgBmibnEOUcvOLemQNWiyfIZUIkfP5UtcxGsKvU8=,Yhtg3TgFxDn/JDedjVWsBPyARL6WVrfqm4ii1AOlrk0=,Qt4J8mCYzfjjwuQlPpe5QsMIs45SPDVYgpuCLdu9Hg==,a83gKkzj0TGKIf30gRkLQfiaglXNBI1rILtg0eI7,aDLBw2eBx+1tTqTuUdVcblAY0UKJOEQKJMuIN1pUA+U=,a5C8+ZS3G6SDsmYEKLWB+IrDmwmci2xTFB76RDIKJmk=,3jZvVzuPkahp12mEDb5ipa5Xh7pSUD+gnZC5GABe
xf5/yCnnA/hKYvGc/BSu6f4JJnclau/z4TdcEuwUPU60Zw==,c1hIT77w+d6r72LRA+lB8iXDqLy95HPVL7C+KESS6lJrOQC/+cY=,/WKCyuV9Ml1UJKv8FAibh+humvWQAbcW23D90P7U0i1dcKSxr8yhQumiBPY/pgw=,VCZiEo/UOgzAv88gEHhoNSvrkQuLScP+UmpUu8hlcCs=,7Y5u2WcY1csbLwU9tneX652Rz45fxWE9hAgTJRSQUg==,w/VBsNm6lxK8Pa9VJhT7f9PW42sa0IR+J07scLv7,X8mbeWRbUoXFT8vZJtle7I1AynZL6ib8iN+ErmuAcyc=,YZjTNnefsaphw8Hcc50IYSslkU6f1a1Wz80oiLOd+2Y=,BslPuMoHTzCkr/s82qybUDIqfJF90V9Zr7s2dJBD
Wwjsr/I7LMEQXFIfGKq1xiKff0mpO//8dUy6OWYAet7ryg==,0YgN7mN8/oD3tnwBRb5S14QP8kcIj3z6Q8lhBUZGqr16/Sq9DvA=,P+KdWZpSn9a5gwU+6QWchmDV5kvoPpOwLyBp3SIaNZOW+pjZR2WbPM1SHPrQm8A=,4sBNZHYT4XXwitAEzLDwYogSPF4B/sqKxwsEtBTQnEE=,85Gtdl2COYcpotupFanWVOdsQDt68Yjt/NopE+8W+A==,03GqWrruMhxiTEjPFU0RwYLiD2xZsqpsWJxDGHh1,Waz/S7Zi5xeMlnolW0Qf6WfQKzyD80KLzCrAXA+SR8U=,nb/3OBBlpdRMCRVj2EcLJTN9+izsv8YcOLUFrFfZs48=,+BS3XkaUoPu5K2MgiuCR0A14Ose5I7Zx4oKIfR6s
ROO7t1xweHbEYGo5Y67NPXjtlsGSVyA5R26aXj1X+LseoA==,hu2xVp3KvCAqUKTAIEMd4ebpa7m6DRUEsgZKz4B+Wvi9vrSNi4w=,1EawUACDUdPKD2VXn7xlUE9pERj4xlF8JgIk+efJqDMXb1w2s95cU3eo4MDPI4I=,46dJhiEY2ylxbFSuVnRFfXh3KnBSMwfVJolvPDO3Fio=,9DEW2v01vcjI2jfsVpn4mILzx8nQDLPx3hodTr2esQ==,mq+RzT3UMIIWcCz8QiEw6gmrtaJwVI8eW+hRpCeq,mudZNQgxsw/OJsMDDTHlw08GP1+WyN8lrRSRRyhDyO8=,Rj0dSJB0PnjmolWNlRDkVDZyWH97EmLUFofd1gy8vzM=,3ebgbdkk8NeW279fCzZRQKhcJPwlxH0WXRIClbAu
5AKb/7PDHOscJau59vIpFekQa1c9bWCDJBP9vJTbJueu5A==,5/yybrBrXMlFzKliEMzTk6vIoUrqJ0dUkW5dwyN87B6qzcfo1m0=,rUSnfdqWZgd6cnYBdeKBiUBwuEQhrnUrgQIaCuKJVVJS1ZFkFnr+BNzVee273/Q=,ubWJzKtZeBWEN6/dOphMo/Q1IDrw0sjtUPJVdpiqJFo=,6emCD8xsYhNMCoExBu/g/bZfmkg0/vjxt+fIm1+r1g==,odxohq83QJCtz4LvTxhvmYAd+jfCW+Y+phNrT+vU,YIyTEfU4rRq2qXRoVsTI2dk3B1THUE3kcjvvIV00DKI=,DB9KCjMcSkHIF25nJBUSk4WspRi7Lmj1liQxEvxNewo=,HIzFMhz/ygnbPfGtElDuDJq++75zGXczUGSXVc1p
qLd9cqkvSn8bhhfQRmKNbvj8QDZacv0mKlgt25V155Ywuw==,4QzSGDHWxUsxvWvA9QiBqWsV4m1jBRlTPCAmbibC2t9TXGd9AsM=,AXUsCAVJi7mK3EZwROObEXPBDkbjvfkgJnZUUq5TC0lGw+DoSXSFt14+8YQBBH4=,BOFuA8Vg5gz3d/rXp0hHZt8pt8nKb0KmrJnH9NifDXI=,nwM2DLNCQbgJ3O+FQgcb39mOfhMDOjHmypkseaLbxg==,FejgiKMXiwWcHewQIPJC3tfQdvmHzKk9JiNpeae0,lyqQ6d/2JKe4IScMmxSxvFaTwRxqMr4mZWxr1gZdq9A=,0g9UNcd+bIEChDTp0RaYKEjZh8Nz2H8BVBmrUAhuCQ8=,MoEtR6jzfrRI5R6Gt7mTBfiyh6JkV8rgokFb6loA
t9uD+oRfcnN87tk9DwD71wTmfOvspbOHuyuQj91HoF8fDQ==,ksqblfcmk7l05+Lab5hySWURvXa1dKteKxOzENZ/tKDop/RiI0k=,8ceQP6DPZw+yU+PJWxCG59/GaAzCb5RzbaviRNHsE3iwW0QNzWvr1tI3luXjNGs=,j82AP8PSNeN6ChIuSbGKT3qZfMMKj0wuwcZrQfTTJ4A=,CBfNnDvMlncsZdOS6Gtf0r7iLsU+VLo7S+nkVwf0Hw==,YJW/0/kxs4CNiO4VE/9ZyI6LrA1HitSy0FF78dp6,2t30Z8rRSJwZa9/I1t9CXOv8pqLoKOfyx5jmKVGcYFM=,2vVAmf7bfiR8zn/I1AjERORF9a1xBC5Le47PlYW09W0=,mPPtbAjSUiFVZIrb7v67vhcYhp61PuI812/IJj0O
AP+JUuadfYRwHopK9mCnp044gINPd8wt3EbWc2itwphXKw==,bqQZivVPIfFoz2gxL2cwexNlMChIGnnqIx4BZl7/XLAm5wuZRjU=,WgM5mAgtq3FbjLm49B1nbm4nUoe6A2NoCj9wgbqI1jkFY6GfpZRVBPpNKoYvr9w=,YgdXKJENLKxOJLItEQawqtYpxkNc7JWP//or22mWnr0=,QE8IyJhTeNshXrW3HQFuryo86icHGTedw38NpHfecQ==,+Y2LYw31//zSKpw4qYT8qHoNslAVsZf1SnL6BxMb,V1zQXbQkXLMskdoCqVI5oZd115l8Ja8MNTTS4dP2WJQ2,ch18yLNsCYcJuTh9FLXuXfPNn+342rTl+kxG3A7Fx8A=,ZWiAkS6h9GKGis1gxLBjZoo9/XJOQ2A8FbNcsVvk
bNUbl1M98fKadtMKSyyG5aYOSrurQ1zJEd89u62/vPYHdA==,hQpqQKoL0D/ZJCwUG5xXaFz6d1LsL0P+3wWhtZQH0IthvpdaCsw=,hfG8q8ifkcXiIVAIwBLISCvWEdcUKmARYG7VrYG7ttvCbhSNja5YknJqfgWwMHY=,U4XvwsRLlsMd4tGcm/pgteDhApw1x2EfPaI8Xm81BGw=,Makl10W3W+GBTOvVb155vLEaU6DUtS105/BtLgvVCQ==,XJheQVZK4v9jqr74J7ngLp9ZU5YedIVCOuauDWyB,o836G+HZ6MYWlTUm2pHoGlvv+gP2Zgd8WARksMr9j1k=,C/O0t3mUN4cfw6Xz/Hwnnb/jrxbviAdc2CD2E41iS8k=,RDzgFKFfBHGIgidAFGeZFcIAe7euIeppTy6ZETUe
KNzXyphR/XbgxW8fShLbu07bw23kAF+yl33/7Inn2G2Aiw==,A2It4Sk10uFFekleBkixgtLPKZnBkqMOXNrRJSGc3yqYAHpQigA=,M8uCRD/+0pyLYFqAXDSVknsBPyz0EIssQmRcjnSFCaX8l7oSQXWDM+tToUCAnI4=,nrE7Jzn9lHx6hDPceNeVjNDjFyqzk3kyonbByFRx3zU=,ZNEtVx3U5nviYADrJQ3ExYNZcU4XTrRc/3oA26PbXQ==,RUfK/T2dbzFLzYQNRqt3n3wAs2Xd7UVqG9+8aiBh,B7cPwMLndcXBDUEOXc+WXBJuljflYfx0MQ/rEHN6FCM=,qAVLeAFt8STBs3J2nFxAQv2cpe3MCNNpljpq2Plx8QU=,lUqM1sXbboXzmVvggbsqls+pNBSx//XNTmDTKLp0
lPpw+/LOfLyEtqV2951nShMCi/EGVOWQcXnNhIxfUxaP2w==,K6xfoDzUQOmbZ50YrsfVov2baumbkshVz1OmajfbFaioBqgLFN4=,Vz8EP/6/vzCJMYuEKqs/vuIe4GtYHJUR++O1q3rf/BzJAoSDcw75tmXTmiSQ1IQ=,3IU/voKx/A0vHSxgmLhEITcdD2xjVKxgcr2fHTHqff0=,xjIm7DtNKXtGCl6p0WWanmrG+H9tVAZpN7xokjigog==,RFlI64hE56RD5igNMOg12RB4uWNCxHK/zmyIbyL7,BmFOFZssKlA8GZXUuVufXIMI+3PT4CF6ENqY+SW/I9Q=,9SEJ8laOhCG8Wq8lzmP3RMKoDz1FKfbhc+DYbHDHPz0=,OcnYRW09T97plqkOhVVZevFN7Top5BDldXEUq2Ka
pR0sFZj9T6iJ4bwY0yR70cxFtenlJZ05/2hLBbSJFr1jlA==,paFzxL02Y0gDJHAnX+S2F/vwF89WRQljAxZaAwCFZyoShK3okDw=,kpqF0DjBUM4hSf3KqJFDFwMIVyLdfvLYKf4tB1LCXnCR4tE4JEgRTvSck0Y8G+4=,5+IN+VomGAjUXuGcroPZZqWMOAFNr/NetDNXugovBM8=,tD9oCpqtKg6jGH0TnUmaK63q4umsZ5f3Ps9h077aLw==,2mKmSzLJ9OC1HvNBXLlr6D+LajVFYDon8YaJOcn1,UCy8poaoBkqjR7VKPa6wAKhoxRRy9PULguoRLaoac+o=,QPUivrCfyPvelTYgCbWGgbLF6WhgUZWX0MSz8QtfLuQ=,fseOB/qOdxXyobtIMZYshk9bD74h9Mjna6MGLok3
zmrMKtNLrP0BTjw/JSITCzWiBu/gMq4SIzlAIgU4cmQDmg==,R6Vj9lUi7dpIfEyhvSXB3cAYhtPCoHbrFIiqyRkMNiUoO4OOVZg=,wZsgNXU3PRKS+RKZvlzDmyOPQ6gCBhRU7BKqxt9t1Uj5ANLyWZaAyx53TB0yRvU=,8SJQgP/febsepm2zXXDuo//yf0udmGSiABxS6GBTBlI=,IP39yd4xtsjX2TrMCjTIxGdsWaKci2ZnL3lLXnlpDg==,bt+Aum+lnVYIOxW0MYzyEpTp80teCJbpleFWivOB,NFUl5mT68ZcbuMGpO1vPzDzKxEgXt88tdzYGsKj/0fQ=,R3oujPk+mzS3Uoz/StbLQzV4Hh/mEvNIv+HlpQG7S0o=,w5iz18QY2UP0z2NUF76WHlJ70ocjE/msK4OvCXCL
7WyCCrUXfx9DWngwItp1AERMRcpAJIotfmibo3q5hqgsNg==,HTLgANuL9lWIOF9uqPTMfGNxCtzj97OM1MuKzjoNEPd+2pAyetQ=,on73LM21IMeNtL1WlomSCXNuT3TD5VE6NPgY7b9zfWjE4MQJtfjBEErG70/0260=,6AipS11zdE6EQNUOYpqNNKddx9U+Pc6Qi9esQbaDPRU=,iwmJTqcV7vb7wduUjiUNML2zjKdBN9fNGHLelSOJfQ==,nBGF07ivdHHgWAA3/4Yto7lq5XBfKHxoDHTMOCfc,r6FHLGYrtUmZEzD2Oomo42Y1yEvMFEPyGVJy9NZfFdY=,LC6vS8MVPqbnowiOL4MzE5GyIWpo7+XD+DlhBDS3jJ4=,O8kSCa8oSGxRxgxJWbAF/68HMY93gf0fAmsbAV2P
KfLXfgH8NrZY+xbHJTyp+vx+82g6q2FPErWv4KPPFVhDgQ==,eIpczXoshy+oqGvSVP4wDJOGDs12zDmc6BIY/sWrcza5tkn2AxQ=,0nCe80+F180ma4zaGs47tuhlQsU8qWkmwbfNhlfsSfYoNdZ0+/HWcBWTAPod3oI=,p2exneqqRWE5eqeGzWkLx5ycyBHBSJJvlQ5sxr3OYTY=,JREZPHFoMe6+ziLyB8g4yqjnBHzv7LDpkF8vBeIikQ==,K6s9Wq4TeNY7UdguZo0l1uOLDrAAbPSPdXDTFIKk,032NHbkCohwJ2iaWo3bGcWLut3ajoXFsJAiu1JYXK5w=,cgkIGF6HhXjA2s15nH2pfDrhlpPemWoxrzQ6/llKzAc=,Xk+b+iXeB3VQWZUu1skBjaU3z7oT3p88Cl5iaXFy
F8ePbqyBJ7+8dNdW4sWiFRaYpyL4XIKHuE4mD3ay+cz/qQ==,4AIvIOFbU0Mlrf1BRpbldI1ejQ/NoVaPtd2mOSIjMeIZN6TswMU=,J40/xnA/4W+rqGB7rmQLjW+emWVVAELz7H17OcbkQbn7I4v8JpYf/fGPCBqYA74=,kvQl9TQKNqCB3uKeMDwtkuiUOFwqmVspxXnDVGF6he4=,tyYTFsI88kKUYFNXkNe9WhtkqW7ed6UoG/s/YGyvow==,KXR3wywidEdqVuCOqOehltJ2ktLyoO8gjRCh37cV,5zK736ePREekSnKev/agNRaKHyYpS5yvzywgWkHx64Q=,QgDah0rGGsgoi8P/jS/1hrx9VDijBzczbzLIjivEhKY=,gQwFp7oQDQ0SQfSZBHYfTks1qIpx4IIK/wHOtH3J
r+UIvQsyGHQfHvw66oW6dM/0GAhWhDcvHPdgEDcuxqrp6A==,HqO3NAp6K0DndwXtIwtRKyCjlPQz4CIGXVF6TQoD6r2C6T+oPes=,42fIwQ6Tf4l5vyydvE/q/hKIMgi8LYmE1jquh3vPWmj0flC9AA2yeEn97XAxhTg=,PKl7LQ0k+Ol5YUj+wS/4t1YsK8OZNA0InLLPyDfu494=,+PKi8csrbX5zleznSfCS0EES96u/z7iFtxPv5xWtsQ==,AslOoBLvhdCMJ2uOX8vRu6GjNjjVSZdzjlKu/cZ3,umIMO6Jjp7K2dk3L40ctgA7jkl1oOEmt1EaznJZw5W4=,t8/7GTQH0ToLCuTF77JfVDPaoEj1OPF1um0BOG9E+As=,VW7YGXlRrvG7p4YhVrexTXKbqvzbPSdCNQrGC0z9
o0dtOu8jeLPdKo9OEevqgSz9URVhaCaCeRuXVjxJASSIMg==,GJjjKccuL0KC5qYqcbr9aM6q0CnuIaoWFCawmTP2IOvWwv5BbBs=,No8ky4lfkJg0aJaSeZMRVGWaSgjhJvmb0ncuy/xpm09FtM6U9qIXeDBAhdpzQHQ=,w78F5sjp32sSHVdKK+e7b+ylGdQv39v0mS6pEYwthbQ=,6r7t7vE1be8Qt5oJL2W8hC65sTnyGz1/v2tRRdw14g==,f9gJc2dOklByRh3hzEuSshjNDa6JRT4zULpVaJRe,bHfXiKvFSiHpr9p+VUdOfmwqAiLGZqrcEozUP2Rt3TM=,pm/lDDeoQFGK8ldtmo0kYo6Aew2CSGGerrsXtqK4g0o=,pFjIxkRmcGUfkqg9xbCJVXWSowY+VOmgSVFazaPb
Zc6E5oBZT3RK6/Xw+LX1PVCgXBglBzNu2B1yQeAtyk2aIw==,+0G7I0SHgWJm6ZkdL3IZ06HO0FUrrHY8nm7p+c5Le6nvQMK4vZA=,FBTQfsTRnHKdab4Nn0cvWVe6Gq1ickarv1PIpCuFCCxiBg73aSRJVay3izVPXNg=,5M1sXxdZ76gpOrfpq87X0zPyMByaMeoWHygXh3FvT1A=,4Uy+WJhuaauiGbFNAo1Gl0zFu2Gr3PdzrIDWhvt7xw==,uL+CBixSVRggLV5b287Geptvfpgcmfhb0v/lJ8Nd,IuZmCqniDQfnjcAv6kbqsk+YDO1neI2PL9pa3ZN2y3k=,WQYkKP9xOU457MScHTQ/tIYVDp0CeRzVv50OfClfNwY=,mbsDoWj07PmTqNa9SNs3PTZ739mV9EnZ3FoP1wVM
my+jweTetX2kid8ebsGhLhJ/cY+pgwzY7A2Ma7ZiJMo6FQ==,RKNU/XWjj7l1yVW4xiPXC7SvR7iRLXjc8e6Ymg9tS+YduBKhSyA=,2Blhgau7iIHPglfIk68cg2fo5DiGNXMlsQYzp3YNoTk561bxjxhs0ZXMxf6O8lQ=,HuLpMNImpSjK2PZ8PYOopnRy6IpQx8AgREptHXFTM9A=,BR6dRBpzYTkwz8WjqSbvsRYN/2CZadfQwS3rF7bEOA==,m4SZyQ9pfIHXwX3Gnk9X+/Q9tDeMUujU/pMNl0Wl,W+FDpS8AEqHFgB8MLOrU8U7JrgPJ8JQOKSbqbNpLCQk=,R9Q6M6+Uk91j0UBQqwwEN4L1mlJf2vgJZMqFoTt1roU=,PgkzzNPEAoPFHOOm6Dm6NQxTQWA/dg+oThuYF9tE
Grdp54xanwOzSBXu+72UCHpR1rCneb2hffCh8Az3FYI2SQ==,0ANVeGP/cKXuYRPyy3TKG82YVXpUQY3wEdtJx7FdyGFyBxFeTBE=,sDX/CAId5MFSeFYToMPYnrK4I0xCUFhUYwZbn5P2keeZTWLNAKTTHBbwt0Fwn0U=,xiUXkvq4MMnjscP5h96eAD/GNZfmt38LwgCeqotS3+U=,npPkdq5tR43n+Z+syzIR1VzcU3yQgcqoUxnnNz+Oxg==,hwXvJJ0Ed72GQzVPucBWlcoVxNOxYs+lzCQ4IzGT,QIJ3iKRAWwYUsTzRiV+twB7P0E2ZzeeZkCxWXxygiqM=,wkxRgMNgaYq6lXcqITcRQN3+RbES47zrsa1Egyo7jJc=,C3cLKEO7TRTxNDzIi3hec3mjglbF9M7ehCkSQHI6
lKntKoEJX5MgjfCqnzM7TC1F0fk5VesAND4FzaatlW1kLA==,SAXudRzm09fdh+fsGmF4T5+HCWSvOXM9VHyZHftLITTqq3A84AY=,Gv+SpcKGDNypgKAVIiKnZWzbOFBtba/k8dQhXnLNC9DS2n7rJQSS+BOVrf/rqxM=,ep2ccqlVlikR2JedI3J1bp3rg64fw/4lIw7UplhLVSw=,+MUVcDbXJZEcZn8jDYzNqDHUHGI5yBfVeZ2YSKXVMw==,9jx4iO6V/fV2wCD7zIn1L3nDZWuUR31G2GLt9G1v,ku61NNS9k3S+n9bkeF/9+dPjWOxQaUpEGCxGN0y8G+A=,eoiXq6P5WyYUjxCR4pQx7jTPidJf40fst6t6+T/LH2s=,+qV5Y5f1wNLpBqyQLJsiGfMUJNMBhHMkEAC95Kuo
lJ99x0sYJVaQg+GlSVvqxUQwAbjah+n0MScEqf8EZ8SoAg==,c2yrM9pmCw1Q5hv6+64XeE90JuWsGkZQ+EeleCZCzQTtSB8S6RE=,AGYpiJ+XVv8/l4+s8hwPcf67dB9WY9tjP4r351Gutv6xyXl3HYl+/p8Qh2eVsO4=,DeYI3Voot8hPTBRVpQ0Ey3J/kePnra7qNiwqDxt3hUk=,sDQ6fGRSPtt11F1rQnkO+Bru03Sa5E/bkku11w9Iwg==,6pw8L+CElDLOEWYQohFIeZjAp43UXhjUzZHhBbij,ZCPvHqBhNnr6ndxs7yR4M4e47+e7VAi10nPY1U7tHwQ=,S7D64W79DZQHSilP2Aut9OjepqWBJuYdLi9aRhjU8PA=,uRjNNG4s/qVC+c1w8NYdbG4qoqAfhG8Ni4WruvHZ
gWb1dbUOBuZ9Vhkxg+Fk+g2P+Ct93iHtZ9c3Fu8DGjKbUQ==,GR4+hwIQM9CfIlaNVfCUWc1zrZQ/oTMOtp5j9UK2PTFGHeuBrwE=,/2KzUU+kNVy0/2toHRI4WSECktrpzUhbOIkxO/ACRU9UiXxvdLMjVIB6uACFUY4=,BM+IxqzTta8QFKcYbV8wMHPgOu49+v2preT1cTl3SSE=,3fzoa6czGtgMWTQwhprxK4ww/FkPZI7rveXIcijvVg==,NZEHDvBe3C1uzOawChpyFDr0cx0bEnKZ5u94Cqzp,FambNP4pApWgh51YAZdQWAgKMn0Tljy213H8+PZHWTY=,xhcYi0mGsAYh4baw5LsnsY1m8ut/B+lSyjPsrZFHJuw=,rD4TvnuqhcNqOdWAyoVfVQ7HXdx6yRJSrpjbjyty
zDcHY2h9VlR/stzLaoEj2fHEy+X54tHc9GUiBu/ko9Y0zg==,L2XcJwKhmSEW2dc9QNcEODgTMbcFq+K5hznyl3DRPLkpHlSco6A=,/JNN+8hfiY3xjpS/v6SoApF5G7HDdx3zPJRzY/e929lyS+iAdvBRZXEkIMM2GhQ=,G9SgDY/pFBOrURYBg2JJGLzus6Gok42IBKlXhUG+A8k=,fnQiOA53GeyW7KtUk7w1SkVFPl5VmzzkyGc2sEU3VA==,dme3U6zGaP1uQwqeQj6CsiEwi4gxn/tIOuCnhpdL,62DXJIfHTK7tHnnQPc/pjO1AAR0EB4ib3iZzFU0t57wz,ScbvOMNNsW0ondUqyDBBV7eFepd07STASy9+KxyEoWM=,xqHNiIq77xiaGgzioPsQY3sasimS/eyoIfpyZ10B
3berZhhK8QrtT4QLiAib6fozLQJU7C920uxmK6mX8KvPyA==,iDD9jNDkyc7FvjSTtyEdJXhYMFWJsUoK2s5HEWAwFVcrSfdsOIQ=,ru6nkPOsyHpVBvnIUYT9hbvTTrsiE8CSmslWHAKw2SRH1KWz0Dx0iQcmzsdaIx0=,Lf18YnDCk2n6jlrGvdQHw3n/PcwAViRYYz9sk6wjAAk=,EbZMoRcYrek0Q3Bd93WoV6bXGoJSPintPtJkGSk/9A==,zFtm2hv3h7omjqR63hHWh4xyyTlq9gRv86/CXrhg,rqo/Jivf0WhDndxjBIDz3ii0v3cK5MnXVxIA/qTs2EU=,aeTJTgAh7v0tDHlIzMpXOB12QJOoPtADxl0eFg2YqYk=,kuYYJWz7GkuOvZWCFmsATEqsseDLvrkuudmSIPdO
rYjx5GqywDenVP8uFMjYxjIJ4oCvpVT62a1LLETDcEySTw==,JlzY5uGJkOJtQ6mMNDnsF9tCcknNit5X34SMDeXj1ogEMmOi4oU=,oIojOs9CfRgFYroqq+J6SMbKc2ZHprHA2ISj+yKPbF3FYpgUg0fbWPKvDfIQT4g=,Gku2fwoZM8X4fgU/6ha0jHhMNpzo86MnnLXoKw6HgUQ=,lt3nq12Rb/SdFwQnwoHUyG0LrLyuFiffrEnDj3YtTA==,MB01Pcj5hwWrZyPhCLRpMQzM4nX5I1pMRAyREeGV,CuzL1eKqt4rUUPG8Hqv6795KnyXcbBR2egb3J7aBot0=,jL92kQOzLtTcRAJOIWA8wAgBlQH1nSBUslk9O11J81o=,yyONT+GC9G1ghodhpCLr385JH75JZ3Fn9x2kOUJ4
2m2ZwLIiibW5ZFzbhIgVTQ0VNyMOOkDRcIG1z+QBnG/zKg==,9sRTrxa+cgN8eXmv0bjS6oc9OTpQ27Bk7lr9YGX7v53fl/2XYZU=,6OS0HxCRdvFg2N+SISqRImZIN+UJYqdAlWH7aMLyhXJ3RdA0+JaOYGdw5ZMgwDk=,v65vFUWhyQ4ZvIjrY86PUOIGDYjj7M+Na5Vshe54W8E=,SlQtXrvQZHSD4dZcQc+TgEuTgke/AB97lpMv3ms6Vw==,mXI+4uLyT+ay4V21e8Xnku74A25lJo4YTn7/nEN/,JEimZDlxHt2CNMdcjQ4Nuo5IRGVKTikIPM/pWPQXhT0=,UNcN1uc6uMZ6FeFIB4wwx8mGjJrdkROU3JA2PfiF19Y=,k94pgOdB+pPPOj8qc47Fpkeu3UT6Ukdc82uGA1t4
77S5o+w+VPL7YrtzGLd2QMVdWae6SPmHNhA2sjbArxTOiw==,87lUJuRnlZBRz17N8IjA/PvT6SI9V1j2S9AwwbJHF71Oiqgp618=,MknXCGGQok3pYeO2+PaZ9968tIijd0KTp7RJiNt9+2JzaH2SuCKf385+8J/4inI=,lsWUigMbYeXJyJ/YnKoZpFWRSNWE1hr/+N88+gd6Mwg=,jXSm71qgMMtB5+mxZOefZZc4Yr/poGWHJ6oLy5jC+g==,U8V0vd8rn7q4pKQx8wAURayKSAHX7YC/L7hoPaG4,aWuaN84AsgV24C3QNfbTJ23l5wDgG8wEsFqiRMH7GA8=,3z8CaSVLswwuU5ENC/E0x9lSYDQZVdTSRwX3Ej1pG3o=,lVvb4RHNUnrP1KmZKqDtSPRuOKeYh5WOfR/UZosa
cGn9w9OO4fn+k+CByQwW20AgpA6DfpmmuxYmoUQws91xcw==,Pf/XoyWUW8XscyjoAmJOR4lm0qP1gdIavWMDA+CsoF+sYzyMkdc=,e235SD5vFKC2cA3ByNj46QrUlZJLtU/31PesRgCz1SBlEqwtBbJsazsDiH3F+U4=,JoaICM6cHO1yLUoLjHsGHsKUj33/lDpTnXddDok9+7A=,8OUPq5ggkmKuLXOM5vZB6yqKoZMmPiLyuWzQevZChg==,wFyaksJSoh/yEEG7789rtTyZA/jADNScLe+0FWa3,RXoh9U021BviIXbRKGQkj2u+Rlef6bw6hEy1JTcuA3U=,4VnibRuCbdN+/0q6kbqJZoCRNWZcpy0jMcQC/s/VvQQ=,zLziTT9LIuuifOrf2J4eIKAsww9LvsqMFGAHskLp
cvYKlaQwRvLkugScX3Y9h/H4VDoTDAWWsLbfN4OKOPPPgw==,o1o6in8Pw+Kmgr8KDVz9/DBcBkXUa5Gn2uiQWHZLhgXIjC0VRew=,xgOQwk/F6eN5P6ripCPlsAEDLvXEfZB8/qDXgyS6/UKm9zoy5ohYfy7DLtekXm0=,hNuj0o/ELi9bXMmYqAF5uEp0SZlZuXiHsNThR1UOY88=,7RoVX0LNZWSGFMo+CYmOatAX5PbV346LlK9l8a7lAQ==,OpNB5rAsl/oY5zv9sbwqtnXQpfteEr1OWvLs/Yq4,+Y4Wg4r5cYAE0/MJgQNYFFzHUvwV4OjvNMYgN83cdyA=,dn5SAn3FgXoTwgZSTNI2A+vzS3Rr3RmSoODaCqUxzL4=,fnOCfblA6TIvd5iaTDab978r4ezALCuWQbL3Ocbf
WwIbkr3wH9Glzc73AuLShDgitKHDpqIs0ws/26BmJqrjJw==,y+RgeNlGhvnsfd1hOJBFjhGOl1yXYm0h9+FvkHRAxfuo1Z/DqoU=,QMuVQ0a1zw+QJgmo8kngzwq/r59Dx+gDjymqe5JsNnTijCuv9NrRvBRXzcIDG78=,UxoOrP4/JZVdiKq/mCBQBkQQsajgCS/jooPo73zCl2k=,PTcnT0UaND70T19tM44tgFp+hQrLG0wR/tOd59hiBw==,yodwkYXZkDSUrctNwh/HnjwbFv1a+5/aJbHk9HqM,GKAt8j9WAf9NyMO5LQMLL9EvXimcBWrvruWzfo6iqA8=,3mQ/4odZjUtFqJ551SrgFAufMa2qgMBzAmKil1AzmLQ=,735A5X/xijPcHB6a45/B56PxwgEgxQNv82/gXrAu
GveY8+W1ER2wzWo6KJUvcOfpBLP4urU5uGHm7tdWYKVZ+A==,7138Qc7rbaIz78hIMInLv4AFIXlbl+oNFPCZyfQODB8llN8Xyfo=,zs4dW9r+U1d01JvcBfdkCY6QzXeUJ4oGUtOTBW0GDhVbVSOaFcjDEu0jOhGf18g=,+NAG29/Cu9BsMQG0aSzh2wQYlY+LeyCSuDdOCNxRcMY=,Do2eo69V09qs2wMJ2rPC3u9Eix0iu92yP/IsTAQbsg==,kfvSXwBkSRyxg//WwloO+jal+GTk/MXKoUWCQFWC,Xt/Wd5khv93UuhzweWUKOPS7+Cdl4SqZqcLsCZoa1nI=,okUqBO0dRW80TEN1Ep2ZA8p/5JeKBmnKbt180X5SIoc=,8LjPp4qC7fLsY3GrB5Duas00PwGzlj/c8lnKxc7l
QZfDsg6SzLdMpKkZWrlZt8W8Zdb1oYjzQCBJtvRRj3ZHXw==,E2kBS+nStW1rHL55XaiHmRTW4TeaLglihavu0WigOyNYNY316vE=,K7EqIUsSjGs6vhZU53/7b/gm9c/OYKJVa5DLeBtZ1ttzIF4tyFcWUFYQtMkKWrI=,rx6zGqRlkOvSGPVNTSAs3T2+B3ZxGQtZOpDDpH5fIQU=,syQr1VIpo5ec2w/QS0yZYqFtPs+4YaXc8MuB3mfpmA==,eBNezpv/Co/Xuv5nQQEDMNOBEhZB48GH6NiJJSVD,+LJN5j0oOh3s0EEwga0gqwIzL658CEAysS48lhe6/8Q=,U/KBe+7Q1q+wFPUDUw7WQfZw9JOkKhuUjRaX6+J3EM4=,A9UUTcPasF405A7i0OjUgMShAx46uRYOcr1gkinU
Nm+dqBWomRrjth/G4Vt/6/a8LtsKoF3NoIEogqf6yB8MuQ==,ghrHkt6DsRuHz7VxNMjYz+HeXtbCQaD/nx9D2c+vpV1upblKxlQ=,0Bvaq9w02aP3uaGb1XcnQSZPQtWrWKodWX6ogC81jN1S41i70NOEBMUea3t13P4=,9YJVhe0PgecSxDJph+WJxIo0PVp0vfiOblHnn011HUc=,dTP/XlmaTXoYqSro9OQQnp5kFEmgr6mGrIqZFzOc8g==,UGQA7ZLseas6rpP1nXebuyNHSxYFkukAkQjuFy/i,2iIYwKliMfvG/CSf/+Beax3ukVVjAL66SgSMfHTDbD8=,1MebVAWd7VXDpawaVH4Wl4kh1lBvvr+PWdvmVZVDlSg=,uTJB+v2fnxAvPbzSadbkb9JtUdTwI26HZgxDF0to
kZt2RR/VQc4QBPaTNUIoscEu4chMEWUtfFklYjPVj5Yc4Q==,IXPVoHj7UvcVQyKpIOyBT/ddEUeR5d7kNvSgnBJ0BhvJ+WvFvds=,NiErrGyVH0SAiwVIa+qaQDEDr8ulVGN8MUjFHJ7bFZxKfwjrIUUsKsqky3bKqHU=,T/3R18sSUDySthc5l7kZiMI8O4avZR8JjCOS4Kq9x2k=,dJt9sG45AR9X/5lel/N8aDPVfbXYyJVD2ly5S1pBvA==,qXcICCityAb3AMRBMhf1SYm0mQ5yjME+TDekCoKI,S8MXkiTD2hMXliiIgdYBQmlOAybrk7zuhpSXJ+cL+pc=,bscu7q9pMCd2uB5Eer4FNlWwWvxZ8lPgjxI66JkHTds=,DmFEr9JfVDgeped/8ijG0gbeJs8+RuGmrkGNER73
fevm1lgyeoN5aqc2zyUw4LZrGhVRFcj/+Lnz9qfNnMZ7Cg==,k23LJHm6ruKyjM3Li20LXzKv9F8goMfDwbPnC+EdFIGlkpPZl0o=,6YCTqaQByd9etxW2guVc2GjAUvZj5Qr8BEFPmwmuAhQyGfTEkPb8SoT+6pldQrg=,ZXNbYCR+FlUId1US4xK5LpYL2lZR0gSIQFmPF2AqGTk=,heoxdZxybgFNpcFt0Gs9q98vFbVyrp2t7JK8oRI9vg==,k4CHXaYAe501qmkREu384G3mJu6w5VJHuGstMJTE,oUiSOlGQBCZkPZd23K7pHihio4n9iG4eZW7SBhv6A+s=,Vus0p26vbEYOijMTieFYzZr6ExfFwQutK030PmJutdo=,DU0Gh9LLEu9LIg84nXAlMdPG3jTE5y5gmlbp2OnS
SnAw7fAoryryZECueDoZWr1EO4vCSOauDTvrIkaxn1WKQQ==,SArB5vzcKPF07JmgXI+aLvkbeTIlXL47ehCBgnLGayOkVVXo42Y=,0d3d1vn3FGcrLy7SqomWJQoglCWmL6OjTbpSBPSakLyYMkl/U/2F4BqAhAQRfPM=,YoP69cBinevNQVfYcW+Rb0c1S7gyMrxA+nF7ecBngz4=,Me97T2hi5oZjwkKcUZxk+Nyf5k5NsKi50lZ4Kg4m1Q==,33eBbYcbj+SLgo3ymO+o3Gq1WgIE4q13Vn1Zgz7x,t61OjKZdvyBUcQU12KT5AInx25/w8d+BA+6LOJLMqp0=,J8uc+5pQKxLl/ix7QpZFoXweqKXmEzrJc5y5xG/ARYo=,9AOwVPnJDeG6xiTaJFAOSfEILt7NLVdo5nJ9CgSt
QgxHBlL5iBhOr8MNzT/Is5pAY6GnudLD5ThtIHN7p4B1xw==,449iqeCTIUHL2vcKLYQoEjDZyQG1mvd3ieCm1tlmcI4iEXoiZWw=,YKkqh8vVt03namLM4g09aXmUOjXdBnHPGZu3teQre5i4vnh2FCBUS8XDh+WU6n0=,s5ZcH46fjdYyROM3xTLNZVY8HFh7Pf2l4Za+xSbX+jA=,7kjlstSzL4Z7gFDjWjk81d8/q4Y0UDs3euvODbn4bA==,SE2KLLpCLdzY0AIdaz5NAXwT7sB1brH8wyj1f1py,MUbzP/uNDvFchJjZGfK+7AfPLXNPLG3q+ydAuJzbX7A=,/TfG2R+sEJgT8vj1zkBwl+uwb6OhLstb5xLJr+6l/9A=,q4h93RSUBCfJhtbzMN6VEwLGfb7WYG2uPkB16EcT
3KCh3Sjo+g0JrGHg/Vdmeg9TeJPhZ9HXB7FUMpafU953wA==,hSqDnAk1N64ykZFDX6lG0n/u+aH5Xtp7h23ZKSd9TykGaqeUrPg=,pitZmufWnKPpDWvCNF6bv1xgZKJ7R/mA9gifPtVBgDFMKWMNfAiuAzo7M6O2rJw=,dZSm25ERpITQSZbcPFzY9IbSGlt4cBIEfo57zZhBd4Q=,hZyCt/At4hZwyNnawly+ArWUizP1BkcPGcQOazzV6w==,gHDsKWYeMts/eb2Lwr/DMof/ZdkNymFl6IpKRKN4,oYVIGnFDq6tTJ/v26Fi3cC+udCe/i2jcfqQNwHqUp04=,lxaBYWN8CCC/Shk/WNwOoaeG5PTw+IbT5UOK8ZT9Now=,PKzq4cvAMJwtbcZ8Nm9oyXmHTXEPvRM+7tyViMdU
LXOdmd0UXtmX+yTCEQpuW5S0OFRk3lZ+MyLGSYw+9ObpJw==,Z9XsJQvlM84eZUeiaYDW0GgYEr2j1BlwuuaPjWFpMYNXjcAi3Po=,E9Ua/ISirISc6ocGwkhdQVodFB8gzRvDQHcZX+NnJOxpT/AbQdAArEBIR56OFD8=,uFm/VaujazJTrjN66RJipslFUvk8X2rCzR4r61QvkAY=,ToSxO/tjuskHCLwZNTQwjawD9s7Iy03Mam6rS5xxYA==,nvgXfWzEf+LkBJESeo8osanrXWgLfq0DR6buwWOU,Z93W9zDYEWtBlbzY0wixf+fegG+GfNxuL4fbU7mlxsU=,JcMBVN14KXcrXQWm9wNw4qSPdN5gVjcOL07fvPNQUwM=,ZKPeAw9Xb/i3MI76GOSUJcBDbUWN4tgtel4lQh5w
7+LmU5cXgW3Qh9j6PX+CLOgN6S+HCcnWVjn47A5zNK0Y2w==,eD72V563qEbzzq2SEv9drW/6Mmyzk1lWqo9AF/wiKnHWePcayoA=,yth1aFyLEnZlikOZEcmrQMF//BYZjG8fGQJlRdnEgeGE6ZpUu1KnZhpaFLqwVQU=,VQ0LkAGJNfiKN4ACr9V49CofVorUdW9S3Q8F03LPL7Y=,5Yvi811G2BUSGffO49cMLglkLKtd/hYqqFk5ufcouQ==,h37GN0deNtJLBB/dH5UVyxGbnOYv8zznUZCDjbvd,kOMgcBpCDxuHyHWaMxzqAeoVHAPF/4EgmiKT891c40k=,v+2WUx6l+al6dPWbkKNFHw70s3vhYQmk0YsaSmU2Lvs=,HBa1GnqPLsaAnbUR96lywpynuDHAaz5EiaqbzYtM
jiIHM/LRwEE7FF6aKpHERBDfPaRK4XeUSoGivMQY9k6g2Q==,90lyGZ8lYwGOalt4hQ3MuZj5AETIUGPGSQEQ4hGcvNIwEs0wfU8=,bE3NYSXEtDYPf0FZ9tw+DZy+LqCaisyouJfzcWiKzjKz+3OH3OmcdSRvgInZluE=,eoigpLfNStCseJBoyXcm0iPnhGf6E8lNIrLlB+v3FvA=,W3JVEa26OOfmTYA7lNnCTXVcss3hYkR0fspmrTe91A==,Ler+D9qbs0f1GkI8LKrRuNvzLbDKLDy/lFqTM0op,NvT3sM1oahvvPsm5K0naWA2DNGv+HthUD437qQqJIiQ=,CFNt5VUMId8M8y56QwNOretxhXLObl6TM0Zdr61v8Ho=,XtJ1KW/PIVTb6z3HbclKVJsFvmNzG735B7RJdWg3
N5SWR6nXGp/r9dt9Hb2Uwb6VSoBim3GACVQfS3bXpv6EAA==,Civ/JvEa4Z9kwfLGhlnKy5ydN6mlT0NgKH0f0DYaqoRDpBHflsU=,uYPiiVSB9VoGwX6b3WI2v3vokLLEBkzcBz3YUmK4SVIavejAlL9gBrRWpEMusSE=,UvQwxEvyu5pTy/rx0K/XBQdrU0R31Cl4Yamj5thED5Y=,9ARc6Aii9cC4ZASg31uf68QukmH+EXxItAr50SFwbw==,nx0/YhBPmQaoBK+orC3XNHRXetuW/kBR4jc/6+j/,rKPGcx2k0T7M+/H83urPNCVt/9q/Cym+LVX5nOxpHYs=,rUdTAiveBaTvTBtrhofHzVldNZUUJ6qFOuEPFxJk8YM=,o0OmnEArO7FWtrVNLVP2ZU9RvDDs8JGluCp21Eye
qFuVuOxNyBOVbXG5gFnGPvMzSe5y0NBh8qgRBMUDUVTrjQ==,7Mi35UUCG9ukwkSrgmqmYfTR4MMHUVYgY1T7XwzyAgWq3WTgzT8=,WzMcwYMAlqBnzKY9JG5tINqE6ppTyJPGNpJ+Tlf2MKhPxf8OJMSrRNv+oiKhjUQ=,tXfFFcWVujnwmBAjW8RosvwdJF9sTNK0dqIEVOWuyRY=,ekTHv81U8f1MsI9pj2fIfFBEU3gCCxEcfWpapjuxag==,kBbk7z5s1wyh8mgfPQMITDc2aN9/TGRGzLs3t4bq,vMl98vURmWyp/SjIryZ69hD5Hg4lROGgUA4W0c8QSXI=,UvEaz2M1eWB8k6cXb+h1oCxq7tQLW/3A6kqIoYxB4Mk=,qhb/k8odjM9PdifqQ+EJxQjJUu1qXpzDuQoG4dJX
wW90oPcSU8Rw7L0FDAd+QBwlXDWAFcQ56qHCfnQPp0Radw==,3ywzP3GhkFdtN17sHXtIwSmWEKPQkDJow9cWin4+Md9L14FTysk=,Dac4lWp1Uwe6PEl3DViRLGvAUWV6r9gTb82L2yj9PNKZ0DPRitTvwHshPJZQgFk=,2L/gj1L8hwd3/R5EY2ry+4KhBUjAXpx15n/wZ3qPj8w=,3WaFwKmPlz+pLYMEZLmyUs1L35scCm8fjrpLxvWx9w==,U+4PunGYBq0iBf9txgdgfrNz6QwkkswGH9AIYRDL,952ohJ3YDy1k79vYgAFg1U4zBjPyfd0OkZJLYDzwtuQ=,+pdPYduT2rbEjJnIKplPS7g6WE33w5VGr5WsJjdJzek=,GJcE9FfiwyDCiqYwDofVNoWlM5GjjbIWSq1sF9eP
13f1xdWB8Ztxj7xmbabH6uN79ux+JXmbXGbLK3DDSSWdKw==,sJ7jLVYOAj2ZvyVgCHlOoWiZy59v50D9V3IBXpInogpJGwK1liM=,DMPTIg7gy8lfv4mAUjwJfA59Cv4IyyTCniF6ZYeB8kwmAfhY58doGHjc5xFMaaU=,Med/cU3mLeKLn8EWdat+jZWQuRu+SKkFGsMx6Gqgeds=,acSm9LAecIXfd211ZcwXYUGgbOPNupcSPzP+p5L3Eg==,xXqtwHF4fyLeBYMSbNR1TSygBM83vsP+VBckY0TV,wQJjwZFEsqBJydUPMaeF+eDtUE+cHz1NLcqnEZZ8Nf0=,P1pwHc7oa4mkbjNjoTQSqlrAdDtlRcXzaQU1XCnmlnQ=,v1CPmCevX/ZIr6oUwSM/6UAhoh2VbJvPHgLOGk4l
